{"A.Smith": {"2009": [{"week": "1", "defense_sk": 0, "defense_tkl": 2, "defense_int": 0, "active": "true", "defense_ffum": 0, "defense_ast": 1}, {"week": "2", "defense_sk": 0, "defense_tkl": 2, "defense_int": 0, "active": "true", "defense_ffum": 0, "defense_ast": 1}, {"week": "3", "defense_sk": 0, "defense_tkl": 2, "defense_int": 0, "active": "true", "defense_ffum": 0, "defense_ast": 0}, {"week": "4", "fumbles_tot": 0, "fumbles_yds": 0, "fumbles_lost": 0, "fumbles_trcv": 1, "fumbles_rcv": 0, "defense_sk": 0, "defense_tkl": 2, "defense_int": 0, "active": "true", "defense_ffum": 0, "defense_ast": 0}, {"week": "5", "defense_sk": 0, "defense_tkl": 2, "defense_int": 0, "active": "true", "defense_ffum": 0, "defense_ast": 1}, {"week": "6", "fumbles_tot": 0, "fumbles_yds": 2, "fumbles_lost": 0, "fumbles_trcv": 1, "fumbles_rcv": 0, "defense_sk": 0, "defense_tkl": 0, "defense_int": 0, "active": "true", "defense_ffum": 0, "defense_ast": 1}, {"week": "7", "defense_sk": 0, "defense_tkl": 1, "defense_int": 0, "active": "true", "defense_ffum": 0, "defense_ast": 0}, {"week": "8", "defense_sk": 0, "defense_tkl": 0, "defense_int": 0, "active": "true", "defense_ffum": 0, "defense_ast": 2}, {"week": "9", "defense_sk": 1, "defense_tkl": 2, "defense_int": 0, "active": "true", "defense_ffum": 1, "defense_ast": 0}, {"week": "10", "passing_att": 23, "passing_twoptm": 0, "passing_twopta": 0, "rushing_tds": 0, "passing_yds": 118, "rushing_yds": 2, "passing_cmp": 16, "rushing_twopta": 0, "active": "true", "rushing_lng": 2, "passing_ints": 1, "passing_tds": 0, "rushing_att": 2, "rushing_twoptm": 0}, {"week": "11", "passing_att": 33, "passing_twoptm": 0, "passing_twopta": 0, "rushing_tds": 0, "passing_yds": 227, "rushing_yds": 2, "passing_cmp": 16, "rushing_twopta": 0, "active": "true", "rushing_lng": 2, "passing_ints": 1, "passing_tds": 3, "rushing_att": 1, "rushing_twoptm": 0}, {"week": "12", "puntret_tds": 0, "puntret_ret": 1, "puntret_avg": -1, "puntret_lng": -1, "defense_tkl": 2, "defense_int": 0, "active": "true", "defense_sk": 0, "defense_ffum": 0, "defense_ast": 0}, {"week": "13", "defense_sk": 0, "defense_tkl": 1, "defense_int": 1, "active": "true", "defense_ffum": 0, "defense_ast": 0}, {"week": "14", "defense_sk": 0, "defense_tkl": 1, "defense_int": 0, "active": "true", "defense_ffum": 0, "defense_ast": 1}, {"week": "15", "defense_sk": 0, "defense_tkl": 2, "defense_int": 0, "active": "true", "defense_ffum": 0, "defense_ast": 0}, {"week": "16", "defense_sk": 0.5, "defense_tkl": 1, "defense_int": 0, "active": "true", "defense_ffum": 0, "defense_ast": 1}, {"week": "17", "defense_sk": 0, "defense_tkl": 7, "defense_int": 0, "active": "true", "defense_ffum": 0, "defense_ast": 2}], "2010": [{"week": "1", "defense_sk": 0.5, "defense_tkl": 0, "defense_int": 0, "active": "true", "defense_ffum": 0, "defense_ast": 1}, {"week": "2", "defense_sk": 0, "defense_tkl": 0, "defense_int": 0, "active": "true", "defense_ffum": 0, "defense_ast": 1}, {"week": "3", "defense_sk": 0, "defense_tkl": 1, "defense_int": 0, "active": "true", "defense_ffum": 0, "defense_ast": 0}, {"week": "4", "defense_sk": 0, "defense_tkl": 1, "defense_int": 0, "active": "true", "defense_ffum": 0, "defense_ast": 4}, {"week": "5", "defense_sk": 0, "defense_tkl": 4, "defense_int": 0, "active": "true", "defense_ffum": 0, "defense_ast": 0}, {"week": "6", "defense_sk": 0, "defense_tkl": 2, "defense_int": 0, "active": "true", "defense_ffum": 0, "defense_ast": 2}, {"week": "7", "defense_sk": 0, "defense_tkl": 3, "defense_int": 0, "active": "true", "defense_ffum": 0, "defense_ast": 0}, {"week": "8", "defense_sk": 0, "defense_tkl": 3, "defense_int": 1, "active": "true", "defense_ffum": 0, "defense_ast": 0}, {"week": "9", "defense_sk": 0, "defense_tkl": 5, "defense_int": 1, "active": "true", "defense_ffum": 0, "defense_ast": 1}, {"week": "10", "defense_sk": 0, "defense_tkl": 2, "defense_int": 0, "active": "true", "defense_ffum": 0, "defense_ast": 2}, {"week": "11", "defense_sk": 0, "defense_tkl": 2, "defense_int": 0, "active": "true", "defense_ffum": 0, "defense_ast": 2}, {"week": "12", "defense_sk": 0, "defense_tkl": 1, "defense_int": 0, "active": "true", "defense_ffum": 0, "defense_ast": 1}, {"week": "13", "defense_sk": 0, "defense_tkl": 1, "defense_int": 0, "active": "true", "defense_ffum": 0, "defense_ast": 1}, {"week": "14", "passing_att": 27, "rushing_lngtd": 0, "passing_twoptm": 0, "passing_twopta": 0, "rushing_tds": 0, "passing_yds": 255, "rushing_yds": 12, "passing_cmp": 17, "rushing_twopta": 0, "active": "true", "rushing_lng": 9, "passing_ints": 0, "passing_tds": 3, "rushing_att": 4, "rushing_twoptm": 0}, {"week": "15", "passing_att": 29, "rushing_lngtd": 0, "passing_twoptm": 0, "passing_twopta": 0, "rushing_tds": 0, "passing_yds": 165, "rushing_yds": 6, "passing_cmp": 19, "rushing_twopta": 0, "active": "true", "rushing_lng": 6, "passing_ints": 1, "passing_tds": 0, "rushing_att": 1, "rushing_twoptm": 0}, {"week": "16", "receiving_tds": 0, "receiving_lng": 6, "active": "true", "receiving_rec": 1, "receiving_twopta": 0, "receiving_yds": 6, "receiving_lngtd": 0, "receiving_twoptm": 0}, {"week": "17", "defense_sk": 0, "defense_tkl": 0, "defense_int": 0, "active": "true", "defense_ffum": 0, "defense_ast": 3}], "2011": [{"week": "1", "defense_sk": 0, "defense_tkl": 0, "defense_int": 0, "active": "true", "defense_ffum": 0, "defense_ast": 1}, {"week": "2", "passing_att": 24, "rushing_lngtd": 0, "passing_twoptm": 0, "passing_twopta": 0, "rushing_tds": 0, "passing_yds": 179, "rushing_yds": 21, "passing_cmp": 16, "rushing_twopta": 0, "active": "true", "rushing_lng": 12, "passing_ints": 1, "passing_tds": 2, "rushing_att": 3, "rushing_twoptm": 0}, {"week": "3", "defense_sk": 1, "defense_tkl": 2, "defense_int": 0, "active": "true", "defense_ffum": 0, "defense_ast": 0}, {"week": "4", "defense_sk": 1, "defense_tkl": 2, "defense_int": 0, "active": "true", "defense_ffum": 0, "defense_ast": 0}, {"week": "5", "defense_sk": 0, "defense_tkl": 1, "defense_int": 0, "active": "true", "defense_ffum": 0, "defense_ast": 0}, {"week": "6", "defense_sk": 0, "defense_tkl": 3, "defense_int": 0, "active": "true", "defense_ffum": 0, "defense_ast": 0}, {"week": "7", "defense_sk": 0, "defense_tkl": 1, "defense_int": 0, "active": "true", "defense_ffum": 0, "defense_ast": 1}, {"week": "8", "defense_sk": 0, "defense_tkl": 1, "defense_int": 0, "active": "true", "defense_ffum": 0, "defense_ast": 0}, {"week": "9", "active": "false"}, {"week": "10", "receiving_tds": 0, "receiving_lng": 10, "active": "true", "receiving_rec": 2, "receiving_twopta": 0, "receiving_yds": 15, "receiving_lngtd": 0, "receiving_twoptm": 0}, {"week": "11", "active": "false"}, {"week": "12", "fumbles_tot": 0, "fumbles_yds": 0, "fumbles_lost": 0, "fumbles_trcv": 1, "fumbles_rcv": 1, "active": "true"}, {"week": "13", "defense_sk": 0, "defense_tkl": 3, "defense_int": 0, "active": "true", "defense_ffum": 0, "defense_ast": 0}, {"week": "14", "receiving_tds": 0, "receiving_lng": 11, "active": "true", "receiving_rec": 2, "receiving_twopta": 0, "receiving_yds": 19, "receiving_lngtd": 0, "receiving_twoptm": 0}, {"week": "15", "defense_sk": 0, "defense_tkl": 1, "defense_int": 0, "active": "true", "defense_ffum": 0, "defense_ast": 2}, {"week": "16", "defense_sk": 0, "defense_tkl": 1, "defense_int": 0, "active": "true", "defense_ffum": 0, "defense_ast": 0}, {"week": "17", "defense_sk": 2, "defense_tkl": 2, "defense_int": 0, "active": "true", "defense_ffum": 0, "defense_ast": 0}], "2012": [{"week": "1", "defense_sk": 0.5, "defense_tkl": 0, "defense_int": 0, "active": "true", "defense_ffum": 0, "defense_ast": 1}, {"week": "2", "receiving_tds": 0, "receiving_lng": 17, "active": "true", "receiving_rec": 3, "receiving_twopta": 0, "receiving_yds": 30, "receiving_lngtd": 0, "receiving_twoptm": 0}, {"week": "3", "fumbles_tot": 1, "passing_att": 35, "rushing_lngtd": 0, "passing_twoptm": 0, "fumbles_yds": 0, "fumbles_rcv": 0, "fumbles_trcv": 0, "passing_twopta": 0, "rushing_tds": 0, "passing_yds": 204, "rushing_yds": 26, "passing_cmp": 24, "rushing_twopta": 0, "fumbles_lost": 1, "rushing_lng": 10, "passing_ints": 1, "passing_tds": 1, "rushing_att": 4, "rushing_twoptm": 0, "active": "true"}, {"week": "4", "defense_sk": 1, "defense_tkl": 1, "defense_int": 0, "active": "true", "defense_ffum": 1, "defense_ast": 0}, {"week": "5", "receiving_tds": 0, "receiving_lng": 13, "active": "true", "receiving_rec": 1, "receiving_twopta": 0, "receiving_yds": 13, "receiving_lngtd": 0, "receiving_twoptm": 0}, {"week": "6", "fumbles_tot": 1, "passing_att": 30, "rushing_lngtd": 0, "passing_twoptm": 0, "fumbles_yds": 0, "fumbles_rcv": 1, "fumbles_trcv": 1, "passing_twopta": 0, "rushing_tds": 0, "passing_yds": 200, "rushing_yds": 5, "passing_cmp": 19, "rushing_twopta": 0, "fumbles_lost": 0, "rushing_lng": 4, "passing_ints": 3, "passing_tds": 0, "rushing_att": 2, "rushing_twoptm": 0, "active": "true"}, {"week": "7", "passing_att": 23, "rushing_lngtd": 0, "passing_twoptm": 0, "passing_twopta": 0, "rushing_tds": 0, "passing_yds": 140, "rushing_yds": 11, "passing_cmp": 14, "rushing_twopta": 0, "active": "true", "rushing_lng": 8, "passing_ints": 1, "passing_tds": 1, "rushing_att": 5, "rushing_twoptm": 0}, {"week": "8", "receiving_tds": 0, "receiving_lng": 1, "active": "true", "receiving_rec": 1, "receiving_twopta": 0, "receiving_yds": 1, "receiving_lngtd": 0, "receiving_twoptm": 0}, {"week": "9", "receiving_tds": 0, "receiving_lng": 4, "active": "true", "receiving_rec": 3, "receiving_twopta": 0, "receiving_yds": 8, "receiving_lngtd": 0, "receiving_twoptm": 0}, {"week": "10", "puntret_tds": 0, "puntret_ret": 1, "puntret_avg": 2, "puntret_lngtd": 0, "puntret_lng": 2, "active": "true"}, {"week": "11", "receiving_tds": 0, "receiving_lng": 2, "active": "true", "receiving_rec": 1, "receiving_twopta": 0, "receiving_yds": 2, "receiving_lngtd": 0, "receiving_twoptm": 0}, {"week": "12", "defense_sk": 0, "defense_tkl": 2, "defense_int": 0, "active": "true", "defense_ffum": 0, "defense_ast": 0}, {"week": "13", "fumbles_tot": 0, "fumbles_yds": 0, "fumbles_lost": 0, "fumbles_trcv": 1, "fumbles_rcv": 0, "defense_sk": 1, "defense_tkl": 2, "defense_int": 0, "active": "true", "defense_ffum": 1, "defense_ast": 0}, {"week": "14", "kickret_lngtd": 0, "kickret_lng": 26, "kickret_avg": 18, "kickret_tds": 0, "active": "true", "kickret_ret": 3}, {"week": "15", "receiving_tds": 0, "receiving_lng": 7, "active": "true", "receiving_rec": 2, "receiving_twopta": 0, "receiving_yds": 8, "receiving_lngtd": 0, "receiving_twoptm": 0}, {"week": "16", "kickret_lngtd": 0, "kickret_lng": 26, "kickret_avg": 26, "kickret_tds": 0, "active": "true", "kickret_ret": 1}, {"week": "17", "defense_sk": 1, "defense_tkl": 4, "defense_int": 0, "active": "true", "defense_ffum": 0, "defense_ast": 0}], "2013": [{"week": "1", "fumbles_tot": 1, "passing_att": 34, "rushing_lngtd": 0, "passing_twoptm": 0, "fumbles_yds": -7, "fumbles_rcv": 0, "fumbles_trcv": 0, "passing_twopta": 0, "rushing_tds": 0, "passing_yds": 173, "rushing_yds": 25, "passing_cmp": 21, "rushing_twopta": 0, "fumbles_lost": 0, "rushing_lng": 13, "passing_ints": 0, "passing_tds": 2, "rushing_att": 4, "rushing_twoptm": 0, "active": "true"}, {"week": "2", "defense_sk": 0, "defense_tkl": 2, "defense_int": 0, "active": "true", "defense_ffum": 0, "defense_ast": 0}, {"week": "3", "passing_att": 35, "rushing_lngtd": 0, "passing_twoptm": 0, "passing_twopta": 0, "rushing_tds": 0, "passing_yds": 273, "rushing_yds": 33, "passing_cmp": 22, "rushing_twopta": 0, "active": "true", "rushing_lng": 9, "passing_ints": 0, "passing_tds": 0, "rushing_att": 10, "rushing_twoptm": 0}, {"week": "4", "defense_sk": 1, "defense_tkl": 2, "defense_int": 0, "active": "true", "defense_ffum": 0, "defense_ast": 2}, {"week": "5", "passing_att": 39, "rushing_lngtd": 0, "passing_twoptm": 0, "passing_twopta": 0, "rushing_tds": 0, "passing_yds": 245, "rushing_yds": 10, "passing_cmp": 20, "rushing_twopta": 0, "active": "true", "rushing_lng": 6, "passing_ints": 1, "passing_tds": 0, "rushing_att": 3, "rushing_twoptm": 0}, {"week": "6", "defense_sk": 0, "defense_tkl": 3, "defense_int": 0, "active": "true", "defense_ffum": 0, "defense_ast": 1}, {"week": "7", "receiving_tds": 0, "receiving_lng": 10, "active": "true", "receiving_rec": 4, "receiving_twopta": 0, "receiving_yds": 30, "receiving_lngtd": 0, "receiving_twoptm": 0}, {"week": "8", "passing_att": 36, "rushing_lngtd": 0, "passing_twoptm": 0, "passing_twopta": 0, "rushing_tds": 0, "passing_yds": 225, "rushing_yds": 40, "passing_cmp": 24, "rushing_twopta": 0, "active": "true", "rushing_lng": 23, "passing_ints": 0, "passing_tds": 2, "rushing_att": 6, "rushing_twoptm": 0}, {"week": "9", "fumbles_tot": 1, "passing_att": 29, "rushing_lngtd": 0, "passing_twoptm": 0, "fumbles_yds": 0, "fumbles_rcv": 0, "fumbles_trcv": 0, "passing_twopta": 0, "rushing_tds": 0, "passing_yds": 124, "rushing_yds": 7, "passing_cmp": 19, "rushing_twopta": 0, "fumbles_lost": 0, "rushing_lng": 8, "passing_ints": 0, "passing_tds": 0, "rushing_att": 4, "rushing_twoptm": 0, "active": "true"}, {"week": "10", "defense_sk": 0, "defense_tkl": 1, "defense_int": 0, "active": "true", "defense_ffum": 0, "defense_ast": 2}, {"week": "11", "defense_sk": 0, "defense_tkl": 3, "defense_int": 0, "active": "true", "defense_ffum": 0, "defense_ast": 0}, {"week": "12", "rushing_lngtd": 0, "rushing_tds": 0, "rushing_twopta": 0, "rushing_lng": 11, "rushing_yds": 11, "active": "true", "rushing_att": 1, "rushing_twoptm": 0}, {"week": "13", "passing_att": 42, "rushing_lngtd": 0, "passing_twoptm": 0, "passing_twopta": 0, "rushing_tds": 0, "passing_yds": 293, "rushing_yds": 46, "passing_cmp": 26, "rushing_twopta": 0, "active": "true", "rushing_lng": 26, "passing_ints": 1, "passing_tds": 2, "rushing_att": 4, "rushing_twoptm": 0}, {"week": "14", "defense_sk": 0, "defense_tkl": 2, "defense_int": 0, "active": "true", "defense_ffum": 0, "defense_ast": 0}, {"week": "15", "defense_sk": 0, "defense_tkl": 1, "defense_int": 0, "active": "true", "defense_ffum": 0, "defense_ast": 0}, {"week": "16", "fumbles_tot": 2, "passing_att": 29, "rushing_lngtd": 0, "passing_twoptm": 0, "fumbles_yds": -6, "fumbles_rcv": 0, "fumbles_trcv": 0, "passing_twopta": 0, "rushing_tds": 0, "passing_yds": 153, "rushing_yds": 47, "passing_cmp": 16, "rushing_twopta": 0, "fumbles_lost": 1, "rushing_lng": 22, "passing_ints": 2, "passing_tds": 0, "rushing_att": 6, "rushing_twoptm": 0, "active": "true"}, {"week": "17", "defense_sk": 0, "defense_tkl": 0, "defense_int": 0, "active": "true", "defense_ffum": 0, "defense_ast": 1}], "2014": [{"week": "1", "rushing_lngtd": 0, "receiving_tds": 1, "receiving_twopta": 0, "receiving_lng": 54, "rushing_tds": 0, "rushing_twopta": 0, "active": "true", "receiving_rec": 1, "rushing_lng": 5, "rushing_yds": 7, "receiving_lngtd": 54, "receiving_yds": 54, "rushing_att": 2, "receiving_twoptm": 0, "rushing_twoptm": 0}, {"week": "2", "receiving_tds": 0, "receiving_lng": 15, "active": "true", "receiving_rec": 2, "receiving_twopta": 0, "receiving_yds": 19, "receiving_lngtd": 0, "receiving_twoptm": 0}, {"week": "3", "fumbles_tot": 1, "rushing_lngtd": 38, "fumbles_yds": 0, "fumbles_lost": 1, "fumbles_trcv": 0, "rushing_tds": 1, "fumbles_rcv": 0, "rushing_twopta": 0, "rushing_lng": 38, "rushing_yds": 50, "active": "true", "rushing_att": 4, "rushing_twoptm": 0}, {"week": "4", "rushing_lngtd": 48, "rushing_tds": 1, "rushing_twopta": 0, "rushing_lng": 48, "rushing_yds": 62, "active": "true", "rushing_att": 4, "rushing_twoptm": 0}, {"week": "5", "rushing_lngtd": 0, "receiving_tds": 1, "receiving_twopta": 0, "receiving_lng": 74, "rushing_tds": 0, "rushing_twopta": 0, "active": "true", "receiving_rec": 3, "rushing_lng": 2, "rushing_yds": 2, "receiving_lngtd": 74, "receiving_yds": 83, "rushing_att": 1, "receiving_twoptm": 0, "rushing_twoptm": 0}, {"week": "6", "rushing_lngtd": 0, "receiving_tds": 1, "receiving_twopta": 0, "receiving_lng": 41, "rushing_tds": 0, "rushing_twopta": 0, "active": "true", "receiving_rec": 4, "rushing_lng": 3, "rushing_yds": 5, "receiving_lngtd": 41, "receiving_yds": 64, "rushing_att": 2, "receiving_twoptm": 0, "rushing_twoptm": 0}, {"week": "7", "rushing_lngtd": 0, "receiving_tds": 0, "receiving_twopta": 0, "receiving_lng": 4, "rushing_tds": 0, "rushing_twopta": 0, "active": "true", "receiving_rec": 2, "rushing_lng": 9, "rushing_yds": 10, "receiving_lngtd": 0, "receiving_yds": -1, "rushing_att": 3, "receiving_twoptm": 0, "rushing_twoptm": 0}, {"week": "8", "rushing_lngtd": 0, "rushing_tds": 0, "rushing_twopta": 0, "rushing_lng": 3, "rushing_yds": 5, "active": "true", "rushing_att": 3, "rushing_twoptm": 0}, {"week": "9", "passing_att": 31, "passing_twoptm": 0, "passing_twopta": 0, "passing_yds": 199, "passing_cmp": 21, "active": "true", "passing_ints": 0, "passing_tds": 2}, {"week": "10", "passing_att": 29, "rushing_lngtd": 8, "passing_twoptm": 0, "passing_twopta": 0, "rushing_tds": 1, "passing_yds": 177, "rushing_yds": 25, "passing_cmp": 17, "rushing_twopta": 0, "active": "true", "rushing_lng": 12, "passing_ints": 0, "passing_tds": 0, "rushing_att": 4, "rushing_twoptm": 0}, {"week": "11", "receiving_tds": 0, "receiving_lng": 3, "active": "true", "receiving_rec": 1, "receiving_twopta": 0, "receiving_yds": 3, "receiving_lngtd": 0, "receiving_twoptm": 0}, {"week": "12", "defense_sk": 0, "defense_tkl": 1, "defense_int": 0, "active": "true", "defense_ffum": 0, "defense_ast": 0}, {"week": "13", "defense_sk": 0, "defense_tkl": 1, "defense_int": 0, "active": "true", "defense_ffum": 0, "defense_ast": 0}, {"week": "14", "passing_att": 13, "rushing_lngtd": 0, "passing_twoptm": 0, "passing_twopta": 0, "rushing_tds": 0, "passing_yds": 109, "rushing_yds": 24, "passing_cmp": 12, "rushing_twopta": 0, "active": "true", "rushing_lng": 21, "passing_ints": 0, "passing_tds": 1, "rushing_att": 3, "rushing_twoptm": 0}]}}