{"A.Brown": {"2009": [{"week": "1", "kickret_lng": 87, "kickret_tds": 0, "kickret_ret": 5, "rushing_tds": 0, "kickret_avg": 36, "rushing_twopta": 0, "rushing_lng": 9, "rushing_yds": 9, "active": "true", "rushing_att": 1, "rushing_twoptm": 0}, {"week": "2", "receiving_lng": 3, "kickret_lng": 23, "receiving_tds": 0, "receiving_twopta": 0, "kickret_ret": 6, "rushing_tds": 0, "kickret_avg": 16, "rushing_twopta": 0, "active": "true", "receiving_rec": 1, "rushing_lng": 7, "rushing_yds": 10, "receiving_yds": 3, "rushing_att": 4, "receiving_twoptm": 0, "rushing_twoptm": 0, "kickret_tds": 0}, {"week": "3", "receiving_lng": 9, "kickret_lng": 21, "receiving_tds": 0, "receiving_twopta": 0, "kickret_ret": 2, "rushing_tds": 0, "kickret_avg": 19, "rushing_twopta": 0, "active": "true", "receiving_rec": 1, "rushing_lng": 8, "rushing_yds": 6, "receiving_yds": 9, "rushing_att": 5, "receiving_twoptm": 0, "rushing_twoptm": 0, "kickret_tds": 0}, {"week": "4", "defense_sk": 0.5, "defense_tkl": 3, "defense_int": 0, "active": "true", "defense_ffum": 0, "defense_ast": 1}, {"week": "5", "active": "false"}, {"week": "6", "rushing_tds": 0, "rushing_twopta": 0, "rushing_lng": 14, "rushing_yds": 13, "active": "true", "rushing_att": 2, "rushing_twoptm": 0}, {"week": "7", "defense_sk": 0, "defense_tkl": 2, "defense_int": 0, "active": "true", "defense_ffum": 0, "defense_ast": 3}, {"week": "8", "defense_sk": 1, "defense_tkl": 4, "defense_int": 0, "active": "true", "defense_ffum": 0, "defense_ast": 0}, {"week": "9", "defense_sk": 1, "defense_tkl": 2, "defense_int": 0, "active": "true", "defense_ffum": 1, "defense_ast": 0}, {"week": "10", "defense_sk": 0, "defense_tkl": 2, "defense_int": 0, "active": "true", "defense_ffum": 0, "defense_ast": 0}, {"week": "11", "kickret_lng": 46, "receiving_tds": 1, "kickret_tds": 0, "receiving_lng": 26, "kickret_avg": 29, "active": "true", "receiving_rec": 1, "receiving_twopta": 0, "receiving_yds": 26, "receiving_twoptm": 0, "kickret_ret": 4}, {"week": "12", "kickret_lng": 34, "kickret_tds": 0, "kickret_ret": 6, "rushing_tds": 0, "kickret_avg": 20, "rushing_twopta": 0, "rushing_lng": 5, "rushing_yds": 5, "active": "true", "rushing_att": 1, "rushing_twoptm": 0}, {"week": "13", "defense_sk": 0, "defense_tkl": 1, "defense_int": 0, "active": "true", "defense_ffum": 0, "defense_ast": 0}, {"week": "14", "kickret_lng": 25, "kickret_tds": 0, "kickret_ret": 5, "rushing_tds": 0, "kickret_avg": 15, "rushing_twopta": 0, "rushing_lng": 12, "rushing_yds": 12, "active": "true", "rushing_att": 1, "rushing_twoptm": 0}, {"week": "15", "defense_sk": 0, "defense_tkl": 1, "defense_int": 0, "active": "true", "defense_ffum": 0, "defense_ast": 2}, {"week": "16", "rushing_tds": 0, "rushing_twopta": 0, "rushing_lng": 1, "rushing_yds": 1, "active": "true", "rushing_att": 1, "rushing_twoptm": 0}, {"week": "17", "receiving_lng": 17, "kickret_lng": 53, "receiving_tds": 0, "receiving_twopta": 0, "kickret_ret": 1, "rushing_tds": 0, "kickret_avg": 53, "rushing_twopta": 0, "active": "true", "receiving_rec": 3, "rushing_lng": 13, "rushing_yds": 21, "receiving_yds": 19, "rushing_att": 3, "receiving_twoptm": 0, "rushing_twoptm": 0, "kickret_tds": 0}], "2010": [{"week": "1", "defense_sk": 0, "defense_tkl": 0, "defense_int": 0, "active": "true", "defense_ffum": 0, "defense_ast": 1}, {"week": "2", "puntret_tds": 0, "kickret_lngtd": 89, "puntret_ret": 1, "kickret_lng": 89, "puntret_avg": 21, "puntret_lngtd": 0, "kickret_avg": 53, "puntret_lng": 21, "kickret_tds": 1, "active": "true", "kickret_ret": 2}, {"week": "3", "kickret_lngtd": 0, "kickret_lng": 25, "kickret_avg": 22, "kickret_tds": 0, "active": "true", "kickret_ret": 3}, {"week": "4", "kickret_lngtd": 0, "kickret_lng": 25, "receiving_tds": 0, "kickret_tds": 0, "receiving_lng": 6, "kickret_avg": 22, "active": "true", "receiving_rec": 1, "receiving_twopta": 0, "receiving_yds": 6, "receiving_lngtd": 0, "receiving_twoptm": 0, "kickret_ret": 2}, {"week": "5", "rushing_lngtd": 0, "rushing_tds": 0, "rushing_twopta": 0, "rushing_lng": 0, "rushing_yds": -1, "active": "true", "rushing_att": 2, "rushing_twoptm": 0}, {"week": "6", "defense_sk": 0, "defense_tkl": 2, "defense_int": 0, "active": "true", "defense_ffum": 0, "defense_ast": 0}, {"week": "7", "active": "false"}, {"week": "8", "defense_sk": 0, "defense_tkl": 1, "defense_int": 0, "active": "true", "defense_ffum": 0, "defense_ast": 0}, {"week": "9", "fumbles_tot": 0, "fumbles_yds": 0, "fumbles_lost": 0, "fumbles_trcv": 1, "fumbles_rcv": 0, "defense_sk": 0, "defense_tkl": 2, "defense_int": 0, "active": "true", "defense_ffum": 0, "defense_ast": 2}, {"week": "10", "active": "false"}, {"week": "11", "puntret_tds": 0, "puntret_ret": 7, "receiving_tds": 0, "puntret_avg": 9, "puntret_lngtd": 0, "receiving_lng": 21, "puntret_lng": 20, "active": "true", "receiving_rec": 1, "receiving_twopta": 0, "receiving_yds": 21, "receiving_lngtd": 0, "receiving_twoptm": 0}, {"week": "12", "rushing_lngtd": 0, "receiving_tds": 0, "receiving_twopta": 0, "receiving_lng": 10, "rushing_tds": 0, "rushing_twopta": 0, "active": "true", "receiving_rec": 4, "rushing_lng": 7, "rushing_yds": 36, "receiving_lngtd": 0, "receiving_yds": 29, "rushing_att": 13, "receiving_twoptm": 0, "rushing_twoptm": 0}, {"week": "13", "defense_sk": 0, "defense_tkl": 1, "defense_int": 0, "active": "true", "defense_ffum": 0, "defense_ast": 1}, {"fumbles_tot": 1, "receiving_tds": 0, "fumbles_rcv": 0, "kickret_tds": 0, "receiving_lngtd": 0, "puntret_ret": 2, "puntret_avg": 0, "fumbles_lost": 0, "receiving_rec": 3, "receiving_twopta": 0, "receiving_yds": 27, "receiving_twoptm": 0, "week": "14", "puntret_lngtd": 0, "kickret_lngtd": 0, "fumbles_yds": 0, "receiving_lng": 12, "puntret_lng": 1, "active": "true", "puntret_tds": 0, "kickret_lng": 24, "fumbles_trcv": 0, "kickret_avg": 20, "kickret_ret": 2}, {"week": "15", "defense_sk": 0, "defense_tkl": 4, "defense_int": 0, "active": "true", "defense_ffum": 0, "defense_ast": 1}, {"week": "16", "puntret_tds": 0, "kickret_lngtd": 0, "puntret_ret": 4, "kickret_lng": 27, "receiving_tds": 0, "puntret_avg": 0, "puntret_lngtd": 0, "kickret_tds": 0, "receiving_lng": 13, "kickret_avg": 22, "puntret_lng": 9, "active": "true", "receiving_rec": 2, "receiving_twopta": 0, "receiving_yds": 20, "receiving_lngtd": 0, "receiving_twoptm": 0, "kickret_ret": 2}, {"week": "17", "puntret_tds": 0, "kickret_lngtd": 0, "puntret_ret": 2, "kickret_lng": 27, "receiving_tds": 0, "puntret_avg": 2, "puntret_lngtd": 0, "kickret_tds": 0, "receiving_lng": 26, "kickret_avg": 18, "puntret_lng": 7, "active": "true", "receiving_rec": 4, "receiving_twopta": 0, "receiving_yds": 52, "receiving_lngtd": 0, "receiving_twoptm": 0, "kickret_ret": 2}], "2011": [{"week": "1", "puntret_tds": 0, "kickret_lngtd": 0, "puntret_ret": 2, "kickret_lng": 41, "receiving_tds": 0, "puntret_avg": 3, "puntret_lngtd": 0, "kickret_tds": 0, "receiving_lng": 15, "kickret_avg": 34, "puntret_lng": 6, "active": "true", "receiving_rec": 2, "receiving_twopta": 0, "receiving_yds": 14, "receiving_lngtd": 0, "receiving_twoptm": 0, "kickret_ret": 3}, {"receiving_tds": 0, "rushing_yds": 1, "receiving_lngtd": 0, "puntret_ret": 4, "puntret_avg": 13, "rushing_tds": 0, "rushing_twopta": 0, "receiving_rec": 4, "receiving_twopta": 0, "receiving_yds": 67, "rushing_att": 1, "receiving_twoptm": 0, "rushing_twoptm": 0, "week": "2", "puntret_lngtd": 0, "kickret_lngtd": 0, "rushing_lngtd": 0, "receiving_lng": 19, "puntret_lng": 41, "active": "true", "puntret_tds": 0, "kickret_lng": 23, "kickret_avg": 23, "rushing_lng": 1, "kickret_tds": 0, "kickret_ret": 1}, {"week": "3", "puntret_tds": 0, "puntret_ret": 4, "receiving_tds": 0, "puntret_avg": 16, "puntret_lngtd": 0, "receiving_lng": 21, "puntret_lng": 37, "active": "true", "receiving_rec": 4, "receiving_twopta": 0, "receiving_yds": 75, "receiving_lngtd": 0, "receiving_twoptm": 0}, {"receiving_tds": 0, "rushing_yds": 8, "receiving_lngtd": 0, "puntret_ret": 1, "puntret_avg": 33, "rushing_tds": 0, "rushing_twopta": 0, "receiving_rec": 5, "receiving_twopta": 0, "receiving_yds": 67, "rushing_att": 1, "receiving_twoptm": 0, "rushing_twoptm": 0, "week": "4", "puntret_lngtd": 0, "kickret_lngtd": 0, "rushing_lngtd": 0, "receiving_lng": 23, "puntret_lng": 33, "active": "true", "puntret_tds": 0, "kickret_lng": 25, "kickret_avg": 22, "rushing_lng": 8, "kickret_tds": 0, "kickret_ret": 2}, {"week": "5", "kickret_lngtd": 0, "rushing_lngtd": 0, "kickret_lng": 52, "receiving_tds": 0, "receiving_twopta": 0, "kickret_ret": 2, "receiving_lng": 17, "rushing_tds": 0, "kickret_avg": 41, "rushing_twopta": 0, "active": "true", "receiving_rec": 2, "rushing_lng": 10, "rushing_yds": 10, "receiving_lngtd": 0, "receiving_yds": 23, "rushing_att": 1, "receiving_twoptm": 0, "rushing_twoptm": 0, "kickret_tds": 0}, {"week": "6", "puntret_tds": 0, "kickret_lngtd": 0, "puntret_ret": 4, "kickret_lng": 34, "receiving_tds": 0, "puntret_avg": 2, "puntret_lngtd": 0, "kickret_tds": 0, "receiving_lng": 16, "kickret_avg": 34, "puntret_lng": 14, "active": "true", "receiving_rec": 1, "receiving_twopta": 0, "receiving_yds": 16, "receiving_lngtd": 0, "receiving_twoptm": 0, "kickret_ret": 1}, {"week": "7", "puntret_tds": 0, "kickret_lngtd": 0, "puntret_ret": 2, "kickret_lng": 30, "receiving_tds": 0, "puntret_avg": 23, "puntret_lngtd": 0, "kickret_tds": 0, "receiving_lng": 20, "kickret_avg": 22, "puntret_lng": 31, "active": "true", "receiving_rec": 7, "receiving_twopta": 0, "receiving_yds": 102, "receiving_lngtd": 0, "receiving_twoptm": 0, "kickret_ret": 3}, {"week": "8", "puntret_tds": 0, "kickret_lngtd": 0, "puntret_ret": 2, "kickret_lng": 34, "receiving_tds": 1, "puntret_avg": 6, "puntret_lngtd": 0, "kickret_tds": 0, "receiving_lng": 19, "kickret_avg": 27, "puntret_lng": 10, "active": "true", "receiving_rec": 9, "receiving_twopta": 0, "receiving_yds": 67, "receiving_lngtd": 7, "receiving_twoptm": 0, "kickret_ret": 3}, {"week": "9", "puntret_tds": 0, "kickret_lngtd": 0, "puntret_ret": 2, "kickret_lng": 25, "receiving_tds": 0, "puntret_avg": 10, "puntret_lngtd": 0, "kickret_tds": 0, "receiving_lng": 32, "kickret_avg": 25, "puntret_lng": 13, "active": "true", "receiving_rec": 5, "receiving_twopta": 0, "receiving_yds": 109, "receiving_lngtd": 0, "receiving_twoptm": 0, "kickret_ret": 1}, {"week": "10", "puntret_tds": 0, "kickret_lngtd": 0, "puntret_ret": 3, "kickret_lng": 26, "receiving_tds": 0, "puntret_avg": 5, "puntret_lngtd": 0, "kickret_tds": 0, "receiving_lng": 21, "kickret_avg": 23, "puntret_lng": 7, "active": "true", "receiving_rec": 5, "receiving_twopta": 0, "receiving_yds": 86, "receiving_lngtd": 0, "receiving_twoptm": 0, "kickret_ret": 3}, {"week": "11", "active": "false"}, {"week": "12", "rushing_lngtd": 0, "receiving_tds": 0, "receiving_twopta": 0, "receiving_lng": 34, "rushing_tds": 0, "rushing_twopta": 0, "active": "true", "receiving_rec": 4, "rushing_lng": 3, "rushing_yds": 5, "receiving_lngtd": 0, "receiving_yds": 81, "rushing_att": 2, "receiving_twoptm": 0, "rushing_twoptm": 0}, {"week": "13", "puntret_tds": 1, "rushing_lngtd": 0, "receiving_tds": 0, "puntret_avg": 21, "receiving_twopta": 0, "receiving_lng": 45, "rushing_tds": 0, "puntret_lng": 60, "rushing_twopta": 0, "active": "true", "puntret_ret": 3, "receiving_rec": 2, "rushing_lng": 9, "rushing_yds": 9, "receiving_lngtd": 0, "receiving_yds": 67, "rushing_att": 1, "receiving_twoptm": 0, "rushing_twoptm": 0, "puntret_lngtd": 60}, {"week": "14", "kickret_lngtd": 0, "kickret_lng": 22, "receiving_tds": 1, "kickret_tds": 0, "receiving_lng": 79, "kickret_avg": 21, "active": "true", "receiving_rec": 5, "receiving_twopta": 0, "receiving_yds": 151, "receiving_lngtd": 79, "receiving_twoptm": 0, "kickret_ret": 1}, {"week": "15", "puntret_tds": 0, "kickret_lngtd": 0, "puntret_ret": 2, "kickret_lng": 36, "receiving_tds": 0, "puntret_avg": -5, "puntret_lngtd": 0, "kickret_tds": 0, "receiving_lng": 24, "kickret_avg": 28, "puntret_lng": 0, "active": "true", "receiving_rec": 5, "receiving_twopta": 0, "receiving_yds": 59, "receiving_lngtd": 0, "receiving_twoptm": 0, "kickret_ret": 3}, {"receiving_tds": 0, "defense_tkl": 1, "rushing_yds": 8, "receiving_lngtd": 0, "puntret_ret": 1, "puntret_avg": 5, "rushing_tds": 0, "defense_sk": 0, "rushing_twopta": 0, "receiving_rec": 3, "defense_int": 0, "receiving_twopta": 0, "receiving_yds": 34, "rushing_att": 1, "receiving_twoptm": 0, "rushing_twoptm": 0, "week": "16", "puntret_lngtd": 0, "kickret_lngtd": 0, "rushing_lngtd": 0, "receiving_lng": 19, "puntret_lng": 5, "active": "true", "defense_ffum": 0, "puntret_tds": 0, "kickret_lng": 30, "kickret_avg": 30, "rushing_lng": 8, "kickret_tds": 0, "kickret_ret": 1, "defense_ast": 0}, {"week": "17", "kickret_lngtd": 0, "kickret_lng": 28, "receiving_tds": 0, "kickret_tds": 0, "receiving_lng": 40, "kickret_avg": 24, "active": "true", "receiving_rec": 6, "receiving_twopta": 0, "receiving_yds": 90, "receiving_lngtd": 0, "receiving_twoptm": 0, "kickret_ret": 3}], "2012": [{"week": "1", "kickret_lngtd": 0, "kickret_lng": 22, "kickret_avg": 14, "kickret_tds": 0, "active": "true", "kickret_ret": 2}, {"week": "2", "fumbles_tot": 0, "rushing_lngtd": 2, "receiving_tds": 0, "fumbles_yds": 1, "receiving_twopta": 0, "fumbles_trcv": 1, "receiving_lng": 11, "rushing_tds": 1, "fumbles_rcv": 1, "rushing_twopta": 1, "fumbles_lost": 0, "receiving_rec": 2, "rushing_lng": 23, "rushing_yds": 71, "receiving_lngtd": 0, "receiving_yds": 19, "rushing_att": 13, "receiving_twoptm": 0, "rushing_twoptm": 1, "active": "true"}, {"week": "3", "rushing_lngtd": 1, "receiving_tds": 0, "receiving_twopta": 0, "receiving_lng": 14, "rushing_tds": 2, "rushing_twopta": 0, "active": "true", "receiving_rec": 3, "rushing_lng": 31, "rushing_yds": 113, "receiving_lngtd": 0, "receiving_yds": 17, "rushing_att": 20, "receiving_twoptm": 0, "rushing_twoptm": 0}, {"week": "4", "rushing_lngtd": 0, "receiving_tds": 0, "receiving_twopta": 0, "receiving_lng": 4, "rushing_tds": 0, "rushing_twopta": 0, "active": "true", "receiving_rec": 1, "rushing_lng": 4, "rushing_yds": 14, "receiving_lngtd": 0, "receiving_yds": 4, "rushing_att": 5, "receiving_twoptm": 0, "rushing_twoptm": 0}, {"week": "5", "puntret_tds": 0, "puntret_ret": 1, "receiving_tds": 0, "puntret_avg": 7, "puntret_lngtd": 0, "receiving_lng": 20, "puntret_lng": 7, "active": "true", "receiving_rec": 7, "receiving_twopta": 0, "receiving_yds": 86, "receiving_lngtd": 0, "receiving_twoptm": 0}, {"week": "6", "puntret_tds": 0, "puntret_ret": 3, "receiving_tds": 0, "puntret_avg": 3, "puntret_lngtd": 0, "receiving_lng": 7, "puntret_lng": 4, "active": "true", "receiving_rec": 4, "receiving_twopta": 0, "receiving_yds": 20, "receiving_lngtd": 0, "receiving_twoptm": 0}, {"week": "7", "rushing_lngtd": 1, "receiving_tds": 0, "receiving_twopta": 0, "receiving_lng": 17, "rushing_tds": 1, "rushing_twopta": 0, "active": "true", "receiving_rec": 1, "rushing_lng": 6, "rushing_yds": 17, "receiving_lngtd": 0, "receiving_yds": 17, "rushing_att": 5, "receiving_twoptm": 0, "rushing_twoptm": 0}, {"week": "8", "puntret_tds": 0, "puntret_ret": 3, "receiving_tds": 0, "puntret_avg": 8, "puntret_lngtd": 0, "receiving_lng": 18, "puntret_lng": 18, "active": "true", "receiving_rec": 4, "receiving_twopta": 0, "receiving_yds": 38, "receiving_lngtd": 0, "receiving_twoptm": 0}, {"week": "9", "rushing_lngtd": 1, "rushing_tds": 1, "rushing_twopta": 0, "rushing_lng": 8, "rushing_yds": 20, "active": "true", "rushing_att": 7, "rushing_twoptm": 0}, {"week": "10", "rushing_lngtd": 2, "receiving_tds": 0, "receiving_twopta": 0, "receiving_lng": 7, "rushing_tds": 1, "rushing_twopta": 0, "active": "true", "receiving_rec": 5, "rushing_lng": 29, "rushing_yds": 65, "receiving_lngtd": 0, "receiving_yds": 29, "rushing_att": 7, "receiving_twoptm": 0, "rushing_twoptm": 0}, {"week": "11", "active": "false"}, {"week": "12", "rushing_lngtd": 2, "rushing_tds": 1, "rushing_twopta": 0, "rushing_lng": 16, "rushing_yds": 64, "active": "true", "rushing_att": 13, "rushing_twoptm": 0}, {"passing_att": 1, "receiving_tds": 0, "passing_yds": 0, "rushing_yds": 4, "receiving_lngtd": 0, "puntret_ret": 5, "puntret_avg": 1, "rushing_tds": 0, "rushing_twopta": 0, "receiving_rec": 5, "receiving_twopta": 0, "receiving_yds": 58, "rushing_att": 1, "receiving_twoptm": 0, "rushing_twoptm": 0, "week": "13", "puntret_lngtd": 0, "rushing_lngtd": 0, "passing_twoptm": 0, "passing_twopta": 0, "receiving_lng": 34, "passing_cmp": 0, "passing_ints": 1, "active": "true", "puntret_lng": 6, "puntret_tds": 0, "rushing_lng": 4, "passing_tds": 0}, {"week": "14", "puntret_tds": 0, "puntret_ret": 1, "receiving_tds": 1, "puntret_avg": 0, "puntret_lngtd": 0, "receiving_lng": 14, "puntret_lng": 0, "active": "true", "receiving_rec": 4, "receiving_twopta": 0, "receiving_yds": 35, "receiving_lngtd": 1, "receiving_twoptm": 0}, {"week": "15", "fumbles_tot": 2, "puntret_ret": 3, "receiving_tds": 1, "fumbles_yds": 0, "fumbles_lost": 1, "fumbles_trcv": 1, "receiving_lng": 18, "fumbles_rcv": 1, "puntret_tds": 0, "active": "true", "puntret_avg": 17, "receiving_rec": 8, "receiving_twopta": 0, "receiving_yds": 76, "receiving_lngtd": 7, "receiving_twoptm": 0, "puntret_lng": 29, "puntret_lngtd": 0}, {"week": "16", "puntret_tds": 0, "puntret_ret": 2, "receiving_tds": 1, "puntret_avg": 3, "puntret_lngtd": 0, "receiving_lng": 60, "puntret_lng": 11, "active": "true", "receiving_rec": 5, "receiving_twopta": 0, "receiving_yds": 97, "receiving_lngtd": 60, "receiving_twoptm": 0}, {"receiving_tds": 1, "defense_tkl": 1, "rushing_yds": -6, "receiving_lngtd": 9, "puntret_ret": 1, "puntret_avg": 10, "rushing_tds": 0, "defense_sk": 0, "rushing_twopta": 0, "receiving_rec": 2, "defense_int": 0, "receiving_twopta": 0, "receiving_yds": 22, "rushing_att": 2, "receiving_twoptm": 0, "rushing_twoptm": 0, "week": "17", "puntret_lngtd": 0, "rushing_lngtd": 0, "receiving_lng": 13, "puntret_lng": 10, "active": "true", "defense_ffum": 0, "puntret_tds": 0, "rushing_lng": 7, "defense_ast": 0}], "2013": [{"receiving_tds": 0, "rushing_yds": 4, "receiving_lngtd": 0, "puntret_ret": 1, "puntret_avg": 1, "rushing_tds": 0, "rushing_twopta": 0, "receiving_rec": 5, "receiving_twopta": 0, "receiving_yds": 71, "rushing_att": 1, "receiving_twoptm": 0, "rushing_twoptm": 0, "week": "1", "puntret_lngtd": 0, "kickret_lngtd": 0, "rushing_lngtd": 0, "receiving_lng": 22, "puntret_lng": 1, "active": "true", "puntret_tds": 0, "kickret_lng": 16, "kickret_avg": 16, "rushing_lng": 4, "kickret_tds": 0, "kickret_ret": 1}, {"week": "2", "defense_sk": 0.5, "defense_tkl": 0, "defense_int": 0, "active": "true", "defense_ffum": 0, "defense_ast": 1}, {"week": "3", "puntret_tds": 0, "puntret_ret": 2, "receiving_tds": 2, "puntret_avg": 2, "puntret_lngtd": 0, "receiving_lng": 45, "puntret_lng": 4, "active": "true", "receiving_rec": 9, "receiving_twopta": 0, "receiving_yds": 196, "receiving_lngtd": 33, "receiving_twoptm": 0}, {"week": "4", "puntret_tds": 0, "rushing_lngtd": 0, "receiving_tds": 0, "puntret_avg": 3, "receiving_twopta": 0, "receiving_lng": 15, "rushing_tds": 0, "puntret_lng": 3, "rushing_twopta": 0, "active": "true", "puntret_ret": 1, "receiving_rec": 12, "rushing_lng": 10, "rushing_yds": 10, "receiving_lngtd": 0, "receiving_yds": 88, "rushing_att": 1, "receiving_twoptm": 0, "rushing_twoptm": 0, "puntret_lngtd": 0}, {"week": "5", "defense_sk": 0, "defense_tkl": 1, "defense_int": 0, "active": "true", "defense_ffum": 0, "defense_ast": 0}, {"week": "6", "puntret_tds": 0, "passing_att": 1, "puntret_ret": 2, "passing_twoptm": 0, "puntret_avg": 5, "receiving_twopta": 0, "passing_twopta": 0, "receiving_lng": 16, "passing_yds": 15, "passing_cmp": 1, "receiving_yds": 86, "receiving_rec": 9, "passing_ints": 0, "passing_tds": 0, "receiving_lngtd": 0, "receiving_twoptm": 0, "puntret_lng": 11, "active": "true", "puntret_lngtd": 0, "receiving_tds": 0}, {"week": "7", "puntret_tds": 0, "rushing_lngtd": 0, "receiving_tds": 0, "puntret_avg": 18, "receiving_twopta": 0, "receiving_lng": 13, "rushing_tds": 0, "puntret_lng": 18, "rushing_twopta": 0, "active": "true", "puntret_ret": 1, "receiving_rec": 6, "rushing_lng": 3, "rushing_yds": 3, "receiving_lngtd": 0, "receiving_yds": 50, "rushing_att": 1, "receiving_twoptm": 0, "rushing_twoptm": 0, "puntret_lngtd": 0}, {"week": "8", "puntret_tds": 0, "rushing_lngtd": 0, "receiving_tds": 0, "puntret_avg": 11, "receiving_twopta": 0, "receiving_lng": 21, "rushing_tds": 0, "puntret_lng": 44, "rushing_twopta": 0, "active": "true", "puntret_ret": 4, "receiving_rec": 9, "rushing_lng": 2, "rushing_yds": 2, "receiving_lngtd": 0, "receiving_yds": 82, "rushing_att": 1, "receiving_twoptm": 0, "rushing_twoptm": 0, "puntret_lngtd": 0}, {"week": "9", "puntret_tds": 0, "puntret_ret": 1, "receiving_tds": 1, "puntret_avg": 24, "puntret_lngtd": 0, "receiving_lng": 27, "puntret_lng": 24, "active": "true", "receiving_rec": 5, "receiving_twopta": 0, "receiving_yds": 71, "receiving_lngtd": 27, "receiving_twoptm": 0}, {"week": "10", "defense_sk": 0, "defense_tkl": 2, "defense_int": 0, "active": "true", "defense_ffum": 0, "defense_ast": 2}, {"week": "11", "puntret_tds": 0, "rushing_lngtd": 0, "receiving_tds": 2, "puntret_avg": 8, "receiving_twopta": 0, "receiving_lng": 47, "rushing_tds": 0, "puntret_lng": 9, "rushing_twopta": 0, "active": "true", "puntret_ret": 2, "receiving_rec": 7, "rushing_lng": -8, "rushing_yds": -8, "receiving_lngtd": 47, "receiving_yds": 147, "rushing_att": 1, "receiving_twoptm": 0, "rushing_twoptm": 0, "puntret_lngtd": 0}, {"week": "12", "defense_sk": 0, "defense_tkl": 1, "defense_int": 0, "active": "true", "defense_ffum": 0, "defense_ast": 0}, {"week": "13", "receiving_tds": 0, "receiving_lng": 19, "active": "true", "receiving_rec": 5, "receiving_twopta": 0, "receiving_yds": 59, "receiving_lngtd": 0, "receiving_twoptm": 0}, {"week": "14", "defense_sk": 0, "defense_tkl": 2, "defense_int": 0, "active": "true", "defense_ffum": 1, "defense_ast": 0}, {"week": "15", "rushing_lngtd": 0, "receiving_tds": 0, "receiving_twopta": 0, "receiving_lng": 5, "rushing_tds": 0, "rushing_twopta": 0, "active": "true", "receiving_rec": 4, "rushing_lng": 7, "rushing_yds": 17, "receiving_lngtd": 0, "receiving_yds": 9, "rushing_att": 11, "receiving_twoptm": 0, "rushing_twoptm": 0}, {"week": "16", "fumbles_tot": 1, "rushing_lngtd": 0, "receiving_tds": 0, "fumbles_yds": 0, "receiving_twopta": 0, "fumbles_trcv": 1, "receiving_lng": 14, "rushing_tds": 0, "fumbles_rcv": 1, "rushing_twopta": 0, "fumbles_lost": 1, "receiving_rec": 2, "rushing_lng": 11, "rushing_yds": 40, "receiving_lngtd": 0, "receiving_yds": 14, "rushing_att": 16, "receiving_twoptm": 0, "rushing_twoptm": 0, "active": "true"}, {"week": "17", "fumbles_tot": 1, "rushing_lngtd": 0, "fumbles_yds": 0, "fumbles_lost": 1, "fumbles_trcv": 0, "rushing_tds": 0, "fumbles_rcv": 0, "rushing_twopta": 0, "rushing_lng": 8, "rushing_yds": 11, "active": "true", "rushing_att": 13, "rushing_twoptm": 0}], "2014": [{"week": "1", "puntret_tds": 0, "puntret_ret": 3, "receiving_tds": 1, "puntret_avg": 15, "puntret_lngtd": 0, "receiving_lng": 41, "puntret_lng": 36, "active": "true", "receiving_rec": 5, "receiving_twopta": 0, "receiving_yds": 116, "receiving_lngtd": 35, "receiving_twoptm": 0}, {"week": "2", "puntret_tds": 0, "rushing_lngtd": 0, "receiving_tds": 0, "puntret_avg": 6, "receiving_twopta": 0, "receiving_lng": 27, "rushing_tds": 0, "puntret_lng": 13, "rushing_twopta": 0, "active": "true", "puntret_ret": 2, "receiving_rec": 7, "rushing_lng": 9, "rushing_yds": 10, "receiving_lngtd": 0, "receiving_yds": 90, "rushing_att": 2, "receiving_twoptm": 0, "rushing_twoptm": 0, "puntret_lngtd": 0}, {"week": "3", "puntret_tds": 0, "puntret_ret": 2, "receiving_tds": 2, "puntret_avg": 8, "puntret_lngtd": 0, "receiving_lng": 30, "puntret_lng": 9, "active": "true", "receiving_rec": 10, "receiving_twopta": 0, "receiving_yds": 90, "receiving_lngtd": 7, "receiving_twoptm": 0}, {"week": "4", "passing_att": 1, "passing_twoptm": 0, "receiving_twopta": 0, "passing_twopta": 0, "receiving_lng": 27, "passing_yds": 17, "passing_cmp": 1, "receiving_yds": 131, "receiving_rec": 7, "passing_ints": 0, "passing_tds": 0, "receiving_lngtd": 27, "receiving_twoptm": 0, "active": "true", "receiving_tds": 2}, {"week": "5", "puntret_tds": 0, "puntret_ret": 4, "receiving_tds": 0, "puntret_avg": 5, "puntret_lngtd": 0, "receiving_lng": 30, "puntret_lng": 6, "active": "true", "receiving_rec": 5, "receiving_twopta": 0, "receiving_yds": 84, "receiving_lngtd": 0, "receiving_twoptm": 0}, {"week": "6", "puntret_tds": 0, "rushing_lngtd": 0, "receiving_tds": 0, "puntret_avg": 4, "receiving_twopta": 0, "receiving_lng": 23, "rushing_tds": 0, "puntret_lng": 10, "rushing_twopta": 0, "active": "true", "puntret_ret": 2, "receiving_rec": 7, "rushing_lng": -2, "rushing_yds": -2, "receiving_lngtd": 0, "receiving_yds": 118, "rushing_att": 1, "receiving_twoptm": 0, "rushing_twoptm": 0, "puntret_lngtd": 0}, {"week": "7", "puntret_tds": 0, "passing_att": 1, "puntret_ret": 2, "passing_twoptm": 0, "puntret_avg": 10, "receiving_twopta": 0, "passing_twopta": 0, "receiving_lng": 30, "passing_yds": 3, "passing_cmp": 1, "receiving_yds": 90, "receiving_rec": 9, "passing_ints": 0, "passing_tds": 1, "receiving_lngtd": 0, "receiving_twoptm": 0, "puntret_lng": 12, "active": "true", "puntret_lngtd": 0, "receiving_tds": 0}, {"receiving_tds": 2, "rushing_yds": 5, "receiving_lngtd": 47, "puntret_ret": 3, "puntret_avg": 5, "rushing_tds": 0, "rushing_twopta": 0, "receiving_rec": 10, "receiving_twopta": 0, "receiving_yds": 133, "rushing_att": 1, "receiving_twoptm": 0, "rushing_twoptm": 0, "week": "8", "puntret_lngtd": 0, "kickret_lngtd": 0, "rushing_lngtd": 0, "receiving_lng": 47, "puntret_lng": 11, "active": "true", "puntret_tds": 0, "kickret_lng": 0, "kickret_avg": 0, "rushing_lng": 5, "kickret_tds": 0, "kickret_ret": 1}, {"week": "9", "receiving_tds": 1, "receiving_lng": 54, "active": "true", "receiving_rec": 11, "receiving_twopta": 0, "receiving_yds": 144, "receiving_lngtd": 54, "receiving_twoptm": 0}, {"week": "10", "fumbles_tot": 2, "puntret_ret": 2, "receiving_tds": 0, "fumbles_yds": 0, "fumbles_lost": 2, "fumbles_trcv": 0, "receiving_lng": 15, "fumbles_rcv": 0, "puntret_tds": 0, "active": "true", "puntret_avg": 3, "receiving_rec": 8, "receiving_twopta": 0, "receiving_yds": 74, "receiving_lngtd": 0, "receiving_twoptm": 0, "puntret_lng": 7, "puntret_lngtd": 0}, {"week": "11", "puntret_tds": 0, "puntret_ret": 1, "receiving_tds": 1, "puntret_avg": 14, "puntret_lngtd": 0, "receiving_lng": 17, "puntret_lng": 14, "active": "true", "receiving_rec": 9, "receiving_twopta": 0, "receiving_yds": 91, "receiving_lngtd": 12, "receiving_twoptm": 0}, {"week": "12", "active": "false"}, {"week": "13", "puntret_tds": 0, "puntret_ret": 2, "receiving_tds": 2, "puntret_avg": 7, "puntret_lngtd": 0, "receiving_lng": 21, "puntret_lng": 13, "active": "true", "receiving_rec": 8, "receiving_twopta": 1, "receiving_yds": 97, "receiving_lngtd": 4, "receiving_twoptm": 1}, {"week": "14", "puntret_tds": 0, "puntret_ret": 1, "receiving_tds": 0, "puntret_avg": 7, "puntret_lngtd": 0, "receiving_lng": 17, "puntret_lng": 7, "active": "true", "receiving_rec": 4, "receiving_twopta": 0, "receiving_yds": 44, "receiving_lngtd": 0, "receiving_twoptm": 0}]}}