{"A.Rodgers": {"2009": [{"week": "1", "passing_att": 28, "passing_twoptm": 1, "passing_twopta": 1, "rushing_tds": 0, "passing_yds": 184, "rushing_yds": 7, "passing_cmp": 17, "rushing_twopta": 0, "active": "true", "rushing_lng": 9, "passing_ints": 0, "passing_tds": 1, "rushing_att": 3, "rushing_twoptm": 0}, {"week": "2", "fumbles_tot": 1, "passing_att": 39, "fumbles_rcv": 0, "passing_twoptm": 0, "fumbles_yds": 0, "fumbles_lost": 0, "fumbles_trcv": 0, "passing_twopta": 0, "rushing_tds": 0, "passing_yds": 261, "rushing_yds": 43, "passing_cmp": 21, "rushing_twopta": 0, "active": "true", "rushing_lng": 16, "passing_ints": 0, "passing_tds": 1, "rushing_att": 4, "rushing_twoptm": 0}, {"week": "3", "passing_att": 23, "passing_twoptm": 0, "passing_twopta": 0, "rushing_tds": 1, "passing_yds": 269, "rushing_yds": 38, "passing_cmp": 13, "rushing_twopta": 0, "active": "true", "rushing_lng": 12, "passing_ints": 0, "passing_tds": 2, "rushing_att": 8, "rushing_twoptm": 0}, {"week": "4", "fumbles_tot": 1, "passing_att": 37, "fumbles_rcv": 0, "passing_twoptm": 0, "fumbles_yds": 0, "fumbles_lost": 1, "fumbles_trcv": 0, "passing_twopta": 1, "rushing_tds": 0, "passing_yds": 384, "rushing_yds": 16, "passing_cmp": 26, "rushing_twopta": 0, "active": "true", "rushing_lng": 11, "passing_ints": 1, "passing_tds": 2, "rushing_att": 2, "rushing_twoptm": 0}, {"week": "5", "active": "false"}, {"week": "6", "fumbles_tot": 1, "passing_att": 37, "fumbles_rcv": 0, "passing_twoptm": 0, "fumbles_yds": 0, "fumbles_lost": 1, "fumbles_trcv": 0, "passing_twopta": 0, "rushing_tds": 0, "passing_yds": 358, "rushing_yds": 9, "passing_cmp": 29, "rushing_twopta": 0, "active": "true", "rushing_lng": 10, "passing_ints": 1, "passing_tds": 2, "rushing_att": 3, "rushing_twoptm": 0}, {"week": "7", "passing_att": 20, "passing_twoptm": 0, "passing_twopta": 0, "rushing_tds": 0, "passing_yds": 246, "rushing_yds": 23, "passing_cmp": 15, "rushing_twopta": 0, "active": "true", "rushing_lng": 19, "passing_ints": 0, "passing_tds": 3, "rushing_att": 4, "rushing_twoptm": 0}, {"week": "8", "fumbles_tot": 1, "passing_att": 41, "fumbles_rcv": 2, "passing_twoptm": 0, "fumbles_yds": -7, "fumbles_lost": 0, "fumbles_trcv": 2, "passing_twopta": 1, "rushing_tds": 0, "passing_yds": 287, "rushing_yds": 52, "passing_cmp": 26, "rushing_twopta": 0, "active": "true", "rushing_lng": 35, "passing_ints": 0, "passing_tds": 3, "rushing_att": 5, "rushing_twoptm": 0}, {"week": "9", "passing_att": 35, "passing_twoptm": 0, "passing_twopta": 0, "rushing_tds": 1, "passing_yds": 266, "rushing_yds": 26, "passing_cmp": 17, "rushing_twopta": 0, "active": "true", "rushing_lng": 12, "passing_ints": 3, "passing_tds": 2, "rushing_att": 3, "rushing_twoptm": 0}, {"week": "10", "fumbles_tot": 2, "passing_att": 36, "fumbles_rcv": 1, "passing_twoptm": 0, "fumbles_yds": 0, "fumbles_lost": 0, "fumbles_trcv": 1, "passing_twopta": 0, "rushing_tds": 1, "passing_yds": 189, "rushing_yds": 15, "passing_cmp": 25, "rushing_twopta": 0, "active": "true", "rushing_lng": 11, "passing_ints": 0, "passing_tds": 1, "rushing_att": 5, "rushing_twoptm": 0}, {"week": "11", "fumbles_tot": 1, "passing_att": 45, "fumbles_rcv": 0, "passing_twoptm": 0, "fumbles_yds": -1, "fumbles_lost": 0, "fumbles_trcv": 0, "passing_twopta": 0, "rushing_tds": 0, "passing_yds": 344, "rushing_yds": 13, "passing_cmp": 32, "rushing_twopta": 0, "active": "true", "rushing_lng": 11, "passing_ints": 0, "passing_tds": 2, "rushing_att": 7, "rushing_twoptm": 0}, {"week": "12", "fumbles_tot": 1, "passing_att": 39, "fumbles_rcv": 0, "passing_twoptm": 0, "fumbles_yds": 0, "fumbles_lost": 1, "fumbles_trcv": 0, "passing_twopta": 0, "rushing_tds": 0, "passing_yds": 348, "rushing_yds": 5, "passing_cmp": 28, "rushing_twopta": 0, "active": "true", "rushing_lng": 5, "passing_ints": 0, "passing_tds": 3, "rushing_att": 1, "rushing_twoptm": 0}, {"week": "13", "passing_att": 40, "passing_twoptm": 0, "passing_twopta": 0, "rushing_tds": 0, "passing_yds": 263, "rushing_yds": 30, "passing_cmp": 26, "rushing_twopta": 0, "active": "true", "rushing_lng": 23, "passing_ints": 2, "passing_tds": 3, "rushing_att": 4, "rushing_twoptm": 0}, {"week": "14", "fumbles_tot": 2, "passing_att": 24, "fumbles_rcv": 1, "passing_twoptm": 1, "fumbles_yds": 0, "fumbles_lost": 1, "fumbles_trcv": 1, "passing_twopta": 1, "rushing_tds": 0, "passing_yds": 180, "rushing_yds": -6, "passing_cmp": 16, "rushing_twopta": 0, "active": "true", "rushing_lng": 9, "passing_ints": 0, "passing_tds": 0, "rushing_att": 4, "rushing_twoptm": 0}, {"week": "15", "passing_att": 48, "passing_twoptm": 1, "passing_twopta": 1, "rushing_tds": 1, "passing_yds": 383, "rushing_yds": 22, "passing_cmp": 26, "rushing_twopta": 0, "active": "true", "rushing_lng": 14, "passing_ints": 0, "passing_tds": 3, "rushing_att": 3, "rushing_twoptm": 0}, {"week": "16", "fumbles_tot": 1, "passing_att": 23, "fumbles_rcv": 1, "passing_twoptm": 0, "fumbles_yds": 0, "fumbles_lost": 0, "fumbles_trcv": 1, "passing_twopta": 0, "rushing_tds": 0, "passing_yds": 237, "rushing_yds": 9, "passing_cmp": 12, "rushing_twopta": 0, "active": "true", "rushing_lng": 9, "passing_ints": 0, "passing_tds": 1, "rushing_att": 1, "rushing_twoptm": 0}, {"week": "17", "passing_att": 26, "passing_twoptm": 0, "passing_twopta": 0, "rushing_tds": 1, "passing_yds": 235, "rushing_yds": 2, "passing_cmp": 21, "rushing_twopta": 0, "active": "true", "rushing_lng": 1, "passing_ints": 0, "passing_tds": 1, "rushing_att": 2, "rushing_twoptm": 0}], "2010": [{"week": "1", "passing_att": 31, "rushing_lngtd": 0, "passing_twoptm": 0, "passing_twopta": 0, "rushing_tds": 0, "passing_yds": 188, "rushing_yds": 9, "passing_cmp": 19, "rushing_twopta": 0, "active": "true", "rushing_lng": 7, "passing_ints": 2, "passing_tds": 2, "rushing_att": 5, "rushing_twoptm": 0}, {"week": "2", "passing_att": 29, "rushing_lngtd": 9, "passing_twoptm": 0, "passing_twopta": 0, "rushing_tds": 1, "passing_yds": 255, "rushing_yds": 20, "passing_cmp": 19, "rushing_twopta": 0, "active": "true", "rushing_lng": 12, "passing_ints": 0, "passing_tds": 2, "rushing_att": 5, "rushing_twoptm": 0}, {"week": "3", "passing_att": 45, "rushing_lngtd": 3, "passing_twoptm": 0, "passing_twopta": 0, "rushing_tds": 1, "passing_yds": 316, "rushing_yds": 20, "passing_cmp": 34, "rushing_twopta": 0, "active": "true", "rushing_lng": 17, "passing_ints": 1, "passing_tds": 1, "rushing_att": 2, "rushing_twoptm": 0}, {"week": "4", "passing_att": 17, "rushing_lngtd": 0, "passing_twoptm": 0, "passing_twopta": 0, "rushing_tds": 0, "passing_yds": 181, "rushing_yds": 20, "passing_cmp": 12, "rushing_twopta": 0, "active": "true", "rushing_lng": 16, "passing_ints": 2, "passing_tds": 3, "rushing_att": 3, "rushing_twoptm": 0}, {"week": "5", "passing_att": 46, "rushing_lngtd": 0, "passing_twoptm": 0, "passing_twopta": 0, "rushing_tds": 0, "passing_yds": 293, "rushing_yds": 30, "passing_cmp": 27, "rushing_twopta": 0, "active": "true", "rushing_lng": 15, "passing_ints": 1, "passing_tds": 1, "rushing_att": 4, "rushing_twoptm": 0}, {"week": "6", "passing_att": 33, "rushing_lngtd": 1, "passing_twoptm": 0, "passing_twopta": 0, "rushing_tds": 1, "passing_yds": 313, "rushing_yds": 14, "passing_cmp": 18, "rushing_twopta": 0, "active": "true", "rushing_lng": 8, "passing_ints": 1, "passing_tds": 1, "rushing_att": 4, "rushing_twoptm": 0}, {"week": "7", "passing_att": 34, "rushing_lngtd": 0, "passing_twoptm": 0, "passing_twopta": 0, "rushing_tds": 0, "passing_yds": 295, "rushing_yds": 14, "passing_cmp": 21, "rushing_twopta": 0, "active": "true", "rushing_lng": 11, "passing_ints": 2, "passing_tds": 2, "rushing_att": 3, "rushing_twoptm": 0}, {"week": "8", "passing_att": 34, "rushing_lngtd": 0, "passing_twoptm": 0, "passing_twopta": 0, "rushing_tds": 0, "passing_yds": 170, "rushing_yds": 5, "passing_cmp": 15, "rushing_twopta": 0, "active": "true", "rushing_lng": 5, "passing_ints": 0, "passing_tds": 0, "rushing_att": 3, "rushing_twoptm": 0}, {"week": "9", "passing_att": 34, "rushing_lngtd": 0, "passing_twoptm": 0, "passing_twopta": 0, "rushing_tds": 0, "passing_yds": 289, "rushing_yds": 41, "passing_cmp": 27, "rushing_twopta": 0, "active": "true", "rushing_lng": 27, "passing_ints": 0, "passing_tds": 3, "rushing_att": 5, "rushing_twoptm": 0}, {"week": "10", "active": "false"}, {"week": "11", "passing_att": 31, "rushing_lngtd": 0, "passing_twoptm": 0, "passing_twopta": 0, "rushing_tds": 0, "passing_yds": 301, "rushing_yds": 21, "passing_cmp": 22, "rushing_twopta": 0, "active": "true", "rushing_lng": 15, "passing_ints": 0, "passing_tds": 4, "rushing_att": 3, "rushing_twoptm": 0}, {"week": "12", "fumbles_tot": 2, "passing_att": 35, "rushing_lngtd": 1, "passing_twoptm": 0, "fumbles_yds": 0, "fumbles_rcv": 1, "fumbles_trcv": 1, "passing_twopta": 0, "rushing_tds": 1, "passing_yds": 344, "rushing_yds": 51, "passing_cmp": 26, "rushing_twopta": 0, "fumbles_lost": 1, "rushing_lng": 11, "passing_ints": 0, "passing_tds": 1, "rushing_att": 12, "rushing_twoptm": 0, "active": "true"}, {"week": "13", "passing_att": 30, "rushing_lngtd": 0, "passing_twoptm": 0, "passing_twopta": 0, "rushing_tds": 0, "passing_yds": 298, "rushing_yds": 39, "passing_cmp": 21, "rushing_twopta": 0, "active": "true", "rushing_lng": 12, "passing_ints": 0, "passing_tds": 3, "rushing_att": 4, "rushing_twoptm": 0}, {"week": "14", "passing_att": 11, "rushing_lngtd": 0, "passing_twoptm": 0, "passing_twopta": 0, "rushing_tds": 0, "passing_yds": 46, "rushing_yds": 25, "passing_cmp": 7, "rushing_twopta": 0, "active": "true", "rushing_lng": 18, "passing_ints": 1, "passing_tds": 0, "rushing_att": 2, "rushing_twoptm": 0}, {"week": "15", "active": "false"}, {"week": "16", "fumbles_tot": 1, "passing_att": 37, "rushing_lngtd": 0, "passing_twoptm": 0, "fumbles_yds": 0, "fumbles_rcv": 0, "fumbles_trcv": 0, "passing_twopta": 0, "rushing_tds": 0, "passing_yds": 404, "rushing_yds": 26, "passing_cmp": 25, "rushing_twopta": 0, "fumbles_lost": 0, "rushing_lng": 15, "passing_ints": 0, "passing_tds": 4, "rushing_att": 2, "rushing_twoptm": 0, "active": "true"}, {"week": "17", "fumbles_tot": 1, "passing_att": 28, "rushing_lngtd": 0, "passing_twoptm": 0, "fumbles_yds": -2, "fumbles_rcv": 0, "fumbles_trcv": 0, "passing_twopta": 0, "rushing_tds": 0, "passing_yds": 229, "rushing_yds": 21, "passing_cmp": 19, "rushing_twopta": 0, "fumbles_lost": 0, "rushing_lng": 7, "passing_ints": 1, "passing_tds": 1, "rushing_att": 7, "rushing_twoptm": 0, "active": "true"}], "2011": [{"week": "1", "passing_att": 35, "rushing_lngtd": 0, "passing_twoptm": 0, "passing_twopta": 0, "rushing_tds": 0, "passing_yds": 312, "rushing_yds": 1, "passing_cmp": 27, "rushing_twopta": 0, "active": "true", "rushing_lng": 2, "passing_ints": 0, "passing_tds": 3, "rushing_att": 4, "rushing_twoptm": 0}, {"week": "2", "passing_att": 30, "rushing_lngtd": 0, "passing_twoptm": 0, "passing_twopta": 0, "rushing_tds": 0, "passing_yds": 308, "rushing_yds": 13, "passing_cmp": 19, "rushing_twopta": 0, "active": "true", "rushing_lng": 8, "passing_ints": 0, "passing_tds": 2, "rushing_att": 5, "rushing_twoptm": 0}, {"week": "3", "passing_att": 38, "rushing_lngtd": 0, "passing_twoptm": 0, "passing_twopta": 0, "rushing_tds": 0, "passing_yds": 297, "rushing_yds": 3, "passing_cmp": 28, "rushing_twopta": 0, "active": "true", "rushing_lng": 3, "passing_ints": 1, "passing_tds": 3, "rushing_att": 1, "rushing_twoptm": 0}, {"week": "4", "passing_att": 38, "rushing_lngtd": 11, "passing_twoptm": 0, "passing_twopta": 0, "rushing_tds": 2, "passing_yds": 408, "rushing_yds": 36, "passing_cmp": 29, "rushing_twopta": 0, "active": "true", "rushing_lng": 11, "passing_ints": 1, "passing_tds": 4, "rushing_att": 9, "rushing_twoptm": 0}, {"week": "5", "passing_att": 39, "rushing_lngtd": 0, "passing_twoptm": 0, "passing_twopta": 1, "rushing_tds": 0, "passing_yds": 396, "rushing_yds": -1, "passing_cmp": 26, "rushing_twopta": 0, "active": "true", "rushing_lng": -1, "passing_ints": 0, "passing_tds": 2, "rushing_att": 1, "rushing_twoptm": 0}, {"week": "6", "passing_att": 28, "rushing_lngtd": 0, "passing_twoptm": 0, "passing_twopta": 0, "rushing_tds": 0, "passing_yds": 310, "rushing_yds": 15, "passing_cmp": 17, "rushing_twopta": 0, "active": "true", "rushing_lng": 9, "passing_ints": 1, "passing_tds": 3, "rushing_att": 7, "rushing_twoptm": 0}, {"week": "7", "passing_att": 30, "rushing_lngtd": 0, "passing_twoptm": 0, "passing_twopta": 0, "rushing_tds": 0, "passing_yds": 335, "rushing_yds": 8, "passing_cmp": 24, "rushing_twopta": 0, "active": "true", "rushing_lng": 9, "passing_ints": 0, "passing_tds": 3, "rushing_att": 2, "rushing_twoptm": 0}, {"week": "8", "active": "false"}, {"week": "9", "passing_att": 26, "rushing_lngtd": 0, "passing_twoptm": 0, "passing_twopta": 0, "rushing_tds": 0, "passing_yds": 247, "rushing_yds": 52, "passing_cmp": 21, "rushing_twopta": 0, "active": "true", "rushing_lng": 25, "passing_ints": 0, "passing_tds": 4, "rushing_att": 8, "rushing_twoptm": 0}, {"week": "10", "fumbles_tot": 1, "passing_att": 30, "rushing_lngtd": 0, "passing_twoptm": 0, "fumbles_yds": 0, "fumbles_rcv": 1, "fumbles_trcv": 1, "passing_twopta": 0, "rushing_tds": 0, "passing_yds": 250, "rushing_yds": 21, "passing_cmp": 23, "rushing_twopta": 0, "fumbles_lost": 0, "rushing_lng": 9, "passing_ints": 0, "passing_tds": 4, "rushing_att": 6, "rushing_twoptm": 0, "active": "true"}, {"week": "11", "passing_att": 34, "rushing_lngtd": 0, "passing_twoptm": 0, "passing_twopta": 0, "rushing_tds": 0, "passing_yds": 299, "rushing_yds": 28, "passing_cmp": 23, "rushing_twopta": 0, "active": "true", "rushing_lng": 11, "passing_ints": 1, "passing_tds": 3, "rushing_att": 5, "rushing_twoptm": 0}, {"week": "12", "fumbles_tot": 1, "passing_att": 33, "rushing_lngtd": 0, "passing_twoptm": 0, "fumbles_yds": 0, "fumbles_rcv": 0, "fumbles_trcv": 0, "passing_twopta": 0, "rushing_tds": 0, "passing_yds": 307, "rushing_yds": -1, "passing_cmp": 22, "rushing_twopta": 0, "fumbles_lost": 0, "rushing_lng": -1, "passing_ints": 0, "passing_tds": 2, "rushing_att": 1, "rushing_twoptm": 0, "active": "true"}, {"week": "13", "passing_att": 46, "rushing_lngtd": 0, "passing_twoptm": 0, "passing_twopta": 0, "rushing_tds": 0, "passing_yds": 369, "rushing_yds": 32, "passing_cmp": 28, "rushing_twopta": 0, "active": "true", "rushing_lng": 13, "passing_ints": 1, "passing_tds": 4, "rushing_att": 4, "rushing_twoptm": 0}, {"week": "14", "passing_att": 30, "passing_twoptm": 0, "passing_twopta": 0, "passing_yds": 281, "passing_cmp": 17, "active": "true", "passing_ints": 1, "passing_tds": 2}, {"week": "15", "fumbles_tot": 1, "passing_att": 35, "rushing_lngtd": 8, "passing_twoptm": 0, "fumbles_yds": 0, "fumbles_rcv": 0, "fumbles_trcv": 0, "passing_twopta": 0, "rushing_tds": 1, "passing_yds": 235, "rushing_yds": 32, "passing_cmp": 17, "rushing_twopta": 0, "fumbles_lost": 0, "rushing_lng": 19, "passing_ints": 0, "passing_tds": 1, "rushing_att": 3, "rushing_twoptm": 0, "active": "true"}, {"week": "16", "passing_att": 29, "rushing_lngtd": 0, "passing_twoptm": 0, "passing_twopta": 0, "rushing_tds": 0, "passing_yds": 283, "rushing_yds": 18, "passing_cmp": 21, "rushing_twopta": 0, "active": "true", "rushing_lng": 12, "passing_ints": 0, "passing_tds": 5, "rushing_att": 4, "rushing_twoptm": 0}, {"week": "17", "active": "false"}], "2012": [{"week": "1", "passing_att": 44, "rushing_lngtd": 0, "passing_twoptm": 1, "passing_twopta": 1, "rushing_tds": 0, "passing_yds": 303, "rushing_yds": 27, "passing_cmp": 30, "rushing_twopta": 0, "active": "true", "rushing_lng": 9, "passing_ints": 1, "passing_tds": 2, "rushing_att": 5, "rushing_twoptm": 0}, {"week": "2", "passing_att": 32, "rushing_lngtd": 0, "passing_twoptm": 0, "passing_twopta": 0, "rushing_tds": 0, "passing_yds": 219, "rushing_yds": -6, "passing_cmp": 22, "rushing_twopta": 0, "active": "true", "rushing_lng": -2, "passing_ints": 1, "passing_tds": 1, "rushing_att": 3, "rushing_twoptm": 0}, {"week": "3", "passing_att": 39, "rushing_lngtd": 0, "passing_twoptm": 0, "passing_twopta": 1, "rushing_tds": 0, "passing_yds": 223, "rushing_yds": 17, "passing_cmp": 26, "rushing_twopta": 0, "active": "true", "rushing_lng": 16, "passing_ints": 0, "passing_tds": 0, "rushing_att": 2, "rushing_twoptm": 0}, {"week": "4", "passing_att": 41, "rushing_lngtd": 0, "passing_twoptm": 0, "passing_twopta": 0, "rushing_tds": 0, "passing_yds": 319, "rushing_yds": 13, "passing_cmp": 31, "rushing_twopta": 0, "active": "true", "rushing_lng": 10, "passing_ints": 1, "passing_tds": 4, "rushing_att": 5, "rushing_twoptm": 0}, {"week": "5", "passing_att": 33, "rushing_lngtd": 0, "passing_twoptm": 0, "passing_twopta": 1, "rushing_tds": 0, "passing_yds": 243, "rushing_yds": 57, "passing_cmp": 21, "rushing_twopta": 0, "active": "true", "rushing_lng": 19, "passing_ints": 1, "passing_tds": 3, "rushing_att": 5, "rushing_twoptm": 0}, {"week": "6", "passing_att": 37, "rushing_lngtd": 0, "passing_twoptm": 0, "passing_twopta": 0, "rushing_tds": 0, "passing_yds": 338, "rushing_yds": 17, "passing_cmp": 24, "rushing_twopta": 0, "active": "true", "rushing_lng": 15, "passing_ints": 0, "passing_tds": 6, "rushing_att": 2, "rushing_twoptm": 0}, {"week": "7", "passing_att": 37, "rushing_lngtd": 0, "passing_twoptm": 0, "passing_twopta": 0, "rushing_tds": 0, "passing_yds": 342, "rushing_yds": 0, "passing_cmp": 30, "rushing_twopta": 0, "active": "true", "rushing_lng": 1, "passing_ints": 0, "passing_tds": 3, "rushing_att": 2, "rushing_twoptm": 0}, {"week": "8", "fumbles_tot": 1, "passing_att": 35, "rushing_lngtd": 0, "passing_twoptm": 0, "fumbles_yds": 0, "fumbles_rcv": 0, "fumbles_trcv": 0, "passing_twopta": 0, "rushing_tds": 0, "passing_yds": 186, "rushing_yds": 4, "passing_cmp": 22, "rushing_twopta": 0, "fumbles_lost": 1, "rushing_lng": 4, "passing_ints": 0, "passing_tds": 2, "rushing_att": 3, "rushing_twoptm": 0, "active": "true"}, {"week": "9", "fumbles_tot": 0, "passing_att": 30, "rushing_lngtd": 0, "passing_twoptm": 0, "fumbles_yds": 0, "fumbles_rcv": 1, "fumbles_trcv": 1, "passing_twopta": 0, "rushing_tds": 0, "passing_yds": 218, "rushing_yds": 33, "passing_cmp": 14, "rushing_twopta": 0, "fumbles_lost": 0, "rushing_lng": 25, "passing_ints": 1, "passing_tds": 4, "rushing_att": 8, "rushing_twoptm": 0, "active": "true"}, {"week": "10", "active": "false"}, {"week": "11", "fumbles_tot": 1, "passing_att": 27, "rushing_lngtd": 0, "passing_twoptm": 0, "fumbles_yds": 0, "fumbles_rcv": 0, "fumbles_trcv": 0, "passing_twopta": 0, "rushing_tds": 0, "passing_yds": 236, "rushing_yds": 3, "passing_cmp": 19, "rushing_twopta": 0, "fumbles_lost": 0, "rushing_lng": 3, "passing_ints": 1, "passing_tds": 2, "rushing_att": 1, "rushing_twoptm": 0, "active": "true"}, {"week": "12", "fumbles_tot": 1, "passing_att": 25, "rushing_lngtd": 0, "passing_twoptm": 0, "fumbles_yds": 0, "fumbles_rcv": 0, "fumbles_trcv": 0, "passing_twopta": 0, "rushing_tds": 0, "passing_yds": 219, "rushing_yds": 22, "passing_cmp": 14, "rushing_twopta": 0, "fumbles_lost": 1, "rushing_lng": 11, "passing_ints": 1, "passing_tds": 1, "rushing_att": 3, "rushing_twoptm": 0, "active": "true"}, {"week": "13", "passing_att": 35, "rushing_lngtd": 0, "passing_twoptm": 0, "passing_twopta": 0, "rushing_tds": 0, "passing_yds": 286, "rushing_yds": 15, "passing_cmp": 27, "rushing_twopta": 0, "active": "true", "rushing_lng": 8, "passing_ints": 1, "passing_tds": 1, "rushing_att": 4, "rushing_twoptm": 0}, {"week": "14", "fumbles_tot": 1, "passing_att": 24, "rushing_lngtd": 27, "passing_twoptm": 0, "fumbles_yds": 0, "fumbles_rcv": 0, "fumbles_trcv": 0, "passing_twopta": 0, "rushing_tds": 1, "passing_yds": 173, "rushing_yds": 32, "passing_cmp": 14, "rushing_twopta": 0, "fumbles_lost": 1, "rushing_lng": 27, "passing_ints": 0, "passing_tds": 0, "rushing_att": 3, "rushing_twoptm": 0, "active": "true"}, {"passing_att": 36, "receiving_tds": 0, "passing_yds": 291, "rushing_yds": 14, "receiving_lngtd": 0, "rushing_tds": 0, "rushing_twopta": 0, "receiving_rec": 1, "receiving_twopta": 0, "receiving_yds": -1, "rushing_att": 4, "receiving_twoptm": 0, "rushing_twoptm": 0, "week": "15", "rushing_lngtd": 0, "passing_twoptm": 0, "passing_twopta": 0, "receiving_lng": -1, "passing_cmp": 23, "passing_ints": 0, "active": "true", "rushing_lng": 6, "passing_tds": 3}, {"week": "16", "passing_att": 38, "rushing_lngtd": 6, "passing_twoptm": 0, "passing_twopta": 0, "rushing_tds": 1, "passing_yds": 342, "rushing_yds": 11, "passing_cmp": 27, "rushing_twopta": 0, "active": "true", "rushing_lng": 6, "passing_ints": 0, "passing_tds": 3, "rushing_att": 4, "rushing_twoptm": 0}, {"week": "17", "fumbles_tot": 1, "passing_att": 40, "fumbles_rcv": 0, "passing_twoptm": 0, "fumbles_yds": 0, "fumbles_lost": 1, "fumbles_trcv": 0, "passing_twopta": 0, "passing_yds": 365, "passing_cmp": 28, "active": "true", "passing_ints": 0, "passing_tds": 4}], "2013": [{"week": "1", "passing_att": 37, "rushing_lngtd": 0, "passing_twoptm": 0, "passing_twopta": 0, "rushing_tds": 0, "passing_yds": 333, "rushing_yds": 13, "passing_cmp": 21, "rushing_twopta": 0, "active": "true", "rushing_lng": 7, "passing_ints": 1, "passing_tds": 3, "rushing_att": 2, "rushing_twoptm": 0}, {"week": "2", "passing_att": 42, "rushing_lngtd": 0, "passing_twoptm": 0, "passing_twopta": 0, "rushing_tds": 0, "passing_yds": 480, "rushing_yds": -3, "passing_cmp": 34, "rushing_twopta": 0, "active": "true", "rushing_lng": -1, "passing_ints": 0, "passing_tds": 4, "rushing_att": 3, "rushing_twoptm": 0}, {"week": "3", "passing_att": 43, "rushing_lngtd": 0, "passing_twoptm": 0, "passing_twopta": 0, "rushing_tds": 0, "passing_yds": 244, "rushing_yds": 24, "passing_cmp": 26, "rushing_twopta": 0, "active": "true", "rushing_lng": 18, "passing_ints": 2, "passing_tds": 1, "rushing_att": 3, "rushing_twoptm": 0}, {"week": "4", "active": "false"}, {"week": "5", "fumbles_tot": 1, "passing_att": 30, "rushing_lngtd": 0, "passing_twoptm": 0, "fumbles_yds": -6, "fumbles_rcv": 1, "fumbles_trcv": 1, "passing_twopta": 0, "rushing_tds": 0, "passing_yds": 274, "rushing_yds": 8, "passing_cmp": 20, "rushing_twopta": 0, "fumbles_lost": 0, "rushing_lng": 6, "passing_ints": 0, "passing_tds": 1, "rushing_att": 5, "rushing_twoptm": 0, "active": "true"}, {"week": "6", "fumbles_tot": 2, "passing_att": 32, "rushing_lngtd": 0, "passing_twoptm": 0, "fumbles_yds": 0, "fumbles_rcv": 0, "fumbles_trcv": 0, "passing_twopta": 0, "rushing_tds": 0, "passing_yds": 315, "rushing_yds": 21, "passing_cmp": 17, "rushing_twopta": 0, "fumbles_lost": 0, "rushing_lng": 12, "passing_ints": 1, "passing_tds": 1, "rushing_att": 5, "rushing_twoptm": 0, "active": "true"}, {"week": "7", "passing_att": 36, "rushing_lngtd": 0, "passing_twoptm": 0, "passing_twopta": 0, "rushing_tds": 0, "passing_yds": 260, "rushing_yds": 12, "passing_cmp": 25, "rushing_twopta": 0, "active": "true", "rushing_lng": 5, "passing_ints": 0, "passing_tds": 3, "rushing_att": 4, "rushing_twoptm": 0}, {"week": "8", "passing_att": 29, "rushing_lngtd": 0, "passing_twoptm": 0, "passing_twopta": 0, "rushing_tds": 0, "passing_yds": 285, "rushing_yds": 31, "passing_cmp": 24, "rushing_twopta": 0, "active": "true", "rushing_lng": 14, "passing_ints": 0, "passing_tds": 2, "rushing_att": 6, "rushing_twoptm": 0}, {"week": "9", "passing_att": 2, "rushing_lngtd": 0, "passing_twoptm": 0, "passing_twopta": 0, "rushing_tds": 0, "passing_yds": 27, "rushing_yds": 9, "passing_cmp": 1, "rushing_twopta": 0, "active": "true", "rushing_lng": 9, "passing_ints": 0, "passing_tds": 0, "rushing_att": 1, "rushing_twoptm": 0}, {"week": "10", "active": "false"}, {"week": "11", "active": "false"}, {"week": "12", "active": "false"}, {"week": "13", "active": "false"}, {"week": "14", "active": "false"}, {"week": "15", "active": "false"}, {"week": "16", "active": "false"}, {"week": "17", "fumbles_tot": 1, "passing_att": 39, "rushing_lngtd": 0, "passing_twoptm": 0, "fumbles_yds": 0, "fumbles_rcv": 0, "fumbles_trcv": 0, "passing_twopta": 1, "rushing_tds": 0, "passing_yds": 318, "rushing_yds": 5, "passing_cmp": 25, "rushing_twopta": 0, "fumbles_lost": 0, "rushing_lng": 5, "passing_ints": 2, "passing_tds": 2, "rushing_att": 1, "rushing_twoptm": 0, "active": "true"}], "2014": [{"week": "1", "fumbles_tot": 1, "passing_att": 33, "fumbles_rcv": 0, "passing_twoptm": 0, "fumbles_yds": 0, "fumbles_lost": 0, "fumbles_trcv": 0, "passing_twopta": 1, "passing_yds": 189, "passing_cmp": 23, "active": "true", "passing_ints": 1, "passing_tds": 1}, {"week": "2", "fumbles_tot": 2, "passing_att": 42, "rushing_lngtd": 0, "passing_twoptm": 1, "fumbles_yds": -2, "fumbles_rcv": 2, "fumbles_trcv": 2, "passing_twopta": 1, "rushing_tds": 0, "passing_yds": 346, "rushing_yds": 28, "passing_cmp": 25, "rushing_twopta": 0, "fumbles_lost": 1, "rushing_lng": 11, "passing_ints": 0, "passing_tds": 3, "rushing_att": 6, "rushing_twoptm": 0, "active": "true"}, {"week": "3", "passing_att": 27, "passing_twoptm": 0, "passing_twopta": 0, "passing_yds": 162, "passing_cmp": 16, "active": "true", "passing_ints": 0, "passing_tds": 1}, {"week": "4", "passing_att": 28, "rushing_lngtd": 0, "passing_twoptm": 0, "passing_twopta": 0, "rushing_tds": 0, "passing_yds": 302, "rushing_yds": 8, "passing_cmp": 22, "rushing_twopta": 0, "active": "true", "rushing_lng": 8, "passing_ints": 0, "passing_tds": 4, "rushing_att": 1, "rushing_twoptm": 0}, {"week": "5", "passing_att": 17, "passing_twoptm": 0, "passing_twopta": 0, "passing_yds": 156, "passing_cmp": 12, "active": "true", "passing_ints": 0, "passing_tds": 3}, {"week": "6", "fumbles_tot": 1, "passing_att": 42, "rushing_lngtd": 0, "passing_twoptm": 0, "fumbles_yds": 0, "fumbles_rcv": 0, "fumbles_trcv": 0, "passing_twopta": 0, "rushing_tds": 0, "passing_yds": 264, "rushing_yds": 34, "passing_cmp": 24, "rushing_twopta": 0, "fumbles_lost": 0, "rushing_lng": 9, "passing_ints": 0, "passing_tds": 3, "rushing_att": 7, "rushing_twoptm": 0, "active": "true"}, {"week": "7", "passing_att": 22, "rushing_lngtd": 0, "passing_twoptm": 0, "passing_twopta": 0, "rushing_tds": 0, "passing_yds": 255, "rushing_yds": 21, "passing_cmp": 19, "rushing_twopta": 0, "active": "true", "rushing_lng": 16, "passing_ints": 0, "passing_tds": 3, "rushing_att": 3, "rushing_twoptm": 0}, {"week": "8", "passing_att": 39, "rushing_lngtd": 14, "passing_twoptm": 0, "passing_twopta": 0, "rushing_tds": 1, "passing_yds": 418, "rushing_yds": 21, "passing_cmp": 28, "rushing_twopta": 0, "active": "true", "rushing_lng": 14, "passing_ints": 2, "passing_tds": 1, "rushing_att": 2, "rushing_twoptm": 0}, {"week": "9", "active": "false"}, {"week": "10", "passing_att": 27, "passing_twoptm": 0, "passing_twopta": 0, "passing_yds": 315, "passing_cmp": 18, "active": "true", "passing_ints": 0, "passing_tds": 6}, {"week": "11", "fumbles_tot": 2, "passing_att": 36, "rushing_lngtd": 0, "passing_twoptm": 0, "fumbles_yds": -14, "fumbles_rcv": 1, "fumbles_trcv": 1, "passing_twopta": 0, "rushing_tds": 0, "passing_yds": 341, "rushing_yds": 32, "passing_cmp": 22, "rushing_twopta": 0, "fumbles_lost": 0, "rushing_lng": 16, "passing_ints": 0, "passing_tds": 3, "rushing_att": 3, "rushing_twoptm": 0, "active": "true"}, {"week": "12", "passing_att": 29, "rushing_lngtd": 0, "passing_twoptm": 0, "passing_twopta": 0, "rushing_tds": 0, "passing_yds": 209, "rushing_yds": 34, "passing_cmp": 19, "rushing_twopta": 0, "active": "true", "rushing_lng": 18, "passing_ints": 0, "passing_tds": 2, "rushing_att": 6, "rushing_twoptm": 0}, {"week": "13", "fumbles_tot": 1, "passing_att": 38, "rushing_lngtd": 0, "passing_twoptm": 0, "fumbles_yds": 0, "fumbles_rcv": 1, "fumbles_trcv": 1, "passing_twopta": 0, "rushing_tds": 0, "passing_yds": 368, "rushing_yds": 22, "passing_cmp": 24, "rushing_twopta": 0, "fumbles_lost": 0, "rushing_lng": 17, "passing_ints": 0, "passing_tds": 2, "rushing_att": 5, "rushing_twoptm": 0, "active": "true"}, {"week": "14", "active": "false"}]}}