{"A.Podlesh": {"2009": [{"week": "1", "punting_pts": 5, "punting_avg": 37, "punting_lng": 57, "active": "true", "punting_yds": 189, "punting_i20": 2}, {"week": "2", "punting_pts": 4, "punting_avg": 45, "punting_lng": 61, "active": "true", "punting_yds": 181, "punting_i20": 1}, {"week": "3", "punting_pts": 3, "punting_avg": 31, "punting_lng": 38, "active": "true", "punting_yds": 106, "punting_i20": 1}, {"week": "4", "punting_pts": 3, "punting_avg": 28, "punting_lng": 49, "active": "true", "punting_yds": 111, "punting_i20": 1}, {"week": "5", "punting_pts": 8, "punting_avg": 46, "punting_lng": 54, "active": "true", "punting_yds": 371, "punting_i20": 2}, {"week": "6", "punting_pts": 4, "punting_avg": 29, "punting_lng": 48, "active": "true", "punting_yds": 145, "punting_i20": 1}, {"week": "7", "active": "false"}, {"week": "8", "punting_pts": 7, "punting_avg": 42, "punting_lng": 64, "active": "true", "punting_yds": 309, "punting_i20": 2}, {"week": "9", "punting_pts": 4, "punting_avg": 34, "punting_lng": 51, "active": "true", "punting_yds": 157, "punting_i20": 0}, {"week": "10", "punting_pts": 4, "punting_avg": 36, "punting_lng": 44, "active": "true", "punting_yds": 147, "punting_i20": 1}, {"week": "11", "punting_pts": 5, "punting_avg": 41, "punting_lng": 53, "active": "true", "punting_yds": 224, "punting_i20": 3}, {"week": "12", "punting_pts": 4, "punting_avg": 39, "punting_lng": 48, "active": "true", "punting_yds": 173, "punting_i20": 2}, {"week": "13", "punting_pts": 3, "punting_avg": 45, "punting_lng": 54, "active": "true", "punting_yds": 148, "punting_i20": 2}, {"week": "14", "punting_pts": 7, "punting_avg": 39, "punting_lng": 62, "active": "true", "punting_yds": 302, "punting_i20": 2}, {"week": "15", "punting_pts": 3, "punting_avg": 42, "punting_lng": 52, "active": "true", "punting_yds": 134, "punting_i20": 0}, {"week": "16", "punting_pts": 4, "punting_avg": 37, "punting_lng": 47, "active": "true", "punting_yds": 155, "punting_i20": 2}, {"week": "17", "punting_pts": 4, "punting_avg": 32, "punting_lng": 43, "active": "true", "punting_yds": 145, "punting_i20": 1}], "2010": [{"week": "1", "punting_pts": 4, "punting_avg": 40, "punting_lng": 56, "active": "true", "punting_yds": 165, "punting_i20": 2}, {"week": "2", "active": "false"}, {"week": "3", "punting_pts": 8, "punting_avg": 39, "punting_lng": 63, "active": "true", "punting_yds": 384, "punting_i20": 3}, {"week": "4", "punting_pts": 4, "punting_avg": 39, "punting_lng": 47, "active": "true", "punting_yds": 170, "punting_i20": 2}, {"week": "5", "active": "false"}, {"week": "6", "punting_pts": 3, "punting_avg": 34, "punting_lng": 46, "active": "true", "punting_yds": 112, "punting_i20": 2}, {"week": "7", "punting_pts": 3, "punting_avg": 38, "punting_lng": 55, "active": "true", "punting_yds": 115, "punting_i20": 2}, {"week": "8", "punting_pts": 5, "punting_avg": 38, "punting_lng": 57, "active": "true", "punting_yds": 242, "punting_i20": 1}, {"week": "9", "active": "false"}, {"week": "10", "punting_pts": 3, "punting_avg": 37, "punting_lng": 59, "active": "true", "punting_yds": 131, "punting_i20": 2}, {"week": "11", "punting_pts": 2, "punting_avg": 34, "punting_lng": 38, "active": "true", "punting_yds": 67, "punting_i20": 1}, {"week": "12", "punting_pts": 3, "punting_avg": 43, "punting_lng": 51, "active": "true", "punting_yds": 130, "punting_i20": 2}, {"week": "13", "punting_pts": 2, "punting_avg": 31, "punting_lng": 46, "active": "true", "punting_yds": 86, "punting_i20": 1}, {"week": "14", "punting_pts": 5, "punting_avg": 40, "punting_lng": 47, "active": "true", "punting_yds": 207, "punting_i20": 3}, {"week": "15", "punting_pts": 4, "punting_avg": 47, "punting_lng": 61, "active": "true", "punting_yds": 192, "punting_i20": 2}, {"week": "16", "punting_pts": 7, "punting_avg": 41, "punting_lng": 52, "active": "true", "punting_yds": 318, "punting_i20": 2}, {"week": "17", "punting_pts": 4, "punting_avg": 38, "punting_lng": 51, "active": "true", "punting_yds": 177, "punting_i20": 1}], "2011": [{"week": "1", "punting_pts": 6, "punting_avg": 46, "punting_lng": 57, "active": "true", "punting_yds": 288, "punting_i20": 1}, {"week": "2", "punting_pts": 8, "punting_avg": 44, "punting_lng": 51, "active": "true", "punting_yds": 350, "punting_i20": 2}, {"week": "3", "punting_pts": 7, "punting_avg": 37, "punting_lng": 49, "active": "true", "punting_yds": 298, "punting_i20": 0}, {"week": "4", "punting_pts": 4, "punting_avg": 33, "punting_lng": 51, "active": "true", "punting_yds": 157, "punting_i20": 2}, {"week": "5", "punting_pts": 5, "punting_avg": 39, "punting_lng": 55, "active": "true", "punting_yds": 221, "punting_i20": 1}, {"week": "6", "punting_pts": 3, "punting_avg": 38, "punting_lng": 51, "active": "true", "punting_yds": 115, "punting_i20": 2}, {"week": "7", "punting_pts": 6, "punting_avg": 37, "punting_lng": 45, "active": "true", "punting_yds": 228, "punting_i20": 2}, {"week": "8", "active": "false"}, {"week": "9", "punting_pts": 3, "punting_avg": 37, "punting_lng": 50, "active": "true", "punting_yds": 103, "punting_i20": 1}, {"week": "10", "punting_pts": 6, "punting_avg": 43, "punting_lng": 70, "active": "true", "punting_yds": 280, "punting_i20": 0}, {"week": "11", "passing_att": 1, "passing_twoptm": 0, "punting_pts": 3, "passing_twopta": 0, "punting_lng": 55, "passing_yds": 0, "passing_cmp": 0, "active": "true", "passing_ints": 0, "passing_tds": 0, "punting_yds": 137, "punting_avg": 46, "punting_i20": 1}, {"week": "12", "punting_pts": 5, "punting_avg": 45, "punting_lng": 52, "active": "true", "punting_yds": 225, "punting_i20": 0}, {"week": "13", "punting_pts": 7, "punting_avg": 42, "punting_lng": 54, "active": "true", "punting_yds": 304, "punting_i20": 3}, {"week": "14", "punting_pts": 11, "punting_avg": 39, "punting_lng": 57, "active": "true", "punting_yds": 526, "punting_i20": 4}, {"week": "15", "punting_pts": 6, "punting_avg": 32, "punting_lng": 49, "active": "true", "punting_yds": 238, "punting_i20": 1}, {"week": "16", "punting_pts": 2, "punting_avg": 45, "punting_lng": 56, "active": "true", "punting_yds": 98, "punting_i20": 0}, {"week": "17", "punting_pts": 7, "punting_avg": 45, "punting_lng": 60, "active": "true", "punting_yds": 335, "punting_i20": 1}], "2012": [{"week": "1", "punting_pts": 5, "punting_avg": 35, "punting_lng": 50, "active": "true", "punting_yds": 208, "punting_i20": 0}, {"week": "2", "punting_pts": 6, "punting_avg": 41, "punting_lng": 54, "active": "true", "punting_yds": 281, "punting_i20": 1}, {"week": "3", "punting_pts": 4, "punting_avg": 36, "punting_lng": 55, "active": "true", "punting_yds": 165, "punting_i20": 2}, {"week": "4", "punting_pts": 3, "punting_avg": 40, "punting_lng": 52, "active": "true", "punting_yds": 120, "punting_i20": 2}, {"week": "5", "punting_pts": 3, "punting_avg": 34, "punting_lng": 43, "active": "true", "punting_yds": 122, "punting_i20": 1}, {"week": "6", "active": "false"}, {"week": "7", "punting_pts": 8, "punting_avg": 40, "punting_lng": 53, "active": "true", "punting_yds": 324, "punting_i20": 2}, {"week": "8", "punting_pts": 4, "punting_avg": 45, "punting_lng": 49, "active": "true", "punting_yds": 179, "punting_i20": 3}, {"week": "9", "punting_pts": 3, "punting_avg": 32, "punting_lng": 43, "active": "true", "punting_yds": 115, "punting_i20": 1}, {"week": "10", "punting_pts": 5, "punting_avg": 39, "punting_lng": 43, "active": "true", "punting_yds": 194, "punting_i20": 2}, {"week": "11", "punting_pts": 5, "punting_avg": 43, "punting_lng": 53, "active": "true", "punting_yds": 234, "punting_i20": 1}, {"week": "12", "punting_pts": 4, "punting_avg": 43, "punting_lng": 50, "active": "true", "punting_yds": 173, "punting_i20": 2}, {"week": "13", "punting_pts": 5, "punting_avg": 41, "punting_lng": 45, "active": "true", "punting_yds": 207, "punting_i20": 3}, {"week": "14", "punting_pts": 6, "punting_avg": 38, "punting_lng": 48, "active": "true", "punting_yds": 225, "punting_i20": 4}, {"week": "15", "punting_pts": 6, "punting_avg": 40, "punting_lng": 47, "active": "true", "punting_yds": 239, "punting_i20": 3}, {"week": "16", "punting_pts": 9, "punting_avg": 40, "punting_lng": 64, "active": "true", "punting_yds": 394, "punting_i20": 3}, {"week": "17", "punting_pts": 5, "punting_avg": 40, "punting_lng": 54, "active": "true", "punting_yds": 219, "punting_i20": 4}], "2013": [{"week": "1", "punting_pts": 5, "punting_avg": 40, "punting_lng": 54, "active": "true", "punting_yds": 232, "punting_i20": 3}, {"week": "2", "punting_pts": 3, "punting_avg": 37, "punting_lng": 48, "active": "true", "punting_yds": 111, "punting_i20": 1}, {"week": "3", "punting_pts": 6, "punting_avg": 46, "punting_lng": 59, "active": "true", "punting_yds": 282, "punting_i20": 2}, {"week": "4", "punting_pts": 5, "punting_avg": 29, "punting_lng": 52, "active": "true", "punting_yds": 201, "punting_i20": 1}, {"week": "5", "punting_pts": 4, "punting_avg": 45, "punting_lng": 54, "active": "true", "punting_yds": 181, "punting_i20": 1}, {"week": "6", "punting_pts": 3, "punting_avg": 37, "punting_lng": 38, "active": "true", "punting_yds": 110, "punting_i20": 3}, {"week": "7", "punting_pts": 3, "punting_avg": 49, "punting_lng": 65, "active": "true", "punting_yds": 147, "punting_i20": 2}, {"week": "8", "active": "false"}, {"week": "9", "punting_pts": 5, "punting_avg": 33, "punting_lng": 45, "active": "true", "punting_yds": 210, "punting_i20": 2}, {"week": "10", "punting_pts": 5, "punting_avg": 43, "punting_lng": 50, "active": "true", "punting_yds": 213, "punting_i20": 0}, {"week": "11", "punting_pts": 6, "punting_avg": 38, "punting_lng": 51, "active": "true", "punting_yds": 232, "punting_i20": 2}, {"week": "12", "punting_pts": 3, "punting_avg": 40, "punting_lng": 44, "active": "true", "punting_yds": 121, "punting_i20": 2}, {"week": "13", "punting_pts": 7, "punting_avg": 34, "punting_lng": 48, "active": "true", "punting_yds": 249, "punting_i20": 4}, {"week": "14", "active": "false"}, {"week": "15", "punting_pts": 3, "punting_avg": 37, "punting_lng": 43, "active": "true", "punting_yds": 110, "punting_i20": 1}, {"week": "16", "punting_pts": 6, "punting_avg": 38, "punting_lng": 50, "active": "true", "punting_yds": 227, "punting_i20": 2}, {"week": "17", "punting_pts": 4, "punting_avg": 29, "punting_lng": 39, "active": "true", "punting_yds": 137, "punting_i20": 1}], "2014": [{"week": "1", "active": "false"}, {"week": "2", "active": "false"}, {"week": "3", "active": "false"}, {"week": "4", "active": "false"}, {"week": "5", "active": "false"}, {"week": "6", "active": "false"}, {"week": "7", "active": "false"}, {"week": "8", "active": "false"}, {"week": "9", "active": "false"}, {"week": "10", "active": "false"}, {"week": "11", "active": "false"}, {"week": "12", "active": "false"}, {"week": "13", "active": "false"}, {"week": "14", "active": "false"}]}}