{"A.Peterson": {"2009": [{"week": "1", "receiving_lng": 18, "receiving_tds": 0, "receiving_twopta": 0, "rushing_tds": 3, "rushing_twopta": 0, "active": "true", "receiving_rec": 1, "rushing_lng": 64, "rushing_yds": 180, "receiving_yds": 18, "rushing_att": 25, "receiving_twoptm": 0, "rushing_twoptm": 0}, {"week": "2", "fumbles_tot": 1, "receiving_lng": 11, "receiving_tds": 0, "fumbles_yds": 0, "receiving_twopta": 0, "fumbles_trcv": 0, "rushing_tds": 1, "fumbles_rcv": 0, "rushing_twopta": 0, "fumbles_lost": 1, "receiving_rec": 4, "rushing_lng": 27, "rushing_yds": 92, "receiving_yds": 24, "rushing_att": 15, "receiving_twoptm": 0, "rushing_twoptm": 0, "active": "true"}, {"week": "3", "receiving_lng": 9, "receiving_tds": 0, "receiving_twopta": 0, "rushing_tds": 0, "rushing_twopta": 0, "active": "true", "receiving_rec": 2, "rushing_lng": 35, "rushing_yds": 85, "receiving_yds": 14, "rushing_att": 19, "receiving_twoptm": 0, "rushing_twoptm": 0}, {"week": "4", "fumbles_tot": 1, "receiving_lng": 0, "receiving_tds": 0, "fumbles_yds": 0, "receiving_twopta": 0, "fumbles_trcv": 0, "rushing_tds": 1, "fumbles_rcv": 0, "rushing_twopta": 0, "fumbles_lost": 1, "receiving_rec": 1, "rushing_lng": 12, "rushing_yds": 55, "receiving_yds": 0, "rushing_att": 25, "receiving_twoptm": 0, "rushing_twoptm": 0, "active": "true"}, {"week": "5", "receiving_lng": 9, "receiving_tds": 0, "receiving_twopta": 0, "rushing_tds": 2, "rushing_twopta": 0, "active": "true", "receiving_rec": 2, "rushing_lng": 15, "rushing_yds": 69, "receiving_yds": 6, "rushing_att": 15, "receiving_twoptm": 0, "rushing_twoptm": 0}, {"week": "6", "receiving_lng": 10, "receiving_tds": 0, "receiving_twopta": 0, "rushing_tds": 0, "rushing_twopta": 0, "active": "true", "receiving_rec": 4, "rushing_lng": 58, "rushing_yds": 143, "receiving_yds": 23, "rushing_att": 22, "receiving_twoptm": 0, "rushing_twoptm": 0}, {"week": "7", "receiving_lng": 29, "receiving_tds": 0, "receiving_twopta": 0, "rushing_tds": 1, "rushing_twopta": 0, "active": "true", "receiving_rec": 4, "rushing_lng": 19, "rushing_yds": 69, "receiving_yds": 60, "rushing_att": 18, "receiving_twoptm": 0, "rushing_twoptm": 0}, {"week": "8", "receiving_lng": 44, "receiving_tds": 0, "receiving_twopta": 0, "rushing_tds": 1, "rushing_twopta": 0, "active": "true", "receiving_rec": 1, "rushing_lng": 33, "rushing_yds": 97, "receiving_yds": 44, "rushing_att": 25, "receiving_twoptm": 0, "rushing_twoptm": 0}, {"week": "9", "rushing_tds": 0, "rushing_twopta": 0, "rushing_lng": 15, "rushing_yds": 23, "active": "true", "rushing_att": 2, "rushing_twoptm": 0}, {"week": "10", "fumbles_tot": 2, "receiving_lng": 11, "receiving_tds": 0, "fumbles_yds": -12, "receiving_twopta": 0, "fumbles_trcv": 0, "rushing_tds": 2, "fumbles_rcv": 0, "rushing_twopta": 0, "fumbles_lost": 2, "receiving_rec": 2, "rushing_lng": 43, "rushing_yds": 133, "receiving_yds": 10, "rushing_att": 18, "receiving_twoptm": 0, "rushing_twoptm": 0, "active": "true"}, {"week": "11", "receiving_lng": 11, "receiving_tds": 0, "receiving_twopta": 0, "rushing_tds": 0, "rushing_twopta": 0, "active": "true", "receiving_rec": 4, "rushing_lng": 16, "rushing_yds": 82, "receiving_yds": 16, "rushing_att": 24, "receiving_twoptm": 0, "rushing_twoptm": 0}, {"week": "12", "fumbles_tot": 2, "receiving_lng": 14, "receiving_tds": 0, "fumbles_yds": 0, "receiving_twopta": 0, "fumbles_trcv": 0, "rushing_tds": 1, "fumbles_rcv": 0, "rushing_twopta": 0, "fumbles_lost": 1, "receiving_rec": 2, "rushing_lng": 15, "rushing_yds": 85, "receiving_yds": 18, "rushing_att": 25, "receiving_twoptm": 0, "rushing_twoptm": 0, "active": "true"}, {"week": "13", "receiving_lng": 21, "receiving_tds": 0, "receiving_twopta": 0, "rushing_tds": 0, "rushing_twopta": 0, "active": "true", "receiving_rec": 6, "rushing_lng": 11, "rushing_yds": 19, "receiving_yds": 46, "rushing_att": 13, "receiving_twoptm": 0, "rushing_twoptm": 0}, {"week": "14", "receiving_lng": 28, "receiving_tds": 0, "receiving_twopta": 0, "rushing_tds": 2, "rushing_twopta": 0, "active": "true", "receiving_rec": 3, "rushing_lng": 15, "rushing_yds": 97, "receiving_yds": 40, "rushing_att": 26, "receiving_twoptm": 0, "rushing_twoptm": 0}, {"week": "15", "receiving_lng": 63, "receiving_tds": 0, "receiving_twopta": 0, "rushing_tds": 1, "rushing_twopta": 0, "active": "true", "receiving_rec": 3, "rushing_lng": 10, "rushing_yds": 35, "receiving_yds": 73, "rushing_att": 12, "receiving_twoptm": 0, "rushing_twoptm": 0}, {"week": "16", "fumbles_tot": 1, "receiving_lng": 16, "receiving_tds": 0, "fumbles_yds": 0, "receiving_twopta": 0, "fumbles_trcv": 0, "rushing_tds": 2, "fumbles_rcv": 0, "rushing_twopta": 0, "fumbles_lost": 1, "receiving_rec": 3, "rushing_lng": 10, "rushing_yds": 94, "receiving_yds": 43, "rushing_att": 24, "receiving_twoptm": 0, "rushing_twoptm": 0, "active": "true"}, {"week": "17", "receiving_lng": 1, "receiving_tds": 0, "receiving_twopta": 0, "rushing_tds": 1, "rushing_twopta": 0, "active": "true", "receiving_rec": 1, "rushing_lng": 23, "rushing_yds": 54, "receiving_yds": 1, "rushing_att": 9, "receiving_twoptm": 0, "rushing_twoptm": 0}], "2010": [{"week": "1", "rushing_lngtd": 0, "receiving_tds": 0, "receiving_twopta": 0, "receiving_lng": 11, "rushing_tds": 0, "rushing_twopta": 0, "active": "true", "receiving_rec": 3, "rushing_lng": 14, "rushing_yds": 87, "receiving_lngtd": 0, "receiving_yds": 14, "rushing_att": 19, "receiving_twoptm": 0, "rushing_twoptm": 0}, {"week": "2", "rushing_lngtd": 1, "receiving_tds": 0, "receiving_twopta": 0, "receiving_lng": 16, "rushing_tds": 1, "rushing_twopta": 0, "active": "true", "receiving_rec": 5, "rushing_lng": 23, "rushing_yds": 145, "receiving_lngtd": 0, "receiving_yds": 41, "rushing_att": 28, "receiving_twoptm": 0, "rushing_twoptm": 0}, {"week": "3", "rushing_lngtd": 80, "receiving_tds": 0, "receiving_twopta": 0, "receiving_lng": 17, "rushing_tds": 2, "rushing_twopta": 0, "active": "true", "receiving_rec": 5, "rushing_lng": 80, "rushing_yds": 160, "receiving_lngtd": 0, "receiving_yds": 30, "rushing_att": 23, "receiving_twoptm": 0, "rushing_twoptm": 0}, {"week": "4", "active": "false"}, {"week": "5", "rushing_lngtd": 0, "receiving_tds": 0, "receiving_twopta": 0, "receiving_lng": 20, "rushing_tds": 0, "rushing_twopta": 0, "active": "true", "receiving_rec": 1, "rushing_lng": 30, "rushing_yds": 88, "receiving_lngtd": 0, "receiving_yds": 20, "rushing_att": 18, "receiving_twoptm": 0, "rushing_twoptm": 0}, {"week": "6", "rushing_lngtd": 1, "receiving_tds": 0, "receiving_twopta": 0, "receiving_lng": -2, "rushing_tds": 1, "rushing_twopta": 0, "active": "true", "receiving_rec": 1, "rushing_lng": 15, "rushing_yds": 73, "receiving_lngtd": 0, "receiving_yds": -2, "rushing_att": 24, "receiving_twoptm": 0, "rushing_twoptm": 0}, {"week": "7", "rushing_lngtd": 1, "receiving_tds": 0, "receiving_twopta": 0, "receiving_lng": 26, "rushing_tds": 1, "rushing_twopta": 0, "active": "true", "receiving_rec": 2, "rushing_lng": 17, "rushing_yds": 131, "receiving_lngtd": 0, "receiving_yds": 41, "rushing_att": 28, "receiving_twoptm": 0, "rushing_twoptm": 0}, {"week": "8", "rushing_lngtd": 1, "receiving_tds": 0, "receiving_twopta": 0, "receiving_lng": 25, "rushing_tds": 1, "rushing_twopta": 0, "active": "true", "receiving_rec": 5, "rushing_lng": 9, "rushing_yds": 92, "receiving_lngtd": 0, "receiving_yds": 50, "rushing_att": 25, "receiving_twoptm": 0, "rushing_twoptm": 0}, {"week": "9", "rushing_lngtd": 4, "receiving_tds": 1, "receiving_twopta": 0, "receiving_lng": 33, "rushing_tds": 1, "rushing_twopta": 0, "active": "true", "receiving_rec": 4, "rushing_lng": 30, "rushing_yds": 81, "receiving_lngtd": 12, "receiving_yds": 63, "rushing_att": 15, "receiving_twoptm": 0, "rushing_twoptm": 0}, {"week": "10", "rushing_lngtd": 0, "receiving_tds": 0, "receiving_twopta": 0, "receiving_lng": 8, "rushing_tds": 0, "rushing_twopta": 0, "active": "true", "receiving_rec": 4, "rushing_lng": 20, "rushing_yds": 51, "receiving_lngtd": 0, "receiving_yds": 24, "rushing_att": 17, "receiving_twoptm": 0, "rushing_twoptm": 0}, {"week": "11", "rushing_lngtd": 0, "receiving_tds": 0, "receiving_twopta": 0, "receiving_lng": 16, "rushing_tds": 0, "rushing_twopta": 0, "active": "true", "receiving_rec": 1, "rushing_lng": 25, "rushing_yds": 72, "receiving_lngtd": 0, "receiving_yds": 16, "rushing_att": 14, "receiving_twoptm": 0, "rushing_twoptm": 0}, {"week": "12", "rushing_lngtd": 5, "receiving_tds": 0, "receiving_twopta": 0, "receiving_lng": 34, "rushing_tds": 1, "rushing_twopta": 0, "active": "true", "receiving_rec": 1, "rushing_lng": 14, "rushing_yds": 36, "receiving_lngtd": 0, "receiving_yds": 34, "rushing_att": 6, "receiving_twoptm": 0, "rushing_twoptm": 0}, {"week": "13", "rushing_lngtd": 43, "receiving_tds": 0, "receiving_twopta": 0, "receiving_lng": 1, "rushing_tds": 3, "rushing_twopta": 0, "active": "true", "receiving_rec": 1, "rushing_lng": 43, "rushing_yds": 107, "receiving_lngtd": 0, "receiving_yds": 1, "rushing_att": 16, "receiving_twoptm": 0, "rushing_twoptm": 0}, {"week": "14", "rushing_lngtd": 0, "rushing_tds": 0, "rushing_twopta": 0, "rushing_lng": 7, "rushing_yds": 26, "active": "true", "rushing_att": 14, "rushing_twoptm": 0}, {"week": "15", "active": "false"}, {"week": "16", "fumbles_tot": 1, "rushing_lngtd": 1, "receiving_tds": 0, "fumbles_yds": 0, "receiving_twopta": 0, "fumbles_trcv": 0, "receiving_lng": 11, "rushing_tds": 1, "fumbles_rcv": 0, "rushing_twopta": 0, "fumbles_lost": 1, "receiving_rec": 1, "rushing_lng": 27, "rushing_yds": 118, "receiving_lngtd": 0, "receiving_yds": 11, "rushing_att": 22, "receiving_twoptm": 0, "rushing_twoptm": 0, "active": "true"}, {"week": "17", "rushing_lngtd": 0, "receiving_tds": 0, "receiving_twopta": 0, "receiving_lng": 6, "rushing_tds": 0, "rushing_twopta": 0, "active": "true", "receiving_rec": 2, "rushing_lng": 10, "rushing_yds": 31, "receiving_lngtd": 0, "receiving_yds": -2, "rushing_att": 14, "receiving_twoptm": 0, "rushing_twoptm": 0}], "2011": [{"week": "1", "rushing_lngtd": 0, "receiving_tds": 0, "receiving_twopta": 0, "receiving_lng": 4, "rushing_tds": 0, "rushing_twopta": 0, "active": "true", "receiving_rec": 2, "rushing_lng": 46, "rushing_yds": 98, "receiving_lngtd": 0, "receiving_yds": 6, "rushing_att": 16, "receiving_twoptm": 0, "rushing_twoptm": 0}, {"week": "2", "fumbles_tot": 1, "rushing_lngtd": 9, "receiving_tds": 0, "fumbles_yds": 0, "receiving_twopta": 0, "fumbles_trcv": 0, "receiving_lng": 10, "rushing_tds": 2, "fumbles_rcv": 0, "rushing_twopta": 0, "fumbles_lost": 0, "receiving_rec": 2, "rushing_lng": 19, "rushing_yds": 120, "receiving_lngtd": 0, "receiving_yds": 21, "rushing_att": 25, "receiving_twoptm": 0, "rushing_twoptm": 0, "active": "true"}, {"week": "3", "rushing_lngtd": 6, "receiving_tds": 0, "receiving_twopta": 0, "receiving_lng": 7, "rushing_tds": 1, "rushing_twopta": 0, "active": "true", "receiving_rec": 4, "rushing_lng": 43, "rushing_yds": 78, "receiving_lngtd": 0, "receiving_yds": 19, "rushing_att": 17, "receiving_twoptm": 0, "rushing_twoptm": 0}, {"week": "4", "fumbles_tot": 0, "rushing_lngtd": 0, "receiving_tds": 0, "fumbles_yds": 0, "receiving_twopta": 0, "fumbles_trcv": 1, "receiving_lng": 3, "rushing_tds": 0, "fumbles_rcv": 1, "rushing_twopta": 0, "fumbles_lost": 0, "receiving_rec": 1, "rushing_lng": 14, "rushing_yds": 80, "receiving_lngtd": 0, "receiving_yds": 3, "rushing_att": 23, "receiving_twoptm": 0, "rushing_twoptm": 0, "active": "true"}, {"week": "5", "rushing_lngtd": 24, "rushing_tds": 3, "rushing_twopta": 0, "rushing_lng": 24, "rushing_yds": 122, "active": "true", "rushing_att": 29, "rushing_twoptm": 0}, {"week": "6", "rushing_lngtd": 4, "receiving_tds": 0, "receiving_twopta": 0, "receiving_lng": 0, "rushing_tds": 1, "rushing_twopta": 0, "active": "true", "receiving_rec": 1, "rushing_lng": 8, "rushing_yds": 39, "receiving_lngtd": 0, "receiving_yds": 0, "rushing_att": 12, "receiving_twoptm": 0, "rushing_twoptm": 0}, {"week": "7", "rushing_lngtd": 1, "receiving_tds": 0, "receiving_twopta": 0, "receiving_lng": 0, "rushing_tds": 1, "rushing_twopta": 0, "active": "true", "receiving_rec": 1, "rushing_lng": 54, "rushing_yds": 175, "receiving_lngtd": 0, "receiving_yds": 0, "rushing_att": 24, "receiving_twoptm": 0, "rushing_twoptm": 0}, {"week": "8", "fumbles_tot": 0, "rushing_lngtd": 9, "receiving_tds": 1, "fumbles_yds": 0, "receiving_twopta": 0, "fumbles_trcv": 1, "receiving_lng": 22, "rushing_tds": 1, "fumbles_rcv": 1, "rushing_twopta": 0, "fumbles_lost": 0, "receiving_rec": 5, "rushing_lng": 15, "rushing_yds": 86, "receiving_lngtd": 19, "receiving_yds": 76, "rushing_att": 21, "receiving_twoptm": 0, "rushing_twoptm": 0, "active": "true"}, {"week": "9", "active": "false"}, {"week": "10", "fumbles_tot": 0, "rushing_lngtd": 3, "fumbles_yds": 0, "fumbles_lost": 0, "fumbles_trcv": 1, "rushing_tds": 1, "fumbles_rcv": 1, "rushing_twopta": 0, "rushing_lng": 13, "rushing_yds": 51, "active": "true", "rushing_att": 14, "rushing_twoptm": 0}, {"week": "11", "rushing_lngtd": 12, "rushing_tds": 1, "rushing_twopta": 0, "rushing_lng": 12, "rushing_yds": 26, "active": "true", "rushing_att": 6, "rushing_twoptm": 0}, {"week": "12", "active": "false"}, {"week": "13", "active": "false"}, {"week": "14", "active": "false"}, {"week": "15", "rushing_lngtd": 0, "rushing_tds": 0, "rushing_twopta": 0, "rushing_lng": 39, "rushing_yds": 60, "active": "true", "rushing_att": 10, "rushing_twoptm": 0}, {"week": "16", "rushing_lngtd": 1, "receiving_tds": 0, "receiving_twopta": 0, "receiving_lng": 9, "rushing_tds": 1, "rushing_twopta": 0, "active": "true", "receiving_rec": 2, "rushing_lng": 12, "rushing_yds": 38, "receiving_lngtd": 0, "receiving_yds": 14, "rushing_att": 12, "receiving_twoptm": 0, "rushing_twoptm": 0}, {"week": "17", "active": "false"}], "2012": [{"week": "1", "rushing_lngtd": 3, "receiving_tds": 0, "receiving_twopta": 0, "receiving_lng": 3, "rushing_tds": 2, "rushing_twopta": 0, "active": "true", "receiving_rec": 1, "rushing_lng": 20, "rushing_yds": 84, "receiving_lngtd": 0, "receiving_yds": 3, "rushing_att": 17, "receiving_twoptm": 0, "rushing_twoptm": 0}, {"week": "2", "rushing_lngtd": 0, "receiving_tds": 0, "receiving_twopta": 0, "receiving_lng": 20, "rushing_tds": 0, "rushing_twopta": 0, "active": "true", "receiving_rec": 3, "rushing_lng": 6, "rushing_yds": 60, "receiving_lngtd": 0, "receiving_yds": 20, "rushing_att": 16, "receiving_twoptm": 0, "rushing_twoptm": 0}, {"week": "3", "fumbles_tot": 1, "rushing_lngtd": 0, "receiving_tds": 0, "fumbles_yds": 0, "receiving_twopta": 0, "fumbles_trcv": 0, "receiving_lng": 12, "rushing_tds": 0, "fumbles_rcv": 0, "rushing_twopta": 0, "fumbles_lost": 0, "receiving_rec": 2, "rushing_lng": 20, "rushing_yds": 86, "receiving_lngtd": 0, "receiving_yds": 21, "rushing_att": 25, "receiving_twoptm": 0, "rushing_twoptm": 0, "active": "true"}, {"week": "4", "rushing_lngtd": 0, "receiving_tds": 0, "receiving_twopta": 0, "receiving_lng": 9, "rushing_tds": 0, "rushing_twopta": 0, "active": "true", "receiving_rec": 4, "rushing_lng": 18, "rushing_yds": 102, "receiving_lngtd": 0, "receiving_yds": 20, "rushing_att": 21, "receiving_twoptm": 0, "rushing_twoptm": 0}, {"week": "5", "rushing_lngtd": 0, "receiving_tds": 0, "receiving_twopta": 0, "receiving_lng": 10, "rushing_tds": 0, "rushing_twopta": 0, "active": "true", "receiving_rec": 3, "rushing_lng": 34, "rushing_yds": 88, "receiving_lngtd": 0, "receiving_yds": 15, "rushing_att": 17, "receiving_twoptm": 0, "rushing_twoptm": 0}, {"week": "6", "rushing_lngtd": 0, "receiving_tds": 0, "receiving_twopta": 0, "receiving_lng": 18, "rushing_tds": 0, "rushing_twopta": 0, "active": "true", "receiving_rec": 7, "rushing_lng": 32, "rushing_yds": 79, "receiving_lngtd": 0, "receiving_yds": 50, "rushing_att": 17, "receiving_twoptm": 0, "rushing_twoptm": 0}, {"week": "7", "rushing_lngtd": 13, "receiving_tds": 0, "receiving_twopta": 0, "receiving_lng": 4, "rushing_tds": 1, "rushing_twopta": 0, "active": "true", "receiving_rec": 2, "rushing_lng": 27, "rushing_yds": 153, "receiving_lngtd": 0, "receiving_yds": 6, "rushing_att": 23, "receiving_twoptm": 0, "rushing_twoptm": 0}, {"week": "8", "fumbles_tot": 1, "rushing_lngtd": 64, "receiving_tds": 0, "fumbles_yds": 0, "receiving_twopta": 0, "fumbles_trcv": 0, "receiving_lng": 4, "rushing_tds": 1, "fumbles_rcv": 0, "rushing_twopta": 0, "fumbles_lost": 1, "receiving_rec": 1, "rushing_lng": 64, "rushing_yds": 123, "receiving_lngtd": 0, "receiving_yds": 4, "rushing_att": 15, "receiving_twoptm": 0, "rushing_twoptm": 0, "active": "true"}, {"week": "9", "rushing_lngtd": 4, "receiving_tds": 0, "receiving_twopta": 0, "receiving_lng": 5, "rushing_tds": 2, "rushing_twopta": 0, "active": "true", "receiving_rec": 3, "rushing_lng": 74, "rushing_yds": 182, "receiving_lngtd": 0, "receiving_yds": 11, "rushing_att": 17, "receiving_twoptm": 0, "rushing_twoptm": 0}, {"week": "10", "rushing_lngtd": 61, "receiving_tds": 0, "receiving_twopta": 0, "receiving_lng": 6, "rushing_tds": 1, "rushing_twopta": 1, "active": "true", "receiving_rec": 3, "rushing_lng": 61, "rushing_yds": 171, "receiving_lngtd": 0, "receiving_yds": 5, "rushing_att": 27, "receiving_twoptm": 0, "rushing_twoptm": 1}, {"week": "11", "active": "false"}, {"week": "12", "fumbles_tot": 1, "rushing_lngtd": 0, "receiving_tds": 0, "fumbles_yds": 0, "receiving_twopta": 0, "fumbles_trcv": 0, "receiving_lng": 9, "rushing_tds": 0, "fumbles_rcv": 0, "rushing_twopta": 0, "fumbles_lost": 1, "receiving_rec": 6, "rushing_lng": 23, "rushing_yds": 108, "receiving_lngtd": 0, "receiving_yds": 30, "rushing_att": 18, "receiving_twoptm": 0, "rushing_twoptm": 0, "active": "true"}, {"week": "13", "rushing_lngtd": 82, "receiving_tds": 0, "receiving_twopta": 0, "receiving_lng": 10, "rushing_tds": 1, "rushing_twopta": 0, "active": "true", "receiving_rec": 1, "rushing_lng": 82, "rushing_yds": 210, "receiving_lngtd": 0, "receiving_yds": 10, "rushing_att": 21, "receiving_twoptm": 0, "rushing_twoptm": 0}, {"week": "14", "fumbles_tot": 1, "rushing_lngtd": 1, "receiving_tds": 0, "fumbles_yds": 0, "receiving_twopta": 0, "fumbles_trcv": 0, "receiving_lng": 14, "rushing_tds": 2, "fumbles_rcv": 0, "rushing_twopta": 0, "fumbles_lost": 0, "receiving_rec": 2, "rushing_lng": 51, "rushing_yds": 154, "receiving_lngtd": 0, "receiving_yds": 16, "rushing_att": 31, "receiving_twoptm": 0, "rushing_twoptm": 0, "active": "true"}, {"week": "15", "rushing_lngtd": 82, "rushing_tds": 1, "rushing_twopta": 0, "rushing_lng": 82, "rushing_yds": 212, "active": "true", "rushing_att": 24, "rushing_twoptm": 0}, {"week": "16", "rushing_lngtd": 0, "receiving_tds": 0, "receiving_twopta": 0, "receiving_lng": 4, "rushing_tds": 0, "rushing_twopta": 0, "active": "true", "receiving_rec": 1, "rushing_lng": 21, "rushing_yds": 86, "receiving_lngtd": 0, "receiving_yds": 4, "rushing_att": 25, "receiving_twoptm": 0, "rushing_twoptm": 0}, {"week": "17", "rushing_lngtd": 7, "receiving_tds": 1, "receiving_twopta": 0, "receiving_lng": 2, "rushing_tds": 1, "rushing_twopta": 0, "active": "true", "receiving_rec": 1, "rushing_lng": 28, "rushing_yds": 199, "receiving_lngtd": 2, "receiving_yds": 2, "rushing_att": 34, "receiving_twoptm": 0, "rushing_twoptm": 0}], "2013": [{"week": "1", "rushing_lngtd": 78, "receiving_tds": 1, "receiving_twopta": 0, "receiving_lng": 9, "rushing_tds": 2, "rushing_twopta": 0, "active": "true", "receiving_rec": 4, "rushing_lng": 78, "rushing_yds": 93, "receiving_lngtd": 4, "receiving_yds": 18, "rushing_att": 18, "receiving_twoptm": 0, "rushing_twoptm": 0}, {"week": "2", "fumbles_tot": 1, "rushing_lngtd": 0, "receiving_tds": 0, "fumbles_yds": 0, "receiving_twopta": 0, "fumbles_trcv": 0, "receiving_lng": 7, "rushing_tds": 0, "fumbles_rcv": 0, "rushing_twopta": 0, "fumbles_lost": 1, "receiving_rec": 1, "rushing_lng": 36, "rushing_yds": 100, "receiving_lngtd": 0, "receiving_yds": 7, "rushing_att": 26, "receiving_twoptm": 0, "rushing_twoptm": 0, "active": "true"}, {"week": "3", "fumbles_tot": 1, "rushing_lngtd": 2, "receiving_tds": 0, "fumbles_yds": 0, "receiving_twopta": 0, "fumbles_trcv": 0, "receiving_lng": 7, "rushing_tds": 1, "fumbles_rcv": 0, "rushing_twopta": 0, "fumbles_lost": 1, "receiving_rec": 6, "rushing_lng": 9, "rushing_yds": 88, "receiving_lngtd": 0, "receiving_yds": 27, "rushing_att": 25, "receiving_twoptm": 0, "rushing_twoptm": 0, "active": "true"}, {"week": "4", "rushing_lngtd": 60, "rushing_tds": 2, "rushing_twopta": 0, "rushing_lng": 60, "rushing_yds": 140, "active": "true", "rushing_att": 23, "rushing_twoptm": 0}, {"week": "5", "active": "false"}, {"week": "6", "fumbles_tot": 1, "rushing_lngtd": 0, "receiving_tds": 0, "fumbles_yds": 0, "receiving_twopta": 0, "fumbles_trcv": 0, "receiving_lng": 11, "rushing_tds": 0, "fumbles_rcv": 0, "rushing_twopta": 0, "fumbles_lost": 0, "receiving_rec": 3, "rushing_lng": 31, "rushing_yds": 62, "receiving_lngtd": 0, "receiving_yds": 21, "rushing_att": 10, "receiving_twoptm": 0, "rushing_twoptm": 0, "active": "true"}, {"week": "7", "rushing_lngtd": 0, "receiving_tds": 0, "receiving_twopta": 0, "receiving_lng": 22, "rushing_tds": 0, "rushing_twopta": 0, "active": "true", "receiving_rec": 2, "rushing_lng": 8, "rushing_yds": 28, "receiving_lngtd": 0, "receiving_yds": 28, "rushing_att": 13, "receiving_twoptm": 0, "rushing_twoptm": 0}, {"week": "8", "rushing_lngtd": 8, "receiving_tds": 0, "receiving_twopta": 0, "receiving_lng": 13, "rushing_tds": 1, "rushing_twopta": 0, "active": "true", "receiving_rec": 3, "rushing_lng": 17, "rushing_yds": 60, "receiving_lngtd": 0, "receiving_yds": 23, "rushing_att": 13, "receiving_twoptm": 0, "rushing_twoptm": 0}, {"week": "9", "rushing_lngtd": 11, "receiving_tds": 0, "receiving_twopta": 0, "receiving_lng": 19, "rushing_tds": 1, "rushing_twopta": 0, "active": "true", "receiving_rec": 3, "rushing_lng": 52, "rushing_yds": 140, "receiving_lngtd": 0, "receiving_yds": 37, "rushing_att": 25, "receiving_twoptm": 0, "rushing_twoptm": 0}, {"week": "10", "rushing_lngtd": 18, "receiving_tds": 0, "receiving_twopta": 0, "receiving_lng": 5, "rushing_tds": 2, "rushing_twopta": 0, "active": "true", "receiving_rec": 2, "rushing_lng": 18, "rushing_yds": 75, "receiving_lngtd": 0, "receiving_yds": 2, "rushing_att": 20, "receiving_twoptm": 0, "rushing_twoptm": 0}, {"week": "11", "fumbles_tot": 0, "rushing_lngtd": 0, "fumbles_yds": 0, "fumbles_lost": 0, "fumbles_trcv": 1, "rushing_tds": 0, "fumbles_rcv": 1, "rushing_twopta": 0, "rushing_lng": 13, "rushing_yds": 65, "active": "true", "rushing_att": 21, "rushing_twoptm": 0}, {"week": "12", "fumbles_tot": 1, "rushing_lngtd": 1, "receiving_tds": 0, "fumbles_yds": 0, "receiving_twopta": 0, "fumbles_trcv": 0, "receiving_lng": 2, "rushing_tds": 1, "fumbles_rcv": 0, "rushing_twopta": 0, "fumbles_lost": 1, "receiving_rec": 1, "rushing_lng": 22, "rushing_yds": 146, "receiving_lngtd": 0, "receiving_yds": 2, "rushing_att": 32, "receiving_twoptm": 0, "rushing_twoptm": 0, "active": "true"}, {"week": "13", "rushing_lngtd": 0, "receiving_tds": 0, "receiving_twopta": 0, "receiving_lng": 2, "rushing_tds": 0, "rushing_twopta": 0, "active": "true", "receiving_rec": 2, "rushing_lng": 23, "rushing_yds": 211, "receiving_lngtd": 0, "receiving_yds": 0, "rushing_att": 35, "receiving_twoptm": 0, "rushing_twoptm": 0}, {"week": "14", "fumbles_tot": 1, "rushing_lngtd": 0, "receiving_tds": 0, "fumbles_yds": 0, "receiving_twopta": 0, "fumbles_trcv": 0, "receiving_lng": 4, "rushing_tds": 0, "fumbles_rcv": 0, "rushing_twopta": 0, "fumbles_lost": 0, "receiving_rec": 1, "rushing_lng": 4, "rushing_yds": 13, "receiving_lngtd": 0, "receiving_yds": 4, "rushing_att": 7, "receiving_twoptm": 0, "rushing_twoptm": 0, "active": "true"}, {"week": "15", "active": "false"}, {"week": "16", "rushing_lngtd": 0, "receiving_tds": 0, "receiving_twopta": 0, "receiving_lng": 2, "rushing_tds": 0, "rushing_twopta": 0, "active": "true", "receiving_rec": 1, "rushing_lng": 11, "rushing_yds": 45, "receiving_lngtd": 0, "receiving_yds": 2, "rushing_att": 11, "receiving_twoptm": 0, "rushing_twoptm": 0}, {"week": "17", "active": "false"}], "2014": [{"week": "1", "rushing_lngtd": 0, "receiving_tds": 0, "receiving_twopta": 0, "receiving_lng": 9, "rushing_tds": 0, "rushing_twopta": 0, "active": "true", "receiving_rec": 2, "rushing_lng": 17, "rushing_yds": 75, "receiving_lngtd": 0, "receiving_yds": 18, "rushing_att": 21, "receiving_twoptm": 0, "rushing_twoptm": 0}, {"week": "2", "active": "false"}, {"week": "3", "active": "false"}, {"week": "4", "active": "false"}, {"week": "5", "active": "false"}, {"week": "6", "active": "false"}, {"week": "7", "active": "false"}, {"week": "8", "active": "false"}, {"week": "9", "active": "false"}, {"week": "10", "active": "false"}, {"week": "11", "active": "false"}, {"week": "12", "active": "false"}, {"week": "13", "active": "false"}, {"week": "14", "active": "false"}]}}