{"A.Bradshaw": {"2009": [{"week": "1", "receiving_lng": 7, "receiving_tds": 0, "receiving_twopta": 0, "rushing_tds": 0, "rushing_twopta": 0, "active": "true", "receiving_rec": 3, "rushing_lng": 22, "rushing_yds": 60, "receiving_yds": 11, "rushing_att": 12, "receiving_twoptm": 0, "rushing_twoptm": 0}, {"week": "2", "puntret_tds": 0, "receiving_lng": 6, "receiving_tds": 0, "puntret_avg": 8, "receiving_twopta": 0, "rushing_tds": 0, "puntret_lng": 9, "rushing_twopta": 0, "active": "true", "puntret_ret": 2, "receiving_rec": 2, "rushing_lng": 19, "rushing_yds": 37, "receiving_yds": 8, "rushing_att": 9, "receiving_twoptm": 0, "rushing_twoptm": 0}, {"week": "3", "puntret_tds": 0, "puntret_ret": 4, "puntret_avg": 9, "rushing_tds": 0, "puntret_lng": 20, "rushing_twopta": 0, "rushing_lng": 38, "rushing_yds": 104, "active": "true", "rushing_att": 14, "rushing_twoptm": 0}, {"week": "4", "rushing_tds": 0, "rushing_twopta": 0, "rushing_lng": 11, "rushing_yds": 64, "active": "true", "rushing_att": 12, "rushing_twoptm": 0}, {"week": "5", "fumbles_tot": 1, "receiving_lng": 55, "receiving_tds": 0, "fumbles_yds": 0, "receiving_twopta": 0, "fumbles_trcv": 0, "rushing_tds": 2, "fumbles_rcv": 0, "rushing_twopta": 0, "fumbles_lost": 0, "receiving_rec": 1, "rushing_lng": 24, "rushing_yds": 110, "receiving_yds": 55, "rushing_att": 11, "receiving_twoptm": 0, "rushing_twoptm": 0, "active": "true"}, {"week": "6", "rushing_tds": 1, "rushing_twopta": 0, "rushing_lng": 13, "rushing_yds": 48, "active": "true", "rushing_att": 10, "rushing_twoptm": 0}, {"week": "7", "fumbles_tot": 1, "receiving_lng": -5, "receiving_tds": 0, "fumbles_yds": 0, "receiving_twopta": 0, "fumbles_trcv": 0, "rushing_tds": 0, "fumbles_rcv": 0, "rushing_twopta": 0, "fumbles_lost": 1, "receiving_rec": 1, "rushing_lng": 14, "rushing_yds": 32, "receiving_yds": -5, "rushing_att": 12, "receiving_twoptm": 0, "rushing_twoptm": 0, "active": "true"}, {"week": "8", "rushing_tds": 1, "rushing_twopta": 0, "rushing_lng": 4, "rushing_yds": 21, "active": "true", "rushing_att": 9, "rushing_twoptm": 0}, {"week": "9", "receiving_lng": 10, "receiving_tds": 0, "receiving_twopta": 0, "rushing_tds": 0, "rushing_twopta": 0, "active": "true", "receiving_rec": 3, "rushing_lng": 9, "rushing_yds": 39, "receiving_yds": 27, "rushing_att": 14, "receiving_twoptm": 0, "rushing_twoptm": 0}, {"week": "10", "active": "false"}, {"week": "11", "rushing_tds": 0, "rushing_twopta": 0, "rushing_lng": 12, "rushing_yds": 34, "active": "true", "rushing_att": 12, "rushing_twoptm": 0}, {"week": "12", "active": "false"}, {"week": "13", "fumbles_tot": 1, "fumbles_yds": 0, "fumbles_lost": 1, "fumbles_trcv": 0, "rushing_tds": 0, "fumbles_rcv": 0, "rushing_twopta": 0, "rushing_lng": 29, "rushing_yds": 47, "active": "true", "rushing_att": 7, "rushing_twoptm": 0}, {"week": "14", "receiving_lng": 31, "receiving_tds": 0, "receiving_twopta": 0, "rushing_tds": 1, "rushing_twopta": 0, "active": "true", "receiving_rec": 4, "rushing_lng": 17, "rushing_yds": 55, "receiving_yds": 46, "rushing_att": 14, "receiving_twoptm": 0, "rushing_twoptm": 0}, {"week": "15", "receiving_lng": 14, "receiving_tds": 0, "receiving_twopta": 0, "rushing_tds": 2, "rushing_twopta": 0, "active": "true", "receiving_rec": 3, "rushing_lng": 31, "rushing_yds": 61, "receiving_yds": 29, "rushing_att": 9, "receiving_twoptm": 0, "rushing_twoptm": 0}, {"week": "16", "fumbles_tot": 0, "receiving_lng": 6, "receiving_tds": 0, "fumbles_yds": -1, "receiving_twopta": 0, "fumbles_trcv": 1, "rushing_tds": 0, "fumbles_rcv": 1, "rushing_twopta": 0, "fumbles_lost": 0, "receiving_rec": 2, "rushing_lng": 13, "rushing_yds": 53, "receiving_yds": 3, "rushing_att": 11, "receiving_twoptm": 0, "rushing_twoptm": 0, "active": "true"}, {"week": "17", "receiving_lng": 26, "receiving_tds": 0, "receiving_twopta": 0, "rushing_tds": 0, "rushing_twopta": 0, "active": "true", "receiving_rec": 2, "rushing_lng": 8, "rushing_yds": 13, "receiving_yds": 33, "rushing_att": 7, "receiving_twoptm": 0, "rushing_twoptm": 0}], "2010": [{"week": "1", "fumbles_tot": 1, "rushing_lngtd": 4, "receiving_tds": 0, "fumbles_yds": 0, "receiving_twopta": 0, "fumbles_trcv": 0, "receiving_lng": 16, "rushing_tds": 1, "fumbles_rcv": 0, "rushing_twopta": 0, "fumbles_lost": 1, "receiving_rec": 2, "rushing_lng": 39, "rushing_yds": 76, "receiving_lngtd": 0, "receiving_yds": 17, "rushing_att": 20, "receiving_twoptm": 0, "rushing_twoptm": 0, "active": "true"}, {"week": "2", "rushing_lngtd": 0, "rushing_tds": 0, "rushing_twopta": 0, "rushing_lng": 12, "rushing_yds": 89, "active": "true", "rushing_att": 17, "rushing_twoptm": 0}, {"week": "3", "fumbles_tot": 1, "rushing_lngtd": 10, "receiving_tds": 0, "fumbles_yds": 0, "receiving_twopta": 0, "fumbles_trcv": 0, "receiving_lng": 12, "rushing_tds": 1, "fumbles_rcv": 0, "rushing_twopta": 0, "fumbles_lost": 1, "receiving_rec": 5, "rushing_lng": 22, "rushing_yds": 88, "receiving_lngtd": 0, "receiving_yds": 30, "rushing_att": 15, "receiving_twoptm": 0, "rushing_twoptm": 0, "active": "true"}, {"week": "4", "fumbles_tot": 1, "rushing_lngtd": 3, "receiving_tds": 0, "fumbles_yds": 0, "receiving_twopta": 0, "fumbles_trcv": 0, "receiving_lng": 11, "rushing_tds": 1, "fumbles_rcv": 0, "rushing_twopta": 0, "fumbles_lost": 1, "receiving_rec": 2, "rushing_lng": 25, "rushing_yds": 129, "receiving_lngtd": 0, "receiving_yds": 14, "rushing_att": 23, "receiving_twoptm": 0, "rushing_twoptm": 0, "active": "true"}, {"week": "5", "rushing_lngtd": 0, "receiving_tds": 0, "receiving_twopta": 0, "receiving_lng": 9, "rushing_tds": 0, "rushing_twopta": 0, "active": "true", "receiving_rec": 3, "rushing_lng": 23, "rushing_yds": 67, "receiving_lngtd": 0, "receiving_yds": 22, "rushing_att": 16, "receiving_twoptm": 0, "rushing_twoptm": 0}, {"week": "6", "rushing_lngtd": 0, "receiving_tds": 0, "receiving_twopta": 0, "receiving_lng": 11, "rushing_tds": 0, "rushing_twopta": 0, "active": "true", "receiving_rec": 2, "rushing_lng": 45, "rushing_yds": 133, "receiving_lngtd": 0, "receiving_yds": 10, "rushing_att": 19, "receiving_twoptm": 0, "rushing_twoptm": 0}, {"week": "7", "fumbles_tot": 1, "rushing_lngtd": 0, "receiving_tds": 0, "fumbles_yds": 0, "receiving_twopta": 0, "fumbles_trcv": 0, "receiving_lng": 10, "rushing_tds": 0, "fumbles_rcv": 0, "rushing_twopta": 0, "fumbles_lost": 1, "receiving_rec": 2, "rushing_lng": 22, "rushing_yds": 126, "receiving_lngtd": 0, "receiving_yds": 12, "rushing_att": 24, "receiving_twoptm": 0, "rushing_twoptm": 0, "active": "true"}, {"week": "8", "active": "false"}, {"week": "9", "rushing_lngtd": 4, "receiving_tds": 0, "receiving_twopta": 0, "receiving_lng": 13, "rushing_tds": 2, "rushing_twopta": 0, "active": "true", "receiving_rec": 4, "rushing_lng": 7, "rushing_yds": 57, "receiving_lngtd": 0, "receiving_yds": 35, "rushing_att": 19, "receiving_twoptm": 0, "rushing_twoptm": 0}, {"week": "10", "fumbles_tot": 1, "rushing_lngtd": 0, "receiving_tds": 0, "fumbles_yds": 0, "receiving_twopta": 0, "fumbles_trcv": 0, "receiving_lng": 18, "rushing_tds": 0, "fumbles_rcv": 0, "rushing_twopta": 0, "fumbles_lost": 0, "receiving_rec": 6, "rushing_lng": 9, "rushing_yds": 73, "receiving_lngtd": 0, "receiving_yds": 62, "rushing_att": 20, "receiving_twoptm": 0, "rushing_twoptm": 0, "active": "true"}, {"week": "11", "fumbles_tot": 1, "rushing_lngtd": 0, "receiving_tds": 0, "fumbles_yds": 0, "receiving_twopta": 0, "fumbles_trcv": 0, "receiving_lng": 2, "rushing_tds": 0, "fumbles_rcv": 0, "rushing_twopta": 0, "fumbles_lost": 1, "receiving_rec": 2, "rushing_lng": 17, "rushing_yds": 29, "receiving_lngtd": 0, "receiving_yds": -5, "rushing_att": 12, "receiving_twoptm": 0, "rushing_twoptm": 0, "active": "true"}, {"week": "12", "rushing_lngtd": 0, "receiving_tds": 0, "receiving_twopta": 0, "receiving_lng": 12, "rushing_tds": 0, "rushing_twopta": 1, "active": "true", "receiving_rec": 4, "rushing_lng": 27, "rushing_yds": 49, "receiving_lngtd": 0, "receiving_yds": 34, "rushing_att": 9, "receiving_twoptm": 0, "rushing_twoptm": 1}, {"week": "13", "rushing_lngtd": 10, "receiving_tds": 0, "receiving_twopta": 0, "receiving_lng": 8, "rushing_tds": 2, "rushing_twopta": 0, "active": "true", "receiving_rec": 1, "rushing_lng": 15, "rushing_yds": 97, "receiving_lngtd": 0, "receiving_yds": 8, "rushing_att": 25, "receiving_twoptm": 0, "rushing_twoptm": 0}, {"week": "14", "rushing_lngtd": 48, "receiving_tds": 0, "receiving_twopta": 0, "receiving_lng": 4, "rushing_tds": 1, "rushing_twopta": 0, "active": "true", "receiving_rec": 5, "rushing_lng": 48, "rushing_yds": 103, "receiving_lngtd": 0, "receiving_yds": 12, "rushing_att": 11, "receiving_twoptm": 0, "rushing_twoptm": 0}, {"week": "15", "rushing_lngtd": 0, "receiving_tds": 0, "receiving_twopta": 0, "receiving_lng": 11, "rushing_tds": 0, "rushing_twopta": 0, "active": "true", "receiving_rec": 2, "rushing_lng": 9, "rushing_yds": 66, "receiving_lngtd": 0, "receiving_yds": 14, "rushing_att": 19, "receiving_twoptm": 0, "rushing_twoptm": 0}, {"week": "16", "fumbles_tot": 1, "rushing_lngtd": 0, "receiving_tds": 0, "fumbles_yds": 0, "receiving_twopta": 0, "fumbles_trcv": 0, "receiving_lng": 13, "rushing_tds": 0, "fumbles_rcv": 0, "rushing_twopta": 0, "fumbles_lost": 1, "receiving_rec": 5, "rushing_lng": 7, "rushing_yds": 31, "receiving_lngtd": 0, "receiving_yds": 41, "rushing_att": 12, "receiving_twoptm": 0, "rushing_twoptm": 0, "active": "true"}, {"week": "17", "rushing_lngtd": 0, "receiving_tds": 0, "receiving_twopta": 0, "receiving_lng": 8, "rushing_tds": 0, "rushing_twopta": 0, "active": "true", "receiving_rec": 2, "rushing_lng": 4, "rushing_yds": 22, "receiving_lngtd": 0, "receiving_yds": 8, "rushing_att": 15, "receiving_twoptm": 0, "rushing_twoptm": 0}], "2011": [{"week": "1", "rushing_lngtd": 6, "receiving_tds": 0, "receiving_twopta": 0, "receiving_lng": 10, "rushing_tds": 1, "rushing_twopta": 0, "active": "true", "receiving_rec": 1, "rushing_lng": 7, "rushing_yds": 44, "receiving_lngtd": 0, "receiving_yds": 10, "rushing_att": 13, "receiving_twoptm": 0, "rushing_twoptm": 0}, {"week": "2", "rushing_lngtd": 0, "receiving_tds": 0, "receiving_twopta": 0, "receiving_lng": 23, "rushing_tds": 0, "rushing_twopta": 0, "active": "true", "receiving_rec": 5, "rushing_lng": 15, "rushing_yds": 59, "receiving_lngtd": 0, "receiving_yds": 45, "rushing_att": 15, "receiving_twoptm": 0, "rushing_twoptm": 0}, {"week": "3", "rushing_lngtd": 0, "receiving_tds": 1, "receiving_twopta": 0, "receiving_lng": 26, "rushing_tds": 0, "rushing_twopta": 0, "active": "true", "receiving_rec": 5, "rushing_lng": 37, "rushing_yds": 86, "receiving_lngtd": 18, "receiving_yds": 53, "rushing_att": 15, "receiving_twoptm": 0, "rushing_twoptm": 0}, {"week": "4", "fumbles_tot": 1, "rushing_lngtd": 13, "receiving_tds": 0, "fumbles_yds": 0, "receiving_twopta": 0, "fumbles_trcv": 0, "receiving_lng": 8, "rushing_tds": 1, "fumbles_rcv": 0, "rushing_twopta": 0, "fumbles_lost": 1, "receiving_rec": 4, "rushing_lng": 13, "rushing_yds": 39, "receiving_lngtd": 0, "receiving_yds": 11, "rushing_att": 12, "receiving_twoptm": 0, "rushing_twoptm": 0, "active": "true"}, {"week": "5", "rushing_lngtd": 0, "receiving_tds": 0, "receiving_twopta": 0, "receiving_lng": 15, "rushing_tds": 0, "rushing_twopta": 1, "active": "true", "receiving_rec": 2, "rushing_lng": 13, "rushing_yds": 58, "receiving_lngtd": 0, "receiving_yds": 27, "rushing_att": 17, "receiving_twoptm": 0, "rushing_twoptm": 1}, {"week": "6", "rushing_lngtd": 1, "receiving_tds": 0, "receiving_twopta": 0, "receiving_lng": 17, "rushing_tds": 3, "rushing_twopta": 0, "active": "true", "receiving_rec": 2, "rushing_lng": 30, "rushing_yds": 104, "receiving_lngtd": 0, "receiving_yds": 26, "rushing_att": 26, "receiving_twoptm": 0, "rushing_twoptm": 0}, {"week": "7", "active": "false"}, {"week": "8", "rushing_lngtd": 0, "receiving_tds": 0, "receiving_twopta": 0, "receiving_lng": 15, "rushing_tds": 0, "rushing_twopta": 0, "active": "true", "receiving_rec": 5, "rushing_lng": 18, "rushing_yds": 50, "receiving_lngtd": 0, "receiving_yds": 38, "rushing_att": 13, "receiving_twoptm": 0, "rushing_twoptm": 0}, {"week": "9", "active": "false"}, {"week": "10", "active": "false"}, {"week": "11", "active": "false"}, {"week": "12", "active": "false"}, {"week": "13", "rushing_lngtd": 0, "receiving_tds": 0, "receiving_twopta": 0, "receiving_lng": 7, "rushing_tds": 0, "rushing_twopta": 0, "active": "true", "receiving_rec": 2, "rushing_lng": 8, "rushing_yds": 38, "receiving_lngtd": 0, "receiving_yds": 9, "rushing_att": 11, "receiving_twoptm": 0, "rushing_twoptm": 0}, {"week": "14", "rushing_lngtd": 0, "receiving_tds": 0, "receiving_twopta": 0, "receiving_lng": 7, "rushing_tds": 0, "rushing_twopta": 0, "active": "true", "receiving_rec": 1, "rushing_lng": 8, "rushing_yds": 12, "receiving_lngtd": 0, "receiving_yds": 7, "rushing_att": 8, "receiving_twoptm": 0, "rushing_twoptm": 0}, {"week": "15", "rushing_lngtd": 3, "receiving_tds": 0, "receiving_twopta": 0, "receiving_lng": 18, "rushing_tds": 1, "rushing_twopta": 0, "active": "true", "receiving_rec": 3, "rushing_lng": 17, "rushing_yds": 58, "receiving_lngtd": 0, "receiving_yds": 21, "rushing_att": 10, "receiving_twoptm": 0, "rushing_twoptm": 0}, {"week": "16", "rushing_lngtd": 19, "receiving_tds": 0, "receiving_twopta": 0, "receiving_lng": 8, "rushing_tds": 2, "rushing_twopta": 0, "active": "true", "receiving_rec": 1, "rushing_lng": 19, "rushing_yds": 54, "receiving_lngtd": 0, "receiving_yds": 8, "rushing_att": 15, "receiving_twoptm": 0, "rushing_twoptm": 0}, {"week": "17", "rushing_lngtd": 5, "receiving_tds": 1, "receiving_twopta": 0, "receiving_lng": 10, "rushing_tds": 1, "rushing_twopta": 0, "active": "true", "receiving_rec": 3, "rushing_lng": 29, "rushing_yds": 57, "receiving_lngtd": 10, "receiving_yds": 12, "rushing_att": 16, "receiving_twoptm": 0, "rushing_twoptm": 0}], "2012": [{"week": "1", "rushing_lngtd": 10, "receiving_tds": 0, "receiving_twopta": 0, "receiving_lng": 9, "rushing_tds": 1, "rushing_twopta": 0, "active": "true", "receiving_rec": 2, "rushing_lng": 33, "rushing_yds": 78, "receiving_lngtd": 0, "receiving_yds": 15, "rushing_att": 17, "receiving_twoptm": 0, "rushing_twoptm": 0}, {"week": "2", "rushing_lngtd": 0, "rushing_tds": 0, "rushing_twopta": 0, "rushing_lng": 12, "rushing_yds": 16, "active": "true", "rushing_att": 5, "rushing_twoptm": 0}, {"week": "3", "active": "false"}, {"week": "4", "rushing_lngtd": 0, "receiving_tds": 0, "receiving_twopta": 0, "receiving_lng": 20, "rushing_tds": 0, "rushing_twopta": 0, "active": "true", "receiving_rec": 3, "rushing_lng": 9, "rushing_yds": 39, "receiving_lngtd": 0, "receiving_yds": 38, "rushing_att": 13, "receiving_twoptm": 0, "rushing_twoptm": 0}, {"week": "5", "fumbles_tot": 1, "rushing_lngtd": 4, "receiving_tds": 0, "fumbles_yds": 0, "receiving_twopta": 0, "fumbles_trcv": 0, "receiving_lng": 14, "rushing_tds": 1, "fumbles_rcv": 0, "rushing_twopta": 0, "fumbles_lost": 1, "receiving_rec": 4, "rushing_lng": 37, "rushing_yds": 200, "receiving_lngtd": 0, "receiving_yds": 29, "rushing_att": 30, "receiving_twoptm": 0, "rushing_twoptm": 0, "active": "true"}, {"week": "6", "rushing_lngtd": 1, "receiving_tds": 0, "receiving_twopta": 0, "receiving_lng": 4, "rushing_tds": 1, "rushing_twopta": 0, "active": "true", "receiving_rec": 1, "rushing_lng": 23, "rushing_yds": 116, "receiving_lngtd": 0, "receiving_yds": 4, "rushing_att": 27, "receiving_twoptm": 0, "rushing_twoptm": 0}, {"week": "7", "rushing_lngtd": 1, "receiving_tds": 0, "receiving_twopta": 0, "receiving_lng": 11, "rushing_tds": 1, "rushing_twopta": 0, "active": "true", "receiving_rec": 4, "rushing_lng": 15, "rushing_yds": 43, "receiving_lngtd": 0, "receiving_yds": 22, "rushing_att": 12, "receiving_twoptm": 0, "rushing_twoptm": 0}, {"week": "8", "fumbles_tot": 1, "rushing_lngtd": 0, "fumbles_yds": 0, "fumbles_lost": 1, "fumbles_trcv": 0, "rushing_tds": 0, "fumbles_rcv": 0, "rushing_twopta": 0, "rushing_lng": 12, "rushing_yds": 78, "active": "true", "rushing_att": 22, "rushing_twoptm": 0}, {"week": "9", "rushing_lngtd": 0, "rushing_tds": 0, "rushing_twopta": 0, "rushing_lng": 9, "rushing_yds": 48, "active": "true", "rushing_att": 15, "rushing_twoptm": 0}, {"week": "10", "fumbles_tot": 1, "rushing_lngtd": 0, "receiving_tds": 0, "fumbles_yds": 0, "receiving_twopta": 0, "fumbles_trcv": 0, "receiving_lng": 12, "rushing_tds": 0, "fumbles_rcv": 0, "rushing_twopta": 0, "fumbles_lost": 1, "receiving_rec": 3, "rushing_lng": 11, "rushing_yds": 57, "receiving_lngtd": 0, "receiving_yds": 14, "rushing_att": 10, "receiving_twoptm": 0, "rushing_twoptm": 0, "active": "true"}, {"week": "11", "active": "false"}, {"week": "12", "rushing_lngtd": 13, "receiving_tds": 0, "receiving_twopta": 0, "receiving_lng": 59, "rushing_tds": 1, "rushing_twopta": 0, "active": "true", "receiving_rec": 2, "rushing_lng": 13, "rushing_yds": 58, "receiving_lngtd": 0, "receiving_yds": 61, "rushing_att": 10, "receiving_twoptm": 0, "rushing_twoptm": 0}, {"week": "13", "rushing_lngtd": 0, "receiving_tds": 0, "receiving_twopta": 0, "receiving_lng": 9, "rushing_tds": 0, "rushing_twopta": 0, "active": "true", "receiving_rec": 2, "rushing_lng": 14, "rushing_yds": 103, "receiving_lngtd": 0, "receiving_yds": 13, "rushing_att": 24, "receiving_twoptm": 0, "rushing_twoptm": 0}, {"week": "14", "rushing_lngtd": 0, "rushing_tds": 0, "rushing_twopta": 0, "rushing_lng": 6, "rushing_yds": 33, "active": "true", "rushing_att": 11, "rushing_twoptm": 0}, {"week": "15", "active": "false"}, {"week": "16", "rushing_lngtd": 0, "receiving_tds": 0, "receiving_twopta": 0, "receiving_lng": 8, "rushing_tds": 0, "rushing_twopta": 0, "active": "true", "receiving_rec": 1, "rushing_lng": 11, "rushing_yds": 39, "receiving_lngtd": 0, "receiving_yds": 8, "rushing_att": 9, "receiving_twoptm": 0, "rushing_twoptm": 0}, {"week": "17", "rushing_lngtd": 1, "receiving_tds": 0, "receiving_twopta": 0, "receiving_lng": 41, "rushing_tds": 1, "rushing_twopta": 0, "active": "true", "receiving_rec": 1, "rushing_lng": 17, "rushing_yds": 107, "receiving_lngtd": 0, "receiving_yds": 41, "rushing_att": 16, "receiving_twoptm": 0, "rushing_twoptm": 0}], "2013": [{"week": "1", "rushing_lngtd": 0, "receiving_tds": 0, "receiving_twopta": 0, "receiving_lng": 7, "rushing_tds": 0, "rushing_twopta": 0, "active": "true", "receiving_rec": 1, "rushing_lng": 13, "rushing_yds": 26, "receiving_lngtd": 0, "receiving_yds": 7, "rushing_att": 7, "receiving_twoptm": 0, "rushing_twoptm": 0}, {"week": "2", "rushing_lngtd": 1, "receiving_tds": 0, "receiving_twopta": 0, "receiving_lng": 14, "rushing_tds": 1, "rushing_twopta": 0, "active": "true", "receiving_rec": 3, "rushing_lng": 9, "rushing_yds": 65, "receiving_lngtd": 0, "receiving_yds": 19, "rushing_att": 15, "receiving_twoptm": 0, "rushing_twoptm": 0}, {"week": "3", "rushing_lngtd": 1, "receiving_tds": 0, "receiving_twopta": 0, "receiving_lng": 7, "rushing_tds": 1, "rushing_twopta": 0, "active": "true", "receiving_rec": 3, "rushing_lng": 27, "rushing_yds": 95, "receiving_lngtd": 0, "receiving_yds": 16, "rushing_att": 19, "receiving_twoptm": 0, "rushing_twoptm": 0}, {"week": "4", "active": "false"}, {"week": "5", "active": "false"}, {"week": "6", "active": "false"}, {"week": "7", "active": "false"}, {"week": "8", "active": "false"}, {"week": "9", "active": "false"}, {"week": "10", "active": "false"}, {"week": "11", "active": "false"}, {"week": "12", "active": "false"}, {"week": "13", "active": "false"}, {"week": "14", "active": "false"}, {"week": "15", "active": "false"}, {"week": "16", "active": "false"}, {"week": "17", "active": "false"}], "2014": [{"week": "1", "rushing_lngtd": 0, "receiving_tds": 0, "receiving_twopta": 0, "receiving_lng": 22, "rushing_tds": 0, "rushing_twopta": 0, "active": "true", "receiving_rec": 5, "rushing_lng": 9, "rushing_yds": 15, "receiving_lngtd": 0, "receiving_yds": 70, "rushing_att": 3, "receiving_twoptm": 0, "rushing_twoptm": 0}, {"week": "2", "rushing_lngtd": 0, "receiving_tds": 2, "receiving_twopta": 0, "receiving_lng": 9, "rushing_tds": 0, "rushing_twopta": 0, "active": "true", "receiving_rec": 5, "rushing_lng": 29, "rushing_yds": 70, "receiving_lngtd": 7, "receiving_yds": 26, "rushing_att": 13, "receiving_twoptm": 0, "rushing_twoptm": 0}, {"week": "3", "rushing_lngtd": 0, "receiving_tds": 1, "receiving_twopta": 0, "receiving_lng": 12, "rushing_tds": 0, "rushing_twopta": 0, "active": "true", "receiving_rec": 2, "rushing_lng": 28, "rushing_yds": 65, "receiving_lngtd": 6, "receiving_yds": 18, "rushing_att": 9, "receiving_twoptm": 0, "rushing_twoptm": 0}, {"week": "4", "rushing_lngtd": 0, "receiving_tds": 1, "receiving_twopta": 0, "receiving_lng": 15, "rushing_tds": 0, "rushing_twopta": 0, "active": "true", "receiving_rec": 2, "rushing_lng": 6, "rushing_yds": 32, "receiving_lngtd": 15, "receiving_yds": 20, "rushing_att": 9, "receiving_twoptm": 0, "rushing_twoptm": 0}, {"week": "5", "fumbles_tot": 1, "rushing_lngtd": 0, "receiving_tds": 0, "fumbles_yds": 0, "receiving_twopta": 0, "fumbles_trcv": 0, "receiving_lng": 11, "rushing_tds": 0, "fumbles_rcv": 0, "rushing_twopta": 0, "fumbles_lost": 1, "receiving_rec": 4, "rushing_lng": 20, "rushing_yds": 68, "receiving_lngtd": 0, "receiving_yds": 17, "rushing_att": 15, "receiving_twoptm": 0, "rushing_twoptm": 0, "active": "true"}, {"week": "6", "rushing_lngtd": 0, "receiving_tds": 1, "receiving_twopta": 0, "receiving_lng": 17, "rushing_tds": 0, "rushing_twopta": 0, "active": "true", "receiving_rec": 3, "rushing_lng": 13, "rushing_yds": 34, "receiving_lngtd": 5, "receiving_yds": 25, "rushing_att": 11, "receiving_twoptm": 0, "rushing_twoptm": 0}, {"week": "7", "fumbles_tot": 1, "rushing_lngtd": 1, "receiving_tds": 1, "fumbles_yds": 0, "receiving_twopta": 0, "fumbles_trcv": 0, "receiving_lng": 18, "rushing_tds": 1, "fumbles_rcv": 0, "rushing_twopta": 0, "fumbles_lost": 1, "receiving_rec": 3, "rushing_lng": 15, "rushing_yds": 52, "receiving_lngtd": 10, "receiving_yds": 36, "rushing_att": 10, "receiving_twoptm": 0, "rushing_twoptm": 0, "active": "true"}, {"week": "8", "fumbles_tot": 0, "rushing_lngtd": 12, "receiving_tds": 0, "fumbles_yds": 0, "receiving_twopta": 0, "fumbles_trcv": 1, "receiving_lng": 12, "rushing_tds": 1, "fumbles_rcv": 1, "rushing_twopta": 0, "fumbles_lost": 0, "receiving_rec": 7, "rushing_lng": 12, "rushing_yds": 35, "receiving_lngtd": 0, "receiving_yds": 52, "rushing_att": 6, "receiving_twoptm": 0, "rushing_twoptm": 0, "active": "true"}, {"week": "9", "fumbles_tot": 0, "rushing_lngtd": 0, "receiving_tds": 0, "fumbles_yds": 12, "receiving_twopta": 0, "fumbles_trcv": 1, "receiving_lng": 22, "rushing_tds": 0, "fumbles_rcv": 1, "rushing_twopta": 0, "fumbles_lost": 0, "receiving_rec": 3, "rushing_lng": 17, "rushing_yds": 50, "receiving_lngtd": 0, "receiving_yds": 29, "rushing_att": 7, "receiving_twoptm": 0, "rushing_twoptm": 0, "active": "true"}, {"week": "10", "active": "false"}, {"week": "11", "fumbles_tot": 1, "rushing_lngtd": 0, "receiving_tds": 0, "fumbles_yds": 0, "receiving_twopta": 0, "fumbles_trcv": 1, "receiving_lng": 4, "rushing_tds": 0, "fumbles_rcv": 1, "rushing_twopta": 0, "fumbles_lost": 0, "receiving_rec": 4, "rushing_lng": 5, "rushing_yds": 4, "receiving_lngtd": 0, "receiving_yds": 7, "rushing_att": 7, "receiving_twoptm": 0, "rushing_twoptm": 0, "active": "true"}, {"week": "12", "active": "false"}, {"week": "13", "active": "false"}, {"week": "14", "active": "false"}]}}