{"A.Green": {"2009": [{"week": "1", "active": "false"}, {"week": "2", "active": "false"}, {"week": "3", "active": "false"}, {"week": "4", "active": "false"}, {"week": "5", "active": "false"}, {"week": "6", "active": "false"}, {"week": "7", "active": "false"}, {"week": "8", "receiving_lng": 12, "kickret_lng": 28, "receiving_tds": 0, "receiving_twopta": 0, "kickret_ret": 7, "rushing_tds": 0, "kickret_avg": 20, "rushing_twopta": 0, "active": "true", "receiving_rec": 1, "rushing_lng": 1, "rushing_yds": 1, "receiving_yds": 12, "rushing_att": 2, "receiving_twoptm": 0, "rushing_twoptm": 0, "kickret_tds": 0}, {"week": "9", "receiving_lng": 10, "kickret_lng": 37, "receiving_tds": 0, "receiving_twopta": 0, "kickret_ret": 2, "rushing_tds": 0, "kickret_avg": 27, "rushing_twopta": 0, "active": "true", "receiving_rec": 1, "rushing_lng": 26, "rushing_yds": 45, "receiving_yds": 10, "rushing_att": 6, "receiving_twoptm": 0, "rushing_twoptm": 0, "kickret_tds": 0}, {"week": "10", "receiving_lng": -4, "receiving_tds": 0, "receiving_twopta": 0, "rushing_tds": 0, "rushing_twopta": 0, "active": "true", "receiving_rec": 1, "rushing_lng": 5, "rushing_yds": 9, "receiving_yds": -4, "rushing_att": 3, "receiving_twoptm": 0, "rushing_twoptm": 0}, {"week": "11", "active": "false"}, {"week": "12", "active": "false"}, {"week": "13", "rushing_tds": 0, "rushing_twopta": 0, "rushing_lng": 8, "rushing_yds": 23, "active": "true", "rushing_att": 5, "rushing_twoptm": 0}, {"week": "14", "rushing_tds": 0, "rushing_twopta": 0, "rushing_lng": 6, "rushing_yds": 11, "active": "true", "rushing_att": 5, "rushing_twoptm": 0}, {"week": "15", "active": "false"}, {"week": "16", "rushing_tds": 1, "rushing_twopta": 0, "rushing_lng": 16, "rushing_yds": 29, "active": "true", "rushing_att": 8, "rushing_twoptm": 0}, {"week": "17", "rushing_tds": 0, "rushing_twopta": 0, "rushing_lng": 14, "rushing_yds": 42, "active": "true", "rushing_att": 12, "rushing_twoptm": 0}], "2010": [{"week": "1", "active": "false"}, {"week": "2", "active": "false"}, {"week": "3", "active": "false"}, {"week": "4", "active": "false"}, {"week": "5", "active": "false"}, {"week": "6", "active": "false"}, {"week": "7", "active": "false"}, {"week": "8", "active": "false"}, {"week": "9", "active": "false"}, {"week": "10", "active": "false"}, {"week": "11", "active": "false"}, {"week": "12", "active": "false"}, {"week": "13", "active": "false"}, {"week": "14", "active": "false"}, {"week": "15", "active": "false"}, {"week": "16", "active": "false"}, {"week": "17", "active": "false"}], "2011": [{"week": "1", "receiving_tds": 1, "receiving_lng": 41, "active": "true", "receiving_rec": 1, "receiving_twopta": 0, "receiving_yds": 41, "receiving_lngtd": 41, "receiving_twoptm": 0}, {"week": "2", "receiving_tds": 1, "receiving_lng": 26, "active": "true", "receiving_rec": 10, "receiving_twopta": 0, "receiving_yds": 124, "receiving_lngtd": 5, "receiving_twoptm": 0}, {"week": "3", "receiving_tds": 0, "receiving_lng": 18, "active": "true", "receiving_rec": 4, "receiving_twopta": 0, "receiving_yds": 29, "receiving_lngtd": 0, "receiving_twoptm": 0}, {"week": "4", "fumbles_tot": 1, "rushing_lngtd": 0, "receiving_tds": 0, "fumbles_yds": 0, "receiving_twopta": 0, "fumbles_trcv": 1, "receiving_lng": 58, "rushing_tds": 0, "fumbles_rcv": 1, "rushing_twopta": 0, "fumbles_lost": 0, "receiving_rec": 4, "rushing_lng": 6, "rushing_yds": 6, "receiving_lngtd": 0, "receiving_yds": 118, "rushing_att": 1, "receiving_twoptm": 0, "rushing_twoptm": 0, "active": "true"}, {"week": "5", "receiving_tds": 1, "receiving_lng": 37, "active": "true", "receiving_rec": 5, "receiving_twopta": 0, "receiving_yds": 90, "receiving_lngtd": 37, "receiving_twoptm": 0}, {"week": "6", "receiving_tds": 1, "receiving_lng": 22, "active": "true", "receiving_rec": 5, "receiving_twopta": 0, "receiving_yds": 51, "receiving_lngtd": 11, "receiving_twoptm": 0}, {"week": "7", "active": "false"}, {"week": "8", "receiving_tds": 1, "receiving_lng": 43, "active": "true", "receiving_rec": 4, "receiving_twopta": 0, "receiving_yds": 63, "receiving_lngtd": 43, "receiving_twoptm": 0}, {"week": "9", "receiving_tds": 0, "receiving_lng": 23, "active": "true", "receiving_rec": 7, "receiving_twopta": 0, "receiving_yds": 83, "receiving_lngtd": 0, "receiving_twoptm": 0}, {"week": "10", "rushing_lngtd": 0, "receiving_tds": 1, "receiving_twopta": 0, "receiving_lng": 36, "rushing_tds": 0, "rushing_twopta": 0, "active": "true", "receiving_rec": 1, "rushing_lng": 7, "rushing_yds": 7, "receiving_lngtd": 36, "receiving_yds": 36, "rushing_att": 1, "receiving_twoptm": 0, "rushing_twoptm": 0}, {"week": "11", "active": "false"}, {"week": "12", "receiving_tds": 0, "receiving_lng": 51, "active": "true", "receiving_rec": 3, "receiving_twopta": 0, "receiving_yds": 110, "receiving_lngtd": 0, "receiving_twoptm": 0}, {"week": "13", "rushing_lngtd": 0, "receiving_tds": 1, "receiving_twopta": 0, "receiving_lng": 43, "rushing_tds": 0, "rushing_twopta": 0, "active": "true", "receiving_rec": 6, "rushing_lng": 15, "rushing_yds": 15, "receiving_lngtd": 11, "receiving_yds": 87, "rushing_att": 1, "receiving_twoptm": 0, "rushing_twoptm": 0}, {"week": "14", "receiving_tds": 0, "receiving_lng": 36, "active": "true", "receiving_rec": 5, "receiving_twopta": 0, "receiving_yds": 59, "receiving_lngtd": 0, "receiving_twoptm": 0}, {"week": "15", "receiving_tds": 0, "receiving_lng": 55, "active": "true", "receiving_rec": 6, "receiving_twopta": 0, "receiving_yds": 115, "receiving_lngtd": 0, "receiving_twoptm": 0}, {"week": "16", "rushing_lngtd": 0, "receiving_tds": 0, "receiving_twopta": 0, "receiving_lng": 17, "rushing_tds": 0, "rushing_twopta": 0, "active": "true", "receiving_rec": 2, "rushing_lng": 22, "rushing_yds": 25, "receiving_lngtd": 0, "receiving_yds": 25, "rushing_att": 2, "receiving_twoptm": 0, "rushing_twoptm": 0}, {"week": "17", "receiving_tds": 0, "receiving_lng": 18, "active": "true", "receiving_rec": 2, "receiving_twopta": 0, "receiving_yds": 26, "receiving_lngtd": 0, "receiving_twoptm": 0}], "2012": [{"week": "1", "receiving_tds": 0, "receiving_lng": 19, "active": "true", "receiving_rec": 5, "receiving_twopta": 0, "receiving_yds": 70, "receiving_lngtd": 0, "receiving_twoptm": 0}, {"week": "2", "rushing_lngtd": 0, "rushing_tds": 0, "rushing_twopta": 0, "rushing_lng": 2, "rushing_yds": 2, "active": "true", "rushing_att": 2, "rushing_twoptm": 0}, {"week": "3", "rushing_lngtd": 0, "receiving_tds": 1, "receiving_twopta": 0, "receiving_lng": 73, "rushing_tds": 0, "rushing_twopta": 0, "active": "true", "receiving_rec": 9, "rushing_lng": 11, "rushing_yds": 11, "receiving_lngtd": 73, "receiving_yds": 183, "rushing_att": 1, "receiving_twoptm": 0, "rushing_twoptm": 0}, {"week": "4", "receiving_tds": 1, "receiving_lng": 42, "active": "true", "receiving_rec": 6, "receiving_twopta": 0, "receiving_yds": 117, "receiving_lngtd": 18, "receiving_twoptm": 0}, {"week": "5", "rushing_lngtd": 0, "receiving_tds": 0, "receiving_twopta": 0, "receiving_lng": 8, "rushing_tds": 0, "rushing_twopta": 0, "active": "true", "receiving_rec": 1, "rushing_lng": 41, "rushing_yds": 55, "receiving_lngtd": 0, "receiving_yds": 8, "rushing_att": 9, "receiving_twoptm": 0, "rushing_twoptm": 0}, {"week": "6", "receiving_tds": 2, "receiving_lng": 57, "active": "true", "receiving_rec": 7, "receiving_twopta": 0, "receiving_yds": 135, "receiving_lngtd": 57, "receiving_twoptm": 0}, {"week": "7", "rushing_lngtd": 0, "receiving_tds": 0, "receiving_twopta": 0, "receiving_lng": 13, "rushing_tds": 0, "rushing_twopta": 0, "active": "true", "receiving_rec": 4, "rushing_lng": 15, "rushing_yds": 35, "receiving_lngtd": 0, "receiving_yds": 29, "rushing_att": 20, "receiving_twoptm": 0, "rushing_twoptm": 0}, {"week": "8", "rushing_lngtd": 0, "receiving_tds": 0, "receiving_twopta": 0, "receiving_lng": 12, "rushing_tds": 0, "rushing_twopta": 0, "active": "true", "receiving_rec": 4, "rushing_lng": 7, "rushing_yds": 54, "receiving_lngtd": 0, "receiving_yds": 28, "rushing_att": 22, "receiving_twoptm": 0, "rushing_twoptm": 0}, {"week": "9", "rushing_lngtd": 0, "receiving_tds": 0, "receiving_twopta": 0, "receiving_lng": 19, "rushing_tds": 0, "rushing_twopta": 0, "active": "true", "receiving_rec": 2, "rushing_lng": 21, "rushing_yds": 53, "receiving_lngtd": 0, "receiving_yds": 25, "rushing_att": 11, "receiving_twoptm": 0, "rushing_twoptm": 0}, {"week": "10", "receiving_tds": 1, "receiving_lng": 56, "active": "true", "receiving_rec": 7, "receiving_twopta": 0, "receiving_yds": 85, "receiving_lngtd": 56, "receiving_twoptm": 0}, {"week": "11", "receiving_tds": 1, "receiving_lng": 40, "active": "true", "receiving_rec": 6, "receiving_twopta": 0, "receiving_yds": 91, "receiving_lngtd": 4, "receiving_twoptm": 0}, {"week": "12", "rushing_lngtd": 0, "receiving_tds": 0, "receiving_twopta": 0, "receiving_lng": 48, "rushing_tds": 0, "rushing_twopta": 0, "active": "true", "receiving_rec": 3, "rushing_lng": 20, "rushing_yds": 21, "receiving_lngtd": 0, "receiving_yds": 111, "rushing_att": 2, "receiving_twoptm": 0, "rushing_twoptm": 0}, {"week": "13", "rushing_lngtd": 0, "receiving_tds": 0, "receiving_twopta": 0, "receiving_lng": 12, "rushing_tds": 0, "rushing_twopta": 0, "active": "true", "receiving_rec": 1, "rushing_lng": 11, "rushing_yds": 58, "receiving_lngtd": 0, "receiving_yds": 12, "rushing_att": 12, "receiving_twoptm": 0, "rushing_twoptm": 0}, {"week": "14", "receiving_tds": 0, "receiving_lng": 17, "active": "true", "receiving_rec": 3, "receiving_twopta": 0, "receiving_yds": 44, "receiving_lngtd": 0, "receiving_twoptm": 0}, {"week": "15", "receiving_tds": 1, "receiving_lng": 13, "active": "true", "receiving_rec": 6, "receiving_twopta": 0, "receiving_yds": 57, "receiving_lngtd": 5, "receiving_twoptm": 0}, {"week": "16", "fumbles_tot": 1, "receiving_tds": 0, "fumbles_yds": 0, "fumbles_lost": 1, "fumbles_trcv": 0, "receiving_lng": 21, "fumbles_rcv": 0, "active": "true", "receiving_rec": 10, "receiving_twopta": 0, "receiving_yds": 116, "receiving_lngtd": 0, "receiving_twoptm": 0}, {"week": "17", "receiving_tds": 0, "receiving_lng": 17, "active": "true", "receiving_rec": 2, "receiving_twopta": 0, "receiving_yds": 26, "receiving_lngtd": 0, "receiving_twoptm": 0}], "2013": [{"week": "1", "fumbles_tot": 1, "receiving_tds": 2, "fumbles_yds": 0, "fumbles_lost": 0, "fumbles_trcv": 0, "receiving_lng": 45, "fumbles_rcv": 0, "active": "true", "receiving_rec": 9, "receiving_twopta": 0, "receiving_yds": 162, "receiving_lngtd": 45, "receiving_twoptm": 0}, {"week": "2", "receiving_tds": 0, "receiving_lng": 10, "active": "true", "receiving_rec": 6, "receiving_twopta": 0, "receiving_yds": 41, "receiving_lngtd": 0, "receiving_twoptm": 0}, {"week": "3", "receiving_tds": 1, "receiving_lng": 20, "active": "true", "receiving_rec": 4, "receiving_twopta": 0, "receiving_yds": 46, "receiving_lngtd": 20, "receiving_twoptm": 0}, {"week": "4", "receiving_tds": 0, "receiving_lng": 16, "active": "true", "receiving_rec": 7, "receiving_twopta": 0, "receiving_yds": 51, "receiving_lngtd": 0, "receiving_twoptm": 0}, {"week": "5", "receiving_tds": 0, "receiving_lng": 18, "active": "true", "receiving_rec": 5, "receiving_twopta": 0, "receiving_yds": 61, "receiving_lngtd": 0, "receiving_twoptm": 0}, {"week": "6", "receiving_tds": 1, "receiving_lng": 54, "active": "true", "receiving_rec": 6, "receiving_twopta": 0, "receiving_yds": 103, "receiving_lngtd": 18, "receiving_twoptm": 0}, {"week": "7", "receiving_tds": 1, "receiving_lng": 82, "active": "true", "receiving_rec": 6, "receiving_twopta": 0, "receiving_yds": 155, "receiving_lngtd": 82, "receiving_twoptm": 0}, {"week": "8", "receiving_tds": 0, "receiving_lng": 53, "active": "true", "receiving_rec": 3, "receiving_twopta": 0, "receiving_yds": 115, "receiving_lngtd": 0, "receiving_twoptm": 0}, {"week": "9", "receiving_tds": 0, "receiving_lng": 21, "active": "true", "receiving_rec": 11, "receiving_twopta": 0, "receiving_yds": 128, "receiving_lngtd": 0, "receiving_twoptm": 0}, {"week": "10", "receiving_tds": 1, "receiving_lng": 51, "active": "true", "receiving_rec": 8, "receiving_twopta": 0, "receiving_yds": 151, "receiving_lngtd": 51, "receiving_twoptm": 0}, {"week": "11", "receiving_tds": 0, "receiving_lng": 4, "active": "true", "receiving_rec": 2, "receiving_twopta": 0, "receiving_yds": 7, "receiving_lngtd": 0, "receiving_twoptm": 0}, {"week": "12", "active": "false"}, {"week": "13", "receiving_tds": 1, "receiving_lng": 28, "active": "true", "receiving_rec": 5, "receiving_twopta": 0, "receiving_yds": 83, "receiving_lngtd": 21, "receiving_twoptm": 0}, {"week": "14", "receiving_tds": 1, "receiving_lng": 22, "active": "true", "receiving_rec": 6, "receiving_twopta": 0, "receiving_yds": 72, "receiving_lngtd": 9, "receiving_twoptm": 0}, {"week": "15", "receiving_tds": 0, "receiving_lng": 19, "active": "true", "receiving_rec": 9, "receiving_twopta": 0, "receiving_yds": 93, "receiving_lngtd": 0, "receiving_twoptm": 0}, {"week": "16", "receiving_tds": 2, "receiving_lng": 29, "active": "true", "receiving_rec": 7, "receiving_twopta": 0, "receiving_yds": 97, "receiving_lngtd": 29, "receiving_twoptm": 0}, {"week": "17", "receiving_tds": 1, "receiving_lng": 53, "active": "true", "receiving_rec": 4, "receiving_twopta": 0, "receiving_yds": 61, "receiving_lngtd": 53, "receiving_twoptm": 0}], "2014": [{"week": "1", "rushing_lngtd": 0, "receiving_tds": 1, "receiving_twopta": 0, "receiving_lng": 77, "rushing_tds": 0, "rushing_twopta": 0, "active": "true", "receiving_rec": 6, "rushing_lng": 5, "rushing_yds": 5, "receiving_lngtd": 77, "receiving_yds": 131, "rushing_att": 1, "receiving_twoptm": 0, "rushing_twoptm": 0}, {"week": "2", "active": "false"}, {"week": "3", "receiving_tds": 0, "receiving_lng": 29, "active": "true", "receiving_rec": 6, "receiving_twopta": 0, "receiving_yds": 102, "receiving_lngtd": 0, "receiving_twoptm": 0}, {"week": "4", "active": "false"}, {"week": "5", "fumbles_tot": 1, "receiving_tds": 1, "fumbles_yds": 0, "fumbles_lost": 1, "fumbles_trcv": 0, "receiving_lng": 35, "fumbles_rcv": 0, "active": "true", "receiving_rec": 5, "receiving_twopta": 0, "receiving_yds": 81, "receiving_lngtd": 17, "receiving_twoptm": 0}, {"week": "6", "active": "false"}, {"week": "7", "active": "false"}, {"week": "8", "active": "false"}, {"week": "9", "fumbles_tot": 1, "rushing_lngtd": 0, "receiving_tds": 1, "fumbles_yds": 0, "receiving_twopta": 0, "fumbles_trcv": 0, "receiving_lng": 18, "rushing_tds": 0, "fumbles_rcv": 0, "rushing_twopta": 0, "fumbles_lost": 0, "receiving_rec": 3, "rushing_lng": -3, "rushing_yds": -3, "receiving_lngtd": 18, "receiving_yds": 44, "rushing_att": 1, "receiving_twoptm": 0, "rushing_twoptm": 0, "active": "true"}, {"week": "10", "receiving_tds": 0, "receiving_lng": 11, "active": "true", "receiving_rec": 3, "receiving_twopta": 0, "receiving_yds": 23, "receiving_lngtd": 0, "receiving_twoptm": 0}, {"week": "11", "receiving_tds": 1, "receiving_lng": 38, "active": "true", "receiving_rec": 6, "receiving_twopta": 0, "receiving_yds": 127, "receiving_lngtd": 24, "receiving_twoptm": 0}, {"week": "12", "receiving_tds": 0, "receiving_lng": 20, "active": "true", "receiving_rec": 12, "receiving_twopta": 0, "receiving_yds": 121, "receiving_lngtd": 0, "receiving_twoptm": 0}, {"week": "13", "receiving_tds": 1, "receiving_lng": 20, "active": "true", "receiving_rec": 4, "receiving_twopta": 0, "receiving_yds": 57, "receiving_lngtd": 13, "receiving_twoptm": 0}, {"week": "14", "receiving_tds": 1, "receiving_lng": 81, "active": "true", "receiving_rec": 11, "receiving_twopta": 0, "receiving_yds": 224, "receiving_lngtd": 81, "receiving_twoptm": 0}]}}