{"A.Crumpler": {"2009": [{"week": "1", "receiving_tds": 0, "receiving_lng": 3, "active": "true", "receiving_rec": 2, "receiving_twopta": 0, "receiving_yds": 5, "receiving_twoptm": 0}, {"week": "2", "receiving_tds": 0, "receiving_lng": 16, "active": "true", "receiving_rec": 4, "receiving_twopta": 0, "receiving_yds": 44, "receiving_twoptm": 0}, {"week": "3", "receiving_tds": 0, "receiving_lng": 27, "active": "true", "receiving_rec": 4, "receiving_twopta": 0, "receiving_yds": 41, "receiving_twoptm": 0}, {"week": "4", "receiving_tds": 0, "receiving_lng": 9, "active": "true", "receiving_rec": 3, "receiving_twopta": 1, "receiving_yds": 23, "receiving_twoptm": 0}, {"week": "5", "fumbles_tot": 1, "receiving_tds": 0, "fumbles_yds": 0, "fumbles_lost": 1, "fumbles_trcv": 0, "receiving_lng": 5, "fumbles_rcv": 0, "active": "true", "receiving_rec": 3, "receiving_twopta": 0, "receiving_yds": 14, "receiving_twoptm": 0}, {"week": "6", "kickret_lng": 15, "kickret_avg": 15, "kickret_tds": 0, "active": "true", "kickret_ret": 1}, {"week": "7", "active": "false"}, {"week": "8", "kickret_lng": 5, "receiving_tds": 0, "kickret_tds": 0, "receiving_lng": 7, "kickret_avg": 5, "active": "true", "receiving_rec": 2, "receiving_twopta": 0, "receiving_yds": 14, "receiving_twoptm": 0, "kickret_ret": 1}, {"week": "9", "active": "false"}, {"week": "10", "active": "false"}, {"week": "11", "receiving_tds": 0, "receiving_lng": 11, "active": "true", "receiving_rec": 2, "receiving_twopta": 0, "receiving_yds": 18, "receiving_twoptm": 0}, {"week": "12", "receiving_tds": 0, "receiving_lng": 8, "active": "true", "receiving_rec": 1, "receiving_twopta": 0, "receiving_yds": 8, "receiving_twoptm": 0}, {"week": "13", "receiving_tds": 0, "receiving_lng": 9, "active": "true", "receiving_rec": 2, "receiving_twopta": 0, "receiving_yds": 14, "receiving_twoptm": 0}, {"week": "14", "receiving_tds": 1, "receiving_lng": 20, "active": "true", "receiving_rec": 4, "receiving_twopta": 0, "receiving_yds": 41, "receiving_twoptm": 0}, {"week": "15", "kickret_lng": 0, "kickret_avg": 0, "kickret_tds": 0, "active": "true", "kickret_ret": 1}, {"week": "16", "active": "false"}, {"week": "17", "active": "false"}], "2010": [{"week": "1", "active": "false"}, {"week": "2", "active": "false"}, {"week": "3", "active": "false"}, {"week": "4", "active": "false"}, {"week": "5", "active": "false"}, {"week": "6", "receiving_tds": 0, "receiving_lng": 4, "active": "true", "receiving_rec": 1, "receiving_twopta": 0, "receiving_yds": 4, "receiving_lngtd": 0, "receiving_twoptm": 0}, {"week": "7", "active": "false"}, {"week": "8", "active": "false"}, {"week": "9", "kickret_lngtd": 0, "kickret_lng": 5, "kickret_avg": 5, "kickret_tds": 0, "active": "true", "kickret_ret": 1}, {"week": "10", "kickret_lngtd": 0, "kickret_lng": 7, "receiving_tds": 0, "kickret_tds": 0, "receiving_lng": 4, "kickret_avg": 7, "active": "true", "receiving_rec": 1, "receiving_twopta": 0, "receiving_yds": 4, "receiving_lngtd": 0, "receiving_twoptm": 0, "kickret_ret": 1}, {"week": "11", "kickret_lngtd": 0, "kickret_lng": 0, "kickret_avg": 0, "kickret_tds": 0, "active": "true", "kickret_ret": 1}, {"week": "12", "receiving_tds": 0, "receiving_lng": 27, "active": "true", "receiving_rec": 1, "receiving_twopta": 0, "receiving_yds": 27, "receiving_lngtd": 0, "receiving_twoptm": 0}, {"week": "13", "active": "false"}, {"week": "14", "active": "false"}, {"week": "15", "kickret_lngtd": 0, "kickret_lng": 4, "receiving_tds": 0, "kickret_tds": 0, "receiving_lng": 3, "kickret_avg": 3, "active": "true", "receiving_rec": 1, "receiving_twopta": 0, "receiving_yds": 3, "receiving_lngtd": 0, "receiving_twoptm": 0, "kickret_ret": 2}, {"week": "16", "receiving_tds": 1, "receiving_lng": 4, "active": "true", "receiving_rec": 1, "receiving_twopta": 0, "receiving_yds": 4, "receiving_lngtd": 4, "receiving_twoptm": 0}, {"week": "17", "receiving_tds": 1, "receiving_lng": 10, "active": "true", "receiving_rec": 1, "receiving_twopta": 0, "receiving_yds": 10, "receiving_lngtd": 10, "receiving_twoptm": 0}], "2011": [{"week": "1", "active": "false"}, {"week": "2", "active": "false"}, {"week": "3", "active": "false"}, {"week": "4", "active": "false"}, {"week": "5", "active": "false"}, {"week": "6", "active": "false"}, {"week": "7", "active": "false"}, {"week": "8", "active": "false"}, {"week": "9", "active": "false"}, {"week": "10", "active": "false"}, {"week": "11", "active": "false"}, {"week": "12", "active": "false"}, {"week": "13", "active": "false"}, {"week": "14", "active": "false"}, {"week": "15", "active": "false"}, {"week": "16", "active": "false"}, {"week": "17", "active": "false"}], "2012": [{"week": "1", "active": "false"}, {"week": "2", "active": "false"}, {"week": "3", "active": "false"}, {"week": "4", "active": "false"}, {"week": "5", "active": "false"}, {"week": "6", "active": "false"}, {"week": "7", "active": "false"}, {"week": "8", "active": "false"}, {"week": "9", "active": "false"}, {"week": "10", "active": "false"}, {"week": "11", "active": "false"}, {"week": "12", "active": "false"}, {"week": "13", "active": "false"}, {"week": "14", "active": "false"}, {"week": "15", "active": "false"}, {"week": "16", "active": "false"}, {"week": "17", "active": "false"}], "2013": [{"week": "1", "active": "false"}, {"week": "2", "active": "false"}, {"week": "3", "active": "false"}, {"week": "4", "active": "false"}, {"week": "5", "active": "false"}, {"week": "6", "active": "false"}, {"week": "7", "active": "false"}, {"week": "8", "active": "false"}, {"week": "9", "active": "false"}, {"week": "10", "active": "false"}, {"week": "11", "active": "false"}, {"week": "12", "active": "false"}, {"week": "13", "active": "false"}, {"week": "14", "active": "false"}, {"week": "15", "active": "false"}, {"week": "16", "active": "false"}, {"week": "17", "active": "false"}], "2014": [{"week": "1", "active": "false"}, {"week": "2", "active": "false"}, {"week": "3", "active": "false"}, {"week": "4", "active": "false"}, {"week": "5", "active": "false"}, {"week": "6", "active": "false"}, {"week": "7", "active": "false"}, {"week": "8", "active": "false"}, {"week": "9", "active": "false"}, {"week": "10", "active": "false"}, {"week": "11", "active": "false"}, {"week": "12", "active": "false"}, {"week": "13", "active": "false"}, {"week": "14", "active": "false"}]}}