{"A.Davis": {"2009": [{"week": "1", "defense_sk": 1, "defense_tkl": 5, "defense_int": 0, "active": "true", "defense_ffum": 0, "defense_ast": 4}, {"week": "2", "defense_sk": 0, "defense_tkl": 8, "defense_int": 0, "active": "true", "defense_ffum": 0, "defense_ast": 2}, {"week": "3", "defense_sk": 0, "defense_tkl": 2, "defense_int": 0, "active": "true", "defense_ffum": 0, "defense_ast": 1}, {"week": "4", "kickret_lng": 34, "kickret_avg": 34, "kickret_tds": 0, "active": "true", "kickret_ret": 1}, {"week": "5", "kickret_lng": 63, "kickret_avg": 29, "kickret_tds": 0, "active": "true", "kickret_ret": 4}, {"week": "6", "kickret_lng": 22, "kickret_avg": 19, "kickret_tds": 0, "active": "true", "kickret_ret": 3}, {"week": "7", "fumbles_tot": 0, "kickret_lng": 20, "receiving_tds": 0, "fumbles_yds": 0, "fumbles_lost": 0, "fumbles_trcv": 1, "kickret_tds": 0, "receiving_lng": 14, "fumbles_rcv": 0, "kickret_avg": 18, "active": "true", "receiving_rec": 1, "receiving_twopta": 0, "receiving_yds": 14, "receiving_twoptm": 0, "kickret_ret": 4}, {"week": "8", "defense_sk": 1, "defense_tkl": 8, "defense_int": 0, "active": "true", "defense_ffum": 0, "defense_ast": 1}, {"week": "9", "defense_sk": 0.5, "defense_tkl": 1, "defense_int": 0, "active": "true", "defense_ffum": 0, "defense_ast": 1}, {"week": "10", "defense_sk": 1, "defense_tkl": 7, "defense_int": 0, "active": "true", "defense_ffum": 0, "defense_ast": 5}, {"week": "11", "defense_sk": 0, "defense_tkl": 6, "defense_int": 0, "active": "true", "defense_ffum": 0, "defense_ast": 1}, {"week": "12", "defense_sk": 0, "defense_tkl": 1, "defense_int": 0, "active": "true", "defense_ffum": 0, "defense_ast": 1}, {"week": "13", "fumbles_tot": 0, "kickret_lng": 29, "fumbles_yds": 0, "fumbles_lost": 0, "fumbles_trcv": 1, "fumbles_rcv": 0, "kickret_avg": 21, "kickret_tds": 0, "active": "true", "kickret_ret": 5}, {"week": "14", "kickret_lng": 33, "kickret_avg": 33, "kickret_tds": 0, "active": "true", "kickret_ret": 1}, {"week": "15", "kickret_lng": 23, "receiving_tds": 0, "kickret_tds": 0, "receiving_lng": 21, "kickret_avg": 20, "active": "true", "receiving_rec": 1, "receiving_twopta": 0, "receiving_yds": 21, "receiving_twoptm": 0, "kickret_ret": 3}, {"week": "16", "defense_sk": 0, "defense_tkl": 6, "defense_int": 0, "active": "true", "defense_ffum": 0, "defense_ast": 0}, {"week": "17", "kickret_lng": 36, "receiving_tds": 0, "kickret_tds": 0, "receiving_lng": 10, "kickret_avg": 28, "active": "true", "receiving_rec": 1, "receiving_twopta": 0, "receiving_yds": 10, "receiving_twoptm": 0, "kickret_ret": 5}], "2010": [{"week": "1", "defense_sk": 0, "defense_tkl": 2, "defense_int": 0, "active": "true", "defense_ffum": 0, "defense_ast": 6}, {"week": "2", "defense_sk": 0, "defense_tkl": 5, "defense_int": 0, "active": "true", "defense_ffum": 1, "defense_ast": 2}, {"week": "3", "defense_sk": 0, "defense_tkl": 3, "defense_int": 0, "active": "true", "defense_ffum": 0, "defense_ast": 3}, {"week": "4", "active": "false"}, {"week": "5", "defense_sk": 0, "defense_tkl": 5, "defense_int": 1, "active": "true", "defense_ffum": 0, "defense_ast": 6}, {"week": "6", "active": "false"}, {"week": "7", "defense_sk": 0, "defense_tkl": 1, "defense_int": 0, "active": "true", "defense_ffum": 0, "defense_ast": 5}, {"week": "8", "defense_sk": 0, "defense_tkl": 2, "defense_int": 0, "active": "true", "defense_ffum": 0, "defense_ast": 1}, {"week": "9", "active": "false"}, {"week": "10", "active": "false"}, {"week": "11", "active": "false"}, {"week": "12", "active": "false"}, {"week": "13", "active": "false"}, {"week": "14", "active": "false"}, {"week": "15", "active": "false"}, {"week": "16", "fumbles_tot": 0, "fumbles_yds": 0, "fumbles_lost": 0, "fumbles_trcv": 1, "fumbles_rcv": 1, "active": "true"}, {"week": "17", "active": "false"}], "2011": [{"week": "1", "active": "false"}, {"week": "2", "defense_sk": 0, "defense_tkl": 3, "defense_int": 0, "active": "true", "defense_ffum": 0, "defense_ast": 2}, {"week": "3", "defense_sk": 0, "defense_tkl": 0, "defense_int": 0, "active": "true", "defense_ffum": 0, "defense_ast": 2}, {"week": "4", "defense_sk": 0, "defense_tkl": 1, "defense_int": 0, "active": "true", "defense_ffum": 0, "defense_ast": 2}, {"week": "5", "defense_sk": 0, "defense_tkl": 0, "defense_int": 0, "active": "true", "defense_ffum": 0, "defense_ast": 1}, {"week": "6", "active": "false"}, {"week": "7", "active": "false"}, {"week": "8", "active": "false"}, {"week": "9", "active": "false"}, {"week": "10", "active": "false"}, {"week": "11", "active": "false"}, {"week": "12", "active": "false"}, {"week": "13", "active": "false"}, {"week": "14", "active": "false"}, {"week": "15", "defense_sk": 0, "defense_tkl": 0, "defense_int": 0, "active": "true", "defense_ffum": 0, "defense_ast": 1}, {"week": "16", "defense_sk": 0, "defense_tkl": 1, "defense_int": 0, "active": "true", "defense_ffum": 0, "defense_ast": 0}, {"week": "17", "defense_sk": 0, "defense_tkl": 1, "defense_int": 0, "active": "true", "defense_ffum": 0, "defense_ast": 0}], "2012": [{"week": "1", "active": "false"}, {"week": "2", "active": "false"}, {"week": "3", "active": "false"}, {"week": "4", "active": "false"}, {"week": "5", "active": "false"}, {"week": "6", "active": "false"}, {"week": "7", "active": "false"}, {"week": "8", "active": "false"}, {"week": "9", "active": "false"}, {"week": "10", "active": "false"}, {"week": "11", "active": "false"}, {"week": "12", "active": "false"}, {"week": "13", "active": "false"}, {"week": "14", "fumbles_tot": 0, "fumbles_yds": 0, "fumbles_lost": 0, "fumbles_trcv": 1, "fumbles_rcv": 1, "active": "true"}, {"week": "15", "active": "false"}, {"week": "16", "active": "false"}, {"week": "17", "active": "false"}], "2013": [{"week": "1", "active": "false"}, {"week": "2", "active": "false"}, {"week": "3", "active": "false"}, {"week": "4", "active": "false"}, {"week": "5", "active": "false"}, {"week": "6", "active": "false"}, {"week": "7", "active": "false"}, {"week": "8", "active": "false"}, {"week": "9", "active": "false"}, {"week": "10", "active": "false"}, {"week": "11", "active": "false"}, {"week": "12", "active": "false"}, {"week": "13", "active": "false"}, {"week": "14", "active": "false"}, {"week": "15", "active": "false"}, {"week": "16", "active": "false"}, {"week": "17", "active": "false"}], "2014": [{"week": "1", "fumbles_tot": 0, "passing_att": 23, "rushing_lngtd": 0, "passing_twoptm": 0, "fumbles_yds": 0, "fumbles_rcv": 1, "fumbles_trcv": 1, "passing_twopta": 0, "rushing_tds": 0, "passing_yds": 192, "rushing_yds": 0, "passing_cmp": 16, "rushing_twopta": 0, "fumbles_lost": 0, "rushing_lng": 0, "passing_ints": 1, "passing_tds": 0, "rushing_att": 1, "rushing_twoptm": 0, "active": "true"}, {"week": "2", "fumbles_tot": 0, "passing_att": 29, "rushing_lngtd": 0, "passing_twoptm": 0, "fumbles_yds": 0, "fumbles_rcv": 1, "fumbles_trcv": 1, "passing_twopta": 0, "rushing_tds": 0, "passing_yds": 235, "rushing_yds": 0, "passing_cmp": 22, "rushing_twopta": 0, "fumbles_lost": 0, "rushing_lng": 0, "passing_ints": 0, "passing_tds": 0, "rushing_att": 1, "rushing_twoptm": 0, "active": "true"}, {"week": "3", "passing_att": 42, "rushing_lngtd": 0, "passing_twoptm": 0, "passing_twopta": 0, "rushing_tds": 0, "passing_yds": 327, "rushing_yds": -1, "passing_cmp": 30, "rushing_twopta": 0, "active": "true", "rushing_lng": 0, "passing_ints": 2, "passing_tds": 3, "rushing_att": 2, "rushing_twoptm": 0}, {"week": "4", "defense_sk": 0, "defense_tkl": 0, "defense_int": 0, "active": "true", "defense_ffum": 0, "defense_ast": 1}, {"week": "5", "fumbles_tot": 2, "passing_att": 49, "rushing_lngtd": 0, "passing_twoptm": 0, "fumbles_yds": 0, "fumbles_rcv": 0, "fumbles_trcv": 0, "passing_twopta": 0, "rushing_tds": 0, "passing_yds": 375, "rushing_yds": 30, "passing_cmp": 29, "rushing_twopta": 0, "fumbles_lost": 2, "rushing_lng": 12, "passing_ints": 0, "passing_tds": 3, "rushing_att": 3, "rushing_twoptm": 0, "active": "true"}, {"week": "6", "fumbles_tot": 1, "passing_att": 42, "rushing_lngtd": 0, "passing_twoptm": 0, "fumbles_yds": 0, "fumbles_rcv": 0, "fumbles_trcv": 0, "passing_twopta": 0, "rushing_tds": 0, "passing_yds": 236, "rushing_yds": -1, "passing_cmp": 21, "rushing_twopta": 0, "fumbles_lost": 0, "rushing_lng": -1, "passing_ints": 1, "passing_tds": 1, "rushing_att": 1, "rushing_twoptm": 0, "active": "true"}, {"week": "7", "passing_att": 21, "rushing_lngtd": 0, "passing_twoptm": 0, "passing_twopta": 0, "rushing_tds": 0, "passing_yds": 152, "rushing_yds": -2, "passing_cmp": 18, "rushing_twopta": 0, "active": "true", "rushing_lng": -1, "passing_ints": 0, "passing_tds": 2, "rushing_att": 2, "rushing_twoptm": 0}, {"week": "8", "passing_att": 25, "rushing_lngtd": 0, "passing_twoptm": 0, "passing_twopta": 0, "rushing_tds": 0, "passing_yds": 160, "rushing_yds": 1, "passing_cmp": 15, "rushing_twopta": 0, "active": "true", "rushing_lng": 1, "passing_ints": 1, "passing_tds": 1, "rushing_att": 1, "rushing_twoptm": 0}, {"week": "9", "passing_att": 24, "rushing_lngtd": 0, "passing_twoptm": 0, "passing_twopta": 0, "rushing_tds": 0, "passing_yds": 105, "rushing_yds": 9, "passing_cmp": 13, "rushing_twopta": 0, "active": "true", "rushing_lng": 10, "passing_ints": 2, "passing_tds": 1, "rushing_att": 2, "rushing_twoptm": 0}, {"week": "10", "fumbles_tot": 1, "passing_att": 30, "rushing_lngtd": 0, "passing_twoptm": 0, "fumbles_yds": 0, "fumbles_rcv": 0, "fumbles_trcv": 0, "passing_twopta": 0, "rushing_tds": 0, "passing_yds": 216, "rushing_yds": 0, "passing_cmp": 17, "rushing_twopta": 0, "fumbles_lost": 1, "rushing_lng": 3, "passing_ints": 2, "passing_tds": 1, "rushing_att": 3, "rushing_twoptm": 0, "active": "true"}, {"week": "11", "active": "false"}, {"week": "12", "active": "false"}, {"week": "13", "active": "false"}, {"week": "14", "active": "false"}]}}