{"A.Lee": {"2009": [{"week": "1", "punting_pts": 8, "punting_avg": 42, "punting_lng": 64, "active": "true", "punting_yds": 393, "punting_i20": 2}, {"week": "2", "punting_pts": 6, "punting_avg": 40, "punting_lng": 55, "active": "true", "punting_yds": 281, "punting_i20": 1}, {"week": "3", "punting_pts": 9, "punting_avg": 41, "punting_lng": 57, "active": "true", "punting_yds": 465, "punting_i20": 2}, {"week": "4", "punting_pts": 7, "punting_avg": 39, "punting_lng": 49, "active": "true", "punting_yds": 305, "punting_i20": 5}, {"week": "5", "punting_pts": 5, "punting_avg": 40, "punting_lng": 51, "active": "true", "punting_yds": 219, "punting_i20": 1}, {"week": "6", "active": "false"}, {"week": "7", "punting_pts": 5, "punting_avg": 43, "punting_lng": 52, "active": "true", "punting_yds": 241, "punting_i20": 0}, {"week": "8", "punting_pts": 8, "punting_avg": 46, "punting_lng": 59, "active": "true", "punting_yds": 400, "punting_i20": 4}, {"week": "9", "punting_pts": 3, "punting_avg": 53, "punting_lng": 60, "active": "true", "punting_yds": 170, "punting_i20": 3}, {"week": "10", "punting_pts": 5, "punting_avg": 33, "punting_lng": 46, "active": "true", "punting_yds": 191, "punting_i20": 1}, {"week": "11", "punting_pts": 5, "punting_avg": 45, "punting_lng": 55, "active": "true", "punting_yds": 259, "punting_i20": 0}, {"week": "12", "punting_pts": 5, "punting_avg": 38, "punting_lng": 59, "active": "true", "punting_yds": 251, "punting_i20": 1}, {"week": "13", "punting_pts": 9, "punting_avg": 43, "punting_lng": 56, "active": "true", "punting_yds": 446, "punting_i20": 1}, {"week": "14", "punting_pts": 5, "punting_avg": 38, "punting_lng": 49, "active": "true", "punting_yds": 206, "punting_i20": 2}, {"week": "15", "punting_pts": 4, "punting_avg": 42, "punting_lng": 60, "active": "true", "punting_yds": 193, "punting_i20": 2}, {"week": "16", "punting_pts": 6, "punting_avg": 40, "punting_lng": 57, "active": "true", "punting_yds": 271, "punting_i20": 3}, {"week": "17", "punting_pts": 9, "punting_avg": 36, "punting_lng": 56, "active": "true", "punting_yds": 420, "punting_i20": 2}], "2010": [{"week": "1", "punting_pts": 6, "punting_avg": 35, "punting_lng": 47, "active": "true", "punting_yds": 249, "punting_i20": 2}, {"week": "2", "punting_pts": 3, "punting_avg": 33, "punting_lng": 54, "active": "true", "punting_yds": 141, "punting_i20": 1}, {"week": "3", "punting_pts": 8, "punting_avg": 37, "punting_lng": 58, "active": "true", "punting_yds": 378, "punting_i20": 2}, {"week": "4", "punting_pts": 5, "punting_avg": 37, "punting_lng": 56, "active": "true", "punting_yds": 216, "punting_i20": 3}, {"week": "5", "punting_pts": 3, "punting_avg": 39, "punting_lng": 60, "active": "true", "punting_yds": 161, "punting_i20": 1}, {"week": "6", "punting_pts": 8, "punting_avg": 38, "punting_lng": 55, "active": "true", "punting_yds": 346, "punting_i20": 4}, {"week": "7", "punting_pts": 7, "punting_avg": 41, "punting_lng": 59, "active": "true", "punting_yds": 353, "punting_i20": 1}, {"week": "8", "punting_pts": 6, "punting_avg": 44, "punting_lng": 57, "active": "true", "punting_yds": 296, "punting_i20": 4}, {"week": "9", "active": "false"}, {"week": "10", "punting_pts": 8, "punting_avg": 39, "punting_lng": 61, "active": "true", "punting_yds": 376, "punting_i20": 3}, {"week": "11", "punting_pts": 6, "punting_avg": 30, "punting_lng": 53, "active": "true", "punting_yds": 227, "punting_i20": 2}, {"week": "12", "punting_pts": 2, "punting_avg": 51, "punting_lng": 54, "active": "true", "punting_yds": 106, "punting_i20": 1}, {"week": "13", "punting_pts": 5, "punting_avg": 32, "punting_lng": 61, "active": "true", "punting_yds": 236, "punting_i20": 0}, {"week": "14", "punting_pts": 5, "punting_avg": 38, "punting_lng": 57, "active": "true", "punting_yds": 247, "punting_i20": 1}, {"week": "15", "punting_pts": 6, "punting_avg": 39, "punting_lng": 54, "active": "true", "punting_yds": 282, "punting_i20": 2}, {"week": "16", "punting_pts": 6, "punting_avg": 52, "punting_lng": 64, "active": "true", "punting_yds": 323, "punting_i20": 4}, {"week": "17", "punting_pts": 7, "punting_avg": 33, "punting_lng": 53, "active": "true", "punting_yds": 266, "punting_i20": 3}], "2011": [{"week": "1", "punting_pts": 5, "punting_avg": 54, "punting_lng": 64, "active": "true", "punting_yds": 298, "punting_i20": 1}, {"week": "2", "punting_pts": 6, "punting_avg": 46, "punting_lng": 64, "active": "true", "punting_yds": 332, "punting_i20": 1}, {"week": "3", "rushing_lngtd": 0, "punting_lng": 60, "punting_pts": 7, "punting_i20": 2, "rushing_tds": 0, "punting_avg": 41, "rushing_twopta": 0, "rushing_lng": -18, "rushing_yds": -18, "punting_yds": 320, "active": "true", "rushing_att": 1, "rushing_twoptm": 0}, {"week": "4", "punting_pts": 4, "punting_avg": 45, "punting_lng": 68, "active": "true", "punting_yds": 198, "punting_i20": 0}, {"week": "5", "punting_pts": 1, "punting_avg": 38, "punting_lng": 38, "active": "true", "punting_yds": 38, "punting_i20": 1}, {"week": "6", "punting_pts": 9, "punting_avg": 41, "punting_lng": 60, "active": "true", "punting_yds": 430, "punting_i20": 4}, {"week": "7", "active": "false"}, {"week": "8", "punting_pts": 5, "punting_avg": 43, "punting_lng": 65, "active": "true", "punting_yds": 268, "punting_i20": 2}, {"week": "9", "punting_pts": 5, "punting_avg": 37, "punting_lng": 61, "active": "true", "punting_yds": 223, "punting_i20": 2}, {"week": "10", "punting_pts": 3, "punting_avg": 51, "punting_lng": 57, "active": "true", "punting_yds": 164, "punting_i20": 1}, {"week": "11", "punting_pts": 3, "punting_avg": 38, "punting_lng": 58, "active": "true", "punting_yds": 136, "punting_i20": 1}, {"week": "12", "punting_pts": 5, "punting_avg": 48, "punting_lng": 61, "active": "true", "punting_yds": 288, "punting_i20": 1}, {"week": "13", "punting_pts": 5, "punting_avg": 37, "punting_lng": 61, "active": "true", "punting_yds": 226, "punting_i20": 3}, {"week": "14", "punting_pts": 7, "punting_avg": 47, "punting_lng": 62, "active": "true", "punting_yds": 372, "punting_i20": 3}, {"week": "15", "punting_pts": 6, "punting_avg": 49, "punting_lng": 62, "active": "true", "punting_yds": 285, "punting_i20": 4}, {"week": "16", "punting_pts": 2, "punting_avg": 28, "punting_lng": 60, "active": "true", "punting_yds": 108, "punting_i20": 0}, {"week": "17", "punting_pts": 5, "punting_avg": 51, "punting_lng": 66, "active": "true", "punting_yds": 284, "punting_i20": 2}], "2012": [{"week": "1", "punting_pts": 5, "punting_avg": 35, "punting_lng": 61, "active": "true", "punting_yds": 256, "punting_i20": 3}, {"week": "2", "punting_pts": 3, "punting_avg": 33, "punting_lng": 52, "active": "true", "punting_yds": 109, "punting_i20": 2}, {"week": "3", "punting_pts": 3, "punting_avg": 49, "punting_lng": 53, "active": "true", "punting_yds": 146, "punting_i20": 1}, {"week": "4", "punting_pts": 4, "punting_avg": 41, "punting_lng": 61, "active": "true", "punting_yds": 184, "punting_i20": 2}, {"week": "5", "punting_pts": 2, "punting_avg": 42, "punting_lng": 58, "active": "true", "punting_yds": 112, "punting_i20": 1}, {"week": "6", "punting_pts": 4, "punting_avg": 49, "punting_lng": 58, "active": "true", "punting_yds": 199, "punting_i20": 1}, {"week": "7", "punting_pts": 5, "punting_avg": 45, "punting_lng": 66, "active": "true", "punting_yds": 228, "punting_i20": 4}, {"week": "8", "punting_pts": 5, "punting_avg": 46, "punting_lng": 55, "active": "true", "punting_yds": 244, "punting_i20": 3}, {"week": "9", "active": "false"}, {"week": "10", "punting_pts": 6, "punting_avg": 36, "punting_lng": 49, "active": "true", "punting_yds": 251, "punting_i20": 3}, {"week": "11", "punting_pts": 4, "punting_avg": 47, "punting_lng": 54, "active": "true", "punting_yds": 188, "punting_i20": 4}, {"week": "12", "punting_pts": 4, "punting_avg": 41, "punting_lng": 59, "active": "true", "punting_yds": 187, "punting_i20": 2}, {"week": "13", "punting_pts": 6, "punting_avg": 45, "punting_lng": 61, "active": "true", "punting_yds": 306, "punting_i20": 4}, {"week": "14", "punting_pts": 4, "punting_avg": 41, "punting_lng": 55, "active": "true", "punting_yds": 193, "punting_i20": 1}, {"week": "15", "punting_pts": 5, "punting_avg": 54, "punting_lng": 64, "active": "true", "punting_yds": 283, "punting_i20": 3}, {"week": "16", "punting_pts": 3, "punting_avg": 46, "punting_lng": 58, "active": "true", "punting_yds": 155, "punting_i20": 1}, {"week": "17", "punting_pts": 4, "punting_avg": 42, "punting_lng": 56, "active": "true", "punting_yds": 185, "punting_i20": 1}], "2013": [{"week": "1", "punting_pts": 5, "punting_avg": 38, "punting_lng": 56, "active": "true", "punting_yds": 236, "punting_i20": 1}, {"week": "2", "punting_pts": 4, "punting_avg": 36, "punting_lng": 60, "active": "true", "punting_yds": 196, "punting_i20": 0}, {"week": "3", "punting_pts": 7, "punting_avg": 38, "punting_lng": 62, "active": "true", "punting_yds": 305, "punting_i20": 2}, {"week": "4", "punting_pts": 7, "punting_avg": 52, "punting_lng": 60, "active": "true", "punting_yds": 383, "punting_i20": 2}, {"week": "5", "punting_pts": 4, "punting_avg": 44, "punting_lng": 60, "active": "true", "punting_yds": 195, "punting_i20": 1}, {"week": "6", "punting_pts": 6, "punting_avg": 42, "punting_lng": 58, "active": "true", "punting_yds": 288, "punting_i20": 3}, {"week": "7", "punting_pts": 6, "punting_avg": 44, "punting_lng": 58, "active": "true", "punting_yds": 280, "punting_i20": 3}, {"week": "8", "punting_pts": 1, "punting_avg": 45, "punting_lng": 61, "active": "true", "punting_yds": 61, "punting_i20": 0}, {"week": "9", "active": "false"}, {"week": "10", "punting_pts": 7, "punting_avg": 39, "punting_lng": 60, "active": "true", "punting_yds": 341, "punting_i20": 1}, {"week": "11", "punting_pts": 7, "punting_avg": 49, "punting_lng": 55, "active": "true", "punting_yds": 346, "punting_i20": 3}, {"week": "12", "punting_pts": 4, "punting_avg": 41, "punting_lng": 58, "active": "true", "punting_yds": 196, "punting_i20": 1}, {"week": "13", "punting_pts": 4, "punting_avg": 45, "punting_lng": 55, "active": "true", "punting_yds": 191, "punting_i20": 2}, {"week": "14", "punting_pts": 4, "punting_avg": 38, "punting_lng": 54, "active": "true", "punting_yds": 199, "punting_i20": 2}, {"week": "15", "punting_pts": 4, "punting_avg": 36, "punting_lng": 50, "active": "true", "punting_yds": 173, "punting_i20": 2}, {"week": "16", "punting_pts": 3, "punting_avg": 34, "punting_lng": 53, "active": "true", "punting_yds": 156, "punting_i20": 0}, {"week": "17", "punting_pts": 6, "punting_avg": 39, "punting_lng": 58, "active": "true", "punting_yds": 258, "punting_i20": 4}], "2014": [{"week": "1", "punting_pts": 4, "punting_avg": 46, "punting_lng": 54, "active": "true", "punting_yds": 183, "punting_i20": 3}, {"week": "2", "punting_pts": 1, "punting_avg": 53, "punting_lng": 54, "active": "true", "punting_yds": 54, "punting_i20": 0}, {"week": "3", "punting_pts": 4, "punting_avg": 42, "punting_lng": 56, "active": "true", "punting_yds": 174, "punting_i20": 2}, {"week": "4", "punting_pts": 5, "punting_avg": 22, "punting_lng": 51, "active": "true", "punting_yds": 235, "punting_i20": 1}, {"week": "5", "punting_pts": 2, "punting_avg": 35, "punting_lng": 56, "active": "true", "punting_yds": 107, "punting_i20": 0}, {"week": "6", "punting_pts": 5, "punting_avg": 41, "punting_lng": 55, "active": "true", "punting_yds": 215, "punting_i20": 4}, {"week": "7", "punting_pts": 5, "punting_avg": 50, "punting_lng": 71, "active": "true", "punting_yds": 272, "punting_i20": 1}, {"week": "8", "active": "false"}, {"week": "9", "punting_pts": 7, "punting_avg": 35, "punting_lng": 58, "active": "true", "punting_yds": 314, "punting_i20": 1}, {"week": "10", "punting_pts": 7, "punting_avg": 41, "punting_lng": 57, "active": "true", "punting_yds": 313, "punting_i20": 3}, {"week": "11", "fumbles_tot": 1, "passing_att": 1, "fumbles_rcv": 1, "passing_twoptm": 0, "fumbles_yds": 0, "fumbles_lost": 0, "fumbles_trcv": 1, "passing_twopta": 0, "punting_lng": 59, "passing_yds": 0, "passing_cmp": 0, "punting_pts": 4, "passing_ints": 0, "passing_tds": 0, "punting_yds": 187, "punting_avg": 37, "punting_i20": 3, "active": "true"}, {"week": "12", "punting_pts": 6, "punting_avg": 49, "punting_lng": 57, "active": "true", "punting_yds": 302, "punting_i20": 2}, {"week": "13", "punting_pts": 5, "punting_avg": 42, "punting_lng": 53, "active": "true", "punting_yds": 238, "punting_i20": 0}, {"week": "14", "active": "false"}]}}