{"A.Boldin": {"2009": [{"week": "1", "receiving_tds": 0, "receiving_lng": 14, "active": "true", "receiving_rec": 2, "receiving_twopta": 0, "receiving_yds": 19, "receiving_twoptm": 0}, {"week": "2", "fumbles_tot": 1, "receiving_lng": 19, "receiving_tds": 0, "fumbles_yds": 0, "receiving_twopta": 0, "fumbles_trcv": 0, "rushing_tds": 0, "fumbles_rcv": 0, "rushing_twopta": 0, "fumbles_lost": 0, "receiving_rec": 8, "rushing_lng": 4, "rushing_yds": 4, "receiving_yds": 69, "rushing_att": 1, "receiving_twoptm": 0, "rushing_twoptm": 0, "active": "true"}, {"week": "3", "fumbles_tot": 0, "receiving_tds": 1, "fumbles_yds": 0, "fumbles_lost": 0, "fumbles_trcv": 1, "receiving_lng": 18, "fumbles_rcv": 1, "active": "true", "receiving_rec": 6, "receiving_twopta": 0, "receiving_yds": 83, "receiving_twoptm": 0}, {"week": "4", "active": "false"}, {"week": "5", "fumbles_tot": 1, "receiving_lng": 20, "receiving_tds": 0, "fumbles_yds": 0, "receiving_twopta": 0, "fumbles_trcv": 0, "rushing_tds": 0, "fumbles_rcv": 0, "rushing_twopta": 0, "fumbles_lost": 1, "receiving_rec": 7, "rushing_lng": 3, "rushing_yds": 3, "receiving_yds": 81, "rushing_att": 1, "receiving_twoptm": 0, "rushing_twoptm": 0, "active": "true"}, {"week": "6", "receiving_tds": 0, "receiving_lng": 18, "active": "true", "receiving_rec": 6, "receiving_twopta": 0, "receiving_yds": 54, "receiving_twoptm": 0}, {"week": "7", "receiving_tds": 0, "receiving_lng": 44, "active": "true", "receiving_rec": 3, "receiving_twopta": 0, "receiving_yds": 75, "receiving_twoptm": 0}, {"week": "8", "receiving_tds": 0, "receiving_lng": 10, "active": "true", "receiving_rec": 3, "receiving_twopta": 0, "receiving_yds": 23, "receiving_twoptm": 0}, {"week": "9", "active": "false"}, {"week": "10", "receiving_tds": 0, "receiving_lng": 37, "active": "true", "receiving_rec": 8, "receiving_twopta": 0, "receiving_yds": 105, "receiving_twoptm": 0}, {"week": "11", "receiving_tds": 1, "receiving_lng": 38, "active": "true", "receiving_rec": 8, "receiving_twopta": 0, "receiving_yds": 103, "receiving_twoptm": 0}, {"week": "12", "receiving_tds": 0, "receiving_lng": 24, "active": "true", "receiving_rec": 5, "receiving_twopta": 0, "receiving_yds": 53, "receiving_twoptm": 0}, {"week": "13", "receiving_tds": 2, "receiving_lng": 39, "active": "true", "receiving_rec": 7, "receiving_twopta": 0, "receiving_yds": 98, "receiving_twoptm": 0}, {"week": "14", "fumbles_tot": 1, "receiving_tds": 0, "fumbles_yds": 0, "fumbles_lost": 1, "fumbles_trcv": 0, "receiving_lng": 13, "fumbles_rcv": 0, "active": "true", "receiving_rec": 5, "receiving_twopta": 0, "receiving_yds": 40, "receiving_twoptm": 0}, {"week": "15", "receiving_tds": 1, "receiving_lng": 19, "active": "true", "receiving_rec": 6, "receiving_twopta": 0, "receiving_yds": 72, "receiving_twoptm": 0}, {"week": "16", "receiving_tds": 0, "receiving_lng": 23, "active": "true", "receiving_rec": 8, "receiving_twopta": 0, "receiving_yds": 116, "receiving_twoptm": 0}, {"week": "17", "receiving_tds": 0, "receiving_lng": 17, "active": "true", "receiving_rec": 3, "receiving_twopta": 0, "receiving_yds": 38, "receiving_twoptm": 0}], "2010": [{"week": "1", "receiving_tds": 0, "receiving_lng": 38, "active": "true", "receiving_rec": 7, "receiving_twopta": 0, "receiving_yds": 110, "receiving_lngtd": 0, "receiving_twoptm": 0}, {"week": "2", "receiving_tds": 0, "receiving_lng": 13, "active": "true", "receiving_rec": 5, "receiving_twopta": 0, "receiving_yds": 35, "receiving_lngtd": 0, "receiving_twoptm": 0}, {"week": "3", "passing_att": 1, "passing_twoptm": 0, "receiving_twopta": 0, "passing_twopta": 0, "receiving_lng": 34, "passing_yds": -6, "passing_cmp": 1, "receiving_yds": 142, "receiving_rec": 8, "passing_ints": 0, "passing_tds": 0, "receiving_lngtd": 27, "receiving_twoptm": 0, "active": "true", "receiving_tds": 3}, {"week": "4", "rushing_lngtd": 0, "receiving_tds": 0, "receiving_twopta": 0, "receiving_lng": 18, "rushing_tds": 0, "rushing_twopta": 0, "active": "true", "receiving_rec": 7, "rushing_lng": 3, "rushing_yds": 3, "receiving_lngtd": 0, "receiving_yds": 68, "rushing_att": 1, "receiving_twoptm": 0, "rushing_twoptm": 0}, {"week": "5", "receiving_tds": 0, "receiving_lng": 8, "active": "true", "receiving_rec": 1, "receiving_twopta": 0, "receiving_yds": 8, "receiving_lngtd": 0, "receiving_twoptm": 0}, {"week": "6", "rushing_lngtd": 0, "receiving_tds": 1, "receiving_twopta": 0, "receiving_lng": 25, "rushing_tds": 0, "rushing_twopta": 0, "active": "true", "receiving_rec": 4, "rushing_lng": -1, "rushing_yds": -1, "receiving_lngtd": 25, "receiving_yds": 63, "rushing_att": 1, "receiving_twoptm": 0, "rushing_twoptm": 0}, {"week": "7", "receiving_tds": 1, "receiving_lng": 34, "active": "true", "receiving_rec": 6, "receiving_twopta": 0, "receiving_yds": 92, "receiving_lngtd": 34, "receiving_twoptm": 0}, {"week": "8", "active": "false"}, {"week": "9", "receiving_tds": 0, "receiving_lng": 20, "active": "true", "receiving_rec": 2, "receiving_twopta": 0, "receiving_yds": 28, "receiving_lngtd": 0, "receiving_twoptm": 0}, {"week": "10", "receiving_tds": 1, "receiving_lng": 16, "active": "true", "receiving_rec": 5, "receiving_twopta": 0, "receiving_yds": 50, "receiving_lngtd": 5, "receiving_twoptm": 0}, {"week": "11", "fumbles_tot": 1, "receiving_tds": 0, "fumbles_yds": 0, "fumbles_lost": 1, "fumbles_trcv": 0, "receiving_lng": 16, "fumbles_rcv": 0, "active": "true", "receiving_rec": 3, "receiving_twopta": 0, "receiving_yds": 29, "receiving_lngtd": 0, "receiving_twoptm": 0}, {"week": "12", "receiving_tds": 0, "receiving_lng": 22, "active": "true", "receiving_rec": 3, "receiving_twopta": 0, "receiving_yds": 27, "receiving_lngtd": 0, "receiving_twoptm": 0}, {"week": "13", "receiving_tds": 1, "receiving_lng": 61, "active": "true", "receiving_rec": 5, "receiving_twopta": 0, "receiving_yds": 118, "receiving_lngtd": 14, "receiving_twoptm": 0}, {"week": "14", "receiving_tds": 0, "receiving_lng": 16, "active": "true", "receiving_rec": 3, "receiving_twopta": 0, "receiving_yds": 41, "receiving_lngtd": 0, "receiving_twoptm": 0}, {"week": "15", "receiving_tds": 0, "receiving_lng": 2, "active": "true", "receiving_rec": 1, "receiving_twopta": 0, "receiving_yds": 2, "receiving_lngtd": 0, "receiving_twoptm": 0}, {"week": "16", "receiving_tds": 0, "receiving_lng": 9, "active": "true", "receiving_rec": 2, "receiving_twopta": 0, "receiving_yds": 15, "receiving_lngtd": 0, "receiving_twoptm": 0}, {"week": "17", "receiving_tds": 0, "receiving_lng": 8, "active": "true", "receiving_rec": 2, "receiving_twopta": 0, "receiving_yds": 9, "receiving_lngtd": 0, "receiving_twoptm": 0}], "2011": [{"week": "1", "receiving_tds": 1, "receiving_lng": 27, "active": "true", "receiving_rec": 4, "receiving_twopta": 0, "receiving_yds": 74, "receiving_lngtd": 27, "receiving_twoptm": 0}, {"week": "2", "receiving_tds": 0, "receiving_lng": 20, "active": "true", "receiving_rec": 3, "receiving_twopta": 0, "receiving_yds": 46, "receiving_lngtd": 0, "receiving_twoptm": 0}, {"week": "3", "receiving_tds": 0, "receiving_lng": 21, "active": "true", "receiving_rec": 7, "receiving_twopta": 0, "receiving_yds": 74, "receiving_lngtd": 0, "receiving_twoptm": 0}, {"week": "4", "receiving_tds": 0, "receiving_lng": 28, "active": "true", "receiving_rec": 1, "receiving_twopta": 0, "receiving_yds": 28, "receiving_lngtd": 0, "receiving_twoptm": 0}, {"week": "5", "active": "false"}, {"week": "6", "receiving_tds": 0, "receiving_lng": 56, "active": "true", "receiving_rec": 8, "receiving_twopta": 0, "receiving_yds": 132, "receiving_lngtd": 0, "receiving_twoptm": 0}, {"week": "7", "receiving_tds": 1, "receiving_lng": 14, "active": "true", "receiving_rec": 4, "receiving_twopta": 0, "receiving_yds": 40, "receiving_lngtd": 5, "receiving_twoptm": 0}, {"week": "8", "receiving_tds": 0, "receiving_lng": 37, "active": "true", "receiving_rec": 7, "receiving_twopta": 0, "receiving_yds": 145, "receiving_lngtd": 0, "receiving_twoptm": 0}, {"week": "9", "receiving_tds": 0, "receiving_lng": 21, "active": "true", "receiving_rec": 7, "receiving_twopta": 0, "receiving_yds": 88, "receiving_lngtd": 0, "receiving_twoptm": 0}, {"week": "10", "receiving_tds": 0, "receiving_lng": 17, "active": "true", "receiving_rec": 2, "receiving_twopta": 0, "receiving_yds": 22, "receiving_lngtd": 0, "receiving_twoptm": 0}, {"week": "11", "receiving_tds": 1, "receiving_lng": 35, "active": "true", "receiving_rec": 1, "receiving_twopta": 0, "receiving_yds": 35, "receiving_lngtd": 35, "receiving_twoptm": 0}, {"week": "12", "receiving_tds": 0, "receiving_lng": 22, "active": "true", "receiving_rec": 4, "receiving_twopta": 0, "receiving_yds": 63, "receiving_lngtd": 0, "receiving_twoptm": 0}, {"week": "13", "receiving_tds": 0, "receiving_lng": 16, "active": "true", "receiving_rec": 2, "receiving_twopta": 0, "receiving_yds": 32, "receiving_lngtd": 0, "receiving_twoptm": 0}, {"week": "14", "receiving_tds": 0, "receiving_lng": 26, "active": "true", "receiving_rec": 5, "receiving_twopta": 0, "receiving_yds": 57, "receiving_lngtd": 0, "receiving_twoptm": 0}, {"week": "15", "receiving_tds": 0, "receiving_lng": 33, "active": "true", "receiving_rec": 2, "receiving_twopta": 0, "receiving_yds": 51, "receiving_lngtd": 0, "receiving_twoptm": 0}, {"week": "16", "active": "false"}, {"week": "17", "active": "false"}], "2012": [{"week": "1", "fumbles_tot": 0, "rushing_lngtd": 0, "receiving_tds": 1, "fumbles_yds": 0, "receiving_twopta": 0, "fumbles_trcv": 1, "receiving_lng": 34, "rushing_tds": 0, "fumbles_rcv": 1, "rushing_twopta": 0, "fumbles_lost": 0, "receiving_rec": 4, "rushing_lng": 3, "rushing_yds": 3, "receiving_lngtd": 34, "receiving_yds": 63, "rushing_att": 1, "receiving_twoptm": 0, "rushing_twoptm": 0, "active": "true"}, {"week": "2", "receiving_tds": 0, "receiving_lng": 7, "active": "true", "receiving_rec": 2, "receiving_twopta": 0, "receiving_yds": 7, "receiving_lngtd": 0, "receiving_twoptm": 0}, {"week": "3", "receiving_tds": 0, "receiving_lng": 24, "active": "true", "receiving_rec": 4, "receiving_twopta": 0, "receiving_yds": 48, "receiving_lngtd": 0, "receiving_twoptm": 0}, {"week": "4", "receiving_tds": 0, "receiving_lng": 28, "active": "true", "receiving_rec": 9, "receiving_twopta": 0, "receiving_yds": 131, "receiving_lngtd": 0, "receiving_twoptm": 0}, {"week": "5", "receiving_tds": 0, "receiving_lng": 43, "active": "true", "receiving_rec": 4, "receiving_twopta": 0, "receiving_yds": 82, "receiving_lngtd": 0, "receiving_twoptm": 0}, {"week": "6", "receiving_tds": 0, "receiving_lng": 31, "active": "true", "receiving_rec": 5, "receiving_twopta": 0, "receiving_yds": 98, "receiving_lngtd": 0, "receiving_twoptm": 0}, {"week": "7", "receiving_tds": 0, "receiving_lng": 10, "active": "true", "receiving_rec": 3, "receiving_twopta": 0, "receiving_yds": 24, "receiving_lngtd": 0, "receiving_twoptm": 0}, {"week": "8", "active": "false"}, {"week": "9", "receiving_tds": 0, "receiving_lng": 21, "active": "true", "receiving_rec": 5, "receiving_twopta": 1, "receiving_yds": 57, "receiving_lngtd": 0, "receiving_twoptm": 1}, {"week": "10", "receiving_tds": 0, "receiving_lng": 19, "active": "true", "receiving_rec": 4, "receiving_twopta": 0, "receiving_yds": 38, "receiving_lngtd": 0, "receiving_twoptm": 0}, {"week": "11", "receiving_tds": 0, "receiving_lng": 23, "active": "true", "receiving_rec": 8, "receiving_twopta": 0, "receiving_yds": 79, "receiving_lngtd": 0, "receiving_twoptm": 0}, {"week": "12", "receiving_tds": 0, "receiving_lng": 23, "active": "true", "receiving_rec": 2, "receiving_twopta": 0, "receiving_yds": 42, "receiving_lngtd": 0, "receiving_twoptm": 0}, {"week": "13", "receiving_tds": 1, "receiving_lng": 31, "active": "true", "receiving_rec": 5, "receiving_twopta": 0, "receiving_yds": 81, "receiving_lngtd": 28, "receiving_twoptm": 0}, {"week": "14", "receiving_tds": 2, "receiving_lng": 31, "active": "true", "receiving_rec": 3, "receiving_twopta": 0, "receiving_yds": 78, "receiving_lngtd": 31, "receiving_twoptm": 0}, {"week": "15", "active": "false"}, {"week": "16", "receiving_tds": 0, "receiving_lng": 39, "active": "true", "receiving_rec": 7, "receiving_twopta": 0, "receiving_yds": 93, "receiving_lngtd": 0, "receiving_twoptm": 0}, {"week": "17", "active": "false"}], "2013": [{"week": "1", "receiving_tds": 1, "receiving_lng": 43, "active": "true", "receiving_rec": 13, "receiving_twopta": 0, "receiving_yds": 208, "receiving_lngtd": 10, "receiving_twoptm": 0}, {"week": "2", "receiving_tds": 0, "receiving_lng": 7, "active": "true", "receiving_rec": 1, "receiving_twopta": 0, "receiving_yds": 7, "receiving_lngtd": 0, "receiving_twoptm": 0}, {"week": "3", "receiving_tds": 0, "receiving_lng": 24, "active": "true", "receiving_rec": 5, "receiving_twopta": 0, "receiving_yds": 67, "receiving_lngtd": 0, "receiving_twoptm": 0}, {"week": "4", "receiving_tds": 1, "receiving_lng": 42, "active": "true", "receiving_rec": 5, "receiving_twopta": 0, "receiving_yds": 90, "receiving_lngtd": 20, "receiving_twoptm": 0}, {"week": "5", "receiving_tds": 0, "receiving_lng": 12, "active": "true", "receiving_rec": 2, "receiving_twopta": 0, "receiving_yds": 21, "receiving_lngtd": 0, "receiving_twoptm": 0}, {"week": "6", "receiving_tds": 0, "receiving_lng": 15, "active": "true", "receiving_rec": 3, "receiving_twopta": 0, "receiving_yds": 28, "receiving_lngtd": 0, "receiving_twoptm": 0}, {"week": "7", "receiving_tds": 0, "receiving_lng": 25, "active": "true", "receiving_rec": 5, "receiving_twopta": 0, "receiving_yds": 74, "receiving_lngtd": 0, "receiving_twoptm": 0}, {"week": "8", "receiving_tds": 0, "receiving_lng": 21, "active": "true", "receiving_rec": 4, "receiving_twopta": 0, "receiving_yds": 56, "receiving_lngtd": 0, "receiving_twoptm": 0}, {"week": "9", "active": "false"}, {"week": "10", "receiving_tds": 0, "receiving_lng": 9, "active": "true", "receiving_rec": 3, "receiving_twopta": 0, "receiving_yds": 23, "receiving_lngtd": 0, "receiving_twoptm": 0}, {"week": "11", "receiving_tds": 1, "receiving_lng": 14, "active": "true", "receiving_rec": 6, "receiving_twopta": 0, "receiving_yds": 56, "receiving_lngtd": 11, "receiving_twoptm": 0}, {"week": "12", "receiving_tds": 2, "receiving_lng": 32, "active": "true", "receiving_rec": 5, "receiving_twopta": 0, "receiving_yds": 94, "receiving_lngtd": 19, "receiving_twoptm": 0}, {"week": "13", "receiving_tds": 0, "receiving_lng": 21, "active": "true", "receiving_rec": 9, "receiving_twopta": 0, "receiving_yds": 98, "receiving_lngtd": 0, "receiving_twoptm": 0}, {"week": "14", "receiving_tds": 0, "receiving_lng": 27, "active": "true", "receiving_rec": 6, "receiving_twopta": 0, "receiving_yds": 93, "receiving_lngtd": 0, "receiving_twoptm": 0}, {"week": "15", "rushing_lngtd": 0, "receiving_tds": 0, "receiving_twopta": 0, "receiving_lng": 25, "rushing_tds": 0, "rushing_twopta": 0, "active": "true", "receiving_rec": 3, "rushing_lng": 0, "rushing_yds": 0, "receiving_lngtd": 0, "receiving_yds": 43, "rushing_att": 1, "receiving_twoptm": 0, "rushing_twoptm": 0}, {"week": "16", "receiving_tds": 1, "receiving_lng": 22, "active": "true", "receiving_rec": 6, "receiving_twopta": 0, "receiving_yds": 72, "receiving_lngtd": 10, "receiving_twoptm": 0}, {"week": "17", "rushing_lngtd": 0, "receiving_tds": 1, "receiving_twopta": 0, "receiving_lng": 63, "rushing_tds": 0, "rushing_twopta": 0, "active": "true", "receiving_rec": 9, "rushing_lng": 11, "rushing_yds": 11, "receiving_lngtd": 4, "receiving_yds": 149, "rushing_att": 1, "receiving_twoptm": 0, "rushing_twoptm": 0}], "2014": [{"week": "1", "receiving_tds": 0, "receiving_lng": 37, "active": "true", "receiving_rec": 8, "receiving_twopta": 0, "receiving_yds": 99, "receiving_lngtd": 0, "receiving_twoptm": 0}, {"week": "2", "receiving_tds": 0, "receiving_lng": 21, "active": "true", "receiving_rec": 2, "receiving_twopta": 0, "receiving_yds": 34, "receiving_lngtd": 0, "receiving_twoptm": 0}, {"week": "3", "receiving_tds": 0, "receiving_lng": 7, "active": "true", "receiving_rec": 6, "receiving_twopta": 0, "receiving_yds": 36, "receiving_lngtd": 0, "receiving_twoptm": 0}, {"week": "4", "receiving_tds": 0, "receiving_lng": 23, "active": "true", "receiving_rec": 5, "receiving_twopta": 0, "receiving_yds": 62, "receiving_lngtd": 0, "receiving_twoptm": 0}, {"week": "5", "passing_att": 1, "passing_twoptm": 0, "receiving_twopta": 0, "passing_twopta": 0, "receiving_lng": 27, "passing_yds": 0, "passing_cmp": 0, "receiving_yds": 72, "receiving_rec": 4, "passing_ints": 0, "passing_tds": 0, "receiving_lngtd": 0, "receiving_twoptm": 0, "active": "true", "receiving_tds": 0}, {"week": "6", "receiving_tds": 1, "receiving_lng": 28, "active": "true", "receiving_rec": 7, "receiving_twopta": 0, "receiving_yds": 94, "receiving_lngtd": 11, "receiving_twoptm": 0}, {"week": "7", "receiving_tds": 0, "receiving_lng": 18, "active": "true", "receiving_rec": 7, "receiving_twopta": 0, "receiving_yds": 50, "receiving_lngtd": 0, "receiving_twoptm": 0}, {"week": "8", "active": "false"}, {"week": "9", "receiving_tds": 1, "receiving_lng": 27, "active": "true", "receiving_rec": 6, "receiving_twopta": 0, "receiving_yds": 93, "receiving_lngtd": 27, "receiving_twoptm": 0}, {"week": "10", "receiving_tds": 1, "receiving_lng": 25, "active": "true", "receiving_rec": 6, "receiving_twopta": 0, "receiving_yds": 95, "receiving_lngtd": 15, "receiving_twoptm": 0}, {"week": "11", "receiving_tds": 0, "receiving_lng": 16, "active": "true", "receiving_rec": 5, "receiving_twopta": 0, "receiving_yds": 53, "receiving_lngtd": 0, "receiving_twoptm": 0}, {"week": "12", "receiving_tds": 1, "receiving_lng": 30, "active": "true", "receiving_rec": 9, "receiving_twopta": 0, "receiving_yds": 137, "receiving_lngtd": 30, "receiving_twoptm": 0}, {"week": "13", "receiving_tds": 0, "receiving_lng": 10, "active": "true", "receiving_rec": 3, "receiving_twopta": 0, "receiving_yds": 18, "receiving_lngtd": 0, "receiving_twoptm": 0}, {"week": "14", "active": "false"}]}}