{"A.Gates": {"2009": [{"week": "1", "receiving_tds": 0, "receiving_lng": 25, "active": "true", "receiving_rec": 5, "receiving_twopta": 0, "receiving_yds": 83, "receiving_twoptm": 0}, {"week": "2", "fumbles_tot": 1, "receiving_tds": 0, "fumbles_yds": 0, "fumbles_lost": 0, "fumbles_trcv": 0, "receiving_lng": 37, "fumbles_rcv": 0, "active": "true", "receiving_rec": 5, "receiving_twopta": 0, "receiving_yds": 78, "receiving_twoptm": 0}, {"week": "3", "receiving_tds": 0, "receiving_lng": 19, "active": "true", "receiving_rec": 5, "receiving_twopta": 0, "receiving_yds": 64, "receiving_twoptm": 0}, {"week": "4", "receiving_tds": 2, "receiving_lng": 30, "active": "true", "receiving_rec": 9, "receiving_twopta": 0, "receiving_yds": 124, "receiving_twoptm": 0}, {"week": "5", "active": "false"}, {"week": "6", "receiving_tds": 0, "receiving_lng": 21, "active": "true", "receiving_rec": 5, "receiving_twopta": 0, "receiving_yds": 70, "receiving_twoptm": 0}, {"week": "7", "receiving_tds": 0, "receiving_lng": 25, "active": "true", "receiving_rec": 5, "receiving_twopta": 0, "receiving_yds": 55, "receiving_twoptm": 0}, {"week": "8", "receiving_tds": 0, "receiving_lng": 30, "active": "true", "receiving_rec": 3, "receiving_twopta": 0, "receiving_yds": 49, "receiving_twoptm": 0}, {"week": "9", "receiving_tds": 0, "receiving_lng": 29, "active": "true", "receiving_rec": 5, "receiving_twopta": 0, "receiving_yds": 67, "receiving_twoptm": 0}, {"week": "10", "receiving_tds": 0, "receiving_lng": 20, "active": "true", "receiving_rec": 7, "receiving_twopta": 0, "receiving_yds": 78, "receiving_twoptm": 0}, {"week": "11", "receiving_tds": 0, "receiving_lng": 24, "active": "true", "receiving_rec": 3, "receiving_twopta": 0, "receiving_yds": 41, "receiving_twoptm": 0}, {"week": "12", "receiving_tds": 2, "receiving_lng": 22, "active": "true", "receiving_rec": 7, "receiving_twopta": 0, "receiving_yds": 118, "receiving_twoptm": 0}, {"week": "13", "receiving_tds": 0, "receiving_lng": 56, "active": "true", "receiving_rec": 8, "receiving_twopta": 0, "receiving_yds": 167, "receiving_twoptm": 0}, {"week": "14", "receiving_tds": 1, "receiving_lng": 14, "active": "true", "receiving_rec": 4, "receiving_twopta": 0, "receiving_yds": 44, "receiving_twoptm": 0}, {"week": "15", "receiving_tds": 1, "receiving_lng": 13, "active": "true", "receiving_rec": 4, "receiving_twopta": 0, "receiving_yds": 33, "receiving_twoptm": 0}, {"week": "16", "receiving_tds": 1, "receiving_lng": 36, "active": "true", "receiving_rec": 3, "receiving_twopta": 0, "receiving_yds": 74, "receiving_twoptm": 0}, {"week": "17", "receiving_tds": 1, "receiving_lng": 12, "active": "true", "receiving_rec": 1, "receiving_twopta": 0, "receiving_yds": 12, "receiving_twoptm": 0}], "2010": [{"week": "1", "receiving_tds": 1, "receiving_lng": 34, "active": "true", "receiving_rec": 5, "receiving_twopta": 0, "receiving_yds": 76, "receiving_lngtd": 3, "receiving_twoptm": 0}, {"week": "2", "receiving_tds": 2, "receiving_lng": 26, "active": "true", "receiving_rec": 5, "receiving_twopta": 0, "receiving_yds": 57, "receiving_lngtd": 9, "receiving_twoptm": 0}, {"week": "3", "receiving_tds": 1, "receiving_lng": 28, "active": "true", "receiving_rec": 7, "receiving_twopta": 0, "receiving_yds": 109, "receiving_lngtd": 12, "receiving_twoptm": 0}, {"week": "4", "receiving_tds": 2, "receiving_lng": 33, "active": "true", "receiving_rec": 7, "receiving_twopta": 0, "receiving_yds": 144, "receiving_lngtd": 33, "receiving_twoptm": 0}, {"week": "5", "receiving_tds": 1, "receiving_lng": 28, "active": "true", "receiving_rec": 5, "receiving_twopta": 0, "receiving_yds": 92, "receiving_lngtd": 19, "receiving_twoptm": 0}, {"week": "6", "receiving_tds": 0, "receiving_lng": 9, "active": "true", "receiving_rec": 2, "receiving_twopta": 0, "receiving_yds": 12, "receiving_lngtd": 0, "receiving_twoptm": 0}, {"week": "7", "receiving_tds": 1, "receiving_lng": 26, "active": "true", "receiving_rec": 4, "receiving_twopta": 0, "receiving_yds": 50, "receiving_lngtd": 4, "receiving_twoptm": 0}, {"week": "8", "receiving_tds": 1, "receiving_lng": 48, "active": "true", "receiving_rec": 5, "receiving_twopta": 0, "receiving_yds": 123, "receiving_lngtd": 48, "receiving_twoptm": 0}, {"week": "9", "active": "false"}, {"week": "10", "active": "false"}, {"week": "11", "active": "false"}, {"week": "12", "receiving_tds": 0, "receiving_lng": 18, "active": "true", "receiving_rec": 4, "receiving_twopta": 0, "receiving_yds": 46, "receiving_lngtd": 0, "receiving_twoptm": 0}, {"week": "13", "receiving_tds": 1, "receiving_lng": 24, "active": "true", "receiving_rec": 6, "receiving_twopta": 0, "receiving_yds": 73, "receiving_lngtd": 4, "receiving_twoptm": 0}, {"week": "14", "active": "false"}, {"week": "15", "active": "false"}, {"week": "16", "active": "false"}, {"week": "17", "active": "false"}], "2011": [{"week": "1", "receiving_tds": 0, "receiving_lng": 15, "active": "true", "receiving_rec": 8, "receiving_twopta": 0, "receiving_yds": 74, "receiving_lngtd": 0, "receiving_twoptm": 0}, {"week": "2", "active": "false"}, {"week": "3", "active": "false"}, {"week": "4", "active": "false"}, {"week": "5", "active": "false"}, {"week": "6", "active": "false"}, {"week": "7", "receiving_tds": 1, "receiving_lng": 18, "active": "true", "receiving_rec": 5, "receiving_twopta": 0, "receiving_yds": 54, "receiving_lngtd": 2, "receiving_twoptm": 0}, {"week": "8", "receiving_tds": 0, "receiving_lng": 27, "active": "true", "receiving_rec": 4, "receiving_twopta": 0, "receiving_yds": 73, "receiving_lngtd": 0, "receiving_twoptm": 0}, {"week": "9", "receiving_tds": 1, "receiving_lng": 19, "active": "true", "receiving_rec": 8, "receiving_twopta": 0, "receiving_yds": 96, "receiving_lngtd": 11, "receiving_twoptm": 0}, {"week": "10", "receiving_tds": 0, "receiving_lng": 22, "active": "true", "receiving_rec": 5, "receiving_twopta": 0, "receiving_yds": 54, "receiving_lngtd": 0, "receiving_twoptm": 0}, {"week": "11", "receiving_tds": 1, "receiving_lng": 26, "active": "true", "receiving_rec": 4, "receiving_twopta": 0, "receiving_yds": 63, "receiving_lngtd": 8, "receiving_twoptm": 0}, {"week": "12", "receiving_tds": 1, "receiving_lng": 17, "active": "true", "receiving_rec": 6, "receiving_twopta": 0, "receiving_yds": 49, "receiving_lngtd": 6, "receiving_twoptm": 0}, {"week": "13", "receiving_tds": 0, "receiving_lng": 23, "active": "true", "receiving_rec": 6, "receiving_twopta": 0, "receiving_yds": 70, "receiving_lngtd": 0, "receiving_twoptm": 0}, {"week": "14", "receiving_tds": 2, "receiving_lng": 17, "active": "true", "receiving_rec": 7, "receiving_twopta": 0, "receiving_yds": 68, "receiving_lngtd": 9, "receiving_twoptm": 0}, {"week": "15", "receiving_tds": 0, "receiving_lng": 20, "active": "true", "receiving_rec": 2, "receiving_twopta": 0, "receiving_yds": 31, "receiving_lngtd": 0, "receiving_twoptm": 0}, {"week": "16", "receiving_tds": 0, "receiving_lng": 16, "active": "true", "receiving_rec": 4, "receiving_twopta": 0, "receiving_yds": 40, "receiving_lngtd": 0, "receiving_twoptm": 0}, {"week": "17", "receiving_tds": 1, "receiving_lng": 38, "active": "true", "receiving_rec": 5, "receiving_twopta": 0, "receiving_yds": 106, "receiving_lngtd": 38, "receiving_twoptm": 0}], "2012": [{"week": "1", "receiving_tds": 0, "receiving_lng": 17, "active": "true", "receiving_rec": 4, "receiving_twopta": 0, "receiving_yds": 43, "receiving_lngtd": 0, "receiving_twoptm": 0}, {"week": "2", "active": "false"}, {"week": "3", "receiving_tds": 0, "receiving_lng": 14, "active": "true", "receiving_rec": 3, "receiving_twopta": 0, "receiving_yds": 22, "receiving_lngtd": 0, "receiving_twoptm": 0}, {"week": "4", "receiving_tds": 0, "receiving_lng": 33, "active": "true", "receiving_rec": 3, "receiving_twopta": 0, "receiving_yds": 59, "receiving_lngtd": 0, "receiving_twoptm": 0}, {"week": "5", "receiving_tds": 0, "receiving_lng": 13, "active": "true", "receiving_rec": 3, "receiving_twopta": 0, "receiving_yds": 19, "receiving_lngtd": 0, "receiving_twoptm": 0}, {"week": "6", "receiving_tds": 2, "receiving_lng": 23, "active": "true", "receiving_rec": 6, "receiving_twopta": 0, "receiving_yds": 81, "receiving_lngtd": 15, "receiving_twoptm": 0}, {"week": "7", "active": "false"}, {"week": "8", "receiving_tds": 0, "receiving_lng": 9, "active": "true", "receiving_rec": 2, "receiving_twopta": 0, "receiving_yds": 14, "receiving_lngtd": 0, "receiving_twoptm": 0}, {"week": "9", "receiving_tds": 1, "receiving_lng": 21, "active": "true", "receiving_rec": 3, "receiving_twopta": 0, "receiving_yds": 43, "receiving_lngtd": 14, "receiving_twoptm": 0}, {"week": "10", "receiving_tds": 1, "receiving_lng": 33, "active": "true", "receiving_rec": 4, "receiving_twopta": 0, "receiving_yds": 57, "receiving_lngtd": 13, "receiving_twoptm": 0}, {"week": "11", "receiving_tds": 0, "receiving_lng": 13, "active": "true", "receiving_rec": 2, "receiving_twopta": 0, "receiving_yds": 17, "receiving_lngtd": 0, "receiving_twoptm": 0}, {"week": "12", "receiving_tds": 0, "receiving_lng": 11, "active": "true", "receiving_rec": 2, "receiving_twopta": 0, "receiving_yds": 13, "receiving_lngtd": 0, "receiving_twoptm": 0}, {"week": "13", "fumbles_tot": 0, "receiving_tds": 0, "fumbles_yds": 0, "fumbles_lost": 0, "fumbles_trcv": 1, "receiving_lng": 19, "fumbles_rcv": 1, "active": "true", "receiving_rec": 6, "receiving_twopta": 0, "receiving_yds": 49, "receiving_lngtd": 0, "receiving_twoptm": 0}, {"week": "14", "receiving_tds": 0, "receiving_lng": 14, "active": "true", "receiving_rec": 3, "receiving_twopta": 0, "receiving_yds": 31, "receiving_lngtd": 0, "receiving_twoptm": 0}, {"week": "15", "receiving_tds": 1, "receiving_lng": 9, "active": "true", "receiving_rec": 4, "receiving_twopta": 0, "receiving_yds": 31, "receiving_lngtd": 9, "receiving_twoptm": 0}, {"week": "16", "receiving_tds": 1, "receiving_lng": 34, "active": "true", "receiving_rec": 2, "receiving_twopta": 0, "receiving_yds": 44, "receiving_lngtd": 34, "receiving_twoptm": 0}, {"week": "17", "receiving_tds": 1, "receiving_lng": 11, "active": "true", "receiving_rec": 2, "receiving_twopta": 0, "receiving_yds": 15, "receiving_lngtd": 11, "receiving_twoptm": 0}], "2013": [{"week": "1", "receiving_tds": 0, "receiving_lng": 34, "active": "true", "receiving_rec": 2, "receiving_twopta": 0, "receiving_yds": 49, "receiving_lngtd": 0, "receiving_twoptm": 0}, {"week": "2", "fumbles_tot": 1, "receiving_tds": 0, "fumbles_yds": 0, "fumbles_lost": 1, "fumbles_trcv": 0, "receiving_lng": 24, "fumbles_rcv": 0, "active": "true", "receiving_rec": 8, "receiving_twopta": 0, "receiving_yds": 124, "receiving_lngtd": 0, "receiving_twoptm": 0}, {"week": "3", "receiving_tds": 1, "receiving_lng": 17, "active": "true", "receiving_rec": 5, "receiving_twopta": 0, "receiving_yds": 55, "receiving_lngtd": 7, "receiving_twoptm": 0}, {"week": "4", "receiving_tds": 1, "receiving_lng": 56, "active": "true", "receiving_rec": 10, "receiving_twopta": 0, "receiving_yds": 136, "receiving_lngtd": 56, "receiving_twoptm": 0}, {"week": "5", "receiving_tds": 0, "receiving_lng": 20, "active": "true", "receiving_rec": 7, "receiving_twopta": 0, "receiving_yds": 74, "receiving_lngtd": 0, "receiving_twoptm": 0}, {"week": "6", "receiving_tds": 0, "receiving_lng": 11, "active": "true", "receiving_rec": 4, "receiving_twopta": 0, "receiving_yds": 28, "receiving_lngtd": 0, "receiving_twoptm": 0}, {"week": "7", "receiving_tds": 0, "receiving_lng": 7, "active": "true", "receiving_rec": 6, "receiving_twopta": 0, "receiving_yds": 31, "receiving_lngtd": 0, "receiving_twoptm": 0}, {"week": "8", "active": "false"}, {"week": "9", "receiving_tds": 0, "receiving_lng": 15, "active": "true", "receiving_rec": 6, "receiving_twopta": 0, "receiving_yds": 53, "receiving_lngtd": 0, "receiving_twoptm": 0}, {"week": "10", "receiving_tds": 0, "receiving_lng": 24, "active": "true", "receiving_rec": 4, "receiving_twopta": 0, "receiving_yds": 62, "receiving_lngtd": 0, "receiving_twoptm": 0}, {"week": "11", "receiving_tds": 1, "receiving_lng": 27, "active": "true", "receiving_rec": 4, "receiving_twopta": 0, "receiving_yds": 52, "receiving_lngtd": 5, "receiving_twoptm": 0}, {"week": "12", "receiving_tds": 0, "receiving_lng": 12, "active": "true", "receiving_rec": 3, "receiving_twopta": 0, "receiving_yds": 21, "receiving_lngtd": 0, "receiving_twoptm": 0}, {"week": "13", "fumbles_tot": 1, "receiving_tds": 0, "fumbles_yds": 0, "fumbles_lost": 1, "fumbles_trcv": 0, "receiving_lng": 13, "fumbles_rcv": 0, "active": "true", "receiving_rec": 5, "receiving_twopta": 0, "receiving_yds": 41, "receiving_lngtd": 0, "receiving_twoptm": 0}, {"week": "14", "receiving_tds": 0, "receiving_lng": 23, "active": "true", "receiving_rec": 4, "receiving_twopta": 0, "receiving_yds": 50, "receiving_lngtd": 0, "receiving_twoptm": 0}, {"week": "15", "receiving_tds": 0, "receiving_lng": 14, "active": "true", "receiving_rec": 2, "receiving_twopta": 0, "receiving_yds": 23, "receiving_lngtd": 0, "receiving_twoptm": 0}, {"week": "16", "receiving_tds": 0, "receiving_lng": 16, "active": "true", "receiving_rec": 3, "receiving_twopta": 0, "receiving_yds": 42, "receiving_lngtd": 0, "receiving_twoptm": 0}, {"week": "17", "receiving_tds": 1, "receiving_lng": 16, "active": "true", "receiving_rec": 4, "receiving_twopta": 0, "receiving_yds": 31, "receiving_lngtd": 4, "receiving_twoptm": 0}], "2014": [{"week": "1", "receiving_tds": 0, "receiving_lng": 34, "active": "true", "receiving_rec": 6, "receiving_twopta": 0, "receiving_yds": 81, "receiving_lngtd": 0, "receiving_twoptm": 0}, {"week": "2", "receiving_tds": 3, "receiving_lng": 21, "active": "true", "receiving_rec": 7, "receiving_twopta": 0, "receiving_yds": 96, "receiving_lngtd": 21, "receiving_twoptm": 0}, {"week": "3", "receiving_tds": 0, "receiving_lng": 8, "active": "true", "receiving_rec": 1, "receiving_twopta": 0, "receiving_yds": 8, "receiving_lngtd": 0, "receiving_twoptm": 0}, {"week": "4", "receiving_tds": 0, "receiving_lng": 17, "active": "true", "receiving_rec": 3, "receiving_twopta": 0, "receiving_yds": 30, "receiving_lngtd": 0, "receiving_twoptm": 0}, {"week": "5", "receiving_tds": 2, "receiving_lng": 28, "active": "true", "receiving_rec": 4, "receiving_twopta": 0, "receiving_yds": 60, "receiving_lngtd": 12, "receiving_twoptm": 0}, {"week": "6", "receiving_tds": 1, "receiving_lng": 16, "active": "true", "receiving_rec": 3, "receiving_twopta": 0, "receiving_yds": 27, "receiving_lngtd": 1, "receiving_twoptm": 0}, {"week": "7", "receiving_tds": 1, "receiving_lng": 27, "active": "true", "receiving_rec": 3, "receiving_twopta": 0, "receiving_yds": 61, "receiving_lngtd": 27, "receiving_twoptm": 0}, {"week": "8", "receiving_tds": 2, "receiving_lng": 31, "active": "true", "receiving_rec": 5, "receiving_twopta": 0, "receiving_yds": 54, "receiving_lngtd": 10, "receiving_twoptm": 0}, {"week": "9", "receiving_tds": 0, "receiving_lng": 10, "active": "true", "receiving_rec": 3, "receiving_twopta": 0, "receiving_yds": 28, "receiving_lngtd": 0, "receiving_twoptm": 0}, {"week": "10", "active": "false"}, {"week": "11", "receiving_tds": 0, "receiving_lng": 15, "active": "true", "receiving_rec": 3, "receiving_twopta": 0, "receiving_yds": 32, "receiving_lngtd": 0, "receiving_twoptm": 0}, {"week": "12", "receiving_tds": 0, "receiving_lng": 10, "active": "true", "receiving_rec": 2, "receiving_twopta": 0, "receiving_yds": 14, "receiving_lngtd": 0, "receiving_twoptm": 0}, {"week": "13", "receiving_tds": 0, "receiving_lng": 23, "active": "true", "receiving_rec": 7, "receiving_twopta": 0, "receiving_yds": 83, "receiving_lngtd": 0, "receiving_twoptm": 0}, {"week": "14", "active": "false"}]}}