{"A.Cromartie": {"2009": [{"week": "1", "defense_sk": 0, "defense_tkl": 1, "defense_int": 0, "active": "true", "defense_ffum": 0, "defense_ast": 1}, {"week": "2", "kickret_lng": 22, "kickret_avg": 22, "defense_sk": 0, "defense_tkl": 2, "defense_int": 0, "kickret_tds": 0, "active": "true", "kickret_ret": 1, "defense_ffum": 0, "defense_ast": 0}, {"week": "3", "defense_sk": 0, "defense_tkl": 2, "defense_int": 0, "active": "true", "defense_ffum": 0, "defense_ast": 0}, {"week": "4", "kickret_lng": 9, "kickret_avg": 9, "defense_sk": 0, "defense_tkl": 4, "defense_int": 0, "kickret_tds": 0, "active": "true", "kickret_ret": 1, "defense_ffum": 0, "defense_ast": 0}, {"week": "5", "active": "false"}, {"week": "6", "defense_sk": 0, "defense_tkl": 3, "defense_int": 0, "active": "true", "defense_ffum": 0, "defense_ast": 0}, {"week": "7", "active": "false"}, {"week": "8", "defense_sk": 0, "defense_tkl": 1, "defense_int": 1, "active": "true", "defense_ffum": 0, "defense_ast": 0}, {"week": "9", "defense_sk": 0, "defense_tkl": 1, "defense_int": 0, "active": "true", "defense_ffum": 0, "defense_ast": 0}, {"week": "10", "defense_sk": 0, "defense_tkl": 1, "defense_int": 1, "active": "true", "defense_ffum": 0, "defense_ast": 0}, {"week": "11", "defense_sk": 0, "defense_tkl": 4, "defense_int": 1, "active": "true", "defense_ffum": 0, "defense_ast": 0}, {"week": "12", "defense_sk": 0, "defense_tkl": 5, "defense_int": 0, "active": "true", "defense_ffum": 0, "defense_ast": 1}, {"week": "13", "defense_sk": 0, "defense_tkl": 1, "defense_int": 0, "active": "true", "defense_ffum": 0, "defense_ast": 0}, {"week": "14", "defense_sk": 0, "defense_tkl": 1, "defense_int": 0, "active": "true", "defense_ffum": 0, "defense_ast": 0}, {"week": "15", "kickret_lng": 10, "kickret_avg": 10, "kickret_tds": 0, "active": "true", "kickret_ret": 1}, {"week": "16", "defense_sk": 0, "defense_tkl": 3, "defense_int": 0, "active": "true", "defense_ffum": 0, "defense_ast": 0}, {"week": "17", "defense_sk": 0, "defense_tkl": 2, "defense_int": 0, "active": "true", "defense_ffum": 0, "defense_ast": 0}], "2010": [{"week": "1", "defense_sk": 0, "defense_tkl": 2, "defense_int": 1, "active": "true", "defense_ffum": 0, "defense_ast": 0}, {"week": "2", "defense_sk": 0, "defense_tkl": 4, "defense_int": 1, "active": "true", "defense_ffum": 0, "defense_ast": 0}, {"week": "3", "defense_sk": 0, "defense_tkl": 5, "defense_int": 0, "active": "true", "defense_ffum": 0, "defense_ast": 1}, {"week": "4", "defense_sk": 0, "defense_tkl": 1, "defense_int": 0, "active": "true", "defense_ffum": 0, "defense_ast": 0}, {"week": "5", "defense_sk": 0, "defense_tkl": 1, "defense_int": 0, "active": "true", "defense_ffum": 0, "defense_ast": 0}, {"week": "6", "defense_sk": 0, "defense_tkl": 3, "defense_int": 0, "active": "true", "defense_ffum": 0, "defense_ast": 0}, {"week": "7", "active": "false"}, {"week": "8", "defense_sk": 0, "defense_tkl": 4, "defense_int": 0, "active": "true", "defense_ffum": 0, "defense_ast": 0}, {"week": "9", "defense_sk": 0, "defense_tkl": 4, "defense_int": 0, "active": "true", "defense_ffum": 0, "defense_ast": 0}, {"week": "10", "fumbles_tot": 0, "fumbles_yds": 0, "fumbles_lost": 0, "fumbles_trcv": 1, "fumbles_rcv": 0, "defense_sk": 0, "defense_tkl": 3, "defense_int": 0, "active": "true", "defense_ffum": 0, "defense_ast": 0}, {"week": "11", "defense_sk": 0, "defense_tkl": 1, "defense_int": 0, "active": "true", "defense_ffum": 0, "defense_ast": 0}, {"week": "12", "defense_sk": 0, "defense_tkl": 4, "defense_int": 1, "active": "true", "defense_ffum": 0, "defense_ast": 0}, {"week": "13", "defense_sk": 0, "defense_tkl": 1, "defense_int": 0, "active": "true", "defense_ffum": 0, "defense_ast": 0}, {"week": "14", "puntret_tds": 0, "puntret_ret": 5, "puntret_avg": 7, "puntret_lngtd": 0, "puntret_lng": 16, "defense_tkl": 1, "defense_int": 0, "active": "true", "defense_sk": 0, "defense_ffum": 0, "defense_ast": 0}, {"week": "15", "kickret_lngtd": 0, "kickret_lng": -6, "kickret_avg": -6, "defense_sk": 0, "defense_tkl": 5, "defense_int": 0, "kickret_tds": 0, "active": "true", "kickret_ret": 1, "defense_ffum": 0, "defense_ast": 0}, {"week": "16", "defense_sk": 0, "defense_tkl": 2, "defense_int": 0, "active": "true", "defense_ffum": 0, "defense_ast": 0}, {"week": "17", "active": "false"}], "2011": [{"week": "1", "kickret_lngtd": 0, "kickret_lng": 22, "kickret_avg": 17, "defense_sk": 0, "defense_tkl": 1, "defense_int": 0, "kickret_tds": 0, "active": "true", "kickret_ret": 3, "defense_ffum": 0, "defense_ast": 0}, {"week": "2", "kickret_lngtd": 0, "rushing_lngtd": 0, "kickret_lng": 46, "kickret_tds": 0, "kickret_ret": 2, "rushing_tds": 0, "kickret_avg": 42, "defense_sk": 0, "rushing_twopta": 0, "defense_tkl": 2, "rushing_lng": 1, "rushing_yds": 1, "active": "true", "rushing_att": 1, "rushing_twoptm": 0, "defense_ffum": 0, "defense_ast": 1, "defense_int": 2}, {"week": "3", "fumbles_tot": 1, "kickret_lngtd": 0, "kickret_lng": 29, "fumbles_yds": 0, "fumbles_lost": 1, "fumbles_trcv": 0, "fumbles_rcv": 0, "kickret_avg": 14, "defense_tkl": 5, "defense_int": 0, "kickret_tds": 0, "active": "true", "defense_sk": 0, "kickret_ret": 2, "defense_ffum": 0, "defense_ast": 3}, {"week": "4", "defense_sk": 0, "defense_tkl": 1, "defense_int": 0, "active": "true", "defense_ffum": 0, "defense_ast": 0}, {"week": "5", "defense_sk": 0, "defense_tkl": 2, "defense_int": 1, "active": "true", "defense_ffum": 0, "defense_ast": 1}, {"week": "6", "defense_sk": 0, "defense_tkl": 1, "defense_int": 0, "active": "true", "defense_ffum": 0, "defense_ast": 0}, {"week": "7", "defense_sk": 0, "defense_tkl": 4, "defense_int": 0, "active": "true", "defense_ffum": 0, "defense_ast": 0}, {"week": "8", "active": "false"}, {"week": "9", "defense_sk": 0, "defense_tkl": 1, "defense_int": 0, "active": "true", "defense_ffum": 1, "defense_ast": 0}, {"week": "10", "defense_sk": 0, "defense_tkl": 2, "defense_int": 0, "active": "true", "defense_ffum": 0, "defense_ast": 2}, {"week": "11", "kickret_lngtd": 0, "kickret_lng": 23, "kickret_avg": 23, "defense_sk": 0, "defense_tkl": 1, "defense_int": 0, "kickret_tds": 0, "active": "true", "kickret_ret": 1, "defense_ffum": 0, "defense_ast": 0}, {"week": "12", "fumbles_tot": 1, "defense_ast": 0, "puntret_ret": 1, "puntret_avg": 0, "fumbles_yds": 0, "fumbles_lost": 1, "fumbles_trcv": 0, "fumbles_rcv": 0, "puntret_tds": 0, "defense_sk": 0, "defense_tkl": 2, "defense_int": 0, "active": "true", "puntret_lng": 0, "defense_ffum": 0, "puntret_lngtd": 0}, {"week": "13", "kickret_lngtd": 0, "kickret_lng": 17, "kickret_avg": 17, "defense_sk": 0, "defense_tkl": 2, "defense_int": 0, "kickret_tds": 0, "active": "true", "kickret_ret": 1, "defense_ffum": 0, "defense_ast": 1}, {"week": "14", "kickret_lngtd": 0, "kickret_lng": 28, "kickret_avg": 28, "defense_sk": 0, "defense_tkl": 3, "defense_int": 0, "kickret_tds": 0, "active": "true", "kickret_ret": 1, "defense_ffum": 0, "defense_ast": 0}, {"week": "15", "kickret_lngtd": 0, "kickret_lng": 42, "kickret_avg": 29, "defense_sk": 0, "defense_tkl": 2, "defense_int": 0, "kickret_tds": 0, "active": "true", "kickret_ret": 5, "defense_ffum": 0, "defense_ast": 0}, {"week": "16", "kickret_lngtd": 0, "kickret_lng": 20, "kickret_avg": 19, "defense_sk": 0, "defense_tkl": 2, "defense_int": 0, "kickret_tds": 0, "active": "true", "kickret_ret": 2, "defense_ffum": 0, "defense_ast": 1}, {"week": "17", "defense_sk": 0, "defense_tkl": 3, "defense_int": 1, "active": "true", "defense_ffum": 0, "defense_ast": 0}], "2012": [{"week": "1", "defense_sk": 0, "defense_tkl": 2, "defense_int": 1, "active": "true", "defense_ffum": 0, "defense_ast": 2}, {"week": "2", "defense_sk": 0, "defense_tkl": 2, "defense_int": 0, "active": "true", "defense_ffum": 0, "defense_ast": 1}, {"week": "3", "defense_sk": 0, "defense_tkl": 2, "defense_int": 0, "active": "true", "defense_ffum": 0, "defense_ast": 0}, {"week": "4", "defense_sk": 0, "defense_tkl": 3, "defense_int": 0, "active": "true", "defense_ffum": 0, "defense_ast": 0}, {"week": "5", "defense_sk": 0, "defense_tkl": 1, "defense_int": 1, "active": "true", "defense_ffum": 0, "defense_ast": 0}, {"week": "6", "kickret_lngtd": 0, "kickret_lng": 20, "kickret_avg": 20, "defense_sk": 0, "defense_tkl": 3, "defense_int": 1, "kickret_tds": 0, "active": "true", "kickret_ret": 1, "defense_ffum": 0, "defense_ast": 1}, {"week": "7", "defense_sk": 0, "defense_tkl": 1, "defense_int": 0, "active": "true", "defense_ffum": 0, "defense_ast": 0}, {"week": "8", "defense_sk": 0, "defense_tkl": 2, "defense_int": 0, "active": "true", "defense_ffum": 0, "defense_ast": 0}, {"week": "9", "active": "false"}, {"week": "10", "defense_sk": 0, "defense_tkl": 3, "defense_int": 0, "active": "true", "defense_ffum": 0, "defense_ast": 1}, {"week": "11", "defense_sk": 0, "defense_tkl": 1, "defense_int": 0, "active": "true", "defense_ffum": 0, "defense_ast": 0}, {"week": "12", "active": "false"}, {"week": "13", "kickret_lngtd": 0, "kickret_lng": 22, "kickret_avg": 22, "defense_sk": 0, "defense_tkl": 2, "defense_int": 0, "kickret_tds": 0, "active": "true", "kickret_ret": 1, "defense_ffum": 0, "defense_ast": 0}, {"week": "14", "receiving_tds": 0, "receiving_lng": -2, "defense_sk": 0, "active": "true", "defense_tkl": 3, "receiving_rec": 1, "defense_int": 0, "receiving_twopta": 0, "receiving_yds": -2, "receiving_lngtd": 0, "receiving_twoptm": 0, "defense_ffum": 0, "defense_ast": 0}, {"week": "15", "defense_sk": 0, "defense_tkl": 1, "defense_int": 0, "active": "true", "defense_ffum": 0, "defense_ast": 0}, {"week": "16", "defense_sk": 0, "defense_tkl": 2, "defense_int": 0, "active": "true", "defense_ffum": 0, "defense_ast": 0}, {"week": "17", "defense_sk": 0, "defense_tkl": 2, "defense_int": 0, "active": "true", "defense_ffum": 0, "defense_ast": 0}], "2013": [{"week": "1", "defense_sk": 0, "defense_tkl": 0, "defense_int": 0, "active": "true", "defense_ffum": 0, "defense_ast": 1}, {"week": "2", "defense_sk": 0, "defense_tkl": 1, "defense_int": 0, "active": "true", "defense_ffum": 0, "defense_ast": 1}, {"week": "3", "defense_sk": 0, "defense_tkl": 5, "defense_int": 0, "active": "true", "defense_ffum": 1, "defense_ast": 0}, {"week": "4", "defense_sk": 0, "defense_tkl": 4, "defense_int": 0, "active": "true", "defense_ffum": 0, "defense_ast": 0}, {"week": "5", "defense_sk": 0, "defense_tkl": 3, "defense_int": 0, "active": "true", "defense_ffum": 0, "defense_ast": 0}, {"week": "6", "defense_sk": 0, "defense_tkl": 2, "defense_int": 0, "active": "true", "defense_ffum": 0, "defense_ast": 0}, {"week": "7", "defense_sk": 0, "defense_tkl": 0, "defense_int": 0, "active": "true", "defense_ffum": 0, "defense_ast": 1}, {"week": "8", "defense_sk": 0, "defense_tkl": 2, "defense_int": 0, "active": "true", "defense_ffum": 0, "defense_ast": 0}, {"week": "9", "defense_sk": 0, "defense_tkl": 1, "defense_int": 1, "active": "true", "defense_ffum": 0, "defense_ast": 0}, {"week": "10", "active": "false"}, {"week": "11", "defense_sk": 0, "defense_tkl": 5, "defense_int": 0, "active": "true", "defense_ffum": 0, "defense_ast": 0}, {"week": "12", "defense_sk": 0, "defense_tkl": 2, "defense_int": 1, "active": "true", "defense_ffum": 0, "defense_ast": 0}, {"week": "13", "kickret_lngtd": 0, "kickret_lng": 41, "kickret_avg": 31, "defense_sk": 0, "defense_tkl": 3, "defense_int": 1, "kickret_tds": 0, "active": "true", "kickret_ret": 4, "defense_ffum": 0, "defense_ast": 0}, {"week": "14", "defense_sk": 0, "defense_tkl": 1, "defense_int": 0, "active": "true", "defense_ffum": 0, "defense_ast": 0}, {"week": "15", "kickret_lngtd": 0, "kickret_lng": 22, "kickret_avg": 22, "defense_sk": 0, "defense_tkl": 2, "defense_int": 0, "kickret_tds": 0, "active": "true", "kickret_ret": 1, "defense_ffum": 0, "defense_ast": 0}, {"week": "16", "defense_sk": 0, "defense_tkl": 1, "defense_int": 0, "active": "true", "defense_ffum": 0, "defense_ast": 0}, {"week": "17", "kickret_lngtd": 0, "kickret_lng": 16, "kickret_avg": 16, "defense_sk": 0, "defense_tkl": 3, "defense_int": 0, "kickret_tds": 0, "active": "true", "kickret_ret": 1, "defense_ffum": 0, "defense_ast": 0}], "2014": [{"week": "1", "defense_sk": 0, "defense_tkl": 2, "defense_int": 0, "active": "true", "defense_ffum": 0, "defense_ast": 1}, {"week": "2", "defense_sk": 0, "defense_tkl": 3, "defense_int": 0, "active": "true", "defense_ffum": 0, "defense_ast": 0}, {"week": "3", "active": "false"}, {"week": "4", "active": "false"}, {"week": "5", "defense_sk": 0, "defense_tkl": 3, "defense_int": 0, "active": "true", "defense_ffum": 0, "defense_ast": 0}, {"week": "6", "defense_sk": 0, "defense_tkl": 1, "defense_int": 0, "active": "true", "defense_ffum": 0, "defense_ast": 0}, {"week": "7", "defense_sk": 0, "defense_tkl": 2, "defense_int": 0, "active": "true", "defense_ffum": 0, "defense_ast": 0}, {"week": "8", "defense_sk": 0, "defense_tkl": 5, "defense_int": 2, "active": "true", "defense_ffum": 0, "defense_ast": 0}, {"week": "9", "defense_sk": 0, "defense_tkl": 3, "defense_int": 1, "active": "true", "defense_ffum": 0, "defense_ast": 0}, {"week": "10", "fumbles_tot": 0, "fumbles_yds": 14, "fumbles_lost": 0, "fumbles_trcv": 1, "fumbles_rcv": 0, "defense_sk": 0, "defense_tkl": 1, "defense_int": 0, "active": "true", "defense_ffum": 0, "defense_ast": 0}, {"week": "11", "defense_sk": 0, "defense_tkl": 2, "defense_int": 0, "active": "true", "defense_ffum": 0, "defense_ast": 0}, {"week": "12", "defense_sk": 0, "defense_tkl": 1, "defense_int": 0, "active": "true", "defense_ffum": 0, "defense_ast": 0}, {"week": "13", "defense_sk": 0, "defense_tkl": 7, "defense_int": 0, "active": "true", "defense_ffum": 0, "defense_ast": 1}, {"week": "14", "defense_sk": 0, "defense_tkl": 1, "defense_int": 0, "active": "true", "defense_ffum": 0, "defense_ast": 2}]}}