{"A.Cason": {"2009": [{"week": "1", "defense_sk": 0, "defense_tkl": 2, "defense_int": 1, "active": "true", "defense_ffum": 0, "defense_ast": 1}, {"week": "2", "defense_sk": 0, "defense_tkl": 1, "defense_int": 1, "active": "true", "defense_ffum": 0, "defense_ast": 0}, {"week": "3", "defense_sk": 0, "defense_tkl": 2, "defense_int": 0, "active": "true", "defense_ffum": 0, "defense_ast": 0}, {"week": "4", "active": "false"}, {"week": "5", "active": "false"}, {"week": "6", "defense_sk": 0, "defense_tkl": 4, "defense_int": 0, "active": "true", "defense_ffum": 0, "defense_ast": 0}, {"week": "7", "active": "false"}, {"week": "8", "active": "false"}, {"week": "9", "defense_sk": 0, "defense_tkl": 0, "defense_int": 0, "active": "true", "defense_ffum": 0, "defense_ast": 1}, {"week": "10", "defense_sk": 0, "defense_tkl": 1, "defense_int": 0, "active": "true", "defense_ffum": 0, "defense_ast": 0}, {"week": "11", "active": "false"}, {"week": "12", "defense_sk": 0, "defense_tkl": 1, "defense_int": 0, "active": "true", "defense_ffum": 0, "defense_ast": 0}, {"week": "13", "defense_sk": 0, "defense_tkl": 5, "defense_int": 0, "active": "true", "defense_ffum": 0, "defense_ast": 0}, {"week": "14", "active": "false"}, {"week": "15", "defense_sk": 0, "defense_tkl": 3, "defense_int": 0, "active": "true", "defense_ffum": 0, "defense_ast": 1}, {"week": "16", "active": "false"}, {"week": "17", "defense_sk": 0, "defense_tkl": 11, "defense_int": 0, "active": "true", "defense_ffum": 0, "defense_ast": 1}], "2010": [{"week": "1", "defense_sk": 0, "defense_tkl": 4, "defense_int": 0, "active": "true", "defense_ffum": 0, "defense_ast": 1}, {"week": "2", "defense_sk": 0, "defense_tkl": 6, "defense_int": 2, "active": "true", "defense_ffum": 1, "defense_ast": 0}, {"week": "3", "defense_sk": 0, "defense_tkl": 5, "defense_int": 0, "active": "true", "defense_ffum": 0, "defense_ast": 0}, {"week": "4", "defense_sk": 0, "defense_tkl": 3, "defense_int": 0, "active": "true", "defense_ffum": 0, "defense_ast": 0}, {"week": "5", "defense_sk": 0, "defense_tkl": 2, "defense_int": 0, "active": "true", "defense_ffum": 0, "defense_ast": 0}, {"week": "6", "defense_sk": 0, "defense_tkl": 4, "defense_int": 0, "active": "true", "defense_ffum": 0, "defense_ast": 0}, {"week": "7", "defense_sk": 0, "defense_tkl": 2, "defense_int": 0, "active": "true", "defense_ffum": 0, "defense_ast": 0}, {"week": "8", "defense_sk": 0, "defense_tkl": 1, "defense_int": 0, "active": "true", "defense_ffum": 0, "defense_ast": 1}, {"week": "9", "defense_sk": 0, "defense_tkl": 7, "defense_int": 0, "active": "true", "defense_ffum": 0, "defense_ast": 1}, {"week": "10", "active": "false"}, {"week": "11", "defense_sk": 0, "defense_tkl": 7, "defense_int": 1, "active": "true", "defense_ffum": 0, "defense_ast": 2}, {"week": "12", "defense_sk": 0, "defense_tkl": 1, "defense_int": 1, "active": "true", "defense_ffum": 0, "defense_ast": 1}, {"week": "13", "defense_sk": 0, "defense_tkl": 4, "defense_int": 0, "active": "true", "defense_ffum": 0, "defense_ast": 1}, {"week": "14", "puntret_tds": 0, "puntret_ret": 5, "puntret_avg": 15, "puntret_lngtd": 0, "puntret_lng": 42, "defense_tkl": 4, "defense_int": 0, "active": "true", "defense_sk": 0, "defense_ffum": 0, "defense_ast": 0}, {"week": "15", "puntret_tds": 0, "puntret_ret": 5, "puntret_avg": 9, "puntret_lngtd": 0, "puntret_lng": 22, "defense_tkl": 3, "defense_int": 0, "active": "true", "defense_sk": 0, "defense_ffum": 0, "defense_ast": 0}, {"week": "16", "puntret_tds": 0, "puntret_ret": 1, "puntret_avg": 12, "puntret_lngtd": 0, "puntret_lng": 12, "defense_tkl": 2, "defense_int": 0, "active": "true", "defense_sk": 0, "defense_ffum": 0, "defense_ast": 3}, {"week": "17", "puntret_tds": 0, "puntret_ret": 3, "puntret_avg": 31, "puntret_lngtd": 0, "puntret_lng": 62, "defense_tkl": 2, "defense_int": 0, "active": "true", "defense_sk": 0, "defense_ffum": 0, "defense_ast": 0}], "2011": [{"week": "1", "defense_sk": 0, "defense_tkl": 2, "defense_int": 0, "active": "true", "defense_ffum": 0, "defense_ast": 0}, {"week": "2", "defense_sk": 0, "defense_tkl": 2, "defense_int": 0, "active": "true", "defense_ffum": 0, "defense_ast": 1}, {"week": "3", "defense_sk": 0, "defense_tkl": 5, "defense_int": 0, "active": "true", "defense_ffum": 0, "defense_ast": 1}, {"week": "4", "defense_sk": 0, "defense_tkl": 4, "defense_int": 0, "active": "true", "defense_ffum": 0, "defense_ast": 1}, {"week": "5", "defense_sk": 0, "defense_tkl": 4, "defense_int": 0, "active": "true", "defense_ffum": 0, "defense_ast": 0}, {"week": "6", "active": "false"}, {"week": "7", "defense_sk": 0, "defense_tkl": 1, "defense_int": 0, "active": "true", "defense_ffum": 0, "defense_ast": 0}, {"week": "8", "active": "false"}, {"week": "9", "defense_sk": 0, "defense_tkl": 2, "defense_int": 0, "active": "true", "defense_ffum": 0, "defense_ast": 0}, {"week": "10", "defense_sk": 0, "defense_tkl": 4, "defense_int": 0, "active": "true", "defense_ffum": 0, "defense_ast": 1}, {"week": "11", "defense_sk": 0, "defense_tkl": 3, "defense_int": 1, "active": "true", "defense_ffum": 0, "defense_ast": 1}, {"week": "12", "defense_sk": 0, "defense_tkl": 3, "defense_int": 0, "active": "true", "defense_ffum": 0, "defense_ast": 0}, {"week": "13", "defense_sk": 0, "defense_tkl": 5, "defense_int": 0, "active": "true", "defense_ffum": 0, "defense_ast": 1}, {"week": "14", "defense_sk": 0, "defense_tkl": 3, "defense_int": 0, "active": "true", "defense_ffum": 0, "defense_ast": 0}, {"week": "15", "defense_sk": 0, "defense_tkl": 1, "defense_int": 0, "active": "true", "defense_ffum": 0, "defense_ast": 0}, {"week": "16", "puntret_tds": 0, "puntret_ret": 1, "puntret_avg": 17, "puntret_lngtd": 0, "puntret_lng": 17, "defense_tkl": 1, "defense_int": 0, "active": "true", "defense_sk": 0, "defense_ffum": 0, "defense_ast": 1}, {"week": "17", "defense_sk": 0, "defense_tkl": 6, "defense_int": 1, "active": "true", "defense_ffum": 0, "defense_ast": 0}], "2012": [{"week": "1", "defense_sk": 0, "defense_tkl": 3, "defense_int": 0, "active": "true", "defense_ffum": 0, "defense_ast": 0}, {"week": "2", "defense_sk": 0, "defense_tkl": 4, "defense_int": 0, "active": "true", "defense_ffum": 0, "defense_ast": 0}, {"week": "3", "defense_sk": 0, "defense_tkl": 5, "defense_int": 1, "active": "true", "defense_ffum": 0, "defense_ast": 0}, {"week": "4", "defense_sk": 0, "defense_tkl": 2, "defense_int": 1, "active": "true", "defense_ffum": 0, "defense_ast": 0}, {"week": "5", "defense_sk": 0, "defense_tkl": 7, "defense_int": 0, "active": "true", "defense_ffum": 1, "defense_ast": 1}, {"week": "6", "defense_sk": 0, "defense_tkl": 5, "defense_int": 0, "active": "true", "defense_ffum": 0, "defense_ast": 2}, {"week": "7", "active": "false"}, {"week": "8", "defense_sk": 0, "defense_tkl": 2, "defense_int": 0, "active": "true", "defense_ffum": 0, "defense_ast": 1}, {"week": "9", "defense_sk": 0, "defense_tkl": 4, "defense_int": 0, "active": "true", "defense_ffum": 0, "defense_ast": 0}, {"week": "10", "defense_sk": 0, "defense_tkl": 3, "defense_int": 0, "active": "true", "defense_ffum": 0, "defense_ast": 0}, {"week": "11", "puntret_tds": 0, "kickret_lngtd": 0, "puntret_ret": 1, "kickret_lng": 16, "puntret_avg": 9, "puntret_lngtd": 0, "kickret_avg": 16, "puntret_lng": 9, "defense_tkl": 2, "defense_int": 0, "kickret_tds": 0, "active": "true", "defense_sk": 0, "kickret_ret": 1, "defense_ffum": 0, "defense_ast": 0}, {"week": "12", "defense_sk": 0, "defense_tkl": 5, "defense_int": 0, "active": "true", "defense_ffum": 0, "defense_ast": 2}, {"week": "13", "defense_sk": 0, "defense_tkl": 4, "defense_int": 0, "active": "true", "defense_ffum": 0, "defense_ast": 0}, {"week": "14", "defense_sk": 0, "defense_tkl": 3, "defense_int": 0, "active": "true", "defense_ffum": 0, "defense_ast": 0}, {"week": "15", "defense_sk": 0, "defense_tkl": 4, "defense_int": 0, "active": "true", "defense_ffum": 1, "defense_ast": 1}, {"week": "16", "defense_sk": 0, "defense_tkl": 6, "defense_int": 0, "active": "true", "defense_ffum": 0, "defense_ast": 1}, {"week": "17", "defense_sk": 0, "defense_tkl": 3, "defense_int": 0, "active": "true", "defense_ffum": 0, "defense_ast": 3}], "2013": [{"week": "1", "defense_sk": 0, "defense_tkl": 1, "defense_int": 0, "active": "true", "defense_ffum": 0, "defense_ast": 0}, {"week": "2", "active": "false"}, {"week": "3", "active": "false"}, {"week": "4", "active": "false"}, {"week": "5", "fumbles_tot": 0, "fumbles_yds": 43, "fumbles_lost": 0, "fumbles_trcv": 1, "fumbles_rcv": 0, "active": "true"}, {"week": "6", "active": "false"}, {"week": "7", "defense_sk": 0, "defense_tkl": 1, "defense_int": 0, "active": "true", "defense_ffum": 0, "defense_ast": 0}, {"week": "8", "active": "false"}, {"week": "9", "active": "false"}, {"week": "10", "active": "false"}, {"week": "11", "active": "false"}, {"week": "12", "active": "false"}, {"week": "13", "fumbles_tot": 0, "fumbles_yds": 16, "fumbles_lost": 0, "fumbles_trcv": 1, "fumbles_rcv": 1, "active": "true"}, {"week": "14", "defense_sk": 0, "defense_tkl": 1, "defense_int": 0, "active": "true", "defense_ffum": 0, "defense_ast": 0}, {"week": "15", "fumbles_tot": 0, "fumbles_yds": 0, "fumbles_lost": 0, "fumbles_trcv": 1, "fumbles_rcv": 0, "defense_sk": 0, "defense_tkl": 2, "defense_int": 2, "active": "true", "defense_ffum": 0, "defense_ast": 2}, {"week": "16", "defense_sk": 0, "defense_tkl": 2, "defense_int": 0, "active": "true", "defense_ffum": 0, "defense_ast": 0}, {"week": "17", "defense_sk": 0, "defense_tkl": 2, "defense_int": 0, "active": "true", "defense_ffum": 0, "defense_ast": 0}], "2014": [{"week": "1", "defense_sk": 0, "defense_tkl": 9, "defense_int": 1, "active": "true", "defense_ffum": 0, "defense_ast": 0}, {"week": "2", "fumbles_tot": 0, "fumbles_yds": 0, "fumbles_lost": 0, "fumbles_trcv": 1, "fumbles_rcv": 0, "defense_sk": 0, "defense_tkl": 7, "defense_int": 0, "active": "true", "defense_ffum": 2, "defense_ast": 3}, {"week": "3", "defense_sk": 0, "defense_tkl": 5, "defense_int": 0, "active": "true", "defense_ffum": 0, "defense_ast": 2}, {"week": "4", "defense_sk": 0, "defense_tkl": 1, "defense_int": 0, "active": "true", "defense_ffum": 0, "defense_ast": 1}, {"week": "5", "fumbles_tot": 0, "fumbles_yds": 0, "fumbles_lost": 0, "fumbles_trcv": 1, "fumbles_rcv": 1, "defense_sk": 0, "defense_tkl": 3, "defense_int": 0, "active": "true", "defense_ffum": 1, "defense_ast": 3}, {"week": "6", "defense_sk": 0, "defense_tkl": 7, "defense_int": 1, "active": "true", "defense_ffum": 0, "defense_ast": 1}, {"week": "7", "defense_sk": 0, "defense_tkl": 3, "defense_int": 0, "active": "true", "defense_ffum": 0, "defense_ast": 1}, {"week": "8", "defense_sk": 0, "defense_tkl": 1, "defense_int": 0, "active": "true", "defense_ffum": 0, "defense_ast": 1}, {"week": "9", "defense_sk": 0, "defense_tkl": 2, "defense_int": 0, "active": "true", "defense_ffum": 1, "defense_ast": 0}, {"week": "10", "defense_sk": 0, "defense_tkl": 2, "defense_int": 0, "active": "true", "defense_ffum": 0, "defense_ast": 0}, {"week": "11", "defense_sk": 0, "defense_tkl": 3, "defense_int": 0, "active": "true", "defense_ffum": 0, "defense_ast": 2}, {"week": "12", "active": "false"}, {"week": "13", "defense_sk": 0, "defense_tkl": 1, "defense_int": 0, "active": "true", "defense_ffum": 0, "defense_ast": 0}, {"week": "14", "active": "false"}]}}