{"A.Johnson": {"2009": [{"week": "1", "receiving_tds": 0, "receiving_lng": 17, "active": "true", "receiving_rec": 4, "receiving_twopta": 0, "receiving_yds": 35, "receiving_twoptm": 0}, {"week": "2", "receiving_tds": 2, "receiving_lng": 72, "active": "true", "receiving_rec": 10, "receiving_twopta": 0, "receiving_yds": 149, "receiving_twoptm": 0}, {"week": "3", "receiving_tds": 0, "receiving_lng": 25, "active": "true", "receiving_rec": 4, "receiving_twopta": 0, "receiving_yds": 86, "receiving_twoptm": 0}, {"week": "4", "receiving_tds": 0, "receiving_lng": 62, "active": "true", "receiving_rec": 2, "receiving_twopta": 0, "receiving_yds": 66, "receiving_twoptm": 0}, {"week": "5", "receiving_tds": 2, "receiving_lng": 21, "active": "true", "receiving_rec": 8, "receiving_twopta": 0, "receiving_yds": 101, "receiving_twoptm": 0}, {"week": "6", "receiving_tds": 0, "receiving_lng": 59, "active": "true", "receiving_rec": 8, "receiving_twopta": 0, "receiving_yds": 135, "receiving_twoptm": 0}, {"week": "7", "receiving_tds": 0, "receiving_lng": 44, "active": "true", "receiving_rec": 2, "receiving_twopta": 0, "receiving_yds": 62, "receiving_twoptm": 0}, {"week": "8", "receiving_tds": 0, "receiving_lng": 18, "active": "true", "receiving_rec": 6, "receiving_twopta": 1, "receiving_yds": 63, "receiving_twoptm": 1}, {"week": "9", "defense_sk": 0, "defense_tkl": 0, "defense_int": 0, "active": "true", "defense_ffum": 0, "defense_ast": 2}, {"week": "10", "defense_sk": 0, "defense_tkl": 1, "defense_int": 0, "active": "true", "defense_ffum": 0, "defense_ast": 0}, {"week": "11", "defense_sk": 0, "defense_tkl": 2, "defense_int": 0, "active": "true", "defense_ffum": 0, "defense_ast": 2}, {"week": "12", "receiving_tds": 0, "receiving_lng": 21, "active": "true", "receiving_rec": 5, "receiving_twopta": 0, "receiving_yds": 67, "receiving_twoptm": 0}, {"week": "13", "defense_sk": 0, "defense_tkl": 1, "defense_int": 0, "active": "true", "defense_ffum": 0, "defense_ast": 0}, {"week": "14", "receiving_lng": 64, "receiving_tds": 2, "receiving_twopta": 0, "rushing_tds": 0, "rushing_twopta": 0, "active": "true", "receiving_rec": 11, "rushing_lng": 3, "rushing_yds": 3, "receiving_yds": 193, "rushing_att": 1, "receiving_twoptm": 0, "rushing_twoptm": 0}, {"week": "15", "defense_sk": 0, "defense_tkl": 3, "defense_int": 0, "active": "true", "defense_ffum": 0, "defense_ast": 0}, {"week": "16", "receiving_tds": 1, "receiving_lng": 25, "active": "true", "receiving_rec": 5, "receiving_twopta": 0, "receiving_yds": 71, "receiving_twoptm": 0}, {"week": "17", "fumbles_tot": 1, "receiving_lng": 22, "receiving_tds": 0, "fumbles_yds": 0, "receiving_twopta": 0, "fumbles_trcv": 1, "rushing_tds": 0, "fumbles_rcv": 1, "rushing_twopta": 0, "fumbles_lost": 0, "receiving_rec": 6, "rushing_lng": 7, "rushing_yds": 7, "receiving_yds": 65, "rushing_att": 1, "receiving_twoptm": 0, "rushing_twoptm": 0, "active": "true"}], "2010": [{"week": "1", "receiving_tds": 0, "receiving_lng": 21, "active": "true", "receiving_rec": 3, "receiving_twopta": 0, "receiving_yds": 33, "receiving_lngtd": 0, "receiving_twoptm": 0}, {"week": "2", "receiving_tds": 1, "receiving_lng": 34, "active": "true", "receiving_rec": 12, "receiving_twopta": 0, "receiving_yds": 158, "receiving_lngtd": 34, "receiving_twoptm": 0}, {"week": "3", "receiving_tds": 0, "receiving_lng": 26, "active": "true", "receiving_rec": 4, "receiving_twopta": 0, "receiving_yds": 64, "receiving_lngtd": 0, "receiving_twoptm": 0}, {"week": "4", "defense_sk": 0, "defense_tkl": 2, "defense_int": 0, "active": "true", "defense_ffum": 0, "defense_ast": 0}, {"week": "5", "receiving_tds": 0, "receiving_lng": 48, "active": "true", "receiving_rec": 5, "receiving_twopta": 0, "receiving_yds": 95, "receiving_lngtd": 0, "receiving_twoptm": 0}, {"week": "6", "receiving_tds": 1, "receiving_lng": 44, "active": "true", "receiving_rec": 8, "receiving_twopta": 0, "receiving_yds": 138, "receiving_lngtd": 11, "receiving_twoptm": 0}, {"week": "7", "active": "false"}, {"week": "8", "receiving_tds": 1, "receiving_lng": 28, "active": "true", "receiving_rec": 7, "receiving_twopta": 0, "receiving_yds": 106, "receiving_lngtd": 28, "receiving_twoptm": 0}, {"week": "9", "receiving_tds": 0, "receiving_lng": 17, "active": "true", "receiving_rec": 4, "receiving_twopta": 0, "receiving_yds": 41, "receiving_lngtd": 0, "receiving_twoptm": 0}, {"week": "10", "fumbles_tot": 0, "fumbles_yds": 0, "fumbles_lost": 0, "fumbles_trcv": 1, "fumbles_rcv": 0, "defense_sk": 0, "defense_tkl": 2, "defense_int": 0, "active": "true", "defense_ffum": 0, "defense_ast": 0}, {"week": "11", "receiving_tds": 0, "receiving_lng": 20, "active": "true", "receiving_rec": 4, "receiving_twopta": 0, "receiving_yds": 32, "receiving_lngtd": 0, "receiving_twoptm": 0}, {"week": "12", "receiving_tds": 1, "receiving_lng": 21, "active": "true", "receiving_rec": 9, "receiving_twopta": 0, "receiving_yds": 56, "receiving_lngtd": 2, "receiving_twoptm": 0}, {"week": "13", "rushing_lngtd": 0, "receiving_tds": 0, "receiving_twopta": 0, "receiving_lng": 42, "rushing_tds": 0, "rushing_twopta": 0, "active": "true", "receiving_rec": 6, "rushing_lng": 7, "rushing_yds": 10, "receiving_lngtd": 0, "receiving_yds": 149, "rushing_att": 2, "receiving_twoptm": 0, "rushing_twoptm": 0}, {"week": "14", "defense_sk": 0, "defense_tkl": 1, "defense_int": 0, "active": "true", "defense_ffum": 0, "defense_ast": 0}, {"week": "15", "fumbles_tot": 1, "receiving_tds": 1, "fumbles_yds": 0, "fumbles_lost": 0, "fumbles_trcv": 1, "receiving_lng": 19, "fumbles_rcv": 1, "active": "true", "receiving_rec": 6, "receiving_twopta": 0, "receiving_yds": 58, "receiving_lngtd": 12, "receiving_twoptm": 0}, {"week": "16", "defense_sk": 0, "defense_tkl": 5, "defense_int": 0, "active": "true", "defense_ffum": 0, "defense_ast": 0}, {"week": "17", "defense_sk": 0, "defense_tkl": 2, "defense_int": 0, "active": "true", "defense_ffum": 0, "defense_ast": 0}], "2011": [{"week": "1", "receiving_tds": 1, "receiving_lng": 21, "active": "true", "receiving_rec": 7, "receiving_twopta": 0, "receiving_yds": 95, "receiving_lngtd": 4, "receiving_twoptm": 0}, {"week": "2", "defense_sk": 0, "defense_tkl": 1, "defense_int": 0, "active": "true", "defense_ffum": 1, "defense_ast": 2}, {"week": "3", "rushing_lngtd": 0, "receiving_tds": 0, "receiving_twopta": 0, "receiving_lng": 48, "rushing_tds": 0, "rushing_twopta": 0, "active": "true", "receiving_rec": 7, "rushing_lng": 8, "rushing_yds": 8, "receiving_lngtd": 0, "receiving_yds": 128, "rushing_att": 1, "receiving_twoptm": 0, "rushing_twoptm": 0}, {"week": "4", "receiving_tds": 0, "receiving_lng": 13, "active": "true", "receiving_rec": 4, "receiving_twopta": 0, "receiving_yds": 36, "receiving_lngtd": 0, "receiving_twoptm": 0}, {"week": "5", "defense_sk": 0, "defense_tkl": 0, "defense_int": 0, "active": "true", "defense_ffum": 0, "defense_ast": 1}, {"week": "6", "active": "false"}, {"week": "7", "defense_sk": 0, "defense_tkl": 2, "defense_int": 0, "active": "true", "defense_ffum": 0, "defense_ast": 0}, {"week": "8", "defense_sk": 0, "defense_tkl": 1, "defense_int": 0, "active": "true", "defense_ffum": 0, "defense_ast": 0}, {"week": "9", "defense_sk": 0, "defense_tkl": 0, "defense_int": 0, "active": "true", "defense_ffum": 0, "defense_ast": 2}, {"week": "10", "active": "false"}, {"week": "11", "active": "false"}, {"week": "12", "receiving_tds": 0, "receiving_lng": 14, "active": "true", "receiving_rec": 2, "receiving_twopta": 0, "receiving_yds": 22, "receiving_lngtd": 0, "receiving_twoptm": 0}, {"week": "13", "receiving_tds": 0, "receiving_lng": 50, "active": "true", "receiving_rec": 4, "receiving_twopta": 0, "receiving_yds": 97, "receiving_lngtd": 0, "receiving_twoptm": 0}, {"week": "14", "defense_sk": 0, "defense_tkl": 1, "defense_int": 0, "active": "true", "defense_ffum": 0, "defense_ast": 0}, {"week": "15", "defense_sk": 0, "defense_tkl": 1, "defense_int": 0, "active": "true", "defense_ffum": 0, "defense_ast": 0}, {"week": "16", "defense_sk": 0, "defense_tkl": 1, "defense_int": 0, "active": "true", "defense_ffum": 0, "defense_ast": 0}, {"week": "17", "receiving_tds": 0, "receiving_lng": 16, "active": "true", "receiving_rec": 2, "receiving_twopta": 0, "receiving_yds": 21, "receiving_lngtd": 0, "receiving_twoptm": 0}], "2012": [{"week": "1", "receiving_tds": 1, "receiving_lng": 29, "active": "true", "receiving_rec": 8, "receiving_twopta": 0, "receiving_yds": 119, "receiving_lngtd": 14, "receiving_twoptm": 0}, {"week": "2", "receiving_tds": 0, "receiving_lng": 11, "active": "true", "receiving_rec": 3, "receiving_twopta": 0, "receiving_yds": 21, "receiving_lngtd": 0, "receiving_twoptm": 0}, {"week": "3", "defense_sk": 0, "defense_tkl": 1, "defense_int": 0, "active": "true", "defense_ffum": 0, "defense_ast": 1}, {"week": "4", "receiving_tds": 0, "receiving_lng": 33, "active": "true", "receiving_rec": 3, "receiving_twopta": 0, "receiving_yds": 56, "receiving_lngtd": 0, "receiving_twoptm": 0}, {"week": "5", "receiving_tds": 0, "receiving_lng": 15, "active": "true", "receiving_rec": 1, "receiving_twopta": 0, "receiving_yds": 15, "receiving_lngtd": 0, "receiving_twoptm": 0}, {"week": "6", "defense_sk": 0, "defense_tkl": 5, "defense_int": 0, "active": "true", "defense_ffum": 0, "defense_ast": 0}, {"week": "7", "receiving_tds": 0, "receiving_lng": 14, "active": "true", "receiving_rec": 9, "receiving_twopta": 0, "receiving_yds": 86, "receiving_lngtd": 0, "receiving_twoptm": 0}, {"week": "8", "defense_sk": 0, "defense_tkl": 0, "defense_int": 0, "active": "true", "defense_ffum": 0, "defense_ast": 1}, {"week": "9", "receiving_tds": 0, "receiving_lng": 34, "active": "true", "receiving_rec": 8, "receiving_twopta": 0, "receiving_yds": 118, "receiving_lngtd": 0, "receiving_twoptm": 0}, {"week": "10", "defense_sk": 0, "defense_tkl": 2, "defense_int": 0, "active": "true", "defense_ffum": 0, "defense_ast": 0}, {"week": "11", "defense_sk": 0, "defense_tkl": 1, "defense_int": 0, "active": "true", "defense_ffum": 0, "defense_ast": 2}, {"week": "12", "receiving_tds": 0, "receiving_lng": 43, "active": "true", "receiving_rec": 9, "receiving_twopta": 0, "receiving_yds": 188, "receiving_lngtd": 0, "receiving_twoptm": 0}, {"week": "13", "defense_sk": 0, "defense_tkl": 5, "defense_int": 0, "active": "true", "defense_ffum": 0, "defense_ast": 1}, {"week": "14", "receiving_tds": 0, "receiving_lng": 25, "active": "true", "receiving_rec": 8, "receiving_twopta": 0, "receiving_yds": 95, "receiving_lngtd": 0, "receiving_twoptm": 0}, {"week": "15", "receiving_tds": 1, "receiving_lng": 52, "active": "true", "receiving_rec": 11, "receiving_twopta": 0, "receiving_yds": 151, "receiving_lngtd": 3, "receiving_twoptm": 0}, {"week": "16", "receiving_tds": 0, "receiving_lng": 19, "active": "true", "receiving_rec": 7, "receiving_twopta": 0, "receiving_yds": 97, "receiving_lngtd": 0, "receiving_twoptm": 0}, {"week": "17", "receiving_tds": 0, "receiving_lng": 39, "active": "true", "receiving_rec": 12, "receiving_twopta": 0, "receiving_yds": 141, "receiving_lngtd": 0, "receiving_twoptm": 0}], "2013": [{"week": "1", "receiving_tds": 0, "receiving_lng": 27, "active": "true", "receiving_rec": 12, "receiving_twopta": 0, "receiving_yds": 146, "receiving_lngtd": 0, "receiving_twoptm": 0}, {"week": "2", "receiving_tds": 0, "receiving_lng": 21, "active": "true", "receiving_rec": 8, "receiving_twopta": 0, "receiving_yds": 76, "receiving_lngtd": 0, "receiving_twoptm": 0}, {"week": "3", "receiving_tds": 0, "receiving_lng": 12, "active": "true", "receiving_rec": 5, "receiving_twopta": 0, "receiving_yds": 36, "receiving_lngtd": 0, "receiving_twoptm": 0}, {"week": "4", "receiving_tds": 0, "receiving_lng": 17, "active": "true", "receiving_rec": 9, "receiving_twopta": 0, "receiving_yds": 110, "receiving_lngtd": 0, "receiving_twoptm": 0}, {"week": "5", "defense_sk": 1, "defense_tkl": 1, "defense_int": 0, "active": "true", "defense_ffum": 0, "defense_ast": 0}, {"week": "6", "receiving_tds": 0, "receiving_lng": 19, "active": "true", "receiving_rec": 7, "receiving_twopta": 0, "receiving_yds": 88, "receiving_lngtd": 0, "receiving_twoptm": 0}, {"week": "7", "receiving_tds": 0, "receiving_lng": 42, "active": "true", "receiving_rec": 4, "receiving_twopta": 0, "receiving_yds": 89, "receiving_lngtd": 0, "receiving_twoptm": 0}, {"week": "8", "active": "false"}, {"week": "9", "defense_sk": 0, "defense_tkl": 1, "defense_int": 0, "active": "true", "defense_ffum": 0, "defense_ast": 0}, {"week": "10", "receiving_tds": 2, "receiving_lng": 14, "active": "true", "receiving_rec": 5, "receiving_twopta": 0, "receiving_yds": 37, "receiving_lngtd": 7, "receiving_twoptm": 0}, {"week": "11", "receiving_tds": 0, "receiving_lng": 34, "active": "true", "receiving_rec": 10, "receiving_twopta": 0, "receiving_yds": 116, "receiving_lngtd": 0, "receiving_twoptm": 0}, {"week": "12", "receiving_tds": 0, "receiving_lng": 21, "active": "true", "receiving_rec": 2, "receiving_twopta": 0, "receiving_yds": 36, "receiving_lngtd": 0, "receiving_twoptm": 0}, {"week": "13", "defense_sk": 0, "defense_tkl": 0, "defense_int": 0, "active": "true", "defense_ffum": 0, "defense_ast": 1}, {"week": "14", "receiving_tds": 0, "receiving_lng": 27, "active": "true", "receiving_rec": 13, "receiving_twopta": 0, "receiving_yds": 154, "receiving_lngtd": 0, "receiving_twoptm": 0}, {"week": "15", "fumbles_tot": 0, "receiving_tds": 0, "fumbles_yds": 0, "fumbles_lost": 0, "fumbles_trcv": 1, "receiving_lng": 9, "fumbles_rcv": 1, "active": "true", "receiving_rec": 4, "receiving_twopta": 0, "receiving_yds": 18, "receiving_lngtd": 0, "receiving_twoptm": 0}, {"week": "16", "receiving_tds": 0, "receiving_lng": 33, "active": "true", "receiving_rec": 4, "receiving_twopta": 0, "receiving_yds": 63, "receiving_lngtd": 0, "receiving_twoptm": 0}, {"week": "17", "defense_sk": 0, "defense_tkl": 1, "defense_int": 0, "active": "true", "defense_ffum": 0, "defense_ast": 1}], "2014": [{"week": "1", "receiving_tds": 0, "receiving_lng": 23, "active": "true", "receiving_rec": 6, "receiving_twopta": 0, "receiving_yds": 93, "receiving_lngtd": 0, "receiving_twoptm": 0}, {"week": "2", "rushing_lngtd": 0, "rushing_tds": 0, "rushing_twopta": 0, "rushing_lng": 8, "rushing_yds": 10, "active": "true", "rushing_att": 2, "rushing_twoptm": 0}, {"week": "3", "rushing_lngtd": 0, "rushing_tds": 0, "rushing_twopta": 0, "rushing_lng": 2, "rushing_yds": 2, "active": "true", "rushing_att": 1, "rushing_twoptm": 0}, {"week": "4", "fumbles_tot": 1, "receiving_tds": 0, "fumbles_yds": 0, "fumbles_lost": 1, "fumbles_trcv": 0, "receiving_lng": 25, "fumbles_rcv": 0, "active": "true", "receiving_rec": 6, "receiving_twopta": 0, "receiving_yds": 71, "receiving_lngtd": 0, "receiving_twoptm": 0}, {"week": "5", "receiving_tds": 0, "receiving_lng": 20, "active": "true", "receiving_rec": 5, "receiving_twopta": 0, "receiving_yds": 58, "receiving_lngtd": 0, "receiving_twoptm": 0}, {"week": "6", "fumbles_tot": 1, "receiving_tds": 1, "fumbles_yds": 0, "fumbles_lost": 1, "fumbles_trcv": 0, "receiving_lng": 26, "fumbles_rcv": 0, "active": "true", "receiving_rec": 7, "receiving_twopta": 0, "receiving_yds": 99, "receiving_lngtd": 4, "receiving_twoptm": 0}, {"week": "7", "rushing_lngtd": 0, "receiving_tds": 1, "receiving_twopta": 0, "receiving_lng": 13, "rushing_tds": 0, "rushing_twopta": 0, "active": "true", "receiving_rec": 1, "rushing_lng": 5, "rushing_yds": 5, "receiving_lngtd": 13, "receiving_yds": 13, "rushing_att": 1, "receiving_twoptm": 0, "rushing_twoptm": 0}, {"week": "8", "receiving_tds": 0, "receiving_lng": 13, "active": "true", "receiving_rec": 7, "receiving_twopta": 0, "receiving_yds": 55, "receiving_lngtd": 0, "receiving_twoptm": 0}, {"week": "9", "receiving_tds": 0, "receiving_lng": 9, "active": "true", "receiving_rec": 2, "receiving_twopta": 0, "receiving_yds": 12, "receiving_lngtd": 0, "receiving_twoptm": 0}, {"week": "10", "active": "false"}, {"week": "11", "receiving_tds": 0, "receiving_lng": 16, "active": "true", "receiving_rec": 7, "receiving_twopta": 0, "receiving_yds": 68, "receiving_lngtd": 0, "receiving_twoptm": 0}, {"week": "12", "receiving_tds": 0, "receiving_lng": 22, "active": "true", "receiving_rec": 3, "receiving_twopta": 0, "receiving_yds": 36, "receiving_lngtd": 0, "receiving_twoptm": 0}, {"week": "13", "fumbles_tot": 1, "receiving_tds": 1, "fumbles_yds": 0, "fumbles_lost": 1, "fumbles_trcv": 0, "receiving_lng": 17, "fumbles_rcv": 0, "active": "true", "receiving_rec": 7, "receiving_twopta": 0, "receiving_yds": 53, "receiving_lngtd": 4, "receiving_twoptm": 0}, {"week": "14", "receiving_tds": 0, "receiving_lng": 19, "active": "true", "receiving_rec": 4, "receiving_twopta": 0, "receiving_yds": 17, "receiving_lngtd": 0, "receiving_twoptm": 0}]}}