{"A.Dixon": {"2009": [{"week": "1", "active": "false"}, {"week": "2", "defense_sk": 0, "defense_tkl": 1, "defense_int": 0, "active": "true", "defense_ffum": 0, "defense_ast": 0}, {"week": "3", "active": "false"}, {"week": "4", "active": "false"}, {"week": "5", "defense_sk": 0, "defense_tkl": 1, "defense_int": 0, "active": "true", "defense_ffum": 0, "defense_ast": 0}, {"week": "6", "defense_sk": 0, "defense_tkl": 1, "defense_int": 0, "active": "true", "defense_ffum": 0, "defense_ast": 0}, {"week": "7", "defense_sk": 0, "defense_tkl": 1, "defense_int": 0, "active": "true", "defense_ffum": 0, "defense_ast": 1}, {"week": "8", "defense_sk": 1, "defense_tkl": 2, "defense_int": 0, "active": "true", "defense_ffum": 0, "defense_ast": 0}, {"week": "9", "defense_sk": 0, "defense_tkl": 1, "defense_int": 0, "active": "true", "defense_ffum": 0, "defense_ast": 1}, {"week": "10", "active": "false"}, {"week": "11", "active": "false"}, {"week": "12", "defense_sk": 0, "defense_tkl": 0, "defense_int": 0, "active": "true", "defense_ffum": 0, "defense_ast": 1}, {"week": "13", "defense_sk": 0, "defense_tkl": 1, "defense_int": 0, "active": "true", "defense_ffum": 0, "defense_ast": 0}, {"week": "14", "defense_sk": 0, "defense_tkl": 2, "defense_int": 0, "active": "true", "defense_ffum": 0, "defense_ast": 0}, {"week": "15", "defense_sk": 0, "defense_tkl": 0, "defense_int": 0, "active": "true", "defense_ffum": 0, "defense_ast": 1}, {"week": "16", "defense_sk": 0, "defense_tkl": 1, "defense_int": 0, "active": "true", "defense_ffum": 0, "defense_ast": 0}, {"week": "17", "defense_sk": 0, "defense_tkl": 1, "defense_int": 0, "active": "true", "defense_ffum": 0, "defense_ast": 0}], "2010": [{"week": "1", "active": "false"}, {"week": "2", "rushing_lngtd": 2, "rushing_tds": 1, "rushing_twopta": 0, "rushing_lng": 2, "rushing_yds": 2, "active": "true", "rushing_att": 1, "rushing_twoptm": 0}, {"week": "3", "active": "false"}, {"week": "4", "rushing_lngtd": 0, "rushing_tds": 0, "rushing_twopta": 0, "rushing_lng": 3, "rushing_yds": 3, "active": "true", "rushing_att": 1, "rushing_twoptm": 0}, {"week": "5", "defense_sk": 1, "defense_tkl": 4, "defense_int": 0, "active": "true", "defense_ffum": 0, "defense_ast": 0}, {"week": "6", "defense_sk": 0, "defense_tkl": 2, "defense_int": 0, "active": "true", "defense_ffum": 0, "defense_ast": 1}, {"week": "7", "rushing_lngtd": 0, "rushing_tds": 0, "rushing_twopta": 0, "rushing_lng": -6, "rushing_yds": -6, "active": "true", "rushing_att": 1, "rushing_twoptm": 0}, {"week": "8", "rushing_lngtd": 0, "rushing_tds": 0, "rushing_twopta": 0, "rushing_lng": 4, "rushing_yds": 11, "active": "true", "rushing_att": 5, "rushing_twoptm": 0}, {"week": "9", "defense_sk": 0, "defense_tkl": 2, "defense_int": 0, "active": "true", "defense_ffum": 0, "defense_ast": 0}, {"week": "10", "rushing_lngtd": 0, "rushing_tds": 0, "rushing_twopta": 0, "rushing_lng": -1, "rushing_yds": -1, "active": "true", "rushing_att": 1, "rushing_twoptm": 0}, {"week": "11", "defense_sk": 0, "defense_tkl": 1, "defense_int": 0, "active": "true", "defense_ffum": 0, "defense_ast": 0}, {"week": "12", "defense_sk": 0, "defense_tkl": 4, "defense_int": 0, "active": "true", "defense_ffum": 0, "defense_ast": 0}, {"week": "13", "defense_sk": 0, "defense_tkl": 1, "defense_int": 0, "active": "true", "defense_ffum": 0, "defense_ast": 0}, {"week": "14", "rushing_lngtd": 0, "receiving_tds": 0, "receiving_twopta": 0, "receiving_lng": 8, "rushing_tds": 0, "rushing_twopta": 0, "active": "true", "receiving_rec": 1, "rushing_lng": 34, "rushing_yds": 60, "receiving_lngtd": 0, "receiving_yds": 8, "rushing_att": 14, "receiving_twoptm": 0, "rushing_twoptm": 0}, {"week": "15", "rushing_lngtd": 0, "receiving_tds": 0, "receiving_twopta": 0, "receiving_lng": 2, "rushing_tds": 0, "rushing_twopta": 0, "active": "true", "receiving_rec": 1, "rushing_lng": 17, "rushing_yds": 33, "receiving_lngtd": 0, "receiving_yds": 2, "rushing_att": 6, "receiving_twoptm": 0, "rushing_twoptm": 0}, {"week": "16", "rushing_lngtd": 0, "rushing_tds": 0, "rushing_twopta": 0, "rushing_lng": 5, "rushing_yds": 17, "active": "true", "rushing_att": 6, "rushing_twoptm": 0}, {"week": "17", "rushing_lngtd": 0, "receiving_tds": 0, "receiving_twopta": 0, "receiving_lng": 2, "rushing_tds": 0, "rushing_twopta": 0, "active": "true", "receiving_rec": 1, "rushing_lng": 8, "rushing_yds": 22, "receiving_lngtd": 0, "receiving_yds": 2, "rushing_att": 11, "receiving_twoptm": 0, "rushing_twoptm": 0}], "2011": [{"week": "1", "active": "false"}, {"week": "2", "rushing_lngtd": 0, "rushing_tds": 0, "rushing_twopta": 0, "rushing_lng": 6, "rushing_yds": 6, "active": "true", "rushing_att": 1, "rushing_twoptm": 0}, {"week": "3", "defense_sk": 0, "defense_tkl": 1, "defense_int": 0, "active": "true", "defense_ffum": 0, "defense_ast": 0}, {"week": "4", "defense_sk": 0, "defense_tkl": 1, "defense_int": 0, "active": "true", "defense_ffum": 0, "defense_ast": 0}, {"week": "5", "rushing_lngtd": 1, "rushing_tds": 1, "rushing_twopta": 0, "rushing_lng": 3, "rushing_yds": 4, "active": "true", "rushing_att": 2, "rushing_twoptm": 0}, {"week": "6", "rushing_lngtd": 0, "rushing_tds": 0, "rushing_twopta": 0, "rushing_lng": 0, "rushing_yds": 0, "active": "true", "rushing_att": 1, "rushing_twoptm": 0}, {"week": "7", "active": "false"}, {"week": "8", "active": "false"}, {"week": "9", "active": "false"}, {"week": "10", "rushing_lngtd": 0, "rushing_tds": 0, "rushing_twopta": 0, "rushing_lng": 8, "rushing_yds": 10, "active": "true", "rushing_att": 2, "rushing_twoptm": 0}, {"week": "11", "rushing_lngtd": 0, "rushing_tds": 0, "rushing_twopta": 0, "rushing_lng": 9, "rushing_yds": 32, "active": "true", "rushing_att": 7, "rushing_twoptm": 0}, {"week": "12", "active": "false"}, {"week": "13", "rushing_lngtd": 0, "rushing_tds": 0, "rushing_twopta": 0, "rushing_lng": 3, "rushing_yds": 2, "active": "true", "rushing_att": 3, "rushing_twoptm": 0}, {"week": "14", "active": "false"}, {"week": "15", "rushing_lngtd": 0, "rushing_tds": 0, "rushing_twopta": 0, "rushing_lng": 4, "rushing_yds": 12, "active": "true", "rushing_att": 5, "rushing_twoptm": 0}, {"week": "16", "active": "false"}, {"week": "17", "rushing_lngtd": 1, "receiving_tds": 0, "receiving_twopta": 0, "receiving_lng": 6, "rushing_tds": 1, "rushing_twopta": 0, "active": "true", "receiving_rec": 1, "rushing_lng": 5, "rushing_yds": 21, "receiving_lngtd": 0, "receiving_yds": 6, "rushing_att": 8, "receiving_twoptm": 0, "rushing_twoptm": 0}], "2012": [{"week": "1", "active": "false"}, {"week": "2", "active": "false"}, {"week": "3", "active": "false"}, {"week": "4", "fumbles_tot": 0, "rushing_lngtd": 0, "fumbles_yds": 0, "fumbles_lost": 0, "fumbles_trcv": 1, "rushing_tds": 0, "fumbles_rcv": 1, "rushing_twopta": 0, "rushing_lng": 7, "rushing_yds": 16, "active": "true", "rushing_att": 4, "rushing_twoptm": 0}, {"week": "5", "rushing_lngtd": 3, "rushing_tds": 1, "rushing_twopta": 0, "rushing_lng": 9, "rushing_yds": 21, "active": "true", "rushing_att": 4, "rushing_twoptm": 0}, {"week": "6", "defense_sk": 0, "defense_tkl": 1, "defense_int": 0, "active": "true", "defense_ffum": 0, "defense_ast": 1}, {"week": "7", "active": "false"}, {"week": "8", "active": "false"}, {"week": "9", "active": "false"}, {"week": "10", "active": "false"}, {"week": "11", "rushing_lngtd": 0, "rushing_tds": 0, "rushing_twopta": 0, "rushing_lng": 4, "rushing_yds": 6, "active": "true", "rushing_att": 3, "rushing_twoptm": 0}, {"week": "12", "rushing_lngtd": 0, "rushing_tds": 0, "rushing_twopta": 0, "rushing_lng": 5, "rushing_yds": 5, "active": "true", "rushing_att": 1, "rushing_twoptm": 0}, {"week": "13", "active": "false"}, {"week": "14", "rushing_lngtd": 1, "rushing_tds": 1, "rushing_twopta": 0, "rushing_lng": 8, "rushing_yds": 9, "active": "true", "rushing_att": 2, "rushing_twoptm": 0}, {"week": "15", "rushing_lngtd": 0, "rushing_tds": 0, "rushing_twopta": 0, "rushing_lng": 5, "rushing_yds": 7, "active": "true", "rushing_att": 2, "rushing_twoptm": 0}, {"week": "16", "rushing_lngtd": 0, "rushing_tds": 0, "rushing_twopta": 0, "rushing_lng": 6, "rushing_yds": 8, "active": "true", "rushing_att": 2, "rushing_twoptm": 0}, {"week": "17", "defense_sk": 0, "defense_tkl": 3, "defense_int": 0, "active": "true", "defense_ffum": 0, "defense_ast": 1}], "2013": [{"week": "1", "kickret_lngtd": 0, "kickret_lng": 30, "kickret_avg": 30, "kickret_tds": 0, "active": "true", "kickret_ret": 1}, {"week": "2", "rushing_lngtd": 0, "rushing_tds": 0, "rushing_twopta": 0, "rushing_lng": 4, "rushing_yds": 4, "active": "true", "rushing_att": 1, "rushing_twoptm": 0}, {"week": "3", "rushing_lngtd": 0, "rushing_tds": 0, "rushing_twopta": 0, "rushing_lng": -1, "rushing_yds": -1, "active": "true", "rushing_att": 1, "rushing_twoptm": 0}, {"week": "4", "rushing_lngtd": 1, "rushing_tds": 1, "rushing_twopta": 0, "rushing_lng": 3, "rushing_yds": 6, "active": "true", "rushing_att": 3, "rushing_twoptm": 0}, {"week": "5", "rushing_lngtd": 2, "rushing_tds": 1, "rushing_twopta": 0, "rushing_lng": 6, "rushing_yds": 12, "active": "true", "rushing_att": 5, "rushing_twoptm": 0}, {"week": "6", "kickret_lngtd": 0, "rushing_lngtd": 0, "kickret_lng": 0, "receiving_tds": 0, "receiving_twopta": 0, "kickret_ret": 1, "receiving_lng": 3, "rushing_tds": 0, "kickret_avg": 0, "rushing_twopta": 0, "active": "true", "receiving_rec": 1, "rushing_lng": 2, "rushing_yds": 4, "receiving_lngtd": 0, "receiving_yds": 3, "rushing_att": 3, "receiving_twoptm": 0, "rushing_twoptm": 0, "kickret_tds": 0}, {"week": "7", "rushing_lngtd": 0, "rushing_tds": 0, "rushing_twopta": 0, "rushing_lng": 8, "rushing_yds": 8, "active": "true", "rushing_att": 1, "rushing_twoptm": 0}, {"week": "8", "kickret_lngtd": 0, "rushing_lngtd": 0, "kickret_lng": 47, "kickret_tds": 0, "kickret_ret": 1, "rushing_tds": 0, "kickret_avg": 47, "rushing_twopta": 0, "rushing_lng": 2, "rushing_yds": 2, "active": "true", "rushing_att": 1, "rushing_twoptm": 0}, {"week": "9", "active": "false"}, {"week": "10", "kickret_lngtd": 0, "kickret_lng": 18, "kickret_avg": 18, "kickret_tds": 0, "active": "true", "kickret_ret": 1}, {"week": "11", "active": "false"}, {"week": "12", "rushing_lngtd": 0, "rushing_tds": 0, "rushing_twopta": 0, "rushing_lng": 9, "rushing_yds": 13, "active": "true", "rushing_att": 3, "rushing_twoptm": 0}, {"week": "13", "rushing_lngtd": 0, "rushing_tds": 0, "defense_sk": 0, "rushing_twopta": 0, "defense_tkl": 1, "rushing_lng": 5, "rushing_yds": 13, "active": "true", "rushing_att": 8, "rushing_twoptm": 0, "defense_ffum": 0, "defense_ast": 0, "defense_int": 0}, {"week": "14", "active": "false"}, {"week": "15", "kickret_lngtd": 0, "kickret_lng": 6, "kickret_avg": 6, "kickret_tds": 0, "active": "true", "kickret_ret": 1}, {"week": "16", "active": "false"}, {"week": "17", "rushing_lngtd": 0, "receiving_tds": 0, "receiving_twopta": 0, "receiving_lng": 19, "rushing_tds": 0, "rushing_twopta": 0, "active": "true", "receiving_rec": 2, "rushing_lng": 0, "rushing_yds": -5, "receiving_lngtd": 0, "receiving_yds": 27, "rushing_att": 2, "receiving_twoptm": 0, "rushing_twoptm": 0}], "2014": [{"week": "1", "rushing_lngtd": 0, "rushing_tds": 0, "rushing_twopta": 0, "rushing_lng": 47, "rushing_yds": 60, "active": "true", "rushing_att": 5, "rushing_twoptm": 0}, {"week": "2", "kickret_lngtd": 0, "rushing_lngtd": 0, "kickret_lng": 14, "kickret_tds": 0, "kickret_ret": 1, "rushing_tds": 0, "kickret_avg": 14, "rushing_twopta": 0, "rushing_lng": 4, "rushing_yds": 3, "active": "true", "rushing_att": 2, "rushing_twoptm": 0}, {"week": "3", "kickret_lngtd": 0, "kickret_lng": 11, "kickret_avg": 11, "kickret_tds": 0, "active": "true", "kickret_ret": 1}, {"week": "4", "active": "false"}, {"week": "5", "active": "false"}, {"week": "6", "rushing_lngtd": 0, "rushing_tds": 0, "rushing_twopta": 0, "rushing_lng": 6, "rushing_yds": 23, "active": "true", "rushing_att": 7, "rushing_twoptm": 0}, {"week": "7", "rushing_lngtd": 0, "receiving_tds": 0, "receiving_twopta": 0, "receiving_lng": 10, "rushing_tds": 0, "rushing_twopta": 0, "active": "true", "receiving_rec": 3, "rushing_lng": 12, "rushing_yds": 51, "receiving_lngtd": 0, "receiving_yds": 15, "rushing_att": 13, "receiving_twoptm": 0, "rushing_twoptm": 0}, {"week": "8", "rushing_lngtd": 0, "rushing_tds": 0, "rushing_twopta": 0, "rushing_lng": 5, "rushing_yds": 44, "active": "true", "rushing_att": 22, "rushing_twoptm": 0}, {"week": "9", "active": "false"}, {"week": "10", "rushing_lngtd": 0, "rushing_tds": 0, "rushing_twopta": 0, "rushing_lng": 27, "rushing_yds": 62, "active": "true", "rushing_att": 9, "rushing_twoptm": 0}, {"week": "11", "rushing_lngtd": 0, "receiving_tds": 0, "receiving_twopta": 0, "receiving_lng": 8, "rushing_tds": 0, "rushing_twopta": 0, "active": "true", "receiving_rec": 2, "rushing_lng": 7, "rushing_yds": 35, "receiving_lngtd": 0, "receiving_yds": 13, "rushing_att": 10, "receiving_twoptm": 0, "rushing_twoptm": 0}, {"week": "12", "rushing_lngtd": 30, "receiving_tds": 0, "receiving_twopta": 0, "receiving_lng": 8, "rushing_tds": 1, "rushing_twopta": 0, "active": "true", "receiving_rec": 1, "rushing_lng": 30, "rushing_yds": 54, "receiving_lngtd": 0, "receiving_yds": 8, "rushing_att": 12, "receiving_twoptm": 0, "rushing_twoptm": 0}, {"week": "13", "rushing_lngtd": 0, "rushing_tds": 0, "rushing_twopta": 0, "rushing_lng": 8, "rushing_yds": 25, "active": "true", "rushing_att": 6, "rushing_twoptm": 0}, {"week": "14", "active": "false"}]}}