{"A.Randle El": {"2009": [{"week": "1", "receiving_tds": 0, "receiving_lng": 35, "active": "true", "receiving_rec": 7, "receiving_twopta": 0, "receiving_yds": 98, "receiving_twoptm": 0}, {"week": "2", "puntret_tds": 0, "puntret_ret": 1, "receiving_tds": 0, "puntret_avg": 15, "receiving_lng": 24, "puntret_lng": 15, "active": "true", "receiving_rec": 4, "receiving_twopta": 0, "receiving_yds": 39, "receiving_twoptm": 0}, {"week": "3", "puntret_tds": 0, "puntret_ret": 1, "receiving_tds": 0, "puntret_avg": 10, "receiving_lng": 15, "puntret_lng": 10, "active": "true", "receiving_rec": 2, "receiving_twopta": 0, "receiving_yds": 21, "receiving_twoptm": 0}, {"week": "4", "puntret_tds": 0, "puntret_ret": 2, "puntret_avg": 5, "puntret_lng": 11, "active": "true"}, {"week": "5", "puntret_tds": 0, "puntret_ret": 2, "receiving_tds": 0, "puntret_avg": 1, "receiving_lng": 12, "puntret_lng": 3, "active": "true", "receiving_rec": 3, "receiving_twopta": 0, "receiving_yds": 28, "receiving_twoptm": 0}, {"week": "6", "fumbles_tot": 1, "puntret_ret": 3, "receiving_tds": 0, "fumbles_yds": 0, "fumbles_lost": 0, "fumbles_trcv": 0, "receiving_lng": 17, "fumbles_rcv": 0, "puntret_tds": 0, "active": "true", "puntret_avg": 2, "receiving_rec": 2, "receiving_twopta": 0, "receiving_yds": 23, "receiving_twoptm": 0, "puntret_lng": 8}, {"week": "7", "fumbles_tot": 1, "puntret_ret": 2, "receiving_tds": 0, "fumbles_yds": 0, "fumbles_lost": 1, "fumbles_trcv": 0, "receiving_lng": 17, "fumbles_rcv": 0, "puntret_tds": 0, "active": "true", "puntret_avg": 5, "receiving_rec": 5, "receiving_twopta": 0, "receiving_yds": 39, "receiving_twoptm": 0, "puntret_lng": 11}, {"week": "8", "active": "false"}, {"week": "9", "receiving_tds": 0, "receiving_lng": 13, "active": "true", "receiving_rec": 3, "receiving_twopta": 0, "receiving_yds": 28, "receiving_twoptm": 0}, {"week": "10", "receiving_tds": 0, "receiving_lng": 26, "active": "true", "receiving_rec": 3, "receiving_twopta": 0, "receiving_yds": 45, "receiving_twoptm": 0}, {"week": "11", "puntret_tds": 0, "puntret_ret": 1, "receiving_tds": 0, "puntret_avg": 0, "receiving_lng": 13, "puntret_lng": 0, "active": "true", "receiving_rec": 5, "receiving_twopta": 0, "receiving_yds": 45, "receiving_twoptm": 0}, {"week": "12", "puntret_tds": 0, "puntret_ret": 1, "receiving_tds": 0, "puntret_avg": 1, "receiving_lng": 10, "puntret_lng": 1, "active": "true", "receiving_rec": 2, "receiving_twopta": 0, "receiving_yds": 19, "receiving_twoptm": 0}, {"week": "13", "receiving_tds": 0, "receiving_lng": 44, "active": "true", "receiving_rec": 4, "receiving_twopta": 0, "receiving_yds": 73, "receiving_twoptm": 0}, {"week": "14", "fumbles_tot": 1, "puntret_ret": 2, "receiving_tds": 0, "fumbles_yds": 0, "fumbles_lost": 1, "fumbles_trcv": 0, "receiving_lng": 6, "fumbles_rcv": 0, "puntret_tds": 0, "active": "true", "puntret_avg": 0, "receiving_rec": 1, "receiving_twopta": 0, "receiving_yds": 6, "receiving_twoptm": 0, "puntret_lng": 0}, {"week": "15", "receiving_tds": 0, "receiving_lng": 11, "active": "true", "receiving_rec": 3, "receiving_twopta": 0, "receiving_yds": 25, "receiving_twoptm": 0}, {"week": "16", "fumbles_tot": 1, "receiving_tds": 0, "fumbles_yds": 0, "fumbles_lost": 0, "fumbles_trcv": 0, "receiving_lng": 10, "fumbles_rcv": 0, "active": "true", "receiving_rec": 3, "receiving_twopta": 0, "receiving_yds": 21, "receiving_twoptm": 0}, {"week": "17", "puntret_tds": 0, "puntret_ret": 2, "receiving_tds": 0, "puntret_avg": 22, "receiving_lng": 12, "puntret_lng": 43, "active": "true", "receiving_rec": 3, "receiving_twopta": 0, "receiving_yds": 20, "receiving_twoptm": 0}], "2010": [{"week": "1", "puntret_tds": 0, "puntret_ret": 2, "receiving_tds": 0, "puntret_avg": 3, "puntret_lngtd": 0, "receiving_lng": 4, "puntret_lng": 7, "active": "true", "receiving_rec": 2, "receiving_twopta": 0, "receiving_yds": 8, "receiving_lngtd": 0, "receiving_twoptm": 0}, {"week": "2", "puntret_tds": 0, "puntret_ret": 3, "receiving_tds": 0, "puntret_avg": 4, "puntret_lngtd": 0, "receiving_lng": 0, "puntret_lng": 7, "active": "true", "receiving_rec": 1, "receiving_twopta": 0, "receiving_yds": 0, "receiving_lngtd": 0, "receiving_twoptm": 0}, {"week": "3", "puntret_tds": 0, "puntret_ret": 1, "receiving_tds": 0, "puntret_avg": 8, "puntret_lngtd": 0, "receiving_lng": 14, "puntret_lng": 8, "active": "true", "receiving_rec": 1, "receiving_twopta": 0, "receiving_yds": 14, "receiving_lngtd": 0, "receiving_twoptm": 0}, {"week": "4", "fumbles_tot": 1, "puntret_ret": 2, "receiving_tds": 0, "fumbles_yds": 0, "fumbles_lost": 0, "fumbles_trcv": 1, "receiving_lng": 34, "fumbles_rcv": 1, "puntret_tds": 0, "active": "true", "puntret_avg": 2, "receiving_rec": 2, "receiving_twopta": 0, "receiving_yds": 50, "receiving_lngtd": 0, "receiving_twoptm": 0, "puntret_lng": 4, "puntret_lngtd": 0}, {"week": "5", "active": "false"}, {"week": "6", "fumbles_tot": 1, "puntret_ret": 1, "receiving_tds": 0, "fumbles_yds": 0, "fumbles_lost": 0, "fumbles_trcv": 1, "receiving_lng": 11, "fumbles_rcv": 1, "puntret_tds": 0, "active": "true", "puntret_avg": 0, "receiving_rec": 1, "receiving_twopta": 0, "receiving_yds": 11, "receiving_lngtd": 0, "receiving_twoptm": 0, "puntret_lng": 0, "puntret_lngtd": 0}, {"week": "7", "puntret_tds": 0, "puntret_ret": 2, "receiving_tds": 0, "puntret_avg": 1, "puntret_lngtd": 0, "receiving_lng": 13, "puntret_lng": 3, "active": "true", "receiving_rec": 1, "receiving_twopta": 0, "receiving_yds": 13, "receiving_lngtd": 0, "receiving_twoptm": 0}, {"week": "8", "receiving_tds": 0, "receiving_lng": 13, "active": "true", "receiving_rec": 3, "receiving_twopta": 0, "receiving_yds": 33, "receiving_lngtd": 0, "receiving_twoptm": 0}, {"passing_att": 1, "receiving_tds": 0, "passing_yds": 39, "rushing_yds": 2, "receiving_lngtd": 0, "rushing_tds": 0, "rushing_twopta": 0, "receiving_rec": 1, "receiving_twopta": 0, "receiving_yds": 10, "rushing_att": 1, "receiving_twoptm": 0, "rushing_twoptm": 0, "week": "9", "rushing_lngtd": 0, "passing_twoptm": 0, "passing_twopta": 0, "receiving_lng": 10, "passing_cmp": 1, "passing_ints": 0, "active": "true", "rushing_lng": 2, "passing_tds": 1}, {"week": "10", "receiving_tds": 0, "receiving_lng": 20, "active": "true", "receiving_rec": 5, "receiving_twopta": 0, "receiving_yds": 66, "receiving_lngtd": 0, "receiving_twoptm": 0}, {"week": "11", "active": "false"}, {"week": "12", "puntret_tds": 0, "puntret_ret": 1, "puntret_avg": 15, "puntret_lngtd": 0, "puntret_lng": 15, "active": "true"}, {"week": "13", "active": "false"}, {"week": "14", "receiving_tds": 0, "receiving_lng": 22, "active": "true", "receiving_rec": 2, "receiving_twopta": 0, "receiving_yds": 19, "receiving_lngtd": 0, "receiving_twoptm": 0}, {"week": "15", "receiving_tds": 0, "receiving_lng": 8, "active": "true", "receiving_rec": 1, "receiving_twopta": 0, "receiving_yds": 8, "receiving_lngtd": 0, "receiving_twoptm": 0}, {"week": "16", "puntret_tds": 0, "puntret_ret": 1, "puntret_avg": 7, "puntret_lngtd": 0, "puntret_lng": 7, "active": "true"}, {"week": "17", "puntret_tds": 0, "passing_att": 1, "puntret_ret": 1, "passing_twoptm": 0, "puntret_avg": 1, "receiving_twopta": 0, "passing_twopta": 0, "receiving_lng": 14, "passing_yds": 3, "passing_cmp": 1, "receiving_yds": 21, "receiving_rec": 2, "passing_ints": 0, "passing_tds": 1, "receiving_lngtd": 0, "receiving_twoptm": 0, "puntret_lng": 1, "active": "true", "puntret_lngtd": 0, "receiving_tds": 0}], "2011": [{"week": "1", "active": "false"}, {"week": "2", "active": "false"}, {"week": "3", "active": "false"}, {"week": "4", "active": "false"}, {"week": "5", "active": "false"}, {"week": "6", "active": "false"}, {"week": "7", "active": "false"}, {"week": "8", "active": "false"}, {"week": "9", "active": "false"}, {"week": "10", "active": "false"}, {"week": "11", "active": "false"}, {"week": "12", "active": "false"}, {"week": "13", "active": "false"}, {"week": "14", "active": "false"}, {"week": "15", "active": "false"}, {"week": "16", "active": "false"}, {"week": "17", "active": "false"}], "2012": [{"week": "1", "active": "false"}, {"week": "2", "active": "false"}, {"week": "3", "active": "false"}, {"week": "4", "active": "false"}, {"week": "5", "active": "false"}, {"week": "6", "active": "false"}, {"week": "7", "active": "false"}, {"week": "8", "active": "false"}, {"week": "9", "active": "false"}, {"week": "10", "active": "false"}, {"week": "11", "active": "false"}, {"week": "12", "active": "false"}, {"week": "13", "active": "false"}, {"week": "14", "active": "false"}, {"week": "15", "active": "false"}, {"week": "16", "active": "false"}, {"week": "17", "active": "false"}], "2013": [{"week": "1", "active": "false"}, {"week": "2", "active": "false"}, {"week": "3", "active": "false"}, {"week": "4", "active": "false"}, {"week": "5", "active": "false"}, {"week": "6", "active": "false"}, {"week": "7", "active": "false"}, {"week": "8", "active": "false"}, {"week": "9", "active": "false"}, {"week": "10", "active": "false"}, {"week": "11", "active": "false"}, {"week": "12", "active": "false"}, {"week": "13", "active": "false"}, {"week": "14", "active": "false"}, {"week": "15", "active": "false"}, {"week": "16", "active": "false"}, {"week": "17", "active": "false"}], "2014": [{"week": "1", "active": "false"}, {"week": "2", "active": "false"}, {"week": "3", "active": "false"}, {"week": "4", "active": "false"}, {"week": "5", "active": "false"}, {"week": "6", "active": "false"}, {"week": "7", "active": "false"}, {"week": "8", "active": "false"}, {"week": "9", "active": "false"}, {"week": "10", "active": "false"}, {"week": "11", "active": "false"}, {"week": "12", "active": "false"}, {"week": "13", "active": "false"}, {"week": "14", "active": "false"}]}}