{"A.Foster": {"2009": [{"week": "1", "active": "false"}, {"week": "2", "active": "false"}, {"week": "3", "active": "false"}, {"week": "4", "active": "false"}, {"week": "5", "active": "false"}, {"week": "6", "active": "false"}, {"week": "7", "active": "false"}, {"week": "8", "active": "false"}, {"week": "9", "active": "false"}, {"week": "10", "active": "false"}, {"week": "11", "active": "false"}, {"week": "12", "active": "false"}, {"week": "13", "active": "false"}, {"week": "14", "receiving_lng": 20, "receiving_tds": 0, "receiving_twopta": 0, "rushing_tds": 0, "rushing_twopta": 0, "active": "true", "receiving_rec": 4, "rushing_lng": 11, "rushing_yds": 34, "receiving_yds": 54, "rushing_att": 13, "receiving_twoptm": 0, "rushing_twoptm": 0}, {"week": "15", "fumbles_tot": 1, "receiving_lng": 13, "receiving_tds": 0, "fumbles_yds": 0, "receiving_twopta": 0, "fumbles_trcv": 0, "rushing_tds": 0, "fumbles_rcv": 0, "rushing_twopta": 0, "fumbles_lost": 1, "receiving_rec": 1, "rushing_lng": 6, "rushing_yds": 7, "receiving_yds": 13, "rushing_att": 2, "receiving_twoptm": 0, "rushing_twoptm": 0, "active": "true"}, {"week": "16", "rushing_tds": 1, "rushing_twopta": 0, "rushing_lng": 17, "rushing_yds": 97, "active": "true", "rushing_att": 19, "rushing_twoptm": 0}, {"week": "17", "receiving_lng": 10, "receiving_tds": 0, "receiving_twopta": 0, "rushing_tds": 2, "rushing_twopta": 0, "active": "true", "receiving_rec": 3, "rushing_lng": 24, "rushing_yds": 119, "receiving_yds": 26, "rushing_att": 20, "receiving_twoptm": 0, "rushing_twoptm": 0}], "2010": [{"week": "1", "rushing_lngtd": 25, "receiving_tds": 0, "receiving_twopta": 0, "receiving_lng": 7, "rushing_tds": 3, "rushing_twopta": 0, "active": "true", "receiving_rec": 1, "rushing_lng": 42, "rushing_yds": 231, "receiving_lngtd": 0, "receiving_yds": 7, "rushing_att": 33, "receiving_twoptm": 0, "rushing_twoptm": 0}, {"week": "2", "rushing_lngtd": 0, "receiving_tds": 0, "receiving_twopta": 0, "receiving_lng": 50, "rushing_tds": 0, "rushing_twopta": 0, "active": "true", "receiving_rec": 3, "rushing_lng": 11, "rushing_yds": 69, "receiving_lngtd": 0, "receiving_yds": 69, "rushing_att": 19, "receiving_twoptm": 0, "rushing_twoptm": 0}, {"week": "3", "fumbles_tot": 1, "rushing_lngtd": 0, "receiving_tds": 0, "fumbles_yds": 0, "receiving_twopta": 0, "fumbles_trcv": 0, "receiving_lng": 14, "rushing_tds": 0, "fumbles_rcv": 0, "rushing_twopta": 0, "fumbles_lost": 1, "receiving_rec": 4, "rushing_lng": 26, "rushing_yds": 106, "receiving_lngtd": 0, "receiving_yds": 20, "rushing_att": 17, "receiving_twoptm": 0, "rushing_twoptm": 0, "active": "true"}, {"week": "4", "rushing_lngtd": 74, "receiving_tds": 1, "receiving_twopta": 0, "receiving_lng": 31, "rushing_tds": 1, "rushing_twopta": 0, "active": "true", "receiving_rec": 3, "rushing_lng": 74, "rushing_yds": 131, "receiving_lngtd": 10, "receiving_yds": 56, "rushing_att": 16, "receiving_twoptm": 0, "rushing_twoptm": 0}, {"week": "5", "rushing_lngtd": 0, "receiving_tds": 0, "receiving_twopta": 0, "receiving_lng": 6, "rushing_tds": 0, "rushing_twopta": 0, "active": "true", "receiving_rec": 2, "rushing_lng": 9, "rushing_yds": 25, "receiving_lngtd": 0, "receiving_yds": 2, "rushing_att": 11, "receiving_twoptm": 0, "rushing_twoptm": 0}, {"week": "6", "rushing_lngtd": 2, "receiving_tds": 0, "receiving_twopta": 0, "receiving_lng": 10, "rushing_tds": 2, "rushing_twopta": 0, "active": "true", "receiving_rec": 6, "rushing_lng": 21, "rushing_yds": 71, "receiving_lngtd": 0, "receiving_yds": 26, "rushing_att": 18, "receiving_twoptm": 0, "rushing_twoptm": 0}, {"week": "7", "active": "false"}, {"week": "8", "fumbles_tot": 0, "rushing_lngtd": 6, "receiving_tds": 0, "fumbles_yds": 1, "receiving_twopta": 0, "fumbles_trcv": 1, "receiving_lng": 14, "rushing_tds": 1, "fumbles_rcv": 1, "rushing_twopta": 0, "fumbles_lost": 0, "receiving_rec": 9, "rushing_lng": 33, "rushing_yds": 102, "receiving_lngtd": 0, "receiving_yds": 65, "rushing_att": 15, "receiving_twoptm": 0, "rushing_twoptm": 0, "active": "true"}, {"week": "9", "rushing_lngtd": 8, "receiving_tds": 0, "receiving_twopta": 0, "receiving_lng": 33, "rushing_tds": 2, "rushing_twopta": 0, "active": "true", "receiving_rec": 4, "rushing_lng": 15, "rushing_yds": 127, "receiving_lngtd": 0, "receiving_yds": 70, "rushing_att": 27, "receiving_twoptm": 0, "rushing_twoptm": 0}, {"week": "10", "rushing_lngtd": 1, "receiving_tds": 0, "receiving_twopta": 0, "receiving_lng": 4, "rushing_tds": 1, "rushing_twopta": 0, "active": "true", "receiving_rec": 1, "rushing_lng": 14, "rushing_yds": 56, "receiving_lngtd": 0, "receiving_yds": 4, "rushing_att": 15, "receiving_twoptm": 0, "rushing_twoptm": 0}, {"week": "11", "fumbles_tot": 1, "rushing_lngtd": 2, "receiving_tds": 0, "fumbles_yds": 0, "receiving_twopta": 0, "fumbles_trcv": 0, "receiving_lng": 20, "rushing_tds": 2, "fumbles_rcv": 0, "rushing_twopta": 0, "fumbles_lost": 1, "receiving_rec": 6, "rushing_lng": 19, "rushing_yds": 84, "receiving_lngtd": 0, "receiving_yds": 59, "rushing_att": 22, "receiving_twoptm": 0, "rushing_twoptm": 0, "active": "true"}, {"week": "12", "rushing_lngtd": 0, "receiving_tds": 0, "receiving_twopta": 0, "receiving_lng": 19, "rushing_tds": 0, "rushing_twopta": 0, "active": "true", "receiving_rec": 9, "rushing_lng": 37, "rushing_yds": 143, "receiving_lngtd": 0, "receiving_yds": 75, "rushing_att": 30, "receiving_twoptm": 0, "rushing_twoptm": 0}, {"week": "13", "rushing_lngtd": 3, "receiving_tds": 1, "receiving_twopta": 0, "receiving_lng": 13, "rushing_tds": 1, "rushing_twopta": 0, "active": "true", "receiving_rec": 2, "rushing_lng": 29, "rushing_yds": 83, "receiving_lngtd": 13, "receiving_yds": 26, "rushing_att": 22, "receiving_twoptm": 0, "rushing_twoptm": 0}, {"week": "14", "fumbles_tot": 1, "rushing_lngtd": 0, "receiving_tds": 0, "fumbles_yds": 0, "receiving_twopta": 0, "fumbles_trcv": 0, "receiving_lng": 10, "rushing_tds": 0, "fumbles_rcv": 0, "rushing_twopta": 0, "fumbles_lost": 0, "receiving_rec": 4, "rushing_lng": 16, "rushing_yds": 100, "receiving_lngtd": 0, "receiving_yds": 25, "rushing_att": 20, "receiving_twoptm": 0, "rushing_twoptm": 0, "active": "true"}, {"week": "15", "rushing_lngtd": 0, "receiving_tds": 0, "receiving_twopta": 0, "receiving_lng": 18, "rushing_tds": 0, "rushing_twopta": 0, "active": "true", "receiving_rec": 6, "rushing_lng": 7, "rushing_yds": 15, "receiving_lngtd": 0, "receiving_yds": 46, "rushing_att": 11, "receiving_twoptm": 0, "rushing_twoptm": 0}, {"week": "16", "rushing_lngtd": 3, "receiving_tds": 0, "receiving_twopta": 0, "receiving_lng": 28, "rushing_tds": 1, "rushing_twopta": 0, "active": "true", "receiving_rec": 4, "rushing_lng": 34, "rushing_yds": 91, "receiving_lngtd": 0, "receiving_yds": 44, "rushing_att": 19, "receiving_twoptm": 0, "rushing_twoptm": 0}, {"week": "17", "rushing_lngtd": 35, "receiving_tds": 0, "receiving_twopta": 0, "receiving_lng": 6, "rushing_tds": 2, "rushing_twopta": 0, "active": "true", "receiving_rec": 2, "rushing_lng": 56, "rushing_yds": 180, "receiving_lngtd": 0, "receiving_yds": 10, "rushing_att": 31, "receiving_twoptm": 0, "rushing_twoptm": 0}], "2011": [{"week": "1", "active": "false"}, {"week": "2", "rushing_lngtd": 0, "receiving_tds": 0, "receiving_twopta": 0, "receiving_lng": 4, "rushing_tds": 0, "rushing_twopta": 0, "active": "true", "receiving_rec": 2, "rushing_lng": 14, "rushing_yds": 33, "receiving_lngtd": 0, "receiving_yds": 7, "rushing_att": 10, "receiving_twoptm": 0, "rushing_twoptm": 0}, {"week": "3", "active": "false"}, {"week": "4", "rushing_lngtd": 42, "receiving_tds": 0, "receiving_twopta": 0, "receiving_lng": 8, "rushing_tds": 1, "rushing_twopta": 0, "active": "true", "receiving_rec": 3, "rushing_lng": 42, "rushing_yds": 155, "receiving_lngtd": 0, "receiving_yds": 11, "rushing_att": 30, "receiving_twoptm": 0, "rushing_twoptm": 0}, {"week": "5", "rushing_lngtd": 0, "receiving_tds": 0, "receiving_twopta": 0, "receiving_lng": 60, "rushing_tds": 0, "rushing_twopta": 0, "active": "true", "receiving_rec": 5, "rushing_lng": 20, "rushing_yds": 68, "receiving_lngtd": 0, "receiving_yds": 116, "rushing_att": 22, "receiving_twoptm": 0, "rushing_twoptm": 0}, {"week": "6", "rushing_lngtd": 0, "receiving_tds": 0, "receiving_twopta": 0, "receiving_lng": 16, "rushing_tds": 0, "rushing_twopta": 0, "active": "true", "receiving_rec": 6, "rushing_lng": 16, "rushing_yds": 49, "receiving_lngtd": 0, "receiving_yds": 52, "rushing_att": 15, "receiving_twoptm": 0, "rushing_twoptm": 0}, {"week": "7", "rushing_lngtd": 5, "receiving_tds": 1, "receiving_twopta": 0, "receiving_lng": 78, "rushing_tds": 2, "rushing_twopta": 0, "active": "true", "receiving_rec": 5, "rushing_lng": 17, "rushing_yds": 115, "receiving_lngtd": 78, "receiving_yds": 119, "rushing_att": 25, "receiving_twoptm": 0, "rushing_twoptm": 0}, {"week": "8", "rushing_lngtd": 4, "receiving_tds": 0, "receiving_twopta": 0, "receiving_lng": 12, "rushing_tds": 1, "rushing_twopta": 0, "active": "true", "receiving_rec": 1, "rushing_lng": 14, "rushing_yds": 112, "receiving_lngtd": 0, "receiving_yds": 12, "rushing_att": 33, "receiving_twoptm": 0, "rushing_twoptm": 0}, {"week": "9", "rushing_lngtd": 19, "receiving_tds": 0, "receiving_twopta": 0, "receiving_lng": 8, "rushing_tds": 1, "rushing_twopta": 0, "active": "true", "receiving_rec": 5, "rushing_lng": 27, "rushing_yds": 124, "receiving_lngtd": 0, "receiving_yds": 26, "rushing_att": 19, "receiving_twoptm": 0, "rushing_twoptm": 0}, {"week": "10", "rushing_lngtd": 5, "receiving_tds": 1, "receiving_twopta": 0, "receiving_lng": 78, "rushing_tds": 1, "rushing_twopta": 0, "active": "true", "receiving_rec": 4, "rushing_lng": 17, "rushing_yds": 84, "receiving_lngtd": 78, "receiving_yds": 102, "rushing_att": 17, "receiving_twoptm": 0, "rushing_twoptm": 0}, {"week": "11", "active": "false"}, {"week": "12", "fumbles_tot": 2, "rushing_lngtd": 1, "receiving_tds": 0, "fumbles_yds": 0, "receiving_twopta": 0, "fumbles_trcv": 1, "receiving_lng": 8, "rushing_tds": 1, "fumbles_rcv": 1, "rushing_twopta": 0, "fumbles_lost": 1, "receiving_rec": 7, "rushing_lng": 43, "rushing_yds": 65, "receiving_lngtd": 0, "receiving_yds": 24, "rushing_att": 22, "receiving_twoptm": 0, "rushing_twoptm": 0, "active": "true"}, {"week": "13", "rushing_lngtd": 1, "receiving_tds": 0, "receiving_twopta": 0, "receiving_lng": 28, "rushing_tds": 1, "rushing_twopta": 0, "active": "true", "receiving_rec": 3, "rushing_lng": 18, "rushing_yds": 111, "receiving_lngtd": 0, "receiving_yds": 41, "rushing_att": 31, "receiving_twoptm": 0, "rushing_twoptm": 0}, {"week": "14", "fumbles_tot": 1, "rushing_lngtd": 0, "receiving_tds": 0, "fumbles_yds": 0, "receiving_twopta": 0, "fumbles_trcv": 0, "receiving_lng": 21, "rushing_tds": 0, "fumbles_rcv": 0, "rushing_twopta": 0, "fumbles_lost": 1, "receiving_rec": 4, "rushing_lng": 9, "rushing_yds": 41, "receiving_lngtd": 0, "receiving_yds": 33, "rushing_att": 15, "receiving_twoptm": 0, "rushing_twoptm": 0, "active": "true"}, {"week": "15", "fumbles_tot": 1, "rushing_lngtd": 1, "receiving_tds": 0, "fumbles_yds": 0, "receiving_twopta": 0, "fumbles_trcv": 1, "receiving_lng": 25, "rushing_tds": 1, "fumbles_rcv": 1, "rushing_twopta": 0, "fumbles_lost": 1, "receiving_rec": 5, "rushing_lng": 22, "rushing_yds": 109, "receiving_lngtd": 0, "receiving_yds": 58, "rushing_att": 16, "receiving_twoptm": 0, "rushing_twoptm": 0, "active": "true"}, {"week": "16", "fumbles_tot": 1, "rushing_lngtd": 9, "receiving_tds": 0, "fumbles_yds": 0, "receiving_twopta": 0, "fumbles_trcv": 0, "receiving_lng": 9, "rushing_tds": 1, "fumbles_rcv": 0, "rushing_twopta": 0, "fumbles_lost": 0, "receiving_rec": 3, "rushing_lng": 30, "rushing_yds": 158, "receiving_lngtd": 0, "receiving_yds": 16, "rushing_att": 23, "receiving_twoptm": 0, "rushing_twoptm": 0, "active": "true"}, {"week": "17", "active": "false"}], "2012": [{"week": "1", "rushing_lngtd": 14, "receiving_tds": 0, "receiving_twopta": 0, "receiving_lng": -4, "rushing_tds": 2, "rushing_twopta": 0, "active": "true", "receiving_rec": 1, "rushing_lng": 14, "rushing_yds": 79, "receiving_lngtd": 0, "receiving_yds": -4, "rushing_att": 26, "receiving_twoptm": 0, "rushing_twoptm": 0}, {"week": "2", "rushing_lngtd": 1, "receiving_tds": 0, "receiving_twopta": 0, "receiving_lng": 18, "rushing_tds": 1, "rushing_twopta": 0, "active": "true", "receiving_rec": 6, "rushing_lng": 18, "rushing_yds": 110, "receiving_lngtd": 0, "receiving_yds": 37, "rushing_att": 28, "receiving_twoptm": 0, "rushing_twoptm": 0}, {"week": "3", "rushing_lngtd": 0, "receiving_tds": 1, "receiving_twopta": 0, "receiving_lng": 3, "rushing_tds": 0, "rushing_twopta": 0, "active": "true", "receiving_rec": 1, "rushing_lng": 22, "rushing_yds": 105, "receiving_lngtd": 3, "receiving_yds": 3, "rushing_att": 25, "receiving_twoptm": 0, "rushing_twoptm": 0}, {"week": "4", "rushing_lngtd": 4, "receiving_tds": 0, "receiving_twopta": 0, "receiving_lng": 8, "rushing_tds": 1, "rushing_twopta": 0, "active": "true", "receiving_rec": 1, "rushing_lng": 16, "rushing_yds": 86, "receiving_lngtd": 0, "receiving_yds": 8, "rushing_att": 24, "receiving_twoptm": 0, "rushing_twoptm": 0}, {"week": "5", "rushing_lngtd": 13, "receiving_tds": 0, "receiving_twopta": 0, "receiving_lng": 16, "rushing_tds": 1, "rushing_twopta": 0, "active": "true", "receiving_rec": 1, "rushing_lng": 46, "rushing_yds": 152, "receiving_lngtd": 0, "receiving_yds": 16, "rushing_att": 29, "receiving_twoptm": 0, "rushing_twoptm": 0}, {"week": "6", "rushing_lngtd": 1, "receiving_tds": 0, "receiving_twopta": 0, "receiving_lng": 12, "rushing_tds": 2, "rushing_twopta": 0, "active": "true", "receiving_rec": 1, "rushing_lng": 5, "rushing_yds": 29, "receiving_lngtd": 0, "receiving_yds": 12, "rushing_att": 17, "receiving_twoptm": 0, "rushing_twoptm": 0}, {"week": "7", "rushing_lngtd": 2, "receiving_tds": 0, "receiving_twopta": 0, "receiving_lng": 5, "rushing_tds": 2, "rushing_twopta": 0, "active": "true", "receiving_rec": 1, "rushing_lng": 16, "rushing_yds": 98, "receiving_lngtd": 0, "receiving_yds": 5, "rushing_att": 19, "receiving_twoptm": 0, "rushing_twoptm": 0}, {"week": "8", "active": "false"}, {"week": "9", "rushing_lngtd": 3, "rushing_tds": 1, "rushing_twopta": 0, "rushing_lng": 21, "rushing_yds": 111, "active": "true", "rushing_att": 24, "rushing_twoptm": 0}, {"week": "10", "rushing_lngtd": 0, "receiving_tds": 1, "receiving_twopta": 0, "receiving_lng": 8, "rushing_tds": 0, "rushing_twopta": 0, "active": "true", "receiving_rec": 5, "rushing_lng": 21, "rushing_yds": 102, "receiving_lngtd": 2, "receiving_yds": 15, "rushing_att": 29, "receiving_twoptm": 0, "rushing_twoptm": 0}, {"week": "11", "fumbles_tot": 1, "rushing_lngtd": 0, "receiving_tds": 0, "fumbles_yds": 0, "receiving_twopta": 0, "fumbles_trcv": 0, "receiving_lng": 9, "rushing_tds": 0, "fumbles_rcv": 0, "rushing_twopta": 0, "fumbles_lost": 1, "receiving_rec": 3, "rushing_lng": 13, "rushing_yds": 77, "receiving_lngtd": 0, "receiving_yds": 15, "rushing_att": 28, "receiving_twoptm": 0, "rushing_twoptm": 0, "active": "true"}, {"week": "12", "rushing_lngtd": 6, "receiving_tds": 0, "receiving_twopta": 0, "receiving_lng": 5, "rushing_tds": 2, "rushing_twopta": 0, "active": "true", "receiving_rec": 5, "rushing_lng": 15, "rushing_yds": 102, "receiving_lngtd": 0, "receiving_yds": 15, "rushing_att": 20, "receiving_twoptm": 0, "rushing_twoptm": 0}, {"week": "13", "fumbles_tot": 1, "rushing_lngtd": 2, "receiving_tds": 0, "fumbles_yds": 0, "receiving_twopta": 0, "fumbles_trcv": 1, "receiving_lng": 8, "rushing_tds": 1, "fumbles_rcv": 1, "rushing_twopta": 0, "fumbles_lost": 0, "receiving_rec": 5, "rushing_lng": 7, "rushing_yds": 38, "receiving_lngtd": 0, "receiving_yds": 15, "rushing_att": 14, "receiving_twoptm": 0, "rushing_twoptm": 0, "active": "true"}, {"week": "14", "rushing_lngtd": 1, "receiving_tds": 0, "receiving_twopta": 0, "receiving_lng": 23, "rushing_tds": 1, "rushing_twopta": 0, "active": "true", "receiving_rec": 4, "rushing_lng": 15, "rushing_yds": 46, "receiving_lngtd": 0, "receiving_yds": 39, "rushing_att": 15, "receiving_twoptm": 0, "rushing_twoptm": 0}, {"week": "15", "rushing_lngtd": 0, "receiving_tds": 0, "receiving_twopta": 0, "receiving_lng": 2, "rushing_tds": 0, "rushing_twopta": 0, "active": "true", "receiving_rec": 2, "rushing_lng": 31, "rushing_yds": 165, "receiving_lngtd": 0, "receiving_yds": 4, "rushing_att": 27, "receiving_twoptm": 0, "rushing_twoptm": 0}, {"week": "16", "fumbles_tot": 1, "rushing_lngtd": 0, "receiving_tds": 0, "fumbles_yds": 0, "receiving_twopta": 0, "fumbles_trcv": 0, "receiving_lng": 11, "rushing_tds": 0, "fumbles_rcv": 0, "rushing_twopta": 0, "fumbles_lost": 1, "receiving_rec": 2, "rushing_lng": 8, "rushing_yds": 15, "receiving_lngtd": 0, "receiving_yds": 14, "rushing_att": 10, "receiving_twoptm": 0, "rushing_twoptm": 0, "active": "true"}, {"week": "17", "rushing_lngtd": 13, "receiving_tds": 0, "receiving_twopta": 0, "receiving_lng": 18, "rushing_tds": 1, "rushing_twopta": 0, "active": "true", "receiving_rec": 2, "rushing_lng": 39, "rushing_yds": 96, "receiving_lngtd": 0, "receiving_yds": 23, "rushing_att": 16, "receiving_twoptm": 0, "rushing_twoptm": 0}], "2013": [{"week": "1", "rushing_lngtd": 0, "receiving_tds": 0, "receiving_twopta": 0, "receiving_lng": 8, "rushing_tds": 0, "rushing_twopta": 0, "active": "true", "receiving_rec": 6, "rushing_lng": 9, "rushing_yds": 57, "receiving_lngtd": 0, "receiving_yds": 33, "rushing_att": 18, "receiving_twoptm": 0, "rushing_twoptm": 0}, {"week": "2", "rushing_lngtd": 1, "receiving_tds": 0, "receiving_twopta": 0, "receiving_lng": 6, "rushing_tds": 1, "rushing_twopta": 1, "active": "true", "receiving_rec": 1, "rushing_lng": 16, "rushing_yds": 79, "receiving_lngtd": 0, "receiving_yds": 6, "rushing_att": 19, "receiving_twoptm": 0, "rushing_twoptm": 1}, {"week": "3", "rushing_lngtd": 0, "receiving_tds": 0, "receiving_twopta": 0, "receiving_lng": -2, "rushing_tds": 0, "rushing_twopta": 0, "active": "true", "receiving_rec": 1, "rushing_lng": 10, "rushing_yds": 54, "receiving_lngtd": 0, "receiving_yds": -2, "rushing_att": 12, "receiving_twoptm": 0, "rushing_twoptm": 0}, {"week": "4", "rushing_lngtd": 0, "receiving_tds": 1, "receiving_twopta": 0, "receiving_lng": 31, "rushing_tds": 0, "rushing_twopta": 0, "active": "true", "receiving_rec": 6, "rushing_lng": 16, "rushing_yds": 102, "receiving_lngtd": 5, "receiving_yds": 69, "rushing_att": 27, "receiving_twoptm": 0, "rushing_twoptm": 0}, {"week": "5", "rushing_lngtd": 0, "receiving_tds": 0, "receiving_twopta": 0, "receiving_lng": 9, "rushing_tds": 0, "rushing_twopta": 0, "active": "true", "receiving_rec": 4, "rushing_lng": 17, "rushing_yds": 98, "receiving_lngtd": 0, "receiving_yds": 20, "rushing_att": 21, "receiving_twoptm": 0, "rushing_twoptm": 0}, {"week": "6", "rushing_lngtd": 0, "receiving_tds": 0, "receiving_twopta": 0, "receiving_lng": 41, "rushing_tds": 0, "rushing_twopta": 0, "active": "true", "receiving_rec": 4, "rushing_lng": 23, "rushing_yds": 141, "receiving_lngtd": 0, "receiving_yds": 57, "rushing_att": 20, "receiving_twoptm": 0, "rushing_twoptm": 0}, {"week": "7", "rushing_lngtd": 0, "rushing_tds": 0, "rushing_twopta": 0, "rushing_lng": 11, "rushing_yds": 11, "active": "true", "rushing_att": 4, "rushing_twoptm": 0}, {"week": "8", "active": "false"}, {"week": "9", "active": "false"}, {"week": "10", "active": "false"}, {"week": "11", "active": "false"}, {"week": "12", "active": "false"}, {"week": "13", "active": "false"}, {"week": "14", "active": "false"}, {"week": "15", "active": "false"}, {"week": "16", "active": "false"}, {"week": "17", "active": "false"}], "2014": [{"week": "1", "fumbles_tot": 1, "rushing_lngtd": 0, "receiving_tds": 0, "fumbles_yds": 0, "receiving_twopta": 0, "fumbles_trcv": 0, "receiving_lng": 11, "rushing_tds": 0, "fumbles_rcv": 0, "rushing_twopta": 0, "fumbles_lost": 1, "receiving_rec": 2, "rushing_lng": 10, "rushing_yds": 103, "receiving_lngtd": 0, "receiving_yds": 17, "rushing_att": 27, "receiving_twoptm": 0, "rushing_twoptm": 0, "active": "true"}, {"week": "2", "rushing_lngtd": 5, "receiving_tds": 0, "receiving_twopta": 0, "receiving_lng": 9, "rushing_tds": 1, "rushing_twopta": 0, "active": "true", "receiving_rec": 2, "rushing_lng": 40, "rushing_yds": 138, "receiving_lngtd": 0, "receiving_yds": 12, "rushing_att": 28, "receiving_twoptm": 0, "rushing_twoptm": 0}, {"week": "3", "active": "false"}, {"week": "4", "rushing_lngtd": 0, "receiving_tds": 0, "receiving_twopta": 0, "receiving_lng": 17, "rushing_tds": 0, "rushing_twopta": 0, "active": "true", "receiving_rec": 7, "rushing_lng": 4, "rushing_yds": 6, "receiving_lngtd": 0, "receiving_yds": 55, "rushing_att": 8, "receiving_twoptm": 0, "rushing_twoptm": 0}, {"week": "5", "rushing_lngtd": 15, "receiving_tds": 0, "receiving_twopta": 0, "receiving_lng": 14, "rushing_tds": 2, "rushing_twopta": 0, "active": "true", "receiving_rec": 2, "rushing_lng": 33, "rushing_yds": 157, "receiving_lngtd": 0, "receiving_yds": 15, "rushing_att": 23, "receiving_twoptm": 0, "rushing_twoptm": 0}, {"week": "6", "rushing_lngtd": 12, "receiving_tds": 0, "receiving_twopta": 0, "receiving_lng": 28, "rushing_tds": 2, "rushing_twopta": 0, "active": "true", "receiving_rec": 3, "rushing_lng": 34, "rushing_yds": 109, "receiving_lngtd": 0, "receiving_yds": 32, "rushing_att": 20, "receiving_twoptm": 0, "rushing_twoptm": 0}, {"week": "7", "fumbles_tot": 1, "rushing_lngtd": 0, "receiving_tds": 1, "fumbles_yds": 0, "receiving_twopta": 0, "fumbles_trcv": 0, "receiving_lng": 8, "rushing_tds": 0, "fumbles_rcv": 0, "rushing_twopta": 0, "fumbles_lost": 1, "receiving_rec": 4, "rushing_lng": 33, "rushing_yds": 102, "receiving_lngtd": 1, "receiving_yds": 13, "rushing_att": 20, "receiving_twoptm": 0, "rushing_twoptm": 0, "active": "true"}, {"week": "8", "rushing_lngtd": 34, "receiving_tds": 1, "receiving_twopta": 0, "receiving_lng": 13, "rushing_tds": 2, "rushing_twopta": 0, "active": "true", "receiving_rec": 4, "rushing_lng": 43, "rushing_yds": 151, "receiving_lngtd": 5, "receiving_yds": 22, "rushing_att": 20, "receiving_twoptm": 0, "rushing_twoptm": 0}, {"week": "9", "rushing_lngtd": 0, "receiving_tds": 1, "receiving_twopta": 0, "receiving_lng": 56, "rushing_tds": 0, "rushing_twopta": 0, "active": "true", "receiving_rec": 2, "rushing_lng": 18, "rushing_yds": 56, "receiving_lngtd": 56, "receiving_yds": 63, "rushing_att": 15, "receiving_twoptm": 0, "rushing_twoptm": 0}, {"week": "10", "active": "false"}, {"week": "11", "active": "false"}, {"week": "12", "active": "false"}, {"week": "13", "rushing_lngtd": 0, "receiving_tds": 1, "receiving_twopta": 0, "receiving_lng": 7, "rushing_tds": 0, "rushing_twopta": 0, "active": "true", "receiving_rec": 5, "rushing_lng": 18, "rushing_yds": 79, "receiving_lngtd": 7, "receiving_yds": 26, "rushing_att": 19, "receiving_twoptm": 0, "rushing_twoptm": 0}, {"week": "14", "rushing_lngtd": 1, "receiving_tds": 0, "receiving_twopta": 0, "receiving_lng": 11, "rushing_tds": 1, "rushing_twopta": 0, "active": "true", "receiving_rec": 2, "rushing_lng": 51, "rushing_yds": 127, "receiving_lngtd": 0, "receiving_yds": 21, "rushing_att": 24, "receiving_twoptm": 0, "rushing_twoptm": 0}]}}