{"A.Battle": {"2009": [{"week": "1", "receiving_tds": 0, "receiving_lng": 12, "active": "true", "receiving_rec": 2, "receiving_twopta": 0, "receiving_yds": 22, "receiving_twoptm": 0}, {"week": "2", "receiving_tds": 0, "receiving_lng": 1, "active": "true", "receiving_rec": 1, "receiving_twopta": 0, "receiving_yds": 1, "receiving_twoptm": 0}, {"week": "3", "active": "false"}, {"week": "4", "fumbles_tot": 2, "puntret_ret": 3, "receiving_tds": 0, "fumbles_yds": 0, "fumbles_lost": 0, "fumbles_trcv": 0, "receiving_lng": 8, "fumbles_rcv": 0, "puntret_tds": 0, "active": "true", "puntret_avg": 1, "receiving_rec": 1, "receiving_twopta": 0, "receiving_yds": 8, "receiving_twoptm": 0, "puntret_lng": 3}, {"week": "5", "puntret_tds": 0, "puntret_ret": 1, "receiving_tds": 0, "puntret_avg": 2, "receiving_lng": 9, "puntret_lng": 2, "active": "true", "receiving_rec": 1, "receiving_twopta": 0, "receiving_yds": 9, "receiving_twoptm": 0}, {"week": "6", "active": "false"}, {"week": "7", "fumbles_tot": 1, "puntret_ret": 1, "puntret_avg": 0, "fumbles_yds": 0, "fumbles_lost": 1, "fumbles_trcv": 0, "fumbles_rcv": 0, "puntret_tds": 0, "active": "true", "puntret_lng": 0}, {"week": "8", "active": "false"}, {"week": "9", "active": "false"}, {"week": "10", "kickret_lng": 26, "kickret_avg": 25, "kickret_tds": 0, "active": "true", "kickret_ret": 2}, {"week": "11", "kickret_lng": 18, "kickret_avg": 18, "kickret_tds": 0, "active": "true", "kickret_ret": 1}, {"week": "12", "active": "false"}, {"week": "13", "fumbles_tot": 1, "puntret_ret": 5, "puntret_avg": 0, "fumbles_yds": 0, "fumbles_lost": 1, "fumbles_trcv": 0, "fumbles_rcv": 0, "puntret_tds": 0, "active": "true", "puntret_lng": 8}, {"week": "14", "fumbles_tot": 1, "puntret_ret": 3, "puntret_avg": 3, "fumbles_yds": 0, "fumbles_lost": 0, "fumbles_trcv": 0, "fumbles_rcv": 0, "puntret_tds": 0, "active": "true", "puntret_lng": 6}, {"week": "15", "puntret_tds": 0, "puntret_ret": 2, "puntret_avg": 0, "puntret_lng": 2, "active": "true"}, {"week": "16", "puntret_tds": 0, "puntret_ret": 1, "puntret_avg": 10, "puntret_lng": 10, "active": "true"}, {"week": "17", "fumbles_tot": 1, "puntret_ret": 5, "puntret_avg": 8, "fumbles_yds": 0, "fumbles_lost": 0, "fumbles_trcv": 1, "fumbles_rcv": 1, "puntret_tds": 0, "active": "true", "puntret_lng": 18}], "2010": [{"week": "1", "active": "false"}, {"week": "2", "active": "false"}, {"week": "3", "active": "false"}, {"week": "4", "active": "false"}, {"week": "5", "active": "false"}, {"week": "6", "active": "false"}, {"week": "7", "active": "false"}, {"week": "8", "active": "false"}, {"week": "9", "active": "false"}, {"week": "10", "active": "false"}, {"week": "11", "active": "false"}, {"week": "12", "active": "false"}, {"week": "13", "active": "false"}, {"week": "14", "active": "false"}, {"week": "15", "active": "false"}, {"week": "16", "active": "false"}, {"week": "17", "active": "false"}], "2011": [{"week": "1", "active": "false"}, {"week": "2", "active": "false"}, {"week": "3", "active": "false"}, {"week": "4", "active": "false"}, {"week": "5", "fumbles_tot": 1, "kickret_lngtd": 0, "kickret_lng": 0, "fumbles_yds": 0, "fumbles_lost": 1, "fumbles_trcv": 0, "fumbles_rcv": 0, "kickret_avg": 0, "kickret_tds": 0, "active": "true", "kickret_ret": 1}, {"week": "6", "active": "false"}, {"week": "7", "active": "false"}, {"week": "8", "active": "false"}, {"week": "9", "active": "false"}, {"week": "10", "active": "false"}, {"week": "11", "active": "false"}, {"week": "12", "active": "false"}, {"week": "13", "active": "false"}, {"week": "14", "active": "false"}, {"week": "15", "active": "false"}, {"week": "16", "active": "false"}, {"week": "17", "active": "false"}], "2012": [{"week": "1", "active": "false"}, {"week": "2", "active": "false"}, {"week": "3", "active": "false"}, {"week": "4", "active": "false"}, {"week": "5", "active": "false"}, {"week": "6", "active": "false"}, {"week": "7", "active": "false"}, {"week": "8", "active": "false"}, {"week": "9", "active": "false"}, {"week": "10", "active": "false"}, {"week": "11", "active": "false"}, {"week": "12", "active": "false"}, {"week": "13", "active": "false"}, {"week": "14", "active": "false"}, {"week": "15", "active": "false"}, {"week": "16", "active": "false"}, {"week": "17", "active": "false"}], "2013": [{"week": "1", "active": "false"}, {"week": "2", "active": "false"}, {"week": "3", "active": "false"}, {"week": "4", "active": "false"}, {"week": "5", "active": "false"}, {"week": "6", "active": "false"}, {"week": "7", "active": "false"}, {"week": "8", "active": "false"}, {"week": "9", "active": "false"}, {"week": "10", "active": "false"}, {"week": "11", "active": "false"}, {"week": "12", "active": "false"}, {"week": "13", "active": "false"}, {"week": "14", "active": "false"}, {"week": "15", "active": "false"}, {"week": "16", "active": "false"}, {"week": "17", "active": "false"}], "2014": [{"week": "1", "active": "false"}, {"week": "2", "active": "false"}, {"week": "3", "active": "false"}, {"week": "4", "active": "false"}, {"week": "5", "active": "false"}, {"week": "6", "active": "false"}, {"week": "7", "active": "false"}, {"week": "8", "active": "false"}, {"week": "9", "active": "false"}, {"week": "10", "active": "false"}, {"week": "11", "active": "false"}, {"week": "12", "active": "false"}, {"week": "13", "active": "false"}, {"week": "14", "active": "false"}]}}