{"A.Collie": {"2009": [{"week": "1", "receiving_tds": 0, "receiving_lng": 10, "active": "true", "receiving_rec": 2, "receiving_twopta": 0, "receiving_yds": 15, "receiving_twoptm": 0}, {"week": "2", "receiving_tds": 0, "receiving_lng": 4, "active": "true", "receiving_rec": 1, "receiving_twopta": 0, "receiving_yds": 4, "receiving_twoptm": 0}, {"week": "3", "receiving_tds": 0, "receiving_lng": 27, "active": "true", "receiving_rec": 3, "receiving_twopta": 0, "receiving_yds": 47, "receiving_twoptm": 0}, {"week": "4", "receiving_tds": 1, "receiving_lng": 21, "active": "true", "receiving_rec": 6, "receiving_twopta": 0, "receiving_yds": 65, "receiving_twoptm": 0}, {"week": "5", "receiving_tds": 2, "receiving_lng": 39, "active": "true", "receiving_rec": 8, "receiving_twopta": 0, "receiving_yds": 97, "receiving_twoptm": 0}, {"week": "6", "active": "false"}, {"week": "7", "fumbles_tot": 0, "receiving_tds": 1, "fumbles_yds": 0, "fumbles_lost": 0, "fumbles_trcv": 1, "receiving_lng": 17, "fumbles_rcv": 1, "active": "true", "receiving_rec": 4, "receiving_twopta": 0, "receiving_yds": 36, "receiving_twoptm": 0}, {"week": "8", "receiving_tds": 0, "receiving_lng": 23, "active": "true", "receiving_rec": 6, "receiving_twopta": 0, "receiving_yds": 66, "receiving_twoptm": 0}, {"week": "9", "receiving_tds": 0, "receiving_lng": 16, "active": "true", "receiving_rec": 2, "receiving_twopta": 0, "receiving_yds": 26, "receiving_twoptm": 0}, {"week": "10", "receiving_tds": 0, "receiving_lng": 17, "active": "true", "receiving_rec": 6, "receiving_twopta": 0, "receiving_yds": 45, "receiving_twoptm": 0}, {"week": "11", "kickret_lng": 8, "receiving_tds": 0, "kickret_tds": 0, "receiving_lng": 12, "kickret_avg": 8, "active": "true", "receiving_rec": 1, "receiving_twopta": 0, "receiving_yds": 12, "receiving_twoptm": 0, "kickret_ret": 1}, {"week": "12", "receiving_tds": 0, "receiving_lng": 31, "active": "true", "receiving_rec": 4, "receiving_twopta": 0, "receiving_yds": 70, "receiving_twoptm": 0}, {"week": "13", "receiving_tds": 1, "receiving_lng": 11, "active": "true", "receiving_rec": 4, "receiving_twopta": 0, "receiving_yds": 18, "receiving_twoptm": 0}, {"week": "14", "receiving_tds": 1, "receiving_lng": 23, "active": "true", "receiving_rec": 3, "receiving_twopta": 0, "receiving_yds": 39, "receiving_twoptm": 0}, {"week": "15", "receiving_lng": 23, "receiving_tds": 1, "receiving_twopta": 0, "rushing_tds": 0, "rushing_twopta": 0, "active": "true", "receiving_rec": 3, "rushing_lng": 2, "rushing_yds": 2, "receiving_yds": 27, "rushing_att": 1, "receiving_twoptm": 0, "rushing_twoptm": 0}, {"week": "16", "receiving_lng": 29, "receiving_tds": 0, "receiving_twopta": 0, "rushing_tds": 0, "rushing_twopta": 0, "active": "true", "receiving_rec": 6, "rushing_lng": -1, "rushing_yds": -1, "receiving_yds": 94, "rushing_att": 1, "receiving_twoptm": 0, "rushing_twoptm": 0}, {"week": "17", "receiving_tds": 0, "receiving_lng": 15, "active": "true", "receiving_rec": 1, "receiving_twopta": 0, "receiving_yds": 15, "receiving_twoptm": 0}], "2010": [{"week": "1", "receiving_tds": 1, "receiving_lng": 73, "active": "true", "receiving_rec": 10, "receiving_twopta": 0, "receiving_yds": 131, "receiving_lngtd": 73, "receiving_twoptm": 0}, {"week": "2", "receiving_tds": 1, "receiving_lng": 9, "active": "true", "receiving_rec": 4, "receiving_twopta": 0, "receiving_yds": 25, "receiving_lngtd": 3, "receiving_twoptm": 0}, {"week": "3", "receiving_tds": 2, "receiving_lng": 48, "active": "true", "receiving_rec": 12, "receiving_twopta": 0, "receiving_yds": 171, "receiving_lngtd": 23, "receiving_twoptm": 0}, {"week": "4", "receiving_tds": 1, "receiving_lng": 14, "active": "true", "receiving_rec": 5, "receiving_twopta": 0, "receiving_yds": 39, "receiving_lngtd": 1, "receiving_twoptm": 0}, {"week": "5", "receiving_tds": 0, "receiving_lng": 19, "active": "true", "receiving_rec": 5, "receiving_twopta": 0, "receiving_yds": 48, "receiving_lngtd": 0, "receiving_twoptm": 0}, {"week": "6", "receiving_tds": 1, "receiving_lng": 17, "active": "true", "receiving_rec": 7, "receiving_twopta": 0, "receiving_yds": 57, "receiving_lngtd": 5, "receiving_twoptm": 0}, {"week": "7", "active": "false"}, {"week": "8", "active": "false"}, {"week": "9", "receiving_tds": 0, "receiving_lng": -1, "active": "true", "receiving_rec": 1, "receiving_twopta": 0, "receiving_yds": -1, "receiving_lngtd": 0, "receiving_twoptm": 0}, {"week": "10", "active": "false"}, {"week": "11", "receiving_tds": 0, "receiving_lng": 28, "active": "true", "receiving_rec": 5, "receiving_twopta": 0, "receiving_yds": 60, "receiving_lngtd": 0, "receiving_twoptm": 0}, {"week": "12", "active": "false"}, {"week": "13", "active": "false"}, {"week": "14", "active": "false"}, {"week": "15", "receiving_tds": 2, "receiving_lng": 27, "active": "true", "receiving_rec": 8, "receiving_twopta": 0, "receiving_yds": 87, "receiving_lngtd": 27, "receiving_twoptm": 0}, {"week": "16", "active": "false"}, {"week": "17", "active": "false"}], "2011": [{"week": "1", "active": "false"}, {"week": "2", "receiving_tds": 0, "receiving_lng": 13, "active": "true", "receiving_rec": 3, "receiving_twopta": 0, "receiving_yds": 24, "receiving_lngtd": 0, "receiving_twoptm": 0}, {"week": "3", "receiving_tds": 0, "receiving_lng": 11, "active": "true", "receiving_rec": 5, "receiving_twopta": 0, "receiving_yds": 29, "receiving_lngtd": 0, "receiving_twoptm": 0}, {"week": "4", "receiving_tds": 0, "receiving_lng": 11, "active": "true", "receiving_rec": 2, "receiving_twopta": 0, "receiving_yds": 16, "receiving_lngtd": 0, "receiving_twoptm": 0}, {"week": "5", "receiving_tds": 0, "receiving_lng": 27, "active": "true", "receiving_rec": 2, "receiving_twopta": 0, "receiving_yds": 50, "receiving_lngtd": 0, "receiving_twoptm": 0}, {"week": "6", "receiving_tds": 0, "receiving_lng": 8, "active": "true", "receiving_rec": 1, "receiving_twopta": 0, "receiving_yds": 8, "receiving_lngtd": 0, "receiving_twoptm": 0}, {"week": "7", "receiving_tds": 0, "receiving_lng": 12, "active": "true", "receiving_rec": 2, "receiving_twopta": 0, "receiving_yds": 12, "receiving_lngtd": 0, "receiving_twoptm": 0}, {"week": "8", "receiving_tds": 0, "receiving_lng": 21, "active": "true", "receiving_rec": 5, "receiving_twopta": 0, "receiving_yds": 44, "receiving_lngtd": 0, "receiving_twoptm": 0}, {"week": "9", "receiving_tds": 0, "receiving_lng": 16, "active": "true", "receiving_rec": 4, "receiving_twopta": 0, "receiving_yds": 32, "receiving_lngtd": 0, "receiving_twoptm": 0}, {"week": "10", "receiving_tds": 0, "receiving_lng": 11, "active": "true", "receiving_rec": 4, "receiving_twopta": 0, "receiving_yds": 31, "receiving_lngtd": 0, "receiving_twoptm": 0}, {"week": "11", "active": "false"}, {"week": "12", "receiving_tds": 0, "receiving_lng": 12, "active": "true", "receiving_rec": 3, "receiving_twopta": 1, "receiving_yds": 28, "receiving_lngtd": 0, "receiving_twoptm": 0}, {"week": "13", "receiving_tds": 0, "receiving_lng": 23, "active": "true", "receiving_rec": 7, "receiving_twopta": 0, "receiving_yds": 70, "receiving_lngtd": 0, "receiving_twoptm": 0}, {"week": "14", "receiving_tds": 0, "receiving_lng": 9, "active": "true", "receiving_rec": 4, "receiving_twopta": 0, "receiving_yds": 25, "receiving_lngtd": 0, "receiving_twoptm": 0}, {"week": "15", "active": "false"}, {"week": "16", "receiving_tds": 0, "receiving_lng": 25, "active": "true", "receiving_rec": 3, "receiving_twopta": 0, "receiving_yds": 49, "receiving_lngtd": 0, "receiving_twoptm": 0}, {"week": "17", "receiving_tds": 1, "receiving_lng": 21, "active": "true", "receiving_rec": 9, "receiving_twopta": 0, "receiving_yds": 96, "receiving_lngtd": 12, "receiving_twoptm": 0}], "2012": [{"week": "1", "active": "false"}, {"week": "2", "active": "false"}, {"week": "3", "receiving_tds": 0, "receiving_lng": 6, "active": "true", "receiving_rec": 1, "receiving_twopta": 0, "receiving_yds": 6, "receiving_lngtd": 0, "receiving_twoptm": 0}, {"week": "4", "active": "false"}, {"week": "5", "active": "false"}, {"week": "6", "active": "false"}, {"week": "7", "active": "false"}, {"week": "8", "active": "false"}, {"week": "9", "active": "false"}, {"week": "10", "active": "false"}, {"week": "11", "active": "false"}, {"week": "12", "active": "false"}, {"week": "13", "active": "false"}, {"week": "14", "active": "false"}, {"week": "15", "active": "false"}, {"week": "16", "active": "false"}, {"week": "17", "active": "false"}], "2013": [{"week": "1", "active": "false"}, {"week": "2", "active": "false"}, {"week": "3", "active": "false"}, {"week": "4", "active": "false"}, {"week": "5", "active": "false"}, {"week": "6", "receiving_tds": 0, "receiving_lng": 15, "active": "true", "receiving_rec": 2, "receiving_twopta": 0, "receiving_yds": 24, "receiving_lngtd": 0, "receiving_twoptm": 0}, {"week": "7", "receiving_tds": 0, "receiving_lng": 10, "active": "true", "receiving_rec": 1, "receiving_twopta": 0, "receiving_yds": 10, "receiving_lngtd": 0, "receiving_twoptm": 0}, {"week": "8", "active": "false"}, {"week": "9", "active": "false"}, {"week": "10", "active": "false"}, {"week": "11", "active": "false"}, {"week": "12", "active": "false"}, {"week": "13", "active": "false"}, {"week": "14", "receiving_tds": 0, "receiving_lng": 4, "active": "true", "receiving_rec": 1, "receiving_twopta": 0, "receiving_yds": 4, "receiving_lngtd": 0, "receiving_twoptm": 0}, {"week": "15", "receiving_tds": 0, "receiving_lng": 19, "active": "true", "receiving_rec": 2, "receiving_twopta": 0, "receiving_yds": 25, "receiving_lngtd": 0, "receiving_twoptm": 0}, {"week": "16", "active": "false"}, {"week": "17", "active": "false"}], "2014": [{"week": "1", "active": "false"}, {"week": "2", "active": "false"}, {"week": "3", "active": "false"}, {"week": "4", "active": "false"}, {"week": "5", "active": "false"}, {"week": "6", "active": "false"}, {"week": "7", "active": "false"}, {"week": "8", "active": "false"}, {"week": "9", "active": "false"}, {"week": "10", "active": "false"}, {"week": "11", "active": "false"}, {"week": "12", "active": "false"}, {"week": "13", "active": "false"}, {"week": "14", "active": "false"}]}}