{"C.Wells": {"2009": [{"week": "1", "rushing_tds": 0, "rushing_twopta": 0, "rushing_lng": 15, "rushing_yds": 29, "active": "true", "rushing_att": 7, "rushing_twoptm": 0}, {"week": "2", "fumbles_tot": 2, "fumbles_yds": 0, "fumbles_lost": 1, "fumbles_trcv": 0, "rushing_tds": 0, "fumbles_rcv": 0, "rushing_twopta": 0, "rushing_lng": 17, "rushing_yds": 44, "active": "true", "rushing_att": 7, "rushing_twoptm": 0}, {"week": "3", "rushing_tds": 0, "rushing_twopta": 0, "rushing_lng": 1, "rushing_yds": -2, "active": "true", "rushing_att": 2, "rushing_twoptm": 0}, {"week": "4", "active": "false"}, {"week": "5", "rushing_tds": 0, "rushing_twopta": 0, "rushing_lng": 9, "rushing_yds": 24, "active": "true", "rushing_att": 7, "rushing_twoptm": 0}, {"week": "6", "receiving_lng": 7, "receiving_tds": 0, "receiving_twopta": 0, "rushing_tds": 0, "rushing_twopta": 0, "active": "true", "receiving_rec": 1, "rushing_lng": 14, "rushing_yds": 29, "receiving_yds": 7, "rushing_att": 12, "receiving_twoptm": 0, "rushing_twoptm": 0}, {"week": "7", "fumbles_tot": 1, "receiving_lng": 6, "receiving_tds": 0, "fumbles_yds": 0, "receiving_twopta": 0, "fumbles_trcv": 0, "rushing_tds": 1, "fumbles_rcv": 0, "rushing_twopta": 0, "fumbles_lost": 0, "receiving_rec": 3, "rushing_lng": 15, "rushing_yds": 67, "receiving_yds": 10, "rushing_att": 14, "receiving_twoptm": 0, "rushing_twoptm": 0, "active": "true"}, {"week": "8", "rushing_tds": 0, "rushing_twopta": 0, "rushing_lng": 14, "rushing_yds": 47, "active": "true", "rushing_att": 8, "rushing_twoptm": 0}, {"week": "9", "rushing_tds": 0, "rushing_twopta": 0, "rushing_lng": 26, "rushing_yds": 72, "active": "true", "rushing_att": 13, "rushing_twoptm": 0}, {"week": "10", "receiving_lng": 23, "receiving_tds": 0, "receiving_twopta": 0, "rushing_tds": 2, "rushing_twopta": 0, "active": "true", "receiving_rec": 2, "rushing_lng": 29, "rushing_yds": 85, "receiving_yds": 32, "rushing_att": 16, "receiving_twoptm": 0, "rushing_twoptm": 0}, {"week": "11", "receiving_lng": 7, "receiving_tds": 0, "receiving_twopta": 0, "rushing_tds": 1, "rushing_twopta": 0, "active": "true", "receiving_rec": 2, "rushing_lng": 16, "rushing_yds": 74, "receiving_yds": 11, "rushing_att": 14, "receiving_twoptm": 0, "rushing_twoptm": 0}, {"week": "12", "fumbles_tot": 0, "receiving_lng": 21, "receiving_tds": 0, "fumbles_yds": -4, "receiving_twopta": 0, "fumbles_trcv": 1, "rushing_tds": 0, "fumbles_rcv": 1, "rushing_twopta": 0, "fumbles_lost": 0, "receiving_rec": 1, "rushing_lng": 5, "rushing_yds": 20, "receiving_yds": 21, "rushing_att": 8, "receiving_twoptm": 0, "rushing_twoptm": 0, "active": "true"}, {"week": "13", "rushing_tds": 0, "rushing_twopta": 0, "rushing_lng": 11, "rushing_yds": 28, "active": "true", "rushing_att": 13, "rushing_twoptm": 0}, {"week": "14", "fumbles_tot": 1, "receiving_lng": 24, "receiving_tds": 0, "fumbles_yds": 0, "receiving_twopta": 0, "fumbles_trcv": 0, "rushing_tds": 1, "fumbles_rcv": 0, "rushing_twopta": 0, "fumbles_lost": 1, "receiving_rec": 1, "rushing_lng": 23, "rushing_yds": 79, "receiving_yds": 24, "rushing_att": 15, "receiving_twoptm": 0, "rushing_twoptm": 0, "active": "true"}, {"week": "15", "receiving_lng": 13, "receiving_tds": 0, "receiving_twopta": 0, "rushing_tds": 1, "rushing_twopta": 0, "active": "true", "receiving_rec": 1, "rushing_lng": 34, "rushing_yds": 110, "receiving_yds": 13, "rushing_att": 17, "receiving_twoptm": 0, "rushing_twoptm": 0}, {"week": "16", "receiving_lng": 25, "receiving_tds": 0, "receiving_twopta": 0, "rushing_tds": 1, "rushing_twopta": 0, "active": "true", "receiving_rec": 1, "rushing_lng": 16, "rushing_yds": 68, "receiving_yds": 25, "rushing_att": 17, "receiving_twoptm": 0, "rushing_twoptm": 0}, {"week": "17", "rushing_tds": 0, "rushing_twopta": 0, "rushing_lng": 17, "rushing_yds": 19, "active": "true", "rushing_att": 6, "rushing_twoptm": 0}], "2010": [{"week": "1", "active": "false"}, {"week": "2", "active": "false"}, {"week": "3", "rushing_lngtd": 0, "rushing_tds": 0, "rushing_twopta": 0, "rushing_lng": 24, "rushing_yds": 75, "active": "true", "rushing_att": 14, "rushing_twoptm": 0}, {"week": "4", "rushing_lngtd": 0, "receiving_tds": 0, "receiving_twopta": 0, "receiving_lng": 6, "rushing_tds": 0, "rushing_twopta": 0, "active": "true", "receiving_rec": 1, "rushing_lng": 7, "rushing_yds": 19, "receiving_lngtd": 0, "receiving_yds": 6, "rushing_att": 5, "receiving_twoptm": 0, "rushing_twoptm": 0}, {"week": "5", "fumbles_tot": 1, "rushing_lngtd": 0, "receiving_tds": 0, "fumbles_yds": 0, "receiving_twopta": 0, "fumbles_trcv": 1, "receiving_lng": 5, "rushing_tds": 0, "fumbles_rcv": 1, "rushing_twopta": 0, "fumbles_lost": 0, "receiving_rec": 1, "rushing_lng": 7, "rushing_yds": 35, "receiving_lngtd": 0, "receiving_yds": 5, "rushing_att": 20, "receiving_twoptm": 0, "rushing_twoptm": 0, "active": "true"}, {"week": "6", "active": "false"}, {"week": "7", "rushing_lngtd": 2, "rushing_tds": 1, "rushing_twopta": 0, "rushing_lng": 10, "rushing_yds": 54, "active": "true", "rushing_att": 14, "rushing_twoptm": 0}, {"week": "8", "rushing_lngtd": 1, "receiving_tds": 0, "receiving_twopta": 0, "receiving_lng": 14, "rushing_tds": 1, "rushing_twopta": 0, "active": "true", "receiving_rec": 1, "rushing_lng": 14, "rushing_yds": 50, "receiving_lngtd": 0, "receiving_yds": 14, "rushing_att": 16, "receiving_twoptm": 0, "rushing_twoptm": 0}, {"week": "9", "rushing_lngtd": 0, "rushing_tds": 0, "rushing_twopta": 0, "rushing_lng": -2, "rushing_yds": -2, "active": "true", "rushing_att": 1, "rushing_twoptm": 0}, {"week": "10", "active": "false"}, {"week": "11", "rushing_lngtd": 0, "rushing_tds": 0, "rushing_twopta": 0, "rushing_lng": 12, "rushing_yds": 39, "active": "true", "rushing_att": 8, "rushing_twoptm": 0}, {"week": "12", "rushing_lngtd": 0, "receiving_tds": 0, "receiving_twopta": 0, "receiving_lng": 43, "rushing_tds": 0, "rushing_twopta": 0, "active": "true", "receiving_rec": 1, "rushing_lng": 8, "rushing_yds": 13, "receiving_lngtd": 0, "receiving_yds": 43, "rushing_att": 5, "receiving_twoptm": 0, "rushing_twoptm": 0}, {"week": "13", "rushing_lngtd": 0, "rushing_tds": 0, "rushing_twopta": 0, "rushing_lng": 16, "rushing_yds": 24, "active": "true", "rushing_att": 3, "rushing_twoptm": 0}, {"week": "14", "rushing_lngtd": 0, "rushing_tds": 0, "rushing_twopta": 0, "rushing_lng": 6, "rushing_yds": 16, "active": "true", "rushing_att": 6, "rushing_twoptm": 0}, {"week": "15", "rushing_lngtd": 0, "rushing_tds": 0, "rushing_twopta": 0, "rushing_lng": 7, "rushing_yds": 11, "active": "true", "rushing_att": 8, "rushing_twoptm": 0}, {"week": "16", "rushing_lngtd": 0, "rushing_tds": 0, "rushing_twopta": 0, "rushing_lng": 10, "rushing_yds": 47, "active": "true", "rushing_att": 11, "rushing_twoptm": 0}, {"week": "17", "rushing_lngtd": 0, "receiving_tds": 0, "receiving_twopta": 0, "receiving_lng": 6, "rushing_tds": 0, "rushing_twopta": 0, "active": "true", "receiving_rec": 1, "rushing_lng": 7, "rushing_yds": 16, "receiving_lngtd": 0, "receiving_yds": 6, "rushing_att": 5, "receiving_twoptm": 0, "rushing_twoptm": 0}], "2011": [{"week": "1", "rushing_lngtd": 7, "receiving_tds": 0, "receiving_twopta": 0, "receiving_lng": 10, "rushing_tds": 1, "rushing_twopta": 0, "active": "true", "receiving_rec": 4, "rushing_lng": 22, "rushing_yds": 90, "receiving_lngtd": 0, "receiving_yds": 12, "rushing_att": 18, "receiving_twoptm": 0, "rushing_twoptm": 0}, {"week": "2", "rushing_lngtd": 2, "rushing_tds": 1, "rushing_twopta": 0, "rushing_lng": 25, "rushing_yds": 93, "active": "true", "rushing_att": 14, "rushing_twoptm": 0}, {"week": "3", "active": "false"}, {"week": "4", "fumbles_tot": 1, "rushing_lngtd": 2, "fumbles_yds": 0, "fumbles_lost": 0, "fumbles_trcv": 0, "rushing_tds": 3, "fumbles_rcv": 0, "rushing_twopta": 0, "rushing_lng": 39, "rushing_yds": 138, "active": "true", "rushing_att": 27, "rushing_twoptm": 0}, {"week": "5", "fumbles_tot": 1, "rushing_lngtd": 2, "fumbles_yds": 0, "fumbles_lost": 0, "fumbles_trcv": 0, "rushing_tds": 1, "fumbles_rcv": 0, "rushing_twopta": 0, "rushing_lng": 9, "rushing_yds": 60, "active": "true", "rushing_att": 20, "rushing_twoptm": 0}, {"week": "6", "active": "false"}, {"week": "7", "rushing_lngtd": 0, "rushing_tds": 0, "rushing_twopta": 0, "rushing_lng": 15, "rushing_yds": 42, "active": "true", "rushing_att": 12, "rushing_twoptm": 0}, {"week": "8", "rushing_lngtd": 1, "rushing_tds": 1, "rushing_twopta": 0, "rushing_lng": 16, "rushing_yds": 83, "active": "true", "rushing_att": 22, "rushing_twoptm": 0}, {"week": "9", "rushing_lngtd": 0, "receiving_tds": 0, "receiving_twopta": 0, "receiving_lng": 7, "rushing_tds": 0, "rushing_twopta": 0, "active": "true", "receiving_rec": 2, "rushing_lng": 14, "rushing_yds": 20, "receiving_lngtd": 0, "receiving_yds": 13, "rushing_att": 10, "receiving_twoptm": 0, "rushing_twoptm": 0}, {"week": "10", "rushing_lngtd": 0, "rushing_tds": 0, "rushing_twopta": 0, "rushing_lng": 12, "rushing_yds": 62, "active": "true", "rushing_att": 23, "rushing_twoptm": 0}, {"week": "11", "fumbles_tot": 1, "rushing_lngtd": 0, "fumbles_yds": 0, "fumbles_lost": 1, "fumbles_trcv": 0, "rushing_tds": 0, "fumbles_rcv": 0, "rushing_twopta": 0, "rushing_lng": 9, "rushing_yds": 33, "active": "true", "rushing_att": 8, "rushing_twoptm": 0}, {"week": "12", "fumbles_tot": 1, "rushing_lngtd": 7, "fumbles_yds": 0, "fumbles_lost": 1, "fumbles_trcv": 0, "rushing_tds": 1, "fumbles_rcv": 0, "rushing_twopta": 0, "rushing_lng": 71, "rushing_yds": 228, "active": "true", "rushing_att": 27, "rushing_twoptm": 0}, {"week": "13", "rushing_lngtd": 4, "receiving_tds": 0, "receiving_twopta": 0, "receiving_lng": 6, "rushing_tds": 1, "rushing_twopta": 0, "active": "true", "receiving_rec": 1, "rushing_lng": 9, "rushing_yds": 67, "receiving_lngtd": 0, "receiving_yds": 6, "rushing_att": 20, "receiving_twoptm": 0, "rushing_twoptm": 0}, {"week": "14", "rushing_lngtd": 0, "receiving_tds": 0, "receiving_twopta": 0, "receiving_lng": 3, "rushing_tds": 0, "rushing_twopta": 0, "active": "true", "receiving_rec": 1, "rushing_lng": 8, "rushing_yds": 27, "receiving_lngtd": 0, "receiving_yds": 3, "rushing_att": 15, "receiving_twoptm": 0, "rushing_twoptm": 0}, {"week": "15", "rushing_lngtd": 1, "receiving_tds": 0, "receiving_twopta": 0, "receiving_lng": 10, "rushing_tds": 1, "rushing_twopta": 0, "active": "true", "receiving_rec": 1, "rushing_lng": 8, "rushing_yds": 51, "receiving_lngtd": 0, "receiving_yds": 10, "rushing_att": 15, "receiving_twoptm": 0, "rushing_twoptm": 0}, {"week": "16", "fumbles_tot": 0, "rushing_lngtd": 0, "receiving_tds": 0, "fumbles_yds": 0, "receiving_twopta": 0, "fumbles_trcv": 1, "receiving_lng": 8, "rushing_tds": 0, "fumbles_rcv": 1, "rushing_twopta": 0, "fumbles_lost": 0, "receiving_rec": 1, "rushing_lng": 8, "rushing_yds": 53, "receiving_lngtd": 0, "receiving_yds": 8, "rushing_att": 14, "receiving_twoptm": 0, "rushing_twoptm": 0, "active": "true"}, {"week": "17", "active": "false"}], "2012": [{"week": "1", "rushing_lngtd": 0, "rushing_tds": 0, "rushing_twopta": 0, "rushing_lng": 9, "rushing_yds": 14, "active": "true", "rushing_att": 7, "rushing_twoptm": 0}, {"week": "2", "rushing_lngtd": 0, "receiving_tds": 0, "receiving_twopta": 0, "receiving_lng": 24, "rushing_tds": 0, "rushing_twopta": 0, "active": "true", "receiving_rec": 1, "rushing_lng": 10, "rushing_yds": 44, "receiving_lngtd": 0, "receiving_yds": 24, "rushing_att": 14, "receiving_twoptm": 0, "rushing_twoptm": 0}, {"week": "3", "rushing_lngtd": 0, "rushing_tds": 0, "rushing_twopta": 0, "rushing_lng": 5, "rushing_yds": 18, "active": "true", "rushing_att": 8, "rushing_twoptm": 0}, {"week": "4", "active": "false"}, {"week": "5", "active": "false"}, {"week": "6", "active": "false"}, {"week": "7", "active": "false"}, {"week": "8", "active": "false"}, {"week": "9", "active": "false"}, {"week": "10", "active": "false"}, {"week": "11", "active": "false"}, {"week": "12", "rushing_lngtd": 12, "rushing_tds": 2, "rushing_twopta": 0, "rushing_lng": 12, "rushing_yds": 48, "active": "true", "rushing_att": 17, "rushing_twoptm": 0}, {"week": "13", "rushing_lngtd": 0, "rushing_tds": 0, "rushing_twopta": 0, "rushing_lng": 9, "rushing_yds": 22, "active": "true", "rushing_att": 15, "rushing_twoptm": 0}, {"week": "14", "rushing_lngtd": 0, "rushing_tds": 0, "rushing_twopta": 0, "rushing_lng": 6, "rushing_yds": 18, "active": "true", "rushing_att": 6, "rushing_twoptm": 0}, {"week": "15", "rushing_lngtd": 31, "rushing_tds": 3, "rushing_twopta": 0, "rushing_lng": 31, "rushing_yds": 67, "active": "true", "rushing_att": 17, "rushing_twoptm": 0}, {"week": "16", "fumbles_tot": 1, "rushing_lngtd": 0, "fumbles_yds": 0, "fumbles_lost": 1, "fumbles_trcv": 0, "rushing_tds": 0, "fumbles_rcv": 0, "rushing_twopta": 0, "rushing_lng": 4, "rushing_yds": 3, "active": "true", "rushing_att": 4, "rushing_twoptm": 0}, {"week": "17", "active": "false"}], "2013": [{"week": "1", "active": "false"}, {"week": "2", "active": "false"}, {"week": "3", "active": "false"}, {"week": "4", "active": "false"}, {"week": "5", "active": "false"}, {"week": "6", "active": "false"}, {"week": "7", "active": "false"}, {"week": "8", "active": "false"}, {"week": "9", "active": "false"}, {"week": "10", "active": "false"}, {"week": "11", "active": "false"}, {"week": "12", "active": "false"}, {"week": "13", "active": "false"}, {"week": "14", "active": "false"}, {"week": "15", "active": "false"}, {"week": "16", "active": "false"}, {"week": "17", "active": "false"}], "2014": [{"week": "1", "active": "false"}, {"week": "2", "active": "false"}, {"week": "3", "active": "false"}, {"week": "4", "active": "false"}, {"week": "5", "active": "false"}, {"week": "6", "active": "false"}, {"week": "7", "active": "false"}, {"week": "8", "active": "false"}, {"week": "9", "active": "false"}, {"week": "10", "active": "false"}, {"week": "11", "active": "false"}, {"week": "12", "active": "false"}, {"week": "13", "active": "false"}, {"week": "14", "active": "false"}]}}