{"B.Graham": {"2009": [{"week": "1", "punting_pts": 6, "punting_avg": 45, "punting_lng": 64, "active": "true", "punting_yds": 328, "punting_i20": 1}, {"week": "2", "punting_pts": 3, "punting_avg": 36, "punting_lng": 53, "active": "true", "punting_yds": 139, "punting_i20": 1}, {"week": "3", "punting_pts": 6, "punting_avg": 42, "punting_lng": 59, "active": "true", "punting_yds": 287, "punting_i20": 3}, {"week": "4", "active": "false"}, {"week": "5", "punting_pts": 7, "punting_avg": 37, "punting_lng": 59, "active": "true", "punting_yds": 356, "punting_i20": 3}, {"week": "6", "punting_pts": 6, "punting_avg": 38, "punting_lng": 54, "active": "true", "punting_yds": 255, "punting_i20": 4}, {"week": "7", "punting_pts": 8, "punting_avg": 41, "punting_lng": 52, "active": "true", "punting_yds": 354, "punting_i20": 4}, {"week": "8", "punting_pts": 4, "punting_avg": 41, "punting_lng": 62, "active": "true", "punting_yds": 210, "punting_i20": 1}, {"week": "9", "punting_pts": 4, "punting_avg": 41, "punting_lng": 56, "active": "true", "punting_yds": 166, "punting_i20": 3}, {"week": "10", "punting_pts": 7, "punting_avg": 43, "punting_lng": 64, "active": "true", "punting_yds": 364, "punting_i20": 3}, {"week": "11", "punting_pts": 5, "punting_avg": 37, "punting_lng": 49, "active": "true", "punting_yds": 202, "punting_i20": 2}, {"week": "12", "punting_pts": 6, "punting_avg": 48, "punting_lng": 64, "active": "true", "punting_yds": 298, "punting_i20": 5}, {"week": "13", "punting_pts": 3, "punting_avg": 40, "punting_lng": 52, "active": "true", "punting_yds": 122, "punting_i20": 2}, {"week": "14", "punting_pts": 4, "punting_avg": 42, "punting_lng": 54, "active": "true", "punting_yds": 175, "punting_i20": 2}, {"week": "15", "punting_pts": 7, "punting_avg": 45, "punting_lng": 64, "active": "true", "punting_yds": 352, "punting_i20": 3}, {"week": "16", "punting_pts": 6, "punting_avg": 28, "punting_lng": 61, "active": "true", "punting_yds": 247, "punting_i20": 2}, {"week": "17", "punting_pts": 4, "punting_avg": 44, "punting_lng": 58, "active": "true", "punting_yds": 190, "punting_i20": 3}], "2010": [{"week": "1", "punting_pts": 6, "punting_avg": 39, "punting_lng": 59, "active": "true", "punting_yds": 262, "punting_i20": 2}, {"week": "2", "defense_sk": 1, "defense_tkl": 2, "defense_int": 0, "active": "true", "defense_ffum": 0, "defense_ast": 0}, {"week": "3", "punting_pts": 6, "punting_avg": 45, "punting_lng": 58, "active": "true", "punting_yds": 295, "punting_i20": 2}, {"week": "4", "defense_sk": 0, "defense_tkl": 2, "defense_int": 0, "active": "true", "defense_ffum": 0, "defense_ast": 0}, {"week": "5", "punting_pts": 5, "punting_avg": 38, "punting_lng": 46, "active": "true", "punting_yds": 189, "punting_i20": 3}, {"week": "6", "defense_sk": 0, "defense_tkl": 1, "defense_int": 0, "active": "true", "defense_ffum": 0, "defense_ast": 0}, {"week": "7", "punting_pts": 5, "punting_avg": 32, "punting_lng": 60, "active": "true", "punting_yds": 178, "punting_i20": 2}, {"week": "8", "punting_pts": 4, "punting_avg": 38, "punting_lng": 52, "active": "true", "punting_yds": 172, "punting_i20": 2}, {"week": "9", "punting_pts": 8, "punting_avg": 36, "punting_lng": 56, "active": "true", "punting_yds": 376, "punting_i20": 0}, {"week": "10", "punting_pts": 6, "punting_avg": 29, "punting_lng": 52, "active": "true", "punting_yds": 243, "punting_i20": 3}, {"week": "11", "punting_pts": 7, "punting_avg": 38, "punting_lng": 55, "active": "true", "punting_yds": 333, "punting_i20": 2}, {"week": "12", "defense_sk": 1, "defense_tkl": 3, "defense_int": 0, "active": "true", "defense_ffum": 0, "defense_ast": 0}, {"week": "13", "defense_sk": 0, "defense_tkl": 0, "defense_int": 0, "active": "true", "defense_ffum": 0, "defense_ast": 1}, {"week": "14", "punting_pts": 5, "punting_avg": 36, "punting_lng": 46, "active": "true", "punting_yds": 188, "punting_i20": 3}, {"week": "15", "punting_pts": 6, "punting_avg": 34, "punting_lng": 54, "active": "true", "punting_yds": 253, "punting_i20": 2}, {"week": "16", "punting_pts": 6, "punting_avg": 42, "punting_lng": 56, "active": "true", "punting_yds": 281, "punting_i20": 2}, {"week": "17", "punting_pts": 8, "punting_avg": 39, "punting_lng": 53, "active": "true", "punting_yds": 330, "punting_i20": 2}], "2011": [{"week": "1", "active": "false"}, {"week": "2", "active": "false"}, {"week": "3", "active": "false"}, {"week": "4", "active": "false"}, {"week": "5", "punting_pts": 5, "punting_avg": 33, "punting_lng": 55, "active": "true", "punting_yds": 212, "punting_i20": 2}, {"week": "6", "active": "false"}, {"week": "7", "active": "false"}, {"week": "8", "active": "false"}, {"week": "9", "defense_sk": 0, "defense_tkl": 4, "defense_int": 0, "active": "true", "defense_ffum": 0, "defense_ast": 0}, {"week": "10", "active": "false"}, {"week": "11", "punting_pts": 2, "punting_avg": 36, "punting_lng": 49, "active": "true", "punting_yds": 96, "punting_i20": 0}, {"week": "12", "punting_pts": 4, "punting_avg": 33, "punting_lng": 46, "active": "true", "punting_yds": 148, "punting_i20": 1}, {"week": "13", "punting_pts": 4, "punting_avg": 43, "punting_lng": 58, "active": "true", "punting_yds": 183, "punting_i20": 2}, {"week": "14", "punting_pts": 6, "punting_avg": 37, "punting_lng": 57, "active": "true", "punting_yds": 286, "punting_i20": 2}, {"week": "15", "punting_pts": 6, "punting_avg": 40, "punting_lng": 52, "active": "true", "punting_yds": 257, "punting_i20": 2}, {"week": "16", "punting_pts": 3, "punting_avg": 36, "punting_lng": 47, "active": "true", "punting_yds": 124, "punting_i20": 1}, {"week": "17", "punting_pts": 3, "punting_avg": 47, "punting_lng": 54, "active": "true", "punting_yds": 141, "punting_i20": 2}], "2012": [{"week": "1", "punting_pts": 3, "punting_avg": 38, "punting_lng": 45, "active": "true", "punting_yds": 121, "punting_i20": 2}, {"week": "2", "defense_sk": 0, "defense_tkl": 1, "defense_int": 0, "active": "true", "defense_ffum": 0, "defense_ast": 0}, {"week": "3", "punting_pts": 1, "punting_avg": -25, "punting_lng": 38, "active": "true", "punting_yds": 38, "punting_i20": 0}, {"week": "4", "active": "false"}, {"week": "5", "defense_sk": 0, "defense_tkl": 0, "defense_int": 0, "active": "true", "defense_ffum": 0, "defense_ast": 1}, {"week": "6", "defense_sk": 0, "defense_tkl": 1, "defense_int": 0, "active": "true", "defense_ffum": 0, "defense_ast": 0}, {"week": "7", "active": "false"}, {"week": "8", "defense_sk": 0, "defense_tkl": 4, "defense_int": 0, "active": "true", "defense_ffum": 0, "defense_ast": 0}, {"week": "9", "fumbles_tot": 0, "fumbles_yds": 0, "fumbles_lost": 0, "fumbles_trcv": 1, "fumbles_rcv": 0, "defense_sk": 1, "defense_tkl": 1, "defense_int": 0, "active": "true", "defense_ffum": 1, "defense_ast": 1}, {"week": "10", "active": "false"}, {"week": "11", "active": "false"}, {"week": "12", "defense_sk": 0, "defense_tkl": 1, "defense_int": 0, "active": "true", "defense_ffum": 0, "defense_ast": 0}, {"week": "13", "defense_sk": 1.5, "defense_tkl": 4, "defense_int": 0, "active": "true", "defense_ffum": 0, "defense_ast": 2}, {"week": "14", "defense_sk": 0, "defense_tkl": 2, "defense_int": 0, "active": "true", "defense_ffum": 0, "defense_ast": 0}, {"week": "15", "defense_sk": 2.5, "defense_tkl": 4, "defense_int": 0, "active": "true", "defense_ffum": 1, "defense_ast": 2}, {"week": "16", "defense_sk": 0, "defense_tkl": 6, "defense_int": 0, "active": "true", "defense_ffum": 0, "defense_ast": 1}, {"week": "17", "defense_sk": 0, "defense_tkl": 2, "defense_int": 0, "active": "true", "defense_ffum": 0, "defense_ast": 0}], "2013": [{"week": "1", "active": "false"}, {"week": "2", "active": "false"}, {"week": "3", "defense_sk": 1, "defense_tkl": 1, "defense_int": 0, "active": "true", "defense_ffum": 0, "defense_ast": 0}, {"week": "4", "defense_sk": 0, "defense_tkl": 1, "defense_int": 0, "active": "true", "defense_ffum": 0, "defense_ast": 0}, {"week": "5", "active": "false"}, {"week": "6", "active": "false"}, {"week": "7", "defense_sk": 0, "defense_tkl": 2, "defense_int": 0, "active": "true", "defense_ffum": 0, "defense_ast": 0}, {"week": "8", "defense_sk": 0, "defense_tkl": 1, "defense_int": 0, "active": "true", "defense_ffum": 0, "defense_ast": 0}, {"week": "9", "kickret_lngtd": 0, "kickret_lng": 14, "kickret_avg": 14, "defense_sk": 0, "defense_tkl": 0, "defense_int": 0, "kickret_tds": 0, "active": "true", "kickret_ret": 1, "defense_ffum": 0, "defense_ast": 1}, {"week": "10", "kickret_lngtd": 0, "kickret_lng": 0, "kickret_avg": 0, "defense_sk": 0, "defense_tkl": 0, "defense_int": 0, "kickret_tds": 0, "active": "true", "kickret_ret": 1, "defense_ffum": 0, "defense_ast": 1}, {"week": "11", "defense_sk": 0, "defense_tkl": 1, "defense_int": 0, "active": "true", "defense_ffum": 0, "defense_ast": 0}, {"week": "12", "active": "false"}, {"week": "13", "defense_sk": 2, "defense_tkl": 2, "defense_int": 0, "active": "true", "defense_ffum": 0, "defense_ast": 1}, {"week": "14", "active": "false"}, {"week": "15", "defense_sk": 0, "defense_tkl": 0, "defense_int": 0, "active": "true", "defense_ffum": 0, "defense_ast": 1}, {"week": "16", "active": "false"}, {"week": "17", "defense_sk": 0, "defense_tkl": 2, "defense_int": 0, "active": "true", "defense_ffum": 0, "defense_ast": 0}], "2014": [{"week": "1", "defense_sk": 0, "defense_tkl": 3, "defense_int": 0, "active": "true", "defense_ffum": 0, "defense_ast": 1}, {"week": "2", "defense_sk": 0, "defense_tkl": 0, "defense_int": 0, "active": "true", "defense_ffum": 0, "defense_ast": 1}, {"week": "3", "defense_sk": 0, "defense_tkl": 2, "defense_int": 0, "active": "true", "defense_ffum": 1, "defense_ast": 0}, {"week": "4", "defense_sk": 1, "defense_tkl": 2, "defense_int": 0, "active": "true", "defense_ffum": 0, "defense_ast": 1}, {"week": "5", "defense_sk": 0, "defense_tkl": 2, "defense_int": 0, "active": "true", "defense_ffum": 1, "defense_ast": 0}, {"week": "6", "defense_sk": 1, "defense_tkl": 4, "defense_int": 0, "active": "true", "defense_ffum": 1, "defense_ast": 0}, {"week": "7", "active": "false"}, {"week": "8", "defense_sk": 0, "defense_tkl": 1, "defense_int": 0, "active": "true", "defense_ffum": 0, "defense_ast": 0}, {"week": "9", "defense_sk": 1, "defense_tkl": 1, "defense_int": 0, "active": "true", "defense_ffum": 0, "defense_ast": 0}, {"week": "10", "defense_sk": 1.5, "defense_tkl": 3, "defense_int": 0, "active": "true", "defense_ffum": 1, "defense_ast": 1}, {"week": "11", "defense_sk": 0, "defense_tkl": 1, "defense_int": 0, "active": "true", "defense_ffum": 0, "defense_ast": 1}, {"week": "12", "defense_sk": 0, "defense_tkl": 1, "defense_int": 0, "active": "true", "defense_ffum": 0, "defense_ast": 0}, {"week": "13", "defense_sk": 1, "defense_tkl": 3, "defense_int": 0, "active": "true", "defense_ffum": 0, "defense_ast": 0}, {"week": "14", "active": "false"}]}}