{"B.Obomanu": {"2009": [{"week": "1", "receiving_tds": 0, "receiving_lng": 11, "active": "true", "receiving_rec": 1, "receiving_twopta": 0, "receiving_yds": 11, "receiving_twoptm": 0}, {"week": "2", "active": "false"}, {"week": "3", "kickret_lng": 45, "receiving_tds": 0, "kickret_tds": 0, "receiving_lng": 11, "kickret_avg": 45, "active": "true", "receiving_rec": 1, "receiving_twopta": 0, "receiving_yds": 11, "receiving_twoptm": 0, "kickret_ret": 1}, {"week": "4", "kickret_lng": 23, "kickret_avg": 23, "kickret_tds": 0, "active": "true", "kickret_ret": 1}, {"week": "5", "fumbles_tot": 0, "kickret_lng": 25, "fumbles_yds": 0, "fumbles_lost": 0, "fumbles_trcv": 1, "fumbles_rcv": 1, "kickret_avg": 25, "kickret_tds": 0, "active": "true", "kickret_ret": 1}, {"week": "6", "kickret_lng": 23, "kickret_avg": 23, "kickret_tds": 0, "active": "true", "kickret_ret": 1}, {"week": "7", "active": "false"}, {"week": "8", "active": "false"}, {"week": "9", "active": "false"}, {"week": "10", "active": "false"}, {"week": "11", "fumbles_tot": 1, "kickret_lng": 35, "fumbles_yds": 0, "fumbles_lost": 1, "fumbles_trcv": 0, "fumbles_rcv": 0, "kickret_avg": 30, "kickret_tds": 0, "active": "true", "kickret_ret": 2}, {"week": "12", "kickret_lng": 25, "kickret_avg": 25, "kickret_tds": 0, "active": "true", "kickret_ret": 1}, {"week": "13", "kickret_lng": 33, "receiving_tds": 0, "kickret_tds": 0, "receiving_lng": 12, "kickret_avg": 33, "active": "true", "receiving_rec": 1, "receiving_twopta": 0, "receiving_yds": 12, "receiving_twoptm": 0, "kickret_ret": 1}, {"week": "14", "kickret_lng": 22, "kickret_avg": 21, "kickret_tds": 0, "active": "true", "kickret_ret": 2}, {"week": "15", "kickret_lng": 16, "kickret_avg": 16, "kickret_tds": 0, "active": "true", "kickret_ret": 1}, {"week": "16", "active": "false"}, {"week": "17", "receiving_tds": 0, "receiving_lng": 7, "active": "true", "receiving_rec": 1, "receiving_twopta": 0, "receiving_yds": 7, "receiving_twoptm": 0}], "2010": [{"week": "1", "receiving_tds": 0, "receiving_lng": 6, "active": "true", "receiving_rec": 1, "receiving_twopta": 0, "receiving_yds": 6, "receiving_lngtd": 0, "receiving_twoptm": 0}, {"week": "2", "receiving_tds": 1, "receiving_lng": 19, "active": "true", "receiving_rec": 2, "receiving_twopta": 0, "receiving_yds": 30, "receiving_lngtd": 11, "receiving_twoptm": 0}, {"week": "3", "active": "false"}, {"week": "4", "active": "false"}, {"week": "5", "active": "false"}, {"week": "6", "active": "false"}, {"week": "7", "receiving_tds": 0, "receiving_lng": 7, "active": "true", "receiving_rec": 1, "receiving_twopta": 0, "receiving_yds": 7, "receiving_lngtd": 0, "receiving_twoptm": 0}, {"week": "8", "receiving_tds": 0, "receiving_lng": 5, "active": "true", "receiving_rec": 1, "receiving_twopta": 0, "receiving_yds": 5, "receiving_lngtd": 0, "receiving_twoptm": 0}, {"week": "9", "receiving_tds": 1, "receiving_lng": 36, "active": "true", "receiving_rec": 1, "receiving_twopta": 0, "receiving_yds": 36, "receiving_lngtd": 36, "receiving_twoptm": 0}, {"week": "10", "rushing_lngtd": 0, "receiving_tds": 0, "receiving_twopta": 0, "receiving_lng": 40, "rushing_tds": 0, "rushing_twopta": 0, "active": "true", "receiving_rec": 4, "rushing_lng": 13, "rushing_yds": 17, "receiving_lngtd": 0, "receiving_yds": 60, "rushing_att": 2, "receiving_twoptm": 0, "rushing_twoptm": 0}, {"week": "11", "receiving_tds": 1, "receiving_lng": 42, "active": "true", "receiving_rec": 5, "receiving_twopta": 0, "receiving_yds": 87, "receiving_lngtd": 2, "receiving_twoptm": 0}, {"week": "12", "receiving_tds": 1, "receiving_lng": 87, "active": "true", "receiving_rec": 5, "receiving_twopta": 0, "receiving_yds": 159, "receiving_lngtd": 87, "receiving_twoptm": 0}, {"week": "13", "receiving_tds": 0, "receiving_lng": 27, "active": "true", "receiving_rec": 2, "receiving_twopta": 0, "receiving_yds": 40, "receiving_lngtd": 0, "receiving_twoptm": 0}, {"week": "14", "active": "false"}, {"week": "15", "receiving_tds": 0, "receiving_lng": 7, "active": "true", "receiving_rec": 1, "receiving_twopta": 1, "receiving_yds": 7, "receiving_lngtd": 0, "receiving_twoptm": 1}, {"week": "16", "receiving_tds": 0, "receiving_lng": 14, "active": "true", "receiving_rec": 2, "receiving_twopta": 1, "receiving_yds": 18, "receiving_lngtd": 0, "receiving_twoptm": 1}, {"week": "17", "receiving_tds": 0, "receiving_lng": 13, "active": "true", "receiving_rec": 5, "receiving_twopta": 0, "receiving_yds": 39, "receiving_lngtd": 0, "receiving_twoptm": 0}], "2011": [{"week": "1", "rushing_lngtd": 0, "receiving_tds": 0, "receiving_twopta": 0, "receiving_lng": 7, "rushing_tds": 0, "rushing_twopta": 0, "active": "true", "receiving_rec": 2, "rushing_lng": 13, "rushing_yds": 13, "receiving_lngtd": 0, "receiving_yds": 12, "rushing_att": 1, "receiving_twoptm": 0, "rushing_twoptm": 0}, {"week": "2", "receiving_tds": 0, "receiving_lng": 11, "active": "true", "receiving_rec": 4, "receiving_twopta": 0, "receiving_yds": 35, "receiving_lngtd": 0, "receiving_twoptm": 0}, {"week": "3", "receiving_tds": 0, "receiving_lng": 6, "active": "true", "receiving_rec": 2, "receiving_twopta": 0, "receiving_yds": 12, "receiving_lngtd": 0, "receiving_twoptm": 0}, {"week": "4", "receiving_tds": 1, "receiving_lng": 12, "active": "true", "receiving_rec": 3, "receiving_twopta": 0, "receiving_yds": 25, "receiving_lngtd": 8, "receiving_twoptm": 0}, {"week": "5", "receiving_tds": 1, "receiving_lng": 11, "active": "true", "receiving_rec": 6, "receiving_twopta": 0, "receiving_yds": 51, "receiving_lngtd": 11, "receiving_twoptm": 0}, {"week": "6", "active": "false"}, {"week": "7", "active": "false"}, {"week": "8", "receiving_tds": 0, "receiving_lng": 55, "active": "true", "receiving_rec": 4, "receiving_twopta": 1, "receiving_yds": 107, "receiving_lngtd": 0, "receiving_twoptm": 0}, {"week": "9", "receiving_tds": 0, "receiving_lng": 9, "active": "true", "receiving_rec": 2, "receiving_twopta": 0, "receiving_yds": 6, "receiving_lngtd": 0, "receiving_twoptm": 0}, {"week": "10", "fumbles_tot": 0, "receiving_tds": 0, "fumbles_yds": 0, "fumbles_lost": 0, "fumbles_trcv": 1, "receiving_lng": 10, "fumbles_rcv": 0, "active": "true", "receiving_rec": 1, "receiving_twopta": 0, "receiving_yds": 10, "receiving_lngtd": 0, "receiving_twoptm": 0}, {"week": "11", "receiving_tds": 0, "receiving_lng": 11, "active": "true", "receiving_rec": 1, "receiving_twopta": 0, "receiving_yds": 11, "receiving_lngtd": 0, "receiving_twoptm": 0}, {"week": "12", "receiving_tds": 0, "receiving_lng": 11, "active": "true", "receiving_rec": 3, "receiving_twopta": 0, "receiving_yds": 26, "receiving_lngtd": 0, "receiving_twoptm": 0}, {"week": "13", "receiving_tds": 0, "receiving_lng": 26, "active": "true", "receiving_rec": 2, "receiving_twopta": 0, "receiving_yds": 28, "receiving_lngtd": 0, "receiving_twoptm": 0}, {"week": "14", "receiving_tds": 0, "receiving_lng": 13, "active": "true", "receiving_rec": 1, "receiving_twopta": 0, "receiving_yds": 13, "receiving_lngtd": 0, "receiving_twoptm": 0}, {"week": "15", "receiving_tds": 0, "receiving_lng": 43, "active": "true", "receiving_rec": 1, "receiving_twopta": 0, "receiving_yds": 43, "receiving_lngtd": 0, "receiving_twoptm": 0}, {"week": "16", "receiving_tds": 0, "receiving_lng": 14, "active": "true", "receiving_rec": 2, "receiving_twopta": 0, "receiving_yds": 20, "receiving_lngtd": 0, "receiving_twoptm": 0}, {"week": "17", "receiving_tds": 0, "receiving_lng": 20, "active": "true", "receiving_rec": 3, "receiving_twopta": 0, "receiving_yds": 37, "receiving_lngtd": 0, "receiving_twoptm": 0}], "2012": [{"week": "1", "active": "false"}, {"week": "2", "active": "false"}, {"week": "3", "receiving_tds": 0, "receiving_lng": 8, "active": "true", "receiving_rec": 1, "receiving_twopta": 0, "receiving_yds": 8, "receiving_lngtd": 0, "receiving_twoptm": 0}, {"week": "4", "active": "false"}, {"week": "5", "rushing_lngtd": 0, "rushing_tds": 0, "rushing_twopta": 0, "rushing_lng": 11, "rushing_yds": 11, "active": "true", "rushing_att": 1, "rushing_twoptm": 0}, {"week": "6", "active": "false"}, {"week": "7", "receiving_tds": 0, "receiving_lng": 36, "active": "true", "receiving_rec": 3, "receiving_twopta": 0, "receiving_yds": 50, "receiving_lngtd": 0, "receiving_twoptm": 0}, {"week": "8", "kickret_lngtd": 0, "kickret_lng": 0, "kickret_avg": 0, "kickret_tds": 0, "active": "true", "kickret_ret": 1}, {"week": "9", "active": "false"}, {"week": "10", "active": "false"}, {"week": "11", "active": "false"}, {"week": "12", "active": "false"}, {"week": "13", "active": "false"}, {"week": "14", "active": "false"}, {"week": "15", "active": "false"}, {"week": "16", "active": "false"}, {"week": "17", "active": "false"}], "2013": [{"week": "1", "active": "false"}, {"week": "2", "active": "false"}, {"week": "3", "active": "false"}, {"week": "4", "receiving_tds": 0, "receiving_lng": 8, "active": "true", "receiving_rec": 1, "receiving_twopta": 0, "receiving_yds": 8, "receiving_lngtd": 0, "receiving_twoptm": 0}, {"week": "5", "active": "false"}, {"week": "6", "active": "false"}, {"week": "7", "active": "false"}, {"week": "8", "active": "false"}, {"week": "9", "active": "false"}, {"week": "10", "active": "false"}, {"week": "11", "active": "false"}, {"week": "12", "active": "false"}, {"week": "13", "active": "false"}, {"week": "14", "active": "false"}, {"week": "15", "active": "false"}, {"week": "16", "active": "false"}, {"week": "17", "active": "false"}], "2014": [{"week": "1", "active": "false"}, {"week": "2", "active": "false"}, {"week": "3", "active": "false"}, {"week": "4", "active": "false"}, {"week": "5", "active": "false"}, {"week": "6", "active": "false"}, {"week": "7", "active": "false"}, {"week": "8", "active": "false"}, {"week": "9", "active": "false"}, {"week": "10", "active": "false"}, {"week": "11", "active": "false"}, {"week": "12", "active": "false"}, {"week": "13", "active": "false"}, {"week": "14", "active": "false"}]}}