{"B.Roethlisberger": {"2009": [{"week": "1", "passing_att": 43, "passing_twoptm": 0, "passing_twopta": 0, "rushing_tds": 0, "passing_yds": 363, "rushing_yds": 3, "passing_cmp": 33, "rushing_twopta": 0, "active": "true", "rushing_lng": 3, "passing_ints": 2, "passing_tds": 1, "rushing_att": 1, "rushing_twoptm": 0}, {"week": "2", "passing_att": 35, "passing_twoptm": 0, "passing_twopta": 0, "rushing_tds": 1, "passing_yds": 221, "rushing_yds": 6, "passing_cmp": 23, "rushing_twopta": 0, "active": "true", "rushing_lng": 5, "passing_ints": 1, "passing_tds": 1, "rushing_att": 3, "rushing_twoptm": 0}, {"week": "3", "passing_att": 31, "passing_twoptm": 0, "passing_twopta": 0, "rushing_tds": 1, "passing_yds": 276, "rushing_yds": 3, "passing_cmp": 22, "rushing_twopta": 0, "active": "true", "rushing_lng": 2, "passing_ints": 1, "passing_tds": 1, "rushing_att": 2, "rushing_twoptm": 0}, {"week": "4", "fumbles_tot": 1, "passing_att": 33, "fumbles_rcv": 1, "passing_twoptm": 0, "fumbles_yds": 0, "fumbles_lost": 0, "fumbles_trcv": 1, "passing_twopta": 0, "rushing_tds": 0, "passing_yds": 333, "rushing_yds": 3, "passing_cmp": 26, "rushing_twopta": 0, "active": "true", "rushing_lng": 3, "passing_ints": 0, "passing_tds": 2, "rushing_att": 4, "rushing_twoptm": 0}, {"week": "5", "fumbles_tot": 1, "passing_att": 30, "fumbles_rcv": 0, "passing_twoptm": 0, "fumbles_yds": -1, "fumbles_lost": 0, "fumbles_trcv": 0, "passing_twopta": 0, "rushing_tds": 0, "passing_yds": 277, "rushing_yds": -3, "passing_cmp": 23, "rushing_twopta": 0, "active": "true", "rushing_lng": 0, "passing_ints": 1, "passing_tds": 3, "rushing_att": 4, "rushing_twoptm": 0}, {"week": "6", "fumbles_tot": 1, "passing_att": 35, "fumbles_rcv": 0, "passing_twoptm": 0, "fumbles_yds": -3, "fumbles_lost": 1, "fumbles_trcv": 0, "passing_twopta": 0, "rushing_tds": 0, "passing_yds": 417, "rushing_yds": 11, "passing_cmp": 23, "rushing_twopta": 0, "active": "true", "rushing_lng": 13, "passing_ints": 1, "passing_tds": 2, "rushing_att": 6, "rushing_twoptm": 0}, {"week": "7", "fumbles_tot": 1, "passing_att": 26, "fumbles_rcv": 0, "passing_twoptm": 0, "fumbles_yds": 0, "fumbles_lost": 0, "fumbles_trcv": 0, "passing_twopta": 0, "rushing_tds": 0, "passing_yds": 175, "rushing_yds": 1, "passing_cmp": 14, "rushing_twopta": 0, "active": "true", "rushing_lng": 2, "passing_ints": 0, "passing_tds": 1, "rushing_att": 2, "rushing_twoptm": 0}, {"week": "8", "active": "false"}, {"week": "9", "fumbles_tot": 1, "passing_att": 29, "fumbles_rcv": 0, "passing_twoptm": 0, "fumbles_yds": 0, "fumbles_lost": 1, "fumbles_trcv": 0, "passing_twopta": 0, "rushing_tds": 0, "passing_yds": 233, "rushing_yds": -3, "passing_cmp": 21, "rushing_twopta": 0, "active": "true", "rushing_lng": -1, "passing_ints": 1, "passing_tds": 3, "rushing_att": 2, "rushing_twoptm": 0}, {"week": "10", "passing_att": 40, "passing_twoptm": 0, "passing_twopta": 0, "rushing_tds": 0, "passing_yds": 174, "rushing_yds": 16, "passing_cmp": 20, "rushing_twopta": 0, "active": "true", "rushing_lng": 15, "passing_ints": 1, "passing_tds": 0, "rushing_att": 2, "rushing_twoptm": 0}, {"week": "11", "passing_att": 42, "passing_twoptm": 0, "passing_twopta": 0, "rushing_tds": 0, "passing_yds": 398, "rushing_yds": 4, "passing_cmp": 32, "rushing_twopta": 0, "active": "true", "rushing_lng": 4, "passing_ints": 2, "passing_tds": 3, "rushing_att": 1, "rushing_twoptm": 0}, {"week": "12", "active": "false"}, {"week": "13", "passing_att": 24, "passing_twoptm": 0, "passing_twopta": 0, "rushing_tds": 0, "passing_yds": 278, "rushing_yds": 7, "passing_cmp": 18, "rushing_twopta": 0, "active": "true", "rushing_lng": 8, "passing_ints": 1, "passing_tds": 2, "rushing_att": 3, "rushing_twoptm": 0}, {"week": "14", "passing_att": 32, "passing_twoptm": 0, "passing_twopta": 0, "rushing_tds": 0, "passing_yds": 201, "rushing_yds": 10, "passing_cmp": 18, "rushing_twopta": 0, "active": "true", "rushing_lng": 10, "passing_ints": 0, "passing_tds": 0, "rushing_att": 3, "rushing_twoptm": 0}, {"week": "15", "passing_att": 46, "passing_twoptm": 0, "passing_twopta": 0, "rushing_tds": 0, "passing_yds": 503, "rushing_yds": 7, "passing_cmp": 29, "rushing_twopta": 0, "active": "true", "rushing_lng": 7, "passing_ints": 0, "passing_tds": 3, "rushing_att": 1, "rushing_twoptm": 0}, {"week": "16", "passing_att": 33, "passing_twoptm": 0, "passing_twopta": 0, "rushing_tds": 0, "passing_yds": 259, "rushing_yds": -3, "passing_cmp": 17, "rushing_twopta": 0, "active": "true", "rushing_lng": -1, "passing_ints": 1, "passing_tds": 1, "rushing_att": 3, "rushing_twoptm": 0}, {"week": "17", "fumbles_tot": 1, "passing_att": 27, "fumbles_rcv": 0, "passing_twoptm": 0, "fumbles_yds": 0, "fumbles_lost": 1, "fumbles_trcv": 0, "passing_twopta": 0, "rushing_tds": 0, "passing_yds": 220, "rushing_yds": 17, "passing_cmp": 18, "rushing_twopta": 0, "active": "true", "rushing_lng": 13, "passing_ints": 0, "passing_tds": 3, "rushing_att": 4, "rushing_twoptm": 0}], "2010": [{"week": "1", "active": "false"}, {"week": "2", "active": "false"}, {"week": "3", "active": "false"}, {"week": "4", "active": "false"}, {"week": "5", "active": "false"}, {"week": "6", "passing_att": 27, "rushing_lngtd": 0, "passing_twoptm": 0, "passing_twopta": 0, "rushing_tds": 0, "passing_yds": 257, "rushing_yds": 5, "passing_cmp": 16, "rushing_twopta": 0, "active": "true", "rushing_lng": 5, "passing_ints": 1, "passing_tds": 3, "rushing_att": 1, "rushing_twoptm": 0}, {"week": "7", "fumbles_tot": 3, "passing_att": 27, "rushing_lngtd": 0, "passing_twoptm": 0, "fumbles_yds": 0, "fumbles_rcv": 0, "fumbles_trcv": 0, "passing_twopta": 0, "rushing_tds": 0, "passing_yds": 302, "rushing_yds": 1, "passing_cmp": 19, "rushing_twopta": 0, "fumbles_lost": 1, "rushing_lng": 2, "passing_ints": 0, "passing_tds": 2, "rushing_att": 5, "rushing_twoptm": 0, "active": "true"}, {"week": "8", "passing_att": 28, "rushing_lngtd": 0, "passing_twoptm": 0, "passing_twopta": 0, "rushing_tds": 0, "passing_yds": 195, "rushing_yds": -1, "passing_cmp": 17, "rushing_twopta": 0, "active": "true", "rushing_lng": -1, "passing_ints": 1, "passing_tds": 0, "rushing_att": 1, "rushing_twoptm": 0}, {"week": "9", "passing_att": 27, "rushing_lngtd": 0, "passing_twoptm": 0, "passing_twopta": 0, "rushing_tds": 0, "passing_yds": 163, "rushing_yds": 13, "passing_cmp": 17, "rushing_twopta": 0, "active": "true", "rushing_lng": 12, "passing_ints": 1, "passing_tds": 1, "rushing_att": 5, "rushing_twoptm": 0}, {"week": "10", "passing_att": 49, "rushing_lngtd": 0, "passing_twoptm": 0, "passing_twopta": 0, "rushing_tds": 0, "passing_yds": 387, "rushing_yds": 12, "passing_cmp": 30, "rushing_twopta": 0, "active": "true", "rushing_lng": 12, "passing_ints": 1, "passing_tds": 3, "rushing_att": 1, "rushing_twoptm": 0}, {"week": "11", "passing_att": 29, "rushing_lngtd": 16, "passing_twoptm": 0, "passing_twopta": 0, "rushing_tds": 1, "passing_yds": 275, "rushing_yds": 55, "passing_cmp": 18, "rushing_twopta": 0, "active": "true", "rushing_lng": 31, "passing_ints": 0, "passing_tds": 3, "rushing_att": 3, "rushing_twoptm": 0}, {"week": "12", "passing_att": 33, "rushing_lngtd": 0, "passing_twoptm": 0, "punting_i20": 0, "punting_pts": 1, "passing_twopta": 0, "punting_lng": 35, "rushing_tds": 0, "passing_yds": 246, "rushing_yds": 18, "passing_cmp": 20, "rushing_twopta": 0, "active": "true", "rushing_lng": 18, "passing_ints": 0, "punting_yds": 35, "passing_tds": 0, "rushing_att": 1, "punting_avg": 15, "rushing_twoptm": 0}, {"week": "13", "passing_att": 38, "rushing_lngtd": 0, "passing_twoptm": 0, "passing_twopta": 0, "rushing_tds": 0, "passing_yds": 253, "rushing_yds": -1, "passing_cmp": 22, "rushing_twopta": 0, "active": "true", "rushing_lng": -1, "passing_ints": 1, "passing_tds": 1, "rushing_att": 1, "rushing_twoptm": 0}, {"week": "14", "passing_att": 33, "rushing_lngtd": 0, "passing_twoptm": 0, "passing_twopta": 0, "rushing_tds": 0, "passing_yds": 258, "rushing_yds": 23, "passing_cmp": 21, "rushing_twopta": 0, "active": "true", "rushing_lng": 13, "passing_ints": 0, "passing_tds": 0, "rushing_att": 3, "rushing_twoptm": 0}, {"week": "15", "fumbles_tot": 2, "passing_att": 44, "rushing_lngtd": 0, "passing_twoptm": 0, "fumbles_yds": 0, "fumbles_rcv": 1, "fumbles_trcv": 1, "passing_twopta": 0, "rushing_tds": 0, "passing_yds": 264, "rushing_yds": 25, "passing_cmp": 23, "rushing_twopta": 0, "fumbles_lost": 0, "rushing_lng": 22, "passing_ints": 0, "passing_tds": 1, "rushing_att": 2, "rushing_twoptm": 0, "active": "true"}, {"week": "16", "fumbles_tot": 1, "passing_att": 32, "rushing_lngtd": 1, "passing_twoptm": 0, "fumbles_yds": -6, "fumbles_rcv": 0, "fumbles_trcv": 0, "passing_twopta": 0, "rushing_tds": 1, "passing_yds": 320, "rushing_yds": 2, "passing_cmp": 22, "rushing_twopta": 0, "fumbles_lost": 1, "rushing_lng": 3, "passing_ints": 0, "passing_tds": 1, "rushing_att": 6, "rushing_twoptm": 0, "active": "true"}, {"week": "17", "passing_att": 22, "rushing_lngtd": 0, "passing_twoptm": 0, "passing_twopta": 0, "rushing_tds": 0, "passing_yds": 280, "rushing_yds": 24, "passing_cmp": 15, "rushing_twopta": 0, "active": "true", "rushing_lng": 10, "passing_ints": 0, "passing_tds": 2, "rushing_att": 4, "rushing_twoptm": 0}], "2011": [{"week": "1", "fumbles_tot": 2, "passing_att": 41, "rushing_lngtd": 0, "passing_twoptm": 0, "fumbles_yds": 0, "fumbles_rcv": 0, "fumbles_trcv": 0, "passing_twopta": 0, "rushing_tds": 0, "passing_yds": 280, "rushing_yds": 9, "passing_cmp": 22, "rushing_twopta": 0, "fumbles_lost": 2, "rushing_lng": 9, "passing_ints": 3, "passing_tds": 1, "rushing_att": 1, "rushing_twoptm": 0, "active": "true"}, {"week": "2", "passing_att": 30, "rushing_lngtd": 0, "passing_twoptm": 0, "passing_twopta": 0, "rushing_tds": 0, "passing_yds": 298, "rushing_yds": 8, "passing_cmp": 22, "rushing_twopta": 0, "active": "true", "rushing_lng": 7, "passing_ints": 0, "passing_tds": 1, "rushing_att": 5, "rushing_twoptm": 0}, {"week": "3", "fumbles_tot": 2, "passing_att": 37, "rushing_lngtd": 0, "passing_twoptm": 0, "fumbles_yds": 0, "fumbles_rcv": 0, "fumbles_trcv": 0, "passing_twopta": 0, "rushing_tds": 0, "passing_yds": 364, "rushing_yds": 15, "passing_cmp": 25, "rushing_twopta": 0, "fumbles_lost": 2, "rushing_lng": 11, "passing_ints": 1, "passing_tds": 1, "rushing_att": 5, "rushing_twoptm": 0, "active": "true"}, {"week": "4", "passing_att": 30, "rushing_lngtd": 0, "passing_twoptm": 0, "passing_twopta": 0, "rushing_tds": 0, "passing_yds": 206, "rushing_yds": 11, "passing_cmp": 16, "rushing_twopta": 0, "active": "true", "rushing_lng": 8, "passing_ints": 1, "passing_tds": 0, "rushing_att": 2, "rushing_twoptm": 0}, {"week": "5", "passing_att": 34, "passing_twoptm": 0, "passing_twopta": 0, "passing_yds": 228, "passing_cmp": 24, "active": "true", "passing_ints": 1, "passing_tds": 5}, {"week": "6", "fumbles_tot": 1, "passing_att": 23, "rushing_lngtd": 0, "passing_twoptm": 0, "fumbles_yds": 0, "fumbles_rcv": 0, "fumbles_trcv": 0, "passing_twopta": 0, "rushing_tds": 0, "passing_yds": 200, "rushing_yds": 9, "passing_cmp": 12, "rushing_twopta": 0, "fumbles_lost": 0, "rushing_lng": 7, "passing_ints": 0, "passing_tds": 1, "rushing_att": 3, "rushing_twoptm": 0, "active": "true"}, {"week": "7", "passing_att": 39, "rushing_lngtd": 0, "passing_twoptm": 0, "passing_twopta": 0, "rushing_tds": 0, "passing_yds": 361, "rushing_yds": -2, "passing_cmp": 26, "rushing_twopta": 0, "active": "true", "rushing_lng": -1, "passing_ints": 0, "passing_tds": 3, "rushing_att": 2, "rushing_twoptm": 0}, {"week": "8", "fumbles_tot": 1, "passing_att": 50, "rushing_lngtd": 0, "passing_twoptm": 0, "fumbles_yds": 0, "fumbles_rcv": 1, "fumbles_trcv": 1, "passing_twopta": 0, "rushing_tds": 0, "passing_yds": 365, "rushing_yds": 1, "passing_cmp": 36, "rushing_twopta": 0, "fumbles_lost": 0, "rushing_lng": 2, "passing_ints": 1, "passing_tds": 2, "rushing_att": 2, "rushing_twoptm": 0, "active": "true"}, {"week": "9", "passing_att": 37, "rushing_lngtd": 0, "passing_twoptm": 0, "passing_twopta": 0, "rushing_tds": 0, "passing_yds": 330, "rushing_yds": 13, "passing_cmp": 20, "rushing_twopta": 0, "active": "true", "rushing_lng": 8, "passing_ints": 1, "passing_tds": 1, "rushing_att": 3, "rushing_twoptm": 0}, {"week": "10", "passing_att": 33, "rushing_lngtd": 0, "passing_twoptm": 0, "passing_twopta": 0, "rushing_tds": 0, "passing_yds": 245, "rushing_yds": -2, "passing_cmp": 21, "rushing_twopta": 0, "active": "true", "rushing_lng": 0, "passing_ints": 1, "passing_tds": 1, "rushing_att": 3, "rushing_twoptm": 0}, {"week": "11", "active": "false"}, {"week": "12", "passing_att": 31, "rushing_lngtd": 0, "passing_twoptm": 0, "passing_twopta": 0, "rushing_tds": 0, "passing_yds": 193, "rushing_yds": 8, "passing_cmp": 21, "rushing_twopta": 0, "active": "true", "rushing_lng": 7, "passing_ints": 1, "passing_tds": 1, "rushing_att": 4, "rushing_twoptm": 0}, {"week": "13", "passing_att": 23, "passing_twoptm": 0, "passing_twopta": 0, "passing_yds": 176, "passing_cmp": 15, "active": "true", "passing_ints": 0, "passing_tds": 2}, {"week": "14", "passing_att": 21, "passing_twoptm": 0, "passing_twopta": 0, "passing_yds": 280, "passing_cmp": 16, "active": "true", "passing_ints": 1, "passing_tds": 2}, {"week": "15", "fumbles_tot": 2, "passing_att": 44, "rushing_lngtd": 0, "passing_twoptm": 0, "fumbles_yds": -10, "fumbles_rcv": 1, "fumbles_trcv": 1, "passing_twopta": 0, "rushing_tds": 0, "passing_yds": 330, "rushing_yds": 0, "passing_cmp": 25, "rushing_twopta": 0, "fumbles_lost": 1, "rushing_lng": 0, "passing_ints": 3, "passing_tds": 0, "rushing_att": 1, "rushing_twoptm": 0, "active": "true"}, {"week": "16", "active": "false"}, {"week": "17", "passing_att": 40, "passing_twoptm": 0, "passing_twopta": 0, "passing_yds": 221, "passing_cmp": 23, "active": "true", "passing_ints": 0, "passing_tds": 0}], "2012": [{"week": "1", "fumbles_tot": 1, "passing_att": 40, "rushing_lngtd": 0, "passing_twoptm": 0, "fumbles_yds": 0, "fumbles_rcv": 1, "fumbles_trcv": 1, "passing_twopta": 1, "rushing_tds": 0, "passing_yds": 245, "rushing_yds": 4, "passing_cmp": 22, "rushing_twopta": 0, "fumbles_lost": 0, "rushing_lng": 2, "passing_ints": 1, "passing_tds": 2, "rushing_att": 2, "rushing_twoptm": 0, "active": "true"}, {"week": "2", "passing_att": 31, "passing_twoptm": 0, "passing_twopta": 0, "passing_yds": 275, "passing_cmp": 24, "active": "true", "passing_ints": 0, "passing_tds": 2}, {"week": "3", "passing_att": 49, "rushing_lngtd": 0, "passing_twoptm": 0, "passing_twopta": 0, "rushing_tds": 0, "passing_yds": 384, "rushing_yds": 8, "passing_cmp": 36, "rushing_twopta": 0, "active": "true", "rushing_lng": 8, "passing_ints": 0, "passing_tds": 4, "rushing_att": 1, "rushing_twoptm": 0}, {"week": "4", "active": "false"}, {"week": "5", "fumbles_tot": 1, "passing_att": 37, "rushing_lngtd": 0, "passing_twoptm": 0, "fumbles_yds": 0, "fumbles_rcv": 1, "fumbles_trcv": 1, "passing_twopta": 0, "rushing_tds": 0, "passing_yds": 207, "rushing_yds": 14, "passing_cmp": 21, "rushing_twopta": 0, "fumbles_lost": 0, "rushing_lng": 9, "passing_ints": 0, "passing_tds": 0, "rushing_att": 3, "rushing_twoptm": 0, "active": "true"}, {"week": "6", "passing_att": 40, "rushing_lngtd": 0, "passing_twoptm": 0, "passing_twopta": 0, "rushing_tds": 0, "passing_yds": 363, "rushing_yds": 14, "passing_cmp": 24, "rushing_twopta": 0, "active": "true", "rushing_lng": 14, "passing_ints": 1, "passing_tds": 1, "rushing_att": 1, "rushing_twoptm": 0}, {"fumbles_tot": 1, "passing_att": 37, "punting_lng": 26, "fumbles_rcv": 0, "rushing_yds": -1, "fumbles_lost": 1, "punting_pts": 1, "rushing_tds": 0, "punting_avg": 26, "rushing_twopta": 0, "rushing_att": 1, "rushing_twoptm": 0, "week": "7", "rushing_lngtd": 0, "passing_twoptm": 1, "fumbles_yds": 0, "passing_twopta": 1, "passing_yds": 278, "passing_ints": 1, "active": "true", "punting_yds": 26, "passing_cmp": 27, "fumbles_trcv": 0, "punting_i20": 1, "rushing_lng": -1, "passing_tds": 1}, {"week": "8", "passing_att": 33, "rushing_lngtd": 0, "passing_twoptm": 0, "passing_twopta": 0, "rushing_tds": 0, "passing_yds": 222, "rushing_yds": 6, "passing_cmp": 24, "rushing_twopta": 0, "active": "true", "rushing_lng": 3, "passing_ints": 0, "passing_tds": 3, "rushing_att": 2, "rushing_twoptm": 0}, {"week": "9", "fumbles_tot": 1, "passing_att": 30, "rushing_lngtd": 0, "passing_twoptm": 0, "fumbles_yds": 0, "fumbles_rcv": 0, "fumbles_trcv": 0, "passing_twopta": 0, "rushing_tds": 0, "passing_yds": 216, "rushing_yds": -1, "passing_cmp": 21, "rushing_twopta": 0, "fumbles_lost": 1, "rushing_lng": 5, "passing_ints": 1, "passing_tds": 2, "rushing_att": 4, "rushing_twoptm": 0, "active": "true"}, {"week": "10", "passing_att": 18, "rushing_lngtd": 0, "passing_twoptm": 0, "passing_twopta": 0, "rushing_tds": 0, "passing_yds": 84, "rushing_yds": 14, "passing_cmp": 9, "rushing_twopta": 0, "active": "true", "rushing_lng": 14, "passing_ints": 0, "passing_tds": 1, "rushing_att": 1, "rushing_twoptm": 0}, {"week": "11", "active": "false"}, {"week": "12", "active": "false"}, {"week": "13", "active": "false"}, {"week": "14", "fumbles_tot": 1, "passing_att": 42, "rushing_lngtd": 0, "passing_twoptm": 0, "fumbles_yds": -8, "fumbles_rcv": 1, "fumbles_trcv": 1, "passing_twopta": 0, "rushing_tds": 0, "passing_yds": 285, "rushing_yds": 31, "passing_cmp": 22, "rushing_twopta": 0, "fumbles_lost": 1, "rushing_lng": 10, "passing_ints": 1, "passing_tds": 3, "rushing_att": 5, "rushing_twoptm": 0, "active": "true"}, {"week": "15", "passing_att": 40, "rushing_lngtd": 0, "passing_twoptm": 0, "passing_twopta": 0, "rushing_tds": 0, "passing_yds": 339, "rushing_yds": 2, "passing_cmp": 24, "rushing_twopta": 0, "active": "true", "rushing_lng": 3, "passing_ints": 1, "passing_tds": 2, "rushing_att": 2, "rushing_twoptm": 0}, {"week": "16", "fumbles_tot": 1, "passing_att": 28, "rushing_lngtd": 0, "passing_twoptm": 0, "fumbles_yds": 0, "fumbles_rcv": 0, "fumbles_trcv": 0, "passing_twopta": 0, "rushing_tds": 0, "passing_yds": 220, "rushing_yds": 3, "passing_cmp": 14, "rushing_twopta": 0, "fumbles_lost": 0, "rushing_lng": 4, "passing_ints": 2, "passing_tds": 1, "rushing_att": 2, "rushing_twoptm": 0, "active": "true"}, {"week": "17", "passing_att": 23, "rushing_lngtd": 0, "passing_twoptm": 0, "passing_twopta": 0, "rushing_tds": 0, "passing_yds": 134, "rushing_yds": -2, "passing_cmp": 15, "rushing_twopta": 0, "active": "true", "rushing_lng": -1, "passing_ints": 0, "passing_tds": 3, "rushing_att": 2, "rushing_twoptm": 0}], "2013": [{"week": "1", "passing_att": 33, "passing_twoptm": 0, "passing_twopta": 0, "passing_yds": 191, "passing_cmp": 21, "active": "true", "passing_ints": 1, "passing_tds": 1}, {"week": "2", "passing_att": 37, "rushing_lngtd": 0, "passing_twoptm": 0, "passing_twopta": 0, "rushing_tds": 0, "passing_yds": 251, "rushing_yds": 6, "passing_cmp": 20, "rushing_twopta": 0, "active": "true", "rushing_lng": 6, "passing_ints": 1, "passing_tds": 1, "rushing_att": 1, "rushing_twoptm": 0}, {"week": "3", "fumbles_tot": 3, "passing_att": 41, "rushing_lngtd": 0, "passing_twoptm": 0, "fumbles_yds": 0, "fumbles_rcv": 1, "fumbles_trcv": 1, "passing_twopta": 0, "rushing_tds": 0, "passing_yds": 406, "rushing_yds": 7, "passing_cmp": 26, "rushing_twopta": 0, "fumbles_lost": 2, "rushing_lng": 5, "passing_ints": 2, "passing_tds": 2, "rushing_att": 2, "rushing_twoptm": 0, "active": "true"}, {"week": "4", "fumbles_tot": 1, "passing_att": 51, "fumbles_rcv": 0, "passing_twoptm": 0, "fumbles_yds": 0, "fumbles_lost": 1, "fumbles_trcv": 0, "passing_twopta": 0, "passing_yds": 383, "passing_cmp": 36, "active": "true", "passing_ints": 1, "passing_tds": 1}, {"week": "5", "active": "false"}, {"week": "6", "passing_att": 30, "rushing_lngtd": 0, "passing_twoptm": 0, "passing_twopta": 0, "rushing_tds": 0, "passing_yds": 264, "rushing_yds": 11, "passing_cmp": 23, "rushing_twopta": 0, "active": "true", "rushing_lng": 10, "passing_ints": 0, "passing_tds": 1, "rushing_att": 2, "rushing_twoptm": 0}, {"week": "7", "passing_att": 23, "rushing_lngtd": 0, "passing_twoptm": 0, "passing_twopta": 0, "rushing_tds": 0, "passing_yds": 160, "rushing_yds": 25, "passing_cmp": 17, "rushing_twopta": 0, "active": "true", "rushing_lng": 19, "passing_ints": 0, "passing_tds": 1, "rushing_att": 3, "rushing_twoptm": 0}, {"week": "8", "passing_att": 45, "rushing_lngtd": 0, "passing_twoptm": 0, "passing_twopta": 0, "rushing_tds": 0, "passing_yds": 275, "rushing_yds": 1, "passing_cmp": 29, "rushing_twopta": 0, "active": "true", "rushing_lng": 1, "passing_ints": 2, "passing_tds": 1, "rushing_att": 1, "rushing_twoptm": 0}, {"week": "9", "fumbles_tot": 1, "passing_att": 48, "rushing_lngtd": 0, "passing_twoptm": 0, "fumbles_yds": 0, "fumbles_rcv": 0, "fumbles_trcv": 0, "passing_twopta": 0, "rushing_tds": 0, "passing_yds": 400, "rushing_yds": -1, "passing_cmp": 28, "rushing_twopta": 0, "fumbles_lost": 1, "rushing_lng": 0, "passing_ints": 2, "passing_tds": 4, "rushing_att": 2, "rushing_twoptm": 0, "active": "true"}, {"week": "10", "fumbles_tot": 1, "passing_att": 30, "fumbles_rcv": 1, "passing_twoptm": 0, "fumbles_yds": 0, "fumbles_lost": 0, "fumbles_trcv": 1, "passing_twopta": 0, "passing_yds": 204, "passing_cmp": 18, "active": "true", "passing_ints": 1, "passing_tds": 1}, {"week": "11", "passing_att": 45, "rushing_lngtd": 0, "passing_twoptm": 0, "passing_twopta": 0, "rushing_tds": 0, "passing_yds": 367, "rushing_yds": 12, "passing_cmp": 29, "rushing_twopta": 0, "active": "true", "rushing_lng": 10, "passing_ints": 0, "passing_tds": 4, "rushing_att": 6, "rushing_twoptm": 0}, {"week": "12", "passing_att": 34, "rushing_lngtd": 0, "passing_twoptm": 0, "punting_i20": 1, "punting_pts": 1, "passing_twopta": 0, "punting_lng": 28, "rushing_tds": 0, "passing_yds": 217, "rushing_yds": -3, "passing_cmp": 22, "rushing_twopta": 0, "active": "true", "rushing_lng": -1, "passing_ints": 0, "punting_yds": 28, "passing_tds": 2, "rushing_att": 2, "punting_avg": 28, "rushing_twoptm": 0}, {"week": "13", "passing_att": 44, "rushing_lngtd": 0, "passing_twoptm": 0, "passing_twopta": 1, "rushing_tds": 0, "passing_yds": 257, "rushing_yds": 11, "passing_cmp": 28, "rushing_twopta": 0, "active": "true", "rushing_lng": 11, "passing_ints": 0, "passing_tds": 2, "rushing_att": 1, "rushing_twoptm": 0}, {"week": "14", "fumbles_tot": 1, "passing_att": 25, "fumbles_rcv": 0, "passing_twoptm": 0, "fumbles_yds": 0, "fumbles_lost": 1, "fumbles_trcv": 0, "passing_twopta": 0, "passing_yds": 235, "passing_cmp": 17, "active": "true", "passing_ints": 0, "passing_tds": 3}, {"week": "15", "passing_att": 25, "passing_twoptm": 0, "passing_twopta": 0, "passing_yds": 191, "passing_cmp": 20, "active": "true", "passing_ints": 1, "passing_tds": 1}, {"week": "16", "passing_att": 28, "rushing_lngtd": 13, "passing_twoptm": 0, "passing_twopta": 0, "rushing_tds": 1, "passing_yds": 167, "rushing_yds": 13, "passing_cmp": 16, "rushing_twopta": 0, "active": "true", "rushing_lng": 13, "passing_ints": 1, "passing_tds": 2, "rushing_att": 1, "rushing_twoptm": 0}, {"week": "17", "fumbles_tot": 1, "passing_att": 31, "rushing_lngtd": 0, "passing_twoptm": 0, "fumbles_yds": 0, "fumbles_rcv": 1, "fumbles_trcv": 1, "passing_twopta": 0, "rushing_tds": 0, "passing_yds": 179, "rushing_yds": 9, "passing_cmp": 19, "rushing_twopta": 0, "fumbles_lost": 0, "rushing_lng": 9, "passing_ints": 2, "passing_tds": 1, "rushing_att": 4, "rushing_twoptm": 0, "active": "true"}], "2014": [{"week": "1", "fumbles_tot": 1, "passing_att": 34, "rushing_lngtd": 0, "passing_twoptm": 0, "fumbles_yds": 0, "fumbles_rcv": 1, "fumbles_trcv": 1, "passing_twopta": 0, "rushing_tds": 0, "passing_yds": 365, "rushing_yds": 8, "passing_cmp": 23, "rushing_twopta": 0, "fumbles_lost": 0, "rushing_lng": 7, "passing_ints": 1, "passing_tds": 1, "rushing_att": 2, "rushing_twoptm": 0, "active": "true"}, {"week": "2", "passing_att": 37, "passing_twoptm": 0, "passing_twopta": 0, "passing_yds": 217, "passing_cmp": 22, "active": "true", "passing_ints": 1, "passing_tds": 0}, {"week": "3", "passing_att": 30, "rushing_lngtd": 0, "passing_twoptm": 0, "passing_twopta": 0, "rushing_tds": 0, "passing_yds": 196, "rushing_yds": 1, "passing_cmp": 22, "rushing_twopta": 0, "active": "true", "rushing_lng": 1, "passing_ints": 0, "passing_tds": 2, "rushing_att": 1, "rushing_twoptm": 0}, {"week": "4", "fumbles_tot": 2, "passing_att": 40, "rushing_lngtd": 0, "passing_twoptm": 0, "fumbles_yds": 0, "fumbles_rcv": 0, "fumbles_trcv": 0, "passing_twopta": 0, "rushing_tds": 0, "passing_yds": 314, "rushing_yds": 4, "passing_cmp": 29, "rushing_twopta": 0, "fumbles_lost": 1, "rushing_lng": 2, "passing_ints": 0, "passing_tds": 3, "rushing_att": 2, "rushing_twoptm": 0, "active": "true"}, {"week": "5", "fumbles_tot": 1, "passing_att": 36, "rushing_lngtd": 0, "passing_twoptm": 0, "fumbles_yds": 0, "fumbles_rcv": 0, "fumbles_trcv": 0, "passing_twopta": 0, "rushing_tds": 0, "passing_yds": 273, "rushing_yds": -2, "passing_cmp": 26, "rushing_twopta": 0, "fumbles_lost": 1, "rushing_lng": 0, "passing_ints": 0, "passing_tds": 1, "rushing_att": 3, "rushing_twoptm": 0, "active": "true"}, {"week": "6", "passing_att": 42, "rushing_lngtd": 0, "passing_twoptm": 0, "passing_twopta": 0, "rushing_tds": 0, "passing_yds": 228, "rushing_yds": 7, "passing_cmp": 21, "rushing_twopta": 0, "active": "true", "rushing_lng": 7, "passing_ints": 1, "passing_tds": 1, "rushing_att": 1, "rushing_twoptm": 0}, {"week": "7", "fumbles_tot": 1, "passing_att": 33, "rushing_lngtd": 0, "passing_twoptm": 0, "fumbles_yds": 0, "fumbles_rcv": 0, "fumbles_trcv": 0, "passing_twopta": 0, "rushing_tds": 0, "passing_yds": 265, "rushing_yds": 3, "passing_cmp": 23, "rushing_twopta": 0, "fumbles_lost": 1, "rushing_lng": 5, "passing_ints": 0, "passing_tds": 2, "rushing_att": 4, "rushing_twoptm": 0, "active": "true"}, {"week": "8", "passing_att": 49, "rushing_lngtd": 0, "passing_twoptm": 0, "passing_twopta": 0, "rushing_tds": 0, "passing_yds": 522, "rushing_yds": -1, "passing_cmp": 40, "rushing_twopta": 0, "active": "true", "rushing_lng": -1, "passing_ints": 0, "passing_tds": 6, "rushing_att": 1, "rushing_twoptm": 0}, {"week": "9", "fumbles_tot": 1, "passing_att": 37, "rushing_lngtd": 0, "passing_twoptm": 0, "fumbles_yds": -1, "fumbles_rcv": 0, "fumbles_trcv": 0, "passing_twopta": 0, "rushing_tds": 0, "passing_yds": 340, "rushing_yds": 1, "passing_cmp": 25, "rushing_twopta": 0, "fumbles_lost": 1, "rushing_lng": 1, "passing_ints": 0, "passing_tds": 6, "rushing_att": 2, "rushing_twoptm": 0, "active": "true"}, {"week": "10", "fumbles_tot": 1, "passing_att": 43, "rushing_lngtd": 0, "passing_twoptm": 0, "fumbles_yds": -16, "fumbles_rcv": 1, "fumbles_trcv": 1, "passing_twopta": 0, "rushing_tds": 0, "passing_yds": 343, "rushing_yds": 0, "passing_cmp": 30, "rushing_twopta": 0, "fumbles_lost": 0, "rushing_lng": 0, "passing_ints": 2, "passing_tds": 1, "rushing_att": 1, "rushing_twoptm": 0, "active": "true"}, {"week": "11", "passing_att": 32, "rushing_lngtd": 0, "passing_twoptm": 0, "passing_twopta": 0, "rushing_tds": 0, "passing_yds": 207, "rushing_yds": 2, "passing_cmp": 21, "rushing_twopta": 0, "active": "true", "rushing_lng": 4, "passing_ints": 1, "passing_tds": 1, "rushing_att": 3, "rushing_twoptm": 0}, {"week": "12", "active": "false"}, {"week": "13", "passing_att": 58, "rushing_lngtd": 0, "passing_twoptm": 2, "passing_twopta": 2, "rushing_tds": 0, "passing_yds": 435, "rushing_yds": 8, "passing_cmp": 32, "rushing_twopta": 0, "active": "true", "rushing_lng": 8, "passing_ints": 2, "passing_tds": 2, "rushing_att": 1, "rushing_twoptm": 0}, {"week": "14", "active": "false"}]}}