{"B.Watson": {"2009": [{"week": "1", "receiving_tds": 2, "receiving_lng": 18, "active": "true", "receiving_rec": 6, "receiving_twopta": 1, "receiving_yds": 77, "receiving_twoptm": 0}, {"week": "2", "receiving_tds": 0, "receiving_lng": 10, "active": "true", "receiving_rec": 3, "receiving_twopta": 0, "receiving_yds": 23, "receiving_twoptm": 0}, {"week": "3", "receiving_tds": 0, "receiving_lng": 23, "active": "true", "receiving_rec": 1, "receiving_twopta": 0, "receiving_yds": 23, "receiving_twoptm": 0}, {"week": "4", "receiving_tds": 0, "receiving_lng": 34, "active": "true", "receiving_rec": 2, "receiving_twopta": 0, "receiving_yds": 51, "receiving_twoptm": 0}, {"week": "5", "receiving_tds": 1, "receiving_lng": 7, "active": "true", "receiving_rec": 2, "receiving_twopta": 0, "receiving_yds": 13, "receiving_twoptm": 0}, {"week": "6", "active": "false"}, {"week": "7", "receiving_tds": 1, "receiving_lng": 35, "active": "true", "receiving_rec": 1, "receiving_twopta": 0, "receiving_yds": 35, "receiving_twoptm": 0}, {"week": "8", "active": "false"}, {"week": "9", "receiving_tds": 0, "receiving_lng": 23, "active": "true", "receiving_rec": 4, "receiving_twopta": 0, "receiving_yds": 49, "receiving_twoptm": 0}, {"week": "10", "receiving_tds": 0, "receiving_lng": 36, "active": "true", "receiving_rec": 1, "receiving_twopta": 0, "receiving_yds": 36, "receiving_twoptm": 0}, {"week": "11", "active": "false"}, {"week": "12", "receiving_tds": 0, "receiving_lng": 11, "active": "true", "receiving_rec": 2, "receiving_twopta": 0, "receiving_yds": 14, "receiving_twoptm": 0}, {"week": "13", "active": "false"}, {"week": "14", "receiving_tds": 1, "receiving_lng": 18, "active": "true", "receiving_rec": 3, "receiving_twopta": 0, "receiving_yds": 37, "receiving_twoptm": 0}, {"week": "15", "active": "false"}, {"week": "16", "receiving_tds": 0, "receiving_lng": 14, "active": "true", "receiving_rec": 1, "receiving_twopta": 0, "receiving_yds": 14, "receiving_twoptm": 0}, {"week": "17", "receiving_tds": 0, "receiving_lng": 14, "active": "true", "receiving_rec": 3, "receiving_twopta": 0, "receiving_yds": 32, "receiving_twoptm": 0}], "2010": [{"week": "1", "rushing_lngtd": 0, "receiving_tds": 0, "receiving_twopta": 0, "receiving_lng": 10, "rushing_tds": 0, "rushing_twopta": 0, "active": "true", "receiving_rec": 3, "rushing_lng": -1, "rushing_yds": -1, "receiving_lngtd": 0, "receiving_yds": 16, "rushing_att": 1, "receiving_twoptm": 0, "rushing_twoptm": 0}, {"week": "2", "receiving_tds": 0, "receiving_lng": 44, "active": "true", "receiving_rec": 4, "receiving_twopta": 0, "receiving_yds": 62, "receiving_lngtd": 0, "receiving_twoptm": 0}, {"week": "3", "receiving_tds": 1, "receiving_lng": 20, "active": "true", "receiving_rec": 5, "receiving_twopta": 0, "receiving_yds": 47, "receiving_lngtd": 1, "receiving_twoptm": 0}, {"week": "4", "receiving_tds": 0, "receiving_lng": 21, "active": "true", "receiving_rec": 6, "receiving_twopta": 0, "receiving_yds": 60, "receiving_lngtd": 0, "receiving_twoptm": 0}, {"week": "5", "receiving_tds": 0, "receiving_lng": 14, "active": "true", "receiving_rec": 5, "receiving_twopta": 0, "receiving_yds": 45, "receiving_lngtd": 0, "receiving_twoptm": 0}, {"week": "6", "receiving_tds": 1, "receiving_lng": 23, "active": "true", "receiving_rec": 6, "receiving_twopta": 0, "receiving_yds": 88, "receiving_lngtd": 12, "receiving_twoptm": 0}, {"week": "7", "receiving_tds": 0, "receiving_lng": 18, "active": "true", "receiving_rec": 1, "receiving_twopta": 0, "receiving_yds": 18, "receiving_lngtd": 0, "receiving_twoptm": 0}, {"week": "8", "active": "false"}, {"week": "9", "receiving_tds": 0, "receiving_lng": 24, "active": "true", "receiving_rec": 1, "receiving_twopta": 0, "receiving_yds": 24, "receiving_lngtd": 0, "receiving_twoptm": 0}, {"week": "10", "receiving_tds": 0, "receiving_lng": 19, "active": "true", "receiving_rec": 5, "receiving_twopta": 0, "receiving_yds": 74, "receiving_lngtd": 0, "receiving_twoptm": 0}, {"week": "11", "active": "false"}, {"week": "12", "receiving_tds": 0, "receiving_lng": 21, "active": "true", "receiving_rec": 4, "receiving_twopta": 0, "receiving_yds": 40, "receiving_lngtd": 0, "receiving_twoptm": 0}, {"week": "13", "receiving_tds": 1, "receiving_lng": 22, "active": "true", "receiving_rec": 10, "receiving_twopta": 0, "receiving_yds": 100, "receiving_lngtd": 3, "receiving_twoptm": 0}, {"week": "14", "receiving_tds": 0, "receiving_lng": 8, "active": "true", "receiving_rec": 1, "receiving_twopta": 0, "receiving_yds": 8, "receiving_lngtd": 0, "receiving_twoptm": 0}, {"week": "15", "receiving_tds": 0, "receiving_lng": 24, "active": "true", "receiving_rec": 7, "receiving_twopta": 0, "receiving_yds": 92, "receiving_lngtd": 0, "receiving_twoptm": 0}, {"week": "16", "receiving_tds": 0, "receiving_lng": 10, "active": "true", "receiving_rec": 3, "receiving_twopta": 0, "receiving_yds": 22, "receiving_lngtd": 0, "receiving_twoptm": 0}, {"week": "17", "receiving_tds": 0, "receiving_lng": 13, "active": "true", "receiving_rec": 7, "receiving_twopta": 1, "receiving_yds": 67, "receiving_lngtd": 0, "receiving_twoptm": 0}], "2011": [{"week": "1", "receiving_tds": 1, "receiving_lng": 34, "active": "true", "receiving_rec": 3, "receiving_twopta": 0, "receiving_yds": 45, "receiving_lngtd": 34, "receiving_twoptm": 0}, {"week": "2", "receiving_tds": 0, "receiving_lng": 9, "active": "true", "receiving_rec": 2, "receiving_twopta": 0, "receiving_yds": 16, "receiving_lngtd": 0, "receiving_twoptm": 0}, {"week": "3", "receiving_tds": 0, "receiving_lng": 17, "active": "true", "receiving_rec": 5, "receiving_twopta": 0, "receiving_yds": 64, "receiving_lngtd": 0, "receiving_twoptm": 0}, {"week": "4", "receiving_tds": 1, "receiving_lng": 18, "active": "true", "receiving_rec": 6, "receiving_twopta": 0, "receiving_yds": 48, "receiving_lngtd": 10, "receiving_twoptm": 0}, {"week": "5", "active": "false"}, {"week": "6", "receiving_tds": 0, "receiving_lng": 18, "active": "true", "receiving_rec": 3, "receiving_twopta": 0, "receiving_yds": 35, "receiving_lngtd": 0, "receiving_twoptm": 0}, {"week": "7", "receiving_tds": 0, "receiving_lng": 5, "active": "true", "receiving_rec": 1, "receiving_twopta": 0, "receiving_yds": 5, "receiving_lngtd": 0, "receiving_twoptm": 0}, {"week": "8", "receiving_tds": 0, "receiving_lng": 29, "active": "true", "receiving_rec": 3, "receiving_twopta": 0, "receiving_yds": 64, "receiving_lngtd": 0, "receiving_twoptm": 0}, {"week": "9", "receiving_tds": 0, "receiving_lng": 13, "active": "true", "receiving_rec": 2, "receiving_twopta": 0, "receiving_yds": 26, "receiving_lngtd": 0, "receiving_twoptm": 0}, {"week": "10", "receiving_tds": 0, "receiving_lng": 22, "active": "true", "receiving_rec": 3, "receiving_twopta": 0, "receiving_yds": 30, "receiving_lngtd": 0, "receiving_twoptm": 0}, {"week": "11", "receiving_tds": 0, "receiving_lng": 10, "active": "true", "receiving_rec": 2, "receiving_twopta": 0, "receiving_yds": 18, "receiving_lngtd": 0, "receiving_twoptm": 0}, {"week": "12", "receiving_tds": 0, "receiving_lng": 10, "active": "true", "receiving_rec": 2, "receiving_twopta": 0, "receiving_yds": 14, "receiving_lngtd": 0, "receiving_twoptm": 0}, {"week": "13", "receiving_tds": 0, "receiving_lng": 15, "active": "true", "receiving_rec": 3, "receiving_twopta": 0, "receiving_yds": 34, "receiving_lngtd": 0, "receiving_twoptm": 0}, {"week": "14", "receiving_tds": 0, "receiving_lng": 6, "active": "true", "receiving_rec": 2, "receiving_twopta": 0, "receiving_yds": 11, "receiving_lngtd": 0, "receiving_twoptm": 0}, {"week": "15", "active": "false"}, {"week": "16", "active": "false"}, {"week": "17", "active": "false"}], "2012": [{"week": "1", "receiving_tds": 0, "receiving_lng": 6, "active": "true", "receiving_rec": 2, "receiving_twopta": 0, "receiving_yds": 9, "receiving_lngtd": 0, "receiving_twoptm": 0}, {"week": "2", "receiving_tds": 0, "receiving_lng": 27, "active": "true", "receiving_rec": 1, "receiving_twopta": 0, "receiving_yds": 27, "receiving_lngtd": 0, "receiving_twoptm": 0}, {"week": "3", "fumbles_tot": 1, "receiving_tds": 0, "fumbles_yds": 0, "fumbles_lost": 0, "fumbles_trcv": 0, "receiving_lng": 9, "fumbles_rcv": 0, "active": "true", "receiving_rec": 4, "receiving_twopta": 0, "receiving_yds": 15, "receiving_lngtd": 0, "receiving_twoptm": 0}, {"week": "4", "receiving_tds": 0, "receiving_lng": 17, "active": "true", "receiving_rec": 5, "receiving_twopta": 0, "receiving_yds": 52, "receiving_lngtd": 0, "receiving_twoptm": 0}, {"week": "5", "receiving_tds": 0, "receiving_lng": 1, "active": "true", "receiving_rec": 1, "receiving_twopta": 0, "receiving_yds": 1, "receiving_lngtd": 0, "receiving_twoptm": 0}, {"week": "6", "receiving_tds": 1, "receiving_lng": 3, "active": "true", "receiving_rec": 2, "receiving_twopta": 0, "receiving_yds": 6, "receiving_lngtd": 3, "receiving_twoptm": 0}, {"week": "7", "receiving_tds": 0, "receiving_lng": 25, "active": "true", "receiving_rec": 3, "receiving_twopta": 0, "receiving_yds": 36, "receiving_lngtd": 0, "receiving_twoptm": 0}, {"week": "8", "receiving_tds": 0, "receiving_lng": 14, "active": "true", "receiving_rec": 1, "receiving_twopta": 0, "receiving_yds": 14, "receiving_lngtd": 0, "receiving_twoptm": 0}, {"week": "9", "receiving_tds": 0, "receiving_lng": 11, "active": "true", "receiving_rec": 2, "receiving_twopta": 0, "receiving_yds": 22, "receiving_lngtd": 0, "receiving_twoptm": 0}, {"week": "10", "active": "false"}, {"week": "11", "receiving_tds": 2, "receiving_lng": 17, "active": "true", "receiving_rec": 4, "receiving_twopta": 0, "receiving_yds": 47, "receiving_lngtd": 17, "receiving_twoptm": 0}, {"week": "12", "receiving_tds": 0, "receiving_lng": 13, "active": "true", "receiving_rec": 3, "receiving_twopta": 0, "receiving_yds": 26, "receiving_lngtd": 0, "receiving_twoptm": 0}, {"week": "13", "receiving_tds": 0, "receiving_lng": 22, "active": "true", "receiving_rec": 6, "receiving_twopta": 0, "receiving_yds": 80, "receiving_lngtd": 0, "receiving_twoptm": 0}, {"week": "14", "receiving_tds": 0, "receiving_lng": 23, "active": "true", "receiving_rec": 3, "receiving_twopta": 0, "receiving_yds": 43, "receiving_lngtd": 0, "receiving_twoptm": 0}, {"week": "15", "receiving_tds": 0, "receiving_lng": 8, "active": "true", "receiving_rec": 2, "receiving_twopta": 0, "receiving_yds": 12, "receiving_lngtd": 0, "receiving_twoptm": 0}, {"week": "16", "receiving_tds": 0, "receiving_lng": 19, "active": "true", "receiving_rec": 3, "receiving_twopta": 0, "receiving_yds": 47, "receiving_lngtd": 0, "receiving_twoptm": 0}, {"week": "17", "receiving_tds": 0, "receiving_lng": 15, "active": "true", "receiving_rec": 7, "receiving_twopta": 0, "receiving_yds": 64, "receiving_lngtd": 0, "receiving_twoptm": 0}], "2013": [{"week": "1", "receiving_tds": 0, "receiving_lng": 16, "active": "true", "receiving_rec": 3, "receiving_twopta": 0, "receiving_yds": 31, "receiving_lngtd": 0, "receiving_twoptm": 0}, {"week": "2", "active": "false"}, {"week": "3", "receiving_tds": 0, "receiving_lng": 14, "active": "true", "receiving_rec": 1, "receiving_twopta": 0, "receiving_yds": 14, "receiving_lngtd": 0, "receiving_twoptm": 0}, {"week": "4", "receiving_tds": 1, "receiving_lng": 4, "active": "true", "receiving_rec": 1, "receiving_twopta": 0, "receiving_yds": 4, "receiving_lngtd": 4, "receiving_twoptm": 0}, {"week": "5", "active": "false"}, {"week": "6", "receiving_tds": 0, "receiving_lng": 32, "active": "true", "receiving_rec": 3, "receiving_twopta": 0, "receiving_yds": 61, "receiving_lngtd": 0, "receiving_twoptm": 0}, {"week": "7", "active": "false"}, {"week": "8", "receiving_tds": 0, "receiving_lng": 17, "active": "true", "receiving_rec": 3, "receiving_twopta": 0, "receiving_yds": 45, "receiving_lngtd": 0, "receiving_twoptm": 0}, {"week": "9", "active": "false"}, {"week": "10", "receiving_tds": 0, "receiving_lng": 5, "active": "true", "receiving_rec": 1, "receiving_twopta": 0, "receiving_yds": 5, "receiving_lngtd": 0, "receiving_twoptm": 0}, {"week": "11", "active": "false"}, {"week": "12", "receiving_tds": 1, "receiving_lng": 1, "active": "true", "receiving_rec": 1, "receiving_twopta": 0, "receiving_yds": 1, "receiving_lngtd": 1, "receiving_twoptm": 0}, {"week": "13", "active": "false"}, {"week": "14", "receiving_tds": 0, "receiving_lng": 20, "active": "true", "receiving_rec": 1, "receiving_twopta": 0, "receiving_yds": 20, "receiving_lngtd": 0, "receiving_twoptm": 0}, {"week": "15", "receiving_tds": 0, "receiving_lng": 8, "active": "true", "receiving_rec": 2, "receiving_twopta": 0, "receiving_yds": 12, "receiving_lngtd": 0, "receiving_twoptm": 0}, {"week": "16", "receiving_tds": 0, "receiving_lng": 22, "active": "true", "receiving_rec": 2, "receiving_twopta": 0, "receiving_yds": 26, "receiving_lngtd": 0, "receiving_twoptm": 0}, {"week": "17", "receiving_tds": 0, "receiving_lng": 7, "active": "true", "receiving_rec": 1, "receiving_twopta": 0, "receiving_yds": 7, "receiving_lngtd": 0, "receiving_twoptm": 0}], "2014": [{"week": "1", "receiving_tds": 0, "receiving_lng": 0, "active": "true", "receiving_rec": 1, "receiving_twopta": 0, "receiving_yds": 0, "receiving_lngtd": 0, "receiving_twoptm": 0}, {"week": "2", "receiving_tds": 0, "receiving_lng": 4, "active": "true", "receiving_rec": 1, "receiving_twopta": 0, "receiving_yds": 4, "receiving_lngtd": 0, "receiving_twoptm": 0}, {"week": "3", "receiving_tds": 0, "receiving_lng": 10, "active": "true", "receiving_rec": 1, "receiving_twopta": 0, "receiving_yds": 10, "receiving_lngtd": 0, "receiving_twoptm": 0}, {"week": "4", "receiving_tds": 0, "receiving_lng": 7, "active": "true", "receiving_rec": 1, "receiving_twopta": 0, "receiving_yds": 7, "receiving_lngtd": 0, "receiving_twoptm": 0}, {"week": "5", "receiving_tds": 0, "receiving_lng": 13, "active": "true", "receiving_rec": 5, "receiving_twopta": 1, "receiving_yds": 43, "receiving_lngtd": 0, "receiving_twoptm": 0}, {"week": "6", "active": "false"}, {"week": "7", "receiving_tds": 0, "receiving_lng": 3, "active": "true", "receiving_rec": 1, "receiving_twopta": 0, "receiving_yds": 3, "receiving_lngtd": 0, "receiving_twoptm": 0}, {"week": "8", "active": "false"}, {"week": "9", "receiving_tds": 0, "receiving_lng": 4, "active": "true", "receiving_rec": 1, "receiving_twopta": 0, "receiving_yds": 4, "receiving_lngtd": 0, "receiving_twoptm": 0}, {"week": "10", "receiving_tds": 0, "receiving_lng": 13, "active": "true", "receiving_rec": 1, "receiving_twopta": 0, "receiving_yds": 13, "receiving_lngtd": 0, "receiving_twoptm": 0}, {"week": "11", "active": "false"}, {"week": "12", "receiving_tds": 0, "receiving_lng": 4, "active": "true", "receiving_rec": 1, "receiving_twopta": 0, "receiving_yds": 4, "receiving_lngtd": 0, "receiving_twoptm": 0}, {"week": "13", "receiving_tds": 1, "receiving_lng": 15, "active": "true", "receiving_rec": 1, "receiving_twopta": 0, "receiving_yds": 15, "receiving_lngtd": 15, "receiving_twoptm": 0}, {"week": "14", "receiving_tds": 1, "receiving_lng": 7, "active": "true", "receiving_rec": 2, "receiving_twopta": 0, "receiving_yds": 8, "receiving_lngtd": 7, "receiving_twoptm": 0}]}}