{"B.Green-Ellis": {"2009": [{"week": "1", "active": "false"}, {"week": "2", "active": "false"}, {"week": "3", "active": "false"}, {"week": "4", "active": "false"}, {"week": "5", "active": "false"}, {"week": "6", "receiving_lng": 6, "receiving_tds": 0, "receiving_twopta": 0, "rushing_tds": 0, "rushing_twopta": 0, "active": "true", "receiving_rec": 2, "rushing_lng": 29, "rushing_yds": 67, "receiving_yds": 11, "rushing_att": 7, "receiving_twoptm": 0, "rushing_twoptm": 0}, {"week": "7", "rushing_tds": 0, "rushing_twopta": 0, "rushing_lng": 5, "rushing_yds": 6, "active": "true", "rushing_att": 7, "rushing_twoptm": 0}, {"week": "8", "active": "false"}, {"week": "9", "rushing_tds": 0, "rushing_twopta": 0, "rushing_lng": 7, "rushing_yds": 7, "active": "true", "rushing_att": 1, "rushing_twoptm": 0}, {"week": "10", "active": "false"}, {"week": "11", "rushing_tds": 0, "rushing_twopta": 0, "rushing_lng": 4, "rushing_yds": 10, "active": "true", "rushing_att": 5, "rushing_twoptm": 0}, {"week": "12", "rushing_tds": 0, "rushing_twopta": 0, "rushing_lng": 1, "rushing_yds": 2, "active": "true", "rushing_att": 2, "rushing_twoptm": 0}, {"week": "13", "active": "false"}, {"week": "14", "active": "false"}, {"week": "15", "active": "false"}, {"week": "16", "active": "false"}, {"week": "17", "rushing_tds": 0, "rushing_twopta": 0, "rushing_lng": 12, "rushing_yds": 22, "active": "true", "rushing_att": 4, "rushing_twoptm": 0}], "2010": [{"week": "1", "rushing_lngtd": 0, "rushing_tds": 0, "rushing_twopta": 0, "rushing_lng": 7, "rushing_yds": 22, "active": "true", "rushing_att": 5, "rushing_twoptm": 0}, {"week": "2", "rushing_lngtd": 0, "rushing_tds": 0, "rushing_twopta": 0, "rushing_lng": 7, "rushing_yds": 19, "active": "true", "rushing_att": 10, "rushing_twoptm": 0}, {"week": "3", "kickret_lngtd": 0, "rushing_lngtd": 7, "kickret_lng": 0, "receiving_tds": 0, "receiving_twopta": 0, "kickret_ret": 1, "receiving_lng": 6, "rushing_tds": 1, "kickret_avg": 0, "rushing_twopta": 0, "active": "true", "receiving_rec": 1, "rushing_lng": 22, "rushing_yds": 98, "receiving_lngtd": 0, "receiving_yds": 6, "rushing_att": 16, "receiving_twoptm": 0, "rushing_twoptm": 0, "kickret_tds": 0}, {"week": "4", "rushing_lngtd": 12, "rushing_tds": 1, "rushing_twopta": 0, "rushing_lng": 12, "rushing_yds": 76, "active": "true", "rushing_att": 16, "rushing_twoptm": 0}, {"week": "5", "active": "false"}, {"week": "6", "rushing_lngtd": 2, "rushing_tds": 1, "rushing_twopta": 0, "rushing_lng": 4, "rushing_yds": 20, "active": "true", "rushing_att": 10, "rushing_twoptm": 0}, {"week": "7", "rushing_lngtd": 1, "rushing_tds": 1, "rushing_twopta": 0, "rushing_lng": 9, "rushing_yds": 24, "active": "true", "rushing_att": 11, "rushing_twoptm": 0}, {"week": "8", "rushing_lngtd": 13, "receiving_tds": 0, "receiving_twopta": 0, "receiving_lng": 11, "rushing_tds": 2, "rushing_twopta": 0, "active": "true", "receiving_rec": 1, "rushing_lng": 26, "rushing_yds": 112, "receiving_lngtd": 0, "receiving_yds": 11, "rushing_att": 17, "receiving_twoptm": 0, "rushing_twoptm": 0}, {"week": "9", "rushing_lngtd": 0, "rushing_tds": 0, "rushing_twopta": 0, "rushing_lng": 5, "rushing_yds": 14, "active": "true", "rushing_att": 9, "rushing_twoptm": 0}, {"week": "10", "rushing_lngtd": 0, "receiving_tds": 0, "receiving_twopta": 0, "receiving_lng": 16, "rushing_tds": 0, "rushing_twopta": 0, "active": "true", "receiving_rec": 4, "rushing_lng": 17, "rushing_yds": 87, "receiving_lngtd": 0, "receiving_yds": 36, "rushing_att": 18, "receiving_twoptm": 0, "rushing_twoptm": 0}, {"week": "11", "rushing_lngtd": 5, "receiving_tds": 0, "receiving_twopta": 0, "receiving_lng": 4, "rushing_tds": 1, "rushing_twopta": 0, "active": "true", "receiving_rec": 1, "rushing_lng": 16, "rushing_yds": 96, "receiving_lngtd": 0, "receiving_yds": 4, "rushing_att": 21, "receiving_twoptm": 0, "rushing_twoptm": 0}, {"week": "12", "rushing_lngtd": 15, "rushing_tds": 2, "rushing_twopta": 0, "rushing_lng": 15, "rushing_yds": 59, "active": "true", "rushing_att": 12, "rushing_twoptm": 0}, {"week": "13", "rushing_lngtd": 5, "receiving_tds": 0, "receiving_twopta": 0, "receiving_lng": 7, "rushing_tds": 2, "rushing_twopta": 0, "active": "true", "receiving_rec": 1, "rushing_lng": 13, "rushing_yds": 72, "receiving_lngtd": 0, "receiving_yds": 7, "rushing_att": 18, "receiving_twoptm": 0, "rushing_twoptm": 0}, {"week": "14", "rushing_lngtd": 0, "rushing_tds": 0, "rushing_twopta": 0, "rushing_lng": 17, "rushing_yds": 87, "active": "true", "rushing_att": 21, "rushing_twoptm": 0}, {"week": "15", "rushing_lngtd": 33, "receiving_tds": 0, "receiving_twopta": 0, "receiving_lng": 9, "rushing_tds": 1, "rushing_twopta": 0, "active": "true", "receiving_rec": 2, "rushing_lng": 33, "rushing_yds": 38, "receiving_lngtd": 0, "receiving_yds": 12, "rushing_att": 6, "receiving_twoptm": 0, "rushing_twoptm": 0}, {"week": "16", "rushing_lngtd": 0, "receiving_tds": 0, "receiving_twopta": 0, "receiving_lng": 3, "rushing_tds": 0, "rushing_twopta": 0, "active": "true", "receiving_rec": 1, "rushing_lng": 15, "rushing_yds": 104, "receiving_lngtd": 0, "receiving_yds": 3, "rushing_att": 19, "receiving_twoptm": 0, "rushing_twoptm": 0}, {"week": "17", "rushing_lngtd": 1, "receiving_tds": 0, "receiving_twopta": 0, "receiving_lng": 6, "rushing_tds": 1, "rushing_twopta": 0, "active": "true", "receiving_rec": 1, "rushing_lng": 11, "rushing_yds": 80, "receiving_lngtd": 0, "receiving_yds": 6, "rushing_att": 20, "receiving_twoptm": 0, "rushing_twoptm": 0}], "2011": [{"week": "1", "rushing_lngtd": 4, "rushing_tds": 1, "rushing_twopta": 0, "rushing_lng": 13, "rushing_yds": 34, "active": "true", "rushing_att": 7, "rushing_twoptm": 0}, {"week": "2", "rushing_lngtd": 16, "receiving_tds": 0, "receiving_twopta": 0, "receiving_lng": 5, "rushing_tds": 1, "rushing_twopta": 0, "active": "true", "receiving_rec": 1, "rushing_lng": 16, "rushing_yds": 70, "receiving_lngtd": 0, "receiving_yds": 5, "rushing_att": 17, "receiving_twoptm": 0, "rushing_twoptm": 0}, {"week": "3", "rushing_lngtd": 0, "rushing_tds": 0, "rushing_twopta": 0, "rushing_lng": 5, "rushing_yds": 16, "active": "true", "rushing_att": 9, "rushing_twoptm": 0}, {"week": "4", "rushing_lngtd": 1, "receiving_tds": 0, "receiving_twopta": 0, "receiving_lng": 9, "rushing_tds": 1, "rushing_twopta": 0, "active": "true", "receiving_rec": 1, "rushing_lng": 15, "rushing_yds": 75, "receiving_lngtd": 0, "receiving_yds": 9, "rushing_att": 16, "receiving_twoptm": 0, "rushing_twoptm": 0}, {"week": "5", "rushing_lngtd": 3, "receiving_tds": 0, "receiving_twopta": 0, "receiving_lng": 13, "rushing_tds": 2, "rushing_twopta": 0, "active": "true", "receiving_rec": 1, "rushing_lng": 15, "rushing_yds": 136, "receiving_lngtd": 0, "receiving_yds": 13, "rushing_att": 27, "receiving_twoptm": 0, "rushing_twoptm": 0}, {"week": "6", "rushing_lngtd": 0, "receiving_tds": 0, "receiving_twopta": 0, "receiving_lng": 11, "rushing_tds": 0, "rushing_twopta": 0, "active": "true", "receiving_rec": 1, "rushing_lng": 9, "rushing_yds": 58, "receiving_lngtd": 0, "receiving_yds": 11, "rushing_att": 14, "receiving_twoptm": 0, "rushing_twoptm": 0}, {"week": "7", "active": "false"}, {"week": "8", "rushing_lngtd": 0, "rushing_tds": 0, "rushing_twopta": 0, "rushing_lng": 3, "rushing_yds": 9, "active": "true", "rushing_att": 5, "rushing_twoptm": 0}, {"week": "9", "rushing_lngtd": 0, "receiving_tds": 0, "receiving_twopta": 0, "receiving_lng": 11, "rushing_tds": 0, "rushing_twopta": 0, "active": "true", "receiving_rec": 1, "rushing_lng": 18, "rushing_yds": 52, "receiving_lngtd": 0, "receiving_yds": 11, "rushing_att": 12, "receiving_twoptm": 0, "rushing_twoptm": 0}, {"week": "10", "rushing_lngtd": 0, "rushing_tds": 0, "rushing_twopta": 0, "rushing_lng": 6, "rushing_yds": 8, "active": "true", "rushing_att": 8, "rushing_twoptm": 0}, {"week": "11", "rushing_lngtd": 0, "receiving_tds": 0, "receiving_twopta": 0, "receiving_lng": 25, "rushing_tds": 0, "rushing_twopta": 0, "active": "true", "receiving_rec": 1, "rushing_lng": 12, "rushing_yds": 81, "receiving_lngtd": 0, "receiving_yds": 25, "rushing_att": 20, "receiving_twoptm": 0, "rushing_twoptm": 0}, {"week": "12", "rushing_lngtd": 4, "rushing_tds": 2, "rushing_twopta": 0, "rushing_lng": 8, "rushing_yds": 44, "active": "true", "rushing_att": 14, "rushing_twoptm": 0}, {"week": "13", "rushing_lngtd": 1, "rushing_tds": 1, "rushing_twopta": 0, "rushing_lng": 5, "rushing_yds": 14, "active": "true", "rushing_att": 6, "rushing_twoptm": 0}, {"week": "14", "rushing_lngtd": 0, "rushing_tds": 0, "rushing_twopta": 0, "rushing_lng": 13, "rushing_yds": 19, "active": "true", "rushing_att": 5, "rushing_twoptm": 0}, {"week": "15", "rushing_lngtd": 1, "receiving_tds": 0, "receiving_twopta": 0, "receiving_lng": 21, "rushing_tds": 1, "rushing_twopta": 0, "active": "true", "receiving_rec": 2, "rushing_lng": 7, "rushing_yds": 17, "receiving_lngtd": 0, "receiving_yds": 32, "rushing_att": 10, "receiving_twoptm": 0, "rushing_twoptm": 0}, {"week": "16", "rushing_lngtd": 0, "rushing_tds": 0, "rushing_twopta": 0, "rushing_lng": 5, "rushing_yds": 10, "active": "true", "rushing_att": 3, "rushing_twoptm": 0}, {"week": "17", "rushing_lngtd": 3, "receiving_tds": 0, "receiving_twopta": 0, "receiving_lng": 53, "rushing_tds": 2, "rushing_twopta": 0, "active": "true", "receiving_rec": 1, "rushing_lng": 11, "rushing_yds": 22, "receiving_lngtd": 0, "receiving_yds": 53, "rushing_att": 7, "receiving_twoptm": 0, "rushing_twoptm": 0}], "2012": [{"week": "1", "rushing_lngtd": 6, "receiving_tds": 0, "receiving_twopta": 0, "receiving_lng": 4, "rushing_tds": 1, "rushing_twopta": 0, "active": "true", "receiving_rec": 1, "rushing_lng": 14, "rushing_yds": 91, "receiving_lngtd": 0, "receiving_yds": 4, "rushing_att": 18, "receiving_twoptm": 0, "rushing_twoptm": 0}, {"week": "2", "rushing_lngtd": 0, "receiving_tds": 0, "receiving_twopta": 0, "receiving_lng": 12, "rushing_tds": 0, "rushing_twopta": 0, "active": "true", "receiving_rec": 3, "rushing_lng": 19, "rushing_yds": 75, "receiving_lngtd": 0, "receiving_yds": 30, "rushing_att": 21, "receiving_twoptm": 0, "rushing_twoptm": 0}, {"week": "3", "fumbles_tot": 1, "rushing_lngtd": 1, "fumbles_yds": 0, "fumbles_lost": 1, "fumbles_trcv": 0, "rushing_tds": 1, "fumbles_rcv": 0, "defense_sk": 0, "rushing_twopta": 0, "defense_tkl": 0, "rushing_lng": 9, "rushing_yds": 38, "active": "true", "rushing_att": 17, "rushing_twoptm": 0, "defense_ffum": 0, "defense_ast": 1, "defense_int": 0}, {"week": "4", "fumbles_tot": 2, "rushing_lngtd": 0, "receiving_tds": 0, "fumbles_yds": 0, "receiving_twopta": 0, "fumbles_trcv": 1, "receiving_lng": 13, "rushing_tds": 0, "fumbles_rcv": 1, "rushing_twopta": 0, "fumbles_lost": 1, "receiving_rec": 2, "rushing_lng": 13, "rushing_yds": 82, "receiving_lngtd": 0, "receiving_yds": 12, "rushing_att": 26, "receiving_twoptm": 0, "rushing_twoptm": 0, "active": "true"}, {"week": "5", "rushing_lngtd": 0, "receiving_tds": 0, "receiving_twopta": 0, "receiving_lng": 2, "rushing_tds": 0, "rushing_twopta": 0, "active": "true", "receiving_rec": 1, "rushing_lng": 5, "rushing_yds": 14, "receiving_lngtd": 0, "receiving_yds": 2, "rushing_att": 9, "receiving_twoptm": 0, "rushing_twoptm": 0}, {"week": "6", "rushing_lngtd": 0, "receiving_tds": 0, "receiving_twopta": 0, "receiving_lng": 8, "rushing_tds": 0, "rushing_twopta": 0, "active": "true", "receiving_rec": 1, "rushing_lng": 20, "rushing_yds": 62, "receiving_lngtd": 0, "receiving_yds": 8, "rushing_att": 16, "receiving_twoptm": 0, "rushing_twoptm": 0}, {"week": "7", "rushing_lngtd": 0, "rushing_tds": 0, "rushing_twopta": 0, "rushing_lng": 14, "rushing_yds": 69, "active": "true", "rushing_att": 18, "rushing_twoptm": 0}, {"week": "8", "active": "false"}, {"week": "9", "rushing_lngtd": 2, "receiving_tds": 0, "receiving_twopta": 0, "receiving_lng": -1, "rushing_tds": 1, "rushing_twopta": 0, "active": "true", "receiving_rec": 2, "rushing_lng": 6, "rushing_yds": 56, "receiving_lngtd": 0, "receiving_yds": -3, "rushing_att": 17, "receiving_twoptm": 0, "rushing_twoptm": 0}, {"week": "10", "rushing_lngtd": 0, "receiving_tds": 0, "receiving_twopta": 0, "receiving_lng": 6, "rushing_tds": 0, "rushing_twopta": 0, "active": "true", "receiving_rec": 2, "rushing_lng": 7, "rushing_yds": 50, "receiving_lngtd": 0, "receiving_yds": 8, "rushing_att": 15, "receiving_twoptm": 0, "rushing_twoptm": 0}, {"week": "11", "rushing_lngtd": 1, "receiving_tds": 0, "receiving_twopta": 0, "receiving_lng": 7, "rushing_tds": 1, "rushing_twopta": 0, "active": "true", "receiving_rec": 1, "rushing_lng": 21, "rushing_yds": 101, "receiving_lngtd": 0, "receiving_yds": 7, "rushing_att": 25, "receiving_twoptm": 0, "rushing_twoptm": 0}, {"week": "12", "rushing_lngtd": 1, "receiving_tds": 0, "receiving_twopta": 0, "receiving_lng": 9, "rushing_tds": 1, "rushing_twopta": 0, "active": "true", "receiving_rec": 1, "rushing_lng": 48, "rushing_yds": 129, "receiving_lngtd": 0, "receiving_yds": 9, "rushing_att": 19, "receiving_twoptm": 0, "rushing_twoptm": 0}, {"week": "13", "rushing_lngtd": 0, "receiving_tds": 0, "receiving_twopta": 0, "receiving_lng": 9, "rushing_tds": 0, "rushing_twopta": 0, "active": "true", "receiving_rec": 4, "rushing_lng": 41, "rushing_yds": 118, "receiving_lngtd": 0, "receiving_yds": 14, "rushing_att": 25, "receiving_twoptm": 0, "rushing_twoptm": 0}, {"week": "14", "rushing_lngtd": 0, "receiving_tds": 0, "receiving_twopta": 0, "receiving_lng": 5, "rushing_tds": 0, "rushing_twopta": 0, "active": "true", "receiving_rec": 3, "rushing_lng": 38, "rushing_yds": 89, "receiving_lngtd": 0, "receiving_yds": 13, "rushing_att": 12, "receiving_twoptm": 0, "rushing_twoptm": 0}, {"week": "15", "rushing_lngtd": 1, "rushing_tds": 1, "rushing_twopta": 0, "rushing_lng": 29, "rushing_yds": 106, "active": "true", "rushing_att": 25, "rushing_twoptm": 0}, {"week": "16", "rushing_lngtd": 0, "receiving_tds": 0, "receiving_twopta": 0, "receiving_lng": 0, "rushing_tds": 0, "rushing_twopta": 0, "active": "true", "receiving_rec": 1, "rushing_lng": 4, "rushing_yds": 14, "receiving_lngtd": 0, "receiving_yds": 0, "rushing_att": 15, "receiving_twoptm": 0, "rushing_twoptm": 0}, {"week": "17", "active": "false"}], "2013": [{"week": "1", "rushing_lngtd": 5, "receiving_tds": 0, "receiving_twopta": 0, "receiving_lng": 4, "rushing_tds": 1, "rushing_twopta": 0, "active": "true", "receiving_rec": 1, "rushing_lng": 10, "rushing_yds": 25, "receiving_lngtd": 0, "receiving_yds": 4, "rushing_att": 14, "receiving_twoptm": 0, "rushing_twoptm": 0}, {"week": "2", "rushing_lngtd": 0, "receiving_tds": 0, "receiving_twopta": 0, "receiving_lng": 5, "rushing_tds": 0, "rushing_twopta": 0, "active": "true", "receiving_rec": 1, "rushing_lng": 14, "rushing_yds": 75, "receiving_lngtd": 0, "receiving_yds": 5, "rushing_att": 22, "receiving_twoptm": 0, "rushing_twoptm": 0}, {"week": "3", "fumbles_tot": 1, "rushing_lngtd": 2, "fumbles_yds": 0, "fumbles_lost": 1, "fumbles_trcv": 0, "rushing_tds": 1, "fumbles_rcv": 0, "rushing_twopta": 0, "rushing_lng": 10, "rushing_yds": 29, "active": "true", "rushing_att": 10, "rushing_twoptm": 0}, {"week": "4", "rushing_lngtd": 0, "rushing_tds": 0, "rushing_twopta": 0, "rushing_lng": 4, "rushing_yds": 13, "active": "true", "rushing_att": 6, "rushing_twoptm": 0}, {"week": "5", "rushing_lngtd": 1, "rushing_tds": 1, "rushing_twopta": 0, "rushing_lng": 13, "rushing_yds": 67, "active": "true", "rushing_att": 19, "rushing_twoptm": 0}, {"week": "6", "rushing_lngtd": 0, "rushing_tds": 0, "rushing_twopta": 0, "rushing_lng": 25, "rushing_yds": 86, "active": "true", "rushing_att": 18, "rushing_twoptm": 0}, {"week": "7", "rushing_lngtd": 0, "rushing_tds": 0, "rushing_twopta": 0, "rushing_lng": 11, "rushing_yds": 24, "active": "true", "rushing_att": 10, "rushing_twoptm": 0}, {"week": "8", "rushing_lngtd": 0, "rushing_tds": 0, "rushing_twopta": 0, "rushing_lng": 6, "rushing_yds": 33, "active": "true", "rushing_att": 11, "rushing_twoptm": 0}, {"week": "9", "rushing_lngtd": 0, "rushing_tds": 0, "rushing_twopta": 0, "rushing_lng": 14, "rushing_yds": 72, "active": "true", "rushing_att": 21, "rushing_twoptm": 0}, {"week": "10", "rushing_lngtd": 0, "rushing_tds": 0, "rushing_twopta": 0, "rushing_lng": 7, "rushing_yds": 36, "active": "true", "rushing_att": 9, "rushing_twoptm": 0}, {"week": "11", "rushing_lngtd": 0, "rushing_tds": 0, "rushing_twopta": 0, "rushing_lng": 18, "rushing_yds": 62, "active": "true", "rushing_att": 16, "rushing_twoptm": 0}, {"week": "12", "active": "false"}, {"week": "13", "fumbles_tot": 1, "rushing_lngtd": 4, "receiving_tds": 0, "fumbles_yds": 0, "receiving_twopta": 0, "fumbles_trcv": 0, "receiving_lng": 3, "rushing_tds": 1, "fumbles_rcv": 0, "rushing_twopta": 0, "fumbles_lost": 1, "receiving_rec": 1, "rushing_lng": 13, "rushing_yds": 92, "receiving_lngtd": 0, "receiving_yds": 3, "rushing_att": 20, "receiving_twoptm": 0, "rushing_twoptm": 0, "active": "true"}, {"week": "14", "rushing_lngtd": 1, "rushing_tds": 2, "rushing_twopta": 0, "rushing_lng": 6, "rushing_yds": 48, "active": "true", "rushing_att": 17, "rushing_twoptm": 0}, {"week": "15", "rushing_lngtd": 0, "rushing_tds": 0, "rushing_twopta": 0, "rushing_lng": 2, "rushing_yds": 4, "active": "true", "rushing_att": 4, "rushing_twoptm": 0}, {"week": "16", "rushing_lngtd": 4, "receiving_tds": 0, "receiving_twopta": 0, "receiving_lng": 10, "rushing_tds": 1, "rushing_twopta": 0, "active": "true", "receiving_rec": 1, "rushing_lng": 8, "rushing_yds": 24, "receiving_lngtd": 0, "receiving_yds": 10, "rushing_att": 12, "receiving_twoptm": 0, "rushing_twoptm": 0}, {"week": "17", "rushing_lngtd": 0, "rushing_tds": 0, "defense_sk": 0, "rushing_twopta": 0, "defense_tkl": 1, "rushing_lng": 12, "rushing_yds": 66, "active": "true", "rushing_att": 11, "rushing_twoptm": 0, "defense_ffum": 0, "defense_ast": 0, "defense_int": 0}], "2014": [{"week": "1", "active": "false"}, {"week": "2", "active": "false"}, {"week": "3", "active": "false"}, {"week": "4", "active": "false"}, {"week": "5", "active": "false"}, {"week": "6", "active": "false"}, {"week": "7", "active": "false"}, {"week": "8", "active": "false"}, {"week": "9", "active": "false"}, {"week": "10", "active": "false"}, {"week": "11", "active": "false"}, {"week": "12", "active": "false"}, {"week": "13", "active": "false"}, {"week": "14", "active": "false"}]}}