{"B.Scott": {"2009": [{"week": "1", "rushing_tds": 0, "rushing_twopta": 0, "rushing_lng": -6, "rushing_yds": -6, "active": "true", "rushing_att": 1, "rushing_twoptm": 0}, {"week": "2", "rushing_tds": 0, "rushing_twopta": 0, "rushing_lng": 6, "rushing_yds": 7, "active": "true", "rushing_att": 2, "rushing_twoptm": 0}, {"week": "3", "defense_sk": 0, "defense_tkl": 5, "defense_int": 0, "active": "true", "defense_ffum": 0, "defense_ast": 3}, {"week": "4", "kickret_lng": 28, "kickret_tds": 0, "kickret_ret": 2, "rushing_tds": 0, "kickret_avg": 26, "rushing_twopta": 0, "rushing_lng": 16, "rushing_yds": 41, "active": "true", "rushing_att": 6, "rushing_twoptm": 0}, {"week": "5", "rushing_tds": 0, "rushing_twopta": 0, "rushing_lng": 3, "rushing_yds": 3, "active": "true", "rushing_att": 1, "rushing_twoptm": 0}, {"week": "6", "defense_sk": 0, "defense_tkl": 5, "defense_int": 0, "active": "true", "defense_ffum": 0, "defense_ast": 3}, {"week": "7", "receiving_lng": 14, "receiving_tds": 0, "receiving_twopta": 0, "rushing_tds": 0, "rushing_twopta": 0, "active": "true", "receiving_rec": 1, "rushing_lng": 11, "rushing_yds": 17, "receiving_yds": 14, "rushing_att": 6, "receiving_twoptm": 0, "rushing_twoptm": 0}, {"week": "8", "defense_sk": 1, "defense_tkl": 7, "defense_int": 0, "active": "true", "defense_ffum": 0, "defense_ast": 1}, {"week": "9", "active": "false"}, {"week": "10", "defense_sk": 0, "defense_tkl": 4, "defense_int": 0, "active": "true", "defense_ffum": 0, "defense_ast": 2}, {"week": "11", "defense_sk": 1, "defense_tkl": 9, "defense_int": 0, "active": "true", "defense_ffum": 1, "defense_ast": 0}, {"week": "12", "defense_sk": 0, "defense_tkl": 7, "defense_int": 0, "active": "true", "defense_ffum": 0, "defense_ast": 2}, {"week": "13", "active": "false"}, {"week": "14", "active": "false"}, {"week": "15", "defense_sk": 0, "defense_tkl": 1, "defense_int": 0, "active": "true", "defense_ffum": 0, "defense_ast": 4}, {"week": "16", "kickret_lng": 23, "kickret_avg": 21, "kickret_tds": 0, "active": "true", "kickret_ret": 2}, {"week": "17", "kickret_lng": 53, "kickret_tds": 0, "kickret_ret": 4, "rushing_tds": 0, "kickret_avg": 34, "rushing_twopta": 0, "rushing_lng": 22, "rushing_yds": 20, "active": "true", "rushing_att": 6, "rushing_twoptm": 0}], "2010": [{"week": "1", "defense_sk": 1, "defense_tkl": 1, "defense_int": 0, "active": "true", "defense_ffum": 0, "defense_ast": 1}, {"week": "2", "defense_sk": 0, "defense_tkl": 2, "defense_int": 0, "active": "true", "defense_ffum": 0, "defense_ast": 1}, {"week": "3", "kickret_lngtd": 0, "rushing_lngtd": 0, "kickret_lng": 16, "kickret_tds": 0, "kickret_ret": 1, "rushing_tds": 0, "kickret_avg": 16, "rushing_twopta": 0, "rushing_lng": 12, "rushing_yds": 15, "active": "true", "rushing_att": 2, "rushing_twoptm": 0}, {"week": "4", "defense_sk": 0, "defense_tkl": 2, "defense_int": 0, "active": "true", "defense_ffum": 0, "defense_ast": 2}, {"week": "5", "fumbles_tot": 1, "kickret_lngtd": 0, "rushing_lngtd": 0, "kickret_lng": 18, "kickret_tds": 0, "fumbles_yds": 0, "fumbles_lost": 1, "fumbles_trcv": 0, "kickret_ret": 3, "rushing_tds": 0, "fumbles_rcv": 0, "kickret_avg": 16, "rushing_twopta": 0, "rushing_lng": 3, "rushing_yds": 4, "active": "true", "rushing_att": 2, "rushing_twoptm": 0}, {"week": "6", "defense_sk": 0, "defense_tkl": 4, "defense_int": 0, "active": "true", "defense_ffum": 0, "defense_ast": 2}, {"week": "7", "kickret_lngtd": 0, "rushing_lngtd": 0, "kickret_lng": 25, "receiving_tds": 0, "receiving_twopta": 0, "kickret_ret": 5, "receiving_lng": 25, "rushing_tds": 0, "kickret_avg": 22, "rushing_twopta": 0, "active": "true", "receiving_rec": 5, "rushing_lng": 14, "rushing_yds": 14, "receiving_lngtd": 0, "receiving_yds": 43, "rushing_att": 1, "receiving_twoptm": 0, "rushing_twoptm": 0, "kickret_tds": 0}, {"week": "8", "kickret_lngtd": 0, "rushing_lngtd": 0, "kickret_lng": 28, "kickret_tds": 0, "kickret_ret": 6, "rushing_tds": 0, "kickret_avg": 19, "rushing_twopta": 0, "rushing_lng": 18, "rushing_yds": 22, "active": "true", "rushing_att": 2, "rushing_twoptm": 0}, {"week": "9", "defense_sk": 1, "defense_tkl": 5, "defense_int": 0, "active": "true", "defense_ffum": 0, "defense_ast": 1}, {"week": "10", "defense_sk": 0, "defense_tkl": 3, "defense_int": 0, "active": "true", "defense_ffum": 0, "defense_ast": 1}, {"week": "11", "defense_sk": 0, "defense_tkl": 4, "defense_int": 0, "active": "true", "defense_ffum": 0, "defense_ast": 0}, {"week": "12", "defense_sk": 0, "defense_tkl": 5, "defense_int": 0, "active": "true", "defense_ffum": 0, "defense_ast": 1}, {"week": "13", "defense_sk": 0, "defense_tkl": 1, "defense_int": 0, "active": "true", "defense_ffum": 0, "defense_ast": 0}, {"week": "14", "fumbles_tot": 0, "fumbles_yds": 0, "fumbles_lost": 0, "fumbles_trcv": 1, "fumbles_rcv": 0, "defense_sk": 0, "defense_tkl": 1, "defense_int": 0, "active": "true", "defense_ffum": 0, "defense_ast": 0}, {"week": "15", "fumbles_tot": 0, "fumbles_yds": 17, "fumbles_lost": 0, "fumbles_trcv": 1, "fumbles_rcv": 0, "active": "true"}, {"week": "16", "defense_sk": 0, "defense_tkl": 2, "defense_int": 0, "active": "true", "defense_ffum": 0, "defense_ast": 0}, {"week": "17", "defense_sk": 0, "defense_tkl": 1, "defense_int": 0, "active": "true", "defense_ffum": 0, "defense_ast": 1}], "2011": [{"week": "1", "rushing_lngtd": 0, "rushing_tds": 0, "rushing_twopta": 0, "rushing_lng": 3, "rushing_yds": 3, "active": "true", "rushing_att": 4, "rushing_twoptm": 0}, {"week": "2", "defense_sk": 0, "defense_tkl": 1, "defense_int": 0, "active": "true", "defense_ffum": 0, "defense_ast": 0}, {"week": "3", "defense_sk": 0, "defense_tkl": 6, "defense_int": 1, "active": "true", "defense_ffum": 0, "defense_ast": 4}, {"week": "4", "rushing_lngtd": 0, "receiving_tds": 0, "receiving_twopta": 0, "receiving_lng": 5, "rushing_tds": 0, "rushing_twopta": 0, "active": "true", "receiving_rec": 2, "rushing_lng": 7, "rushing_yds": 13, "receiving_lngtd": 0, "receiving_yds": 9, "rushing_att": 5, "receiving_twoptm": 0, "rushing_twoptm": 0}, {"week": "5", "rushing_lngtd": 2, "receiving_tds": 0, "receiving_twopta": 0, "receiving_lng": 4, "rushing_tds": 1, "rushing_twopta": 0, "active": "true", "receiving_rec": 2, "rushing_lng": 9, "rushing_yds": 20, "receiving_lngtd": 0, "receiving_yds": -1, "rushing_att": 6, "receiving_twoptm": 0, "rushing_twoptm": 0}, {"week": "6", "defense_sk": 0, "defense_tkl": 1, "defense_int": 0, "active": "true", "defense_ffum": 0, "defense_ast": 2}, {"week": "7", "defense_sk": 0, "defense_tkl": 2, "defense_int": 0, "active": "true", "defense_ffum": 0, "defense_ast": 1}, {"week": "8", "defense_sk": 0, "defense_tkl": 3, "defense_int": 0, "active": "true", "defense_ffum": 0, "defense_ast": 1}, {"week": "9", "rushing_lngtd": 0, "rushing_tds": 0, "rushing_twopta": 0, "rushing_lng": 7, "rushing_yds": 24, "active": "true", "rushing_att": 6, "rushing_twoptm": 0}, {"week": "10", "rushing_lngtd": 0, "rushing_tds": 0, "rushing_twopta": 0, "rushing_lng": 11, "rushing_yds": 38, "active": "true", "rushing_att": 7, "rushing_twoptm": 0}, {"week": "11", "fumbles_tot": 0, "fumbles_yds": 9, "fumbles_lost": 0, "fumbles_trcv": 1, "fumbles_rcv": 0, "defense_sk": 0, "defense_tkl": 4, "defense_int": 0, "active": "true", "defense_ffum": 0, "defense_ast": 0}, {"week": "12", "rushing_lngtd": 0, "receiving_tds": 0, "receiving_twopta": 0, "receiving_lng": 1, "rushing_tds": 0, "rushing_twopta": 0, "active": "true", "receiving_rec": 2, "rushing_lng": 6, "rushing_yds": 1, "receiving_lngtd": 0, "receiving_yds": 2, "rushing_att": 4, "receiving_twoptm": 0, "rushing_twoptm": 0}, {"week": "13", "defense_sk": 0, "defense_tkl": 4, "defense_int": 0, "active": "true", "defense_ffum": 0, "defense_ast": 0}, {"week": "14", "defense_sk": 1, "defense_tkl": 2, "defense_int": 0, "active": "true", "defense_ffum": 0, "defense_ast": 1}, {"week": "15", "rushing_lngtd": 1, "rushing_tds": 1, "rushing_twopta": 0, "rushing_lng": 11, "rushing_yds": 20, "active": "true", "rushing_att": 7, "rushing_twoptm": 0}, {"week": "16", "defense_sk": 0, "defense_tkl": 1, "defense_int": 0, "active": "true", "defense_ffum": 0, "defense_ast": 0}, {"week": "17", "defense_sk": 0, "defense_tkl": 5, "defense_int": 0, "active": "true", "defense_ffum": 0, "defense_ast": 0}], "2012": [{"week": "1", "defense_sk": 0, "defense_tkl": 3, "defense_int": 0, "active": "true", "defense_ffum": 0, "defense_ast": 2}, {"week": "2", "fumbles_tot": 0, "fumbles_yds": 0, "fumbles_lost": 0, "fumbles_trcv": 1, "fumbles_rcv": 0, "defense_sk": 0, "defense_tkl": 0, "defense_int": 0, "active": "true", "defense_ffum": 0, "defense_ast": 1}, {"week": "3", "rushing_lngtd": 0, "rushing_tds": 0, "rushing_twopta": 0, "rushing_lng": 2, "rushing_yds": -5, "active": "true", "rushing_att": 3, "rushing_twoptm": 0}, {"week": "4", "fumbles_tot": 0, "fumbles_yds": 8, "fumbles_lost": 0, "fumbles_trcv": 1, "fumbles_rcv": 0, "defense_sk": 0, "defense_tkl": 8, "defense_int": 0, "active": "true", "defense_ffum": 0, "defense_ast": 6}, {"week": "5", "rushing_lngtd": 0, "rushing_tds": 0, "rushing_twopta": 0, "rushing_lng": 29, "rushing_yds": 40, "active": "true", "rushing_att": 5, "rushing_twoptm": 0}, {"week": "6", "defense_sk": 0, "defense_tkl": 0, "defense_int": 0, "active": "true", "defense_ffum": 0, "defense_ast": 3}, {"week": "7", "defense_sk": 0, "defense_tkl": 4, "defense_int": 0, "active": "true", "defense_ffum": 0, "defense_ast": 2}, {"week": "8", "active": "false"}, {"week": "9", "defense_sk": 0, "defense_tkl": 0, "defense_int": 0, "active": "true", "defense_ffum": 0, "defense_ast": 1}, {"week": "10", "defense_sk": 0, "defense_tkl": 1, "defense_int": 0, "active": "true", "defense_ffum": 0, "defense_ast": 3}, {"week": "11", "defense_sk": 0, "defense_tkl": 2, "defense_int": 1, "active": "true", "defense_ffum": 0, "defense_ast": 1}, {"week": "12", "defense_sk": 0, "defense_tkl": 2, "defense_int": 0, "active": "true", "defense_ffum": 0, "defense_ast": 1}, {"week": "13", "defense_sk": 1, "defense_tkl": 2, "defense_int": 0, "active": "true", "defense_ffum": 0, "defense_ast": 3}, {"week": "14", "defense_sk": 0, "defense_tkl": 0, "defense_int": 1, "active": "true", "defense_ffum": 0, "defense_ast": 1}, {"week": "15", "defense_sk": 0, "defense_tkl": 3, "defense_int": 0, "active": "true", "defense_ffum": 0, "defense_ast": 0}, {"week": "16", "defense_sk": 0, "defense_tkl": 4, "defense_int": 0, "active": "true", "defense_ffum": 0, "defense_ast": 1}, {"week": "17", "active": "false"}], "2013": [{"week": "1", "active": "false"}, {"week": "2", "active": "false"}, {"week": "3", "active": "false"}, {"week": "4", "active": "false"}, {"week": "5", "active": "false"}, {"week": "6", "active": "false"}, {"week": "7", "active": "false"}, {"week": "8", "active": "false"}, {"week": "9", "active": "false"}, {"week": "10", "active": "false"}, {"week": "11", "active": "false"}, {"week": "12", "active": "false"}, {"week": "13", "active": "false"}, {"week": "14", "active": "false"}, {"week": "15", "active": "false"}, {"week": "16", "rushing_lngtd": 0, "receiving_tds": 0, "receiving_twopta": 0, "receiving_lng": 2, "rushing_tds": 0, "rushing_twopta": 0, "active": "true", "receiving_rec": 1, "rushing_lng": 9, "rushing_yds": 11, "receiving_lngtd": 0, "receiving_yds": 2, "rushing_att": 2, "receiving_twoptm": 0, "rushing_twoptm": 0}, {"week": "17", "rushing_lngtd": 0, "receiving_tds": 0, "receiving_twopta": 0, "receiving_lng": 8, "rushing_tds": 0, "rushing_twopta": 0, "active": "true", "receiving_rec": 1, "rushing_lng": 2, "rushing_yds": 3, "receiving_lngtd": 0, "receiving_yds": 8, "rushing_att": 2, "receiving_twoptm": 0, "rushing_twoptm": 0}], "2014": [{"week": "1", "active": "false"}, {"week": "2", "active": "false"}, {"week": "3", "active": "false"}, {"week": "4", "active": "false"}, {"week": "5", "active": "false"}, {"week": "6", "active": "false"}, {"week": "7", "active": "false"}, {"week": "8", "active": "false"}, {"week": "9", "active": "false"}, {"week": "10", "active": "false"}, {"week": "11", "active": "false"}, {"week": "12", "active": "false"}, {"week": "13", "active": "false"}, {"week": "14", "active": "false"}]}}