{"B.Berrian": {"2009": [{"week": "1", "active": "false"}, {"week": "2", "receiving_tds": 0, "receiving_lng": 11, "active": "true", "receiving_rec": 6, "receiving_twopta": 0, "receiving_yds": 46, "receiving_twoptm": 0}, {"week": "3", "puntret_tds": 0, "puntret_ret": 2, "receiving_tds": 0, "puntret_avg": 6, "receiving_lng": 36, "puntret_lng": 8, "active": "true", "receiving_rec": 4, "receiving_twopta": 0, "receiving_yds": 56, "receiving_twoptm": 0}, {"week": "4", "receiving_tds": 1, "receiving_lng": 31, "active": "true", "receiving_rec": 6, "receiving_twopta": 0, "receiving_yds": 75, "receiving_twoptm": 0}, {"week": "5", "receiving_tds": 0, "receiving_lng": 19, "active": "true", "receiving_rec": 3, "receiving_twopta": 0, "receiving_yds": 39, "receiving_twoptm": 0}, {"week": "6", "receiving_tds": 1, "receiving_lng": 8, "active": "true", "receiving_rec": 3, "receiving_twopta": 0, "receiving_yds": 18, "receiving_twoptm": 0}, {"week": "7", "receiving_tds": 0, "receiving_lng": 11, "active": "true", "receiving_rec": 2, "receiving_twopta": 0, "receiving_yds": 18, "receiving_twoptm": 0}, {"week": "8", "receiving_tds": 1, "receiving_lng": 19, "active": "true", "receiving_rec": 3, "receiving_twopta": 0, "receiving_yds": 47, "receiving_twoptm": 0}, {"week": "9", "active": "false"}, {"week": "10", "receiving_tds": 0, "receiving_lng": 12, "active": "true", "receiving_rec": 3, "receiving_twopta": 0, "receiving_yds": 22, "receiving_twoptm": 0}, {"week": "11", "receiving_tds": 1, "receiving_lng": 8, "active": "true", "receiving_rec": 2, "receiving_twopta": 0, "receiving_yds": 11, "receiving_twoptm": 0}, {"week": "12", "receiving_tds": 0, "receiving_lng": 27, "active": "true", "receiving_rec": 6, "receiving_twopta": 0, "receiving_yds": 74, "receiving_twoptm": 0}, {"week": "13", "receiving_tds": 0, "receiving_lng": 13, "active": "true", "receiving_rec": 5, "receiving_twopta": 0, "receiving_yds": 36, "receiving_twoptm": 0}, {"week": "14", "receiving_tds": 0, "receiving_lng": 19, "active": "true", "receiving_rec": 4, "receiving_twopta": 0, "receiving_yds": 43, "receiving_twoptm": 0}, {"week": "15", "receiving_tds": 0, "receiving_lng": 17, "active": "true", "receiving_rec": 3, "receiving_twopta": 0, "receiving_yds": 25, "receiving_twoptm": 0}, {"week": "16", "receiving_tds": 0, "receiving_lng": 38, "active": "true", "receiving_rec": 3, "receiving_twopta": 0, "receiving_yds": 58, "receiving_twoptm": 0}, {"week": "17", "receiving_tds": 0, "receiving_lng": 40, "active": "true", "receiving_rec": 2, "receiving_twopta": 0, "receiving_yds": 50, "receiving_twoptm": 0}], "2010": [{"week": "1", "fumbles_tot": 1, "puntret_ret": 2, "receiving_tds": 0, "fumbles_yds": 0, "fumbles_lost": 0, "fumbles_trcv": 1, "receiving_lng": 3, "fumbles_rcv": 1, "puntret_tds": 0, "active": "true", "puntret_avg": 1, "receiving_rec": 1, "receiving_twopta": 0, "receiving_yds": 3, "receiving_lngtd": 0, "receiving_twoptm": 0, "puntret_lng": 2, "puntret_lngtd": 0}, {"week": "2", "fumbles_tot": 1, "puntret_ret": 1, "receiving_tds": 0, "fumbles_yds": 0, "fumbles_lost": 0, "fumbles_trcv": 1, "receiving_lng": 20, "fumbles_rcv": 1, "puntret_tds": 0, "active": "true", "puntret_avg": 0, "receiving_rec": 2, "receiving_twopta": 0, "receiving_yds": 24, "receiving_lngtd": 0, "receiving_twoptm": 0, "puntret_lng": 0, "puntret_lngtd": 0}, {"week": "3", "receiving_tds": 0, "receiving_lng": 6, "active": "true", "receiving_rec": 2, "receiving_twopta": 0, "receiving_yds": 11, "receiving_lngtd": 0, "receiving_twoptm": 0}, {"week": "4", "active": "false"}, {"week": "5", "active": "false"}, {"week": "6", "receiving_tds": 0, "receiving_lng": 4, "active": "true", "receiving_rec": 1, "receiving_twopta": 0, "receiving_yds": 4, "receiving_lngtd": 0, "receiving_twoptm": 0}, {"week": "7", "receiving_tds": 0, "receiving_lng": 30, "active": "true", "receiving_rec": 1, "receiving_twopta": 0, "receiving_yds": 30, "receiving_lngtd": 0, "receiving_twoptm": 0}, {"week": "8", "receiving_tds": 0, "receiving_lng": 9, "active": "true", "receiving_rec": 2, "receiving_twopta": 0, "receiving_yds": 15, "receiving_lngtd": 0, "receiving_twoptm": 0}, {"week": "9", "rushing_lngtd": 0, "receiving_tds": 0, "receiving_twopta": 0, "receiving_lng": 22, "rushing_tds": 0, "rushing_twopta": 0, "active": "true", "receiving_rec": 9, "rushing_lng": -8, "rushing_yds": -8, "receiving_lngtd": 0, "receiving_yds": 89, "rushing_att": 1, "receiving_twoptm": 0, "rushing_twoptm": 0}, {"week": "10", "active": "false"}, {"week": "11", "active": "false"}, {"week": "12", "active": "false"}, {"week": "13", "receiving_tds": 0, "receiving_lng": 14, "active": "true", "receiving_rec": 1, "receiving_twopta": 0, "receiving_yds": 14, "receiving_lngtd": 0, "receiving_twoptm": 0}, {"week": "14", "receiving_tds": 0, "receiving_lng": 11, "active": "true", "receiving_rec": 5, "receiving_twopta": 0, "receiving_yds": 30, "receiving_lngtd": 0, "receiving_twoptm": 0}, {"week": "15", "active": "false"}, {"week": "16", "receiving_tds": 0, "receiving_lng": 8, "active": "true", "receiving_rec": 2, "receiving_twopta": 0, "receiving_yds": 16, "receiving_lngtd": 0, "receiving_twoptm": 0}, {"week": "17", "receiving_tds": 0, "receiving_lng": 9, "active": "true", "receiving_rec": 2, "receiving_twopta": 0, "receiving_yds": 11, "receiving_lngtd": 0, "receiving_twoptm": 0}], "2011": [{"week": "1", "active": "false"}, {"week": "2", "receiving_tds": 0, "receiving_lng": 17, "active": "true", "receiving_rec": 1, "receiving_twopta": 0, "receiving_yds": 17, "receiving_lngtd": 0, "receiving_twoptm": 0}, {"week": "3", "active": "false"}, {"week": "4", "receiving_tds": 0, "receiving_lng": 20, "active": "true", "receiving_rec": 1, "receiving_twopta": 0, "receiving_yds": 20, "receiving_lngtd": 0, "receiving_twoptm": 0}, {"week": "5", "active": "false"}, {"week": "6", "receiving_tds": 0, "receiving_lng": 30, "active": "true", "receiving_rec": 5, "receiving_twopta": 0, "receiving_yds": 54, "receiving_lngtd": 0, "receiving_twoptm": 0}, {"week": "7", "active": "false"}, {"week": "8", "active": "false"}, {"week": "9", "active": "false"}, {"week": "10", "active": "false"}, {"week": "11", "active": "false"}, {"week": "12", "active": "false"}, {"week": "13", "active": "false"}, {"week": "14", "active": "false"}, {"week": "15", "active": "false"}, {"week": "16", "active": "false"}, {"week": "17", "active": "false"}], "2012": [{"week": "1", "active": "false"}, {"week": "2", "active": "false"}, {"week": "3", "active": "false"}, {"week": "4", "active": "false"}, {"week": "5", "active": "false"}, {"week": "6", "active": "false"}, {"week": "7", "active": "false"}, {"week": "8", "active": "false"}, {"week": "9", "active": "false"}, {"week": "10", "active": "false"}, {"week": "11", "active": "false"}, {"week": "12", "active": "false"}, {"week": "13", "active": "false"}, {"week": "14", "active": "false"}, {"week": "15", "active": "false"}, {"week": "16", "active": "false"}, {"week": "17", "active": "false"}], "2013": [{"week": "1", "active": "false"}, {"week": "2", "active": "false"}, {"week": "3", "active": "false"}, {"week": "4", "active": "false"}, {"week": "5", "active": "false"}, {"week": "6", "active": "false"}, {"week": "7", "active": "false"}, {"week": "8", "active": "false"}, {"week": "9", "active": "false"}, {"week": "10", "active": "false"}, {"week": "11", "active": "false"}, {"week": "12", "active": "false"}, {"week": "13", "active": "false"}, {"week": "14", "active": "false"}, {"week": "15", "active": "false"}, {"week": "16", "active": "false"}, {"week": "17", "active": "false"}], "2014": [{"week": "1", "active": "false"}, {"week": "2", "active": "false"}, {"week": "3", "active": "false"}, {"week": "4", "active": "false"}, {"week": "5", "active": "false"}, {"week": "6", "active": "false"}, {"week": "7", "active": "false"}, {"week": "8", "active": "false"}, {"week": "9", "active": "false"}, {"week": "10", "active": "false"}, {"week": "11", "active": "false"}, {"week": "12", "active": "false"}, {"week": "13", "active": "false"}, {"week": "14", "active": "false"}]}}