{"B.Scaife": {"2009": [{"week": "1", "fumbles_tot": 1, "receiving_tds": 0, "fumbles_yds": 0, "fumbles_lost": 1, "fumbles_trcv": 0, "receiving_lng": 20, "fumbles_rcv": 0, "active": "true", "receiving_rec": 5, "receiving_twopta": 0, "receiving_yds": 48, "receiving_twoptm": 0}, {"week": "2", "active": "false"}, {"week": "3", "active": "false"}, {"week": "4", "receiving_tds": 0, "receiving_lng": 12, "active": "true", "receiving_rec": 3, "receiving_twopta": 0, "receiving_yds": 25, "receiving_twoptm": 0}, {"week": "5", "receiving_tds": 0, "receiving_lng": 18, "active": "true", "receiving_rec": 4, "receiving_twopta": 0, "receiving_yds": 45, "receiving_twoptm": 0}, {"week": "6", "active": "false"}, {"week": "7", "active": "false"}, {"week": "8", "receiving_tds": 0, "receiving_lng": 18, "active": "true", "receiving_rec": 4, "receiving_twopta": 0, "receiving_yds": 27, "receiving_twoptm": 0}, {"week": "9", "receiving_tds": 0, "receiving_lng": 15, "active": "true", "receiving_rec": 2, "receiving_twopta": 0, "receiving_yds": 20, "receiving_twoptm": 0}, {"week": "10", "receiving_tds": 0, "receiving_lng": 10, "active": "true", "receiving_rec": 2, "receiving_twopta": 0, "receiving_yds": 16, "receiving_twoptm": 0}, {"week": "11", "receiving_tds": 0, "receiving_lng": 27, "active": "true", "receiving_rec": 4, "receiving_twopta": 0, "receiving_yds": 38, "receiving_twoptm": 0}, {"week": "12", "receiving_tds": 0, "receiving_lng": 22, "active": "true", "receiving_rec": 5, "receiving_twopta": 0, "receiving_yds": 68, "receiving_twoptm": 0}, {"week": "13", "receiving_tds": 1, "receiving_lng": 17, "active": "true", "receiving_rec": 5, "receiving_twopta": 0, "receiving_yds": 56, "receiving_twoptm": 0}, {"week": "14", "receiving_tds": 0, "receiving_lng": 16, "active": "true", "receiving_rec": 4, "receiving_twopta": 0, "receiving_yds": 43, "receiving_twoptm": 0}, {"week": "15", "receiving_tds": 0, "receiving_lng": 13, "active": "true", "receiving_rec": 5, "receiving_twopta": 0, "receiving_yds": 40, "receiving_twoptm": 0}, {"week": "16", "active": "false"}, {"week": "17", "receiving_tds": 0, "receiving_lng": 7, "active": "true", "receiving_rec": 2, "receiving_twopta": 0, "receiving_yds": 14, "receiving_twoptm": 0}], "2010": [{"week": "1", "fumbles_tot": 1, "receiving_tds": 1, "fumbles_yds": 0, "fumbles_lost": 0, "fumbles_trcv": 1, "receiving_lng": 28, "fumbles_rcv": 1, "active": "true", "receiving_rec": 3, "receiving_twopta": 0, "receiving_yds": 37, "receiving_lngtd": 1, "receiving_twoptm": 0}, {"week": "2", "receiving_tds": 0, "receiving_lng": 7, "active": "true", "receiving_rec": 3, "receiving_twopta": 0, "receiving_yds": 20, "receiving_lngtd": 0, "receiving_twoptm": 0}, {"week": "3", "receiving_tds": 0, "receiving_lng": 12, "active": "true", "receiving_rec": 2, "receiving_twopta": 0, "receiving_yds": 23, "receiving_lngtd": 0, "receiving_twoptm": 0}, {"week": "4", "receiving_tds": 0, "receiving_lng": 25, "active": "true", "receiving_rec": 2, "receiving_twopta": 0, "receiving_yds": 27, "receiving_lngtd": 0, "receiving_twoptm": 0}, {"week": "5", "receiving_tds": 0, "receiving_lng": 8, "active": "true", "receiving_rec": 2, "receiving_twopta": 0, "receiving_yds": 12, "receiving_lngtd": 0, "receiving_twoptm": 0}, {"week": "6", "receiving_tds": 1, "receiving_lng": 28, "active": "true", "receiving_rec": 4, "receiving_twopta": 0, "receiving_yds": 53, "receiving_lngtd": 2, "receiving_twoptm": 0}, {"week": "7", "receiving_tds": 0, "receiving_lng": 3, "active": "true", "receiving_rec": 3, "receiving_twopta": 0, "receiving_yds": 7, "receiving_lngtd": 0, "receiving_twoptm": 0}, {"week": "8", "active": "false"}, {"week": "9", "active": "false"}, {"week": "10", "fumbles_tot": 1, "receiving_tds": 0, "fumbles_yds": 0, "fumbles_lost": 1, "fumbles_trcv": 0, "receiving_lng": 12, "fumbles_rcv": 0, "active": "true", "receiving_rec": 7, "receiving_twopta": 0, "receiving_yds": 51, "receiving_lngtd": 0, "receiving_twoptm": 0}, {"week": "11", "receiving_tds": 0, "receiving_lng": 30, "active": "true", "receiving_rec": 4, "receiving_twopta": 0, "receiving_yds": 51, "receiving_lngtd": 0, "receiving_twoptm": 0}, {"week": "12", "receiving_tds": 0, "receiving_lng": 10, "active": "true", "receiving_rec": 1, "receiving_twopta": 0, "receiving_yds": 10, "receiving_lngtd": 0, "receiving_twoptm": 0}, {"week": "13", "receiving_tds": 0, "receiving_lng": 7, "active": "true", "receiving_rec": 1, "receiving_twopta": 0, "receiving_yds": 7, "receiving_lngtd": 0, "receiving_twoptm": 0}, {"week": "14", "receiving_tds": 2, "receiving_lng": 8, "active": "true", "receiving_rec": 4, "receiving_twopta": 0, "receiving_yds": 20, "receiving_lngtd": 4, "receiving_twoptm": 0}, {"week": "15", "active": "false"}, {"week": "16", "active": "false"}, {"week": "17", "active": "false"}], "2011": [{"week": "1", "active": "false"}, {"week": "2", "active": "false"}, {"week": "3", "active": "false"}, {"week": "4", "active": "false"}, {"week": "5", "active": "false"}, {"week": "6", "active": "false"}, {"week": "7", "active": "false"}, {"week": "8", "active": "false"}, {"week": "9", "active": "false"}, {"week": "10", "active": "false"}, {"week": "11", "active": "false"}, {"week": "12", "active": "false"}, {"week": "13", "active": "false"}, {"week": "14", "active": "false"}, {"week": "15", "active": "false"}, {"week": "16", "active": "false"}, {"week": "17", "active": "false"}], "2012": [{"week": "1", "active": "false"}, {"week": "2", "active": "false"}, {"week": "3", "active": "false"}, {"week": "4", "active": "false"}, {"week": "5", "active": "false"}, {"week": "6", "active": "false"}, {"week": "7", "active": "false"}, {"week": "8", "active": "false"}, {"week": "9", "active": "false"}, {"week": "10", "active": "false"}, {"week": "11", "active": "false"}, {"week": "12", "active": "false"}, {"week": "13", "active": "false"}, {"week": "14", "active": "false"}, {"week": "15", "active": "false"}, {"week": "16", "active": "false"}, {"week": "17", "active": "false"}], "2013": [{"week": "1", "active": "false"}, {"week": "2", "active": "false"}, {"week": "3", "active": "false"}, {"week": "4", "active": "false"}, {"week": "5", "active": "false"}, {"week": "6", "active": "false"}, {"week": "7", "active": "false"}, {"week": "8", "active": "false"}, {"week": "9", "active": "false"}, {"week": "10", "active": "false"}, {"week": "11", "active": "false"}, {"week": "12", "active": "false"}, {"week": "13", "active": "false"}, {"week": "14", "active": "false"}, {"week": "15", "active": "false"}, {"week": "16", "active": "false"}, {"week": "17", "active": "false"}], "2014": [{"week": "1", "active": "false"}, {"week": "2", "active": "false"}, {"week": "3", "active": "false"}, {"week": "4", "active": "false"}, {"week": "5", "active": "false"}, {"week": "6", "active": "false"}, {"week": "7", "active": "false"}, {"week": "8", "active": "false"}, {"week": "9", "active": "false"}, {"week": "10", "active": "false"}, {"week": "11", "active": "false"}, {"week": "12", "active": "false"}, {"week": "13", "active": "false"}, {"week": "14", "active": "false"}]}}