{"B.Wade": {"2009": [{"week": "1", "active": "false"}, {"week": "2", "fumbles_tot": 1, "puntret_ret": 6, "receiving_tds": 0, "fumbles_yds": 0, "fumbles_lost": 0, "fumbles_trcv": 0, "receiving_lng": 20, "fumbles_rcv": 0, "puntret_tds": 0, "active": "true", "puntret_avg": 9, "receiving_rec": 6, "receiving_twopta": 0, "receiving_yds": 72, "receiving_twoptm": 0, "puntret_lng": 18}, {"week": "3", "puntret_tds": 0, "puntret_ret": 2, "receiving_tds": 1, "puntret_avg": 7, "receiving_lng": 9, "puntret_lng": 10, "active": "true", "receiving_rec": 2, "receiving_twopta": 0, "receiving_yds": 13, "receiving_twoptm": 0}, {"week": "4", "puntret_tds": 0, "puntret_ret": 1, "receiving_tds": 1, "puntret_avg": 9, "receiving_lng": 6, "puntret_lng": 9, "active": "true", "receiving_rec": 2, "receiving_twopta": 0, "receiving_yds": 8, "receiving_twoptm": 0}, {"week": "5", "puntret_tds": 0, "puntret_ret": 2, "receiving_tds": 0, "puntret_avg": 3, "receiving_lng": 25, "puntret_lng": 7, "active": "true", "receiving_rec": 4, "receiving_twopta": 0, "receiving_yds": 42, "receiving_twoptm": 0}, {"fumbles_tot": 1, "receiving_tds": 0, "fumbles_rcv": 0, "rushing_yds": 3, "puntret_ret": 4, "puntret_avg": 8, "fumbles_lost": 0, "rushing_tds": 0, "rushing_twopta": 0, "receiving_rec": 3, "receiving_twopta": 0, "receiving_yds": 25, "rushing_att": 1, "receiving_twoptm": 0, "rushing_twoptm": 0, "week": "6", "fumbles_yds": 0, "receiving_lng": 16, "puntret_lng": 17, "active": "true", "puntret_tds": 0, "fumbles_trcv": 0, "rushing_lng": 3}, {"week": "7", "puntret_tds": 0, "puntret_ret": 1, "receiving_tds": 0, "puntret_avg": 17, "receiving_lng": 24, "puntret_lng": 17, "active": "true", "receiving_rec": 4, "receiving_twopta": 0, "receiving_yds": 66, "receiving_twoptm": 0}, {"week": "8", "active": "false"}, {"week": "9", "active": "false"}, {"week": "10", "active": "false"}, {"fumbles_tot": 1, "receiving_tds": 0, "fumbles_rcv": 1, "rushing_yds": 8, "puntret_ret": 1, "puntret_avg": 0, "fumbles_lost": 0, "rushing_tds": 0, "rushing_twopta": 0, "receiving_rec": 3, "receiving_twopta": 0, "receiving_yds": 17, "rushing_att": 1, "receiving_twoptm": 0, "rushing_twoptm": 0, "week": "11", "fumbles_yds": 0, "receiving_lng": 9, "puntret_lng": 0, "active": "true", "puntret_tds": 0, "fumbles_trcv": 1, "rushing_lng": 8}, {"week": "12", "puntret_tds": 0, "puntret_ret": 1, "receiving_tds": 0, "puntret_avg": 2, "receiving_lng": 12, "puntret_lng": 2, "active": "true", "receiving_rec": 2, "receiving_twopta": 0, "receiving_yds": 20, "receiving_twoptm": 0}, {"week": "13", "puntret_tds": 0, "puntret_ret": 2, "receiving_tds": 0, "puntret_avg": 9, "receiving_lng": 15, "puntret_lng": 13, "active": "true", "receiving_rec": 4, "receiving_twopta": 0, "receiving_yds": 36, "receiving_twoptm": 0}, {"week": "14", "receiving_tds": 0, "receiving_lng": 22, "active": "true", "receiving_rec": 4, "receiving_twopta": 0, "receiving_yds": 34, "receiving_twoptm": 0}, {"week": "15", "active": "false"}, {"week": "16", "puntret_tds": 0, "puntret_ret": 1, "receiving_tds": 0, "puntret_avg": 4, "receiving_lng": 13, "puntret_lng": 4, "active": "true", "receiving_rec": 2, "receiving_twopta": 0, "receiving_yds": 18, "receiving_twoptm": 0}, {"week": "17", "receiving_tds": 0, "receiving_lng": 16, "active": "true", "receiving_rec": 1, "receiving_twopta": 0, "receiving_yds": 16, "receiving_twoptm": 0}], "2010": [{"week": "1", "active": "false"}, {"week": "2", "active": "false"}, {"week": "3", "active": "false"}, {"week": "4", "active": "false"}, {"week": "5", "active": "false"}, {"week": "6", "active": "false"}, {"week": "7", "active": "false"}, {"week": "8", "active": "false"}, {"week": "9", "active": "false"}, {"week": "10", "active": "false"}, {"week": "11", "active": "false"}, {"week": "12", "active": "false"}, {"week": "13", "active": "false"}, {"week": "14", "active": "false"}, {"week": "15", "active": "false"}, {"week": "16", "active": "false"}, {"week": "17", "active": "false"}], "2011": [{"week": "1", "active": "false"}, {"week": "2", "active": "false"}, {"week": "3", "active": "false"}, {"week": "4", "active": "false"}, {"week": "5", "active": "false"}, {"week": "6", "active": "false"}, {"week": "7", "active": "false"}, {"week": "8", "active": "false"}, {"week": "9", "active": "false"}, {"week": "10", "active": "false"}, {"week": "11", "active": "false"}, {"week": "12", "active": "false"}, {"week": "13", "active": "false"}, {"week": "14", "active": "false"}, {"week": "15", "active": "false"}, {"week": "16", "active": "false"}, {"week": "17", "active": "false"}], "2012": [{"week": "1", "active": "false"}, {"week": "2", "active": "false"}, {"week": "3", "active": "false"}, {"week": "4", "active": "false"}, {"week": "5", "active": "false"}, {"week": "6", "active": "false"}, {"week": "7", "active": "false"}, {"week": "8", "active": "false"}, {"week": "9", "active": "false"}, {"week": "10", "active": "false"}, {"week": "11", "active": "false"}, {"week": "12", "active": "false"}, {"week": "13", "active": "false"}, {"week": "14", "active": "false"}, {"week": "15", "active": "false"}, {"week": "16", "active": "false"}, {"week": "17", "active": "false"}], "2013": [{"week": "1", "active": "false"}, {"week": "2", "active": "false"}, {"week": "3", "active": "false"}, {"week": "4", "active": "false"}, {"week": "5", "active": "false"}, {"week": "6", "active": "false"}, {"week": "7", "active": "false"}, {"week": "8", "active": "false"}, {"week": "9", "active": "false"}, {"week": "10", "active": "false"}, {"week": "11", "active": "false"}, {"week": "12", "active": "false"}, {"week": "13", "active": "false"}, {"week": "14", "active": "false"}, {"week": "15", "active": "false"}, {"week": "16", "active": "false"}, {"week": "17", "active": "false"}], "2014": [{"week": "1", "active": "false"}, {"week": "2", "active": "false"}, {"week": "3", "active": "false"}, {"week": "4", "active": "false"}, {"week": "5", "active": "false"}, {"week": "6", "active": "false"}, {"week": "7", "active": "false"}, {"week": "8", "active": "false"}, {"week": "9", "active": "false"}, {"week": "10", "active": "false"}, {"week": "11", "active": "false"}, {"week": "12", "active": "false"}, {"week": "13", "active": "false"}, {"week": "14", "active": "false"}]}}