{"B.Quinn": {"2009": [{"week": "1", "fumbles_tot": 1, "passing_att": 35, "fumbles_rcv": 0, "passing_twoptm": 0, "fumbles_yds": 0, "fumbles_lost": 1, "fumbles_trcv": 0, "passing_twopta": 0, "rushing_tds": 0, "passing_yds": 205, "rushing_yds": 21, "passing_cmp": 21, "rushing_twopta": 0, "active": "true", "rushing_lng": 11, "passing_ints": 1, "passing_tds": 1, "rushing_att": 2, "rushing_twoptm": 0}, {"week": "2", "fumbles_tot": 1, "passing_att": 31, "fumbles_rcv": 0, "passing_twoptm": 0, "fumbles_yds": -3, "fumbles_lost": 1, "fumbles_trcv": 0, "passing_twopta": 0, "rushing_tds": 0, "passing_yds": 161, "rushing_yds": 4, "passing_cmp": 18, "rushing_twopta": 0, "active": "true", "rushing_lng": 5, "passing_ints": 1, "passing_tds": 0, "rushing_att": 3, "rushing_twoptm": 0}, {"week": "3", "passing_att": 8, "passing_twoptm": 0, "passing_twopta": 0, "rushing_tds": 0, "passing_yds": 34, "rushing_yds": 9, "passing_cmp": 6, "rushing_twopta": 0, "active": "true", "rushing_lng": 7, "passing_ints": 1, "passing_tds": 0, "rushing_att": 2, "rushing_twoptm": 0}, {"week": "4", "active": "false"}, {"week": "5", "active": "false"}, {"week": "6", "active": "false"}, {"week": "7", "active": "false"}, {"week": "8", "passing_att": 3, "passing_twoptm": 0, "passing_twopta": 0, "passing_yds": 9, "passing_cmp": 1, "active": "true", "passing_ints": 0, "passing_tds": 0}, {"week": "9", "active": "false"}, {"week": "10", "fumbles_tot": 1, "passing_att": 31, "fumbles_rcv": 1, "passing_twoptm": 0, "fumbles_yds": 0, "fumbles_lost": 0, "fumbles_trcv": 1, "passing_twopta": 0, "rushing_tds": 0, "passing_yds": 99, "rushing_yds": 1, "passing_cmp": 13, "rushing_twopta": 0, "active": "true", "rushing_lng": 2, "passing_ints": 2, "passing_tds": 0, "rushing_att": 2, "rushing_twoptm": 0}, {"week": "11", "passing_att": 33, "passing_twoptm": 0, "passing_twopta": 0, "rushing_tds": 0, "passing_yds": 304, "rushing_yds": 4, "passing_cmp": 21, "rushing_twopta": 0, "active": "true", "rushing_lng": 2, "passing_ints": 0, "passing_tds": 4, "rushing_att": 2, "rushing_twoptm": 0}, {"week": "12", "passing_att": 34, "receiving_lng": 18, "passing_twoptm": 0, "receiving_twopta": 0, "passing_twopta": 0, "rushing_tds": 1, "passing_yds": 100, "rushing_yds": 10, "passing_cmp": 15, "rushing_twopta": 0, "receiving_yds": 18, "receiving_rec": 1, "rushing_lng": 9, "passing_ints": 0, "passing_tds": 0, "rushing_att": 2, "receiving_twoptm": 0, "rushing_twoptm": 0, "active": "true", "receiving_tds": 0}, {"week": "13", "fumbles_tot": 1, "passing_att": 45, "fumbles_rcv": 0, "passing_twoptm": 0, "fumbles_yds": 0, "fumbles_lost": 1, "fumbles_trcv": 0, "passing_twopta": 0, "rushing_tds": 0, "passing_yds": 271, "rushing_yds": 8, "passing_cmp": 25, "rushing_twopta": 1, "active": "true", "rushing_lng": 7, "passing_ints": 0, "passing_tds": 3, "rushing_att": 2, "rushing_twoptm": 0}, {"week": "14", "passing_att": 19, "passing_twoptm": 0, "passing_twopta": 0, "rushing_tds": 0, "passing_yds": 90, "rushing_yds": 2, "passing_cmp": 6, "rushing_twopta": 0, "active": "true", "rushing_lng": 2, "passing_ints": 0, "passing_tds": 0, "rushing_att": 1, "rushing_twoptm": 0}, {"week": "15", "passing_att": 17, "passing_twoptm": 0, "passing_twopta": 0, "rushing_tds": 0, "passing_yds": 66, "rushing_yds": 39, "passing_cmp": 10, "rushing_twopta": 0, "active": "true", "rushing_lng": 24, "passing_ints": 2, "passing_tds": 0, "rushing_att": 4, "rushing_twoptm": 0}, {"week": "16", "active": "false"}, {"week": "17", "active": "false"}], "2010": [{"week": "1", "active": "false"}, {"week": "2", "active": "false"}, {"week": "3", "active": "false"}, {"week": "4", "active": "false"}, {"week": "5", "active": "false"}, {"week": "6", "active": "false"}, {"week": "7", "active": "false"}, {"week": "8", "active": "false"}, {"week": "9", "active": "false"}, {"week": "10", "active": "false"}, {"week": "11", "active": "false"}, {"week": "12", "active": "false"}, {"week": "13", "active": "false"}, {"week": "14", "active": "false"}, {"week": "15", "active": "false"}, {"week": "16", "active": "false"}, {"week": "17", "active": "false"}], "2011": [{"week": "1", "active": "false"}, {"week": "2", "active": "false"}, {"week": "3", "active": "false"}, {"week": "4", "active": "false"}, {"week": "5", "active": "false"}, {"week": "6", "active": "false"}, {"week": "7", "active": "false"}, {"week": "8", "active": "false"}, {"week": "9", "active": "false"}, {"week": "10", "active": "false"}, {"week": "11", "active": "false"}, {"week": "12", "active": "false"}, {"week": "13", "active": "false"}, {"week": "14", "active": "false"}, {"week": "15", "active": "false"}, {"week": "16", "active": "false"}, {"week": "17", "active": "false"}], "2012": [{"week": "1", "active": "false"}, {"week": "2", "active": "false"}, {"week": "3", "active": "false"}, {"week": "4", "active": "false"}, {"week": "5", "passing_att": 3, "passing_twoptm": 0, "passing_twopta": 0, "passing_yds": 32, "passing_cmp": 3, "active": "true", "passing_ints": 0, "passing_tds": 0}, {"week": "6", "passing_att": 38, "rushing_lngtd": 0, "passing_twoptm": 0, "passing_twopta": 0, "rushing_tds": 0, "passing_yds": 180, "rushing_yds": 11, "passing_cmp": 22, "rushing_twopta": 0, "active": "true", "rushing_lng": 9, "passing_ints": 2, "passing_tds": 0, "rushing_att": 2, "rushing_twoptm": 0}, {"week": "7", "active": "false"}, {"week": "8", "fumbles_tot": 1, "passing_att": 4, "rushing_lngtd": 0, "passing_twoptm": 0, "fumbles_yds": 0, "fumbles_rcv": 0, "fumbles_trcv": 0, "passing_twopta": 0, "rushing_tds": 0, "passing_yds": 1, "rushing_yds": 18, "passing_cmp": 2, "rushing_twopta": 0, "fumbles_lost": 0, "rushing_lng": 12, "passing_ints": 1, "passing_tds": 0, "rushing_att": 2, "rushing_twoptm": 0, "active": "true"}, {"week": "9", "active": "false"}, {"week": "10", "active": "false"}, {"week": "11", "fumbles_tot": 0, "passing_att": 14, "rushing_lngtd": 0, "passing_twoptm": 0, "fumbles_yds": 0, "fumbles_rcv": 1, "fumbles_trcv": 1, "passing_twopta": 0, "rushing_tds": 0, "passing_yds": 95, "rushing_yds": 7, "passing_cmp": 9, "rushing_twopta": 0, "fumbles_lost": 0, "rushing_lng": 5, "passing_ints": 0, "passing_tds": 0, "rushing_att": 4, "rushing_twoptm": 0, "active": "true"}, {"week": "12", "passing_att": 25, "rushing_lngtd": 0, "passing_twoptm": 0, "passing_twopta": 0, "rushing_tds": 0, "passing_yds": 126, "rushing_yds": -1, "passing_cmp": 13, "rushing_twopta": 0, "active": "true", "rushing_lng": -1, "passing_ints": 1, "passing_tds": 0, "rushing_att": 1, "rushing_twoptm": 0}, {"week": "13", "passing_att": 23, "rushing_lngtd": 0, "passing_twoptm": 0, "passing_twopta": 0, "rushing_tds": 0, "passing_yds": 201, "rushing_yds": 12, "passing_cmp": 19, "rushing_twopta": 0, "active": "true", "rushing_lng": 6, "passing_ints": 0, "passing_tds": 2, "rushing_att": 3, "rushing_twoptm": 0}, {"week": "14", "passing_att": 22, "rushing_lngtd": 0, "passing_twoptm": 0, "passing_twopta": 0, "rushing_tds": 0, "passing_yds": 159, "rushing_yds": 4, "passing_cmp": 11, "rushing_twopta": 0, "active": "true", "rushing_lng": 4, "passing_ints": 1, "passing_tds": 0, "rushing_att": 1, "rushing_twoptm": 0}, {"week": "15", "passing_att": 32, "passing_twoptm": 0, "passing_twopta": 0, "passing_yds": 136, "passing_cmp": 18, "active": "true", "passing_ints": 1, "passing_tds": 0}, {"week": "16", "passing_att": 22, "rushing_lngtd": 0, "passing_twoptm": 0, "passing_twopta": 0, "rushing_tds": 0, "passing_yds": 162, "rushing_yds": 11, "passing_cmp": 10, "rushing_twopta": 0, "active": "true", "rushing_lng": 8, "passing_ints": 2, "passing_tds": 0, "rushing_att": 5, "rushing_twoptm": 0}, {"week": "17", "passing_att": 16, "rushing_lngtd": 0, "passing_twoptm": 0, "passing_twopta": 0, "rushing_tds": 0, "passing_yds": 49, "rushing_yds": 4, "passing_cmp": 7, "rushing_twopta": 0, "active": "true", "rushing_lng": 5, "passing_ints": 0, "passing_tds": 0, "rushing_att": 2, "rushing_twoptm": 0}], "2013": [{"week": "1", "active": "false"}, {"week": "2", "active": "false"}, {"week": "3", "active": "false"}, {"week": "4", "active": "false"}, {"week": "5", "active": "false"}, {"week": "6", "active": "false"}, {"week": "7", "active": "false"}, {"week": "8", "active": "false"}, {"week": "9", "active": "false"}, {"week": "10", "active": "false"}, {"week": "11", "active": "false"}, {"week": "12", "active": "false"}, {"week": "13", "active": "false"}, {"week": "14", "active": "false"}, {"week": "15", "active": "false"}, {"week": "16", "active": "false"}, {"week": "17", "active": "false"}], "2014": [{"week": "1", "active": "false"}, {"week": "2", "active": "false"}, {"week": "3", "active": "false"}, {"week": "4", "active": "false"}, {"week": "5", "active": "false"}, {"week": "6", "active": "false"}, {"week": "7", "active": "false"}, {"week": "8", "active": "false"}, {"week": "9", "active": "false"}, {"week": "10", "active": "false"}, {"week": "11", "active": "false"}, {"week": "12", "active": "false"}, {"week": "13", "active": "false"}, {"week": "14", "active": "false"}]}}