{"B.Maynard": {"2009": [{"week": "1", "punting_pts": 4, "punting_avg": 46, "punting_lng": 51, "active": "true", "punting_yds": 198, "punting_i20": 2}, {"week": "2", "punting_pts": 6, "punting_avg": 40, "punting_lng": 52, "active": "true", "punting_yds": 275, "punting_i20": 1}, {"week": "3", "punting_pts": 4, "punting_avg": 41, "punting_lng": 66, "active": "true", "punting_yds": 165, "punting_i20": 2}, {"week": "4", "punting_pts": 4, "punting_avg": 38, "punting_lng": 48, "active": "true", "punting_yds": 152, "punting_i20": 4}, {"week": "5", "active": "false"}, {"week": "6", "punting_pts": 4, "punting_avg": 33, "punting_lng": 46, "active": "true", "punting_yds": 151, "punting_i20": 3}, {"week": "7", "punting_pts": 3, "punting_avg": 32, "punting_lng": 45, "active": "true", "punting_yds": 117, "punting_i20": 0}, {"week": "8", "punting_pts": 5, "punting_avg": 30, "punting_lng": 50, "active": "true", "punting_yds": 152, "punting_i20": 3}, {"week": "9", "punting_pts": 4, "punting_avg": 36, "punting_lng": 52, "active": "true", "punting_yds": 161, "punting_i20": 1}, {"week": "10", "punting_pts": 4, "punting_avg": 43, "punting_lng": 63, "active": "true", "punting_yds": 176, "punting_i20": 2}, {"week": "11", "punting_pts": 6, "punting_avg": 36, "punting_lng": 52, "active": "true", "punting_yds": 272, "punting_i20": 2}, {"week": "12", "punting_pts": 5, "punting_avg": 44, "punting_lng": 55, "active": "true", "punting_yds": 221, "punting_i20": 2}, {"week": "13", "passing_att": 1, "passing_twoptm": 0, "punting_pts": 7, "passing_twopta": 0, "punting_lng": 52, "passing_yds": 0, "passing_cmp": 1, "active": "true", "passing_ints": 0, "passing_tds": 0, "punting_yds": 299, "punting_avg": 34, "punting_i20": 0}, {"week": "14", "fumbles_tot": 1, "fumbles_yds": 0, "fumbles_lost": 0, "fumbles_trcv": 1, "fumbles_rcv": 1, "punting_avg": 33, "punting_pts": 6, "punting_lng": 49, "active": "true", "punting_yds": 217, "punting_i20": 1}, {"week": "15", "punting_pts": 5, "punting_avg": 36, "punting_lng": 52, "active": "true", "punting_yds": 213, "punting_i20": 1}, {"week": "16", "punting_pts": 5, "punting_avg": 45, "punting_lng": 53, "active": "true", "punting_yds": 228, "punting_i20": 1}, {"week": "17", "punting_pts": 5, "punting_avg": 33, "punting_lng": 45, "active": "true", "punting_yds": 174, "punting_i20": 1}], "2010": [{"week": "1", "punting_pts": 5, "punting_avg": 26, "punting_lng": 38, "active": "true", "punting_yds": 151, "punting_i20": 4}, {"week": "2", "punting_pts": 6, "punting_avg": 25, "punting_lng": 46, "active": "true", "punting_yds": 236, "punting_i20": 1}, {"week": "3", "punting_pts": 2, "punting_avg": 44, "punting_lng": 49, "active": "true", "punting_yds": 97, "punting_i20": 1}, {"week": "4", "punting_pts": 9, "punting_avg": 38, "punting_lng": 50, "active": "true", "punting_yds": 375, "punting_i20": 3}, {"week": "5", "punting_pts": 6, "punting_avg": 38, "punting_lng": 44, "active": "true", "punting_yds": 234, "punting_i20": 3}, {"week": "6", "punting_pts": 8, "punting_avg": 38, "punting_lng": 44, "active": "true", "punting_yds": 305, "punting_i20": 3}, {"week": "7", "punting_pts": 7, "punting_avg": 33, "punting_lng": 44, "active": "true", "punting_yds": 254, "punting_i20": 0}, {"week": "8", "active": "false"}, {"week": "9", "punting_pts": 4, "punting_avg": 40, "punting_lng": 46, "active": "true", "punting_yds": 166, "punting_i20": 1}, {"week": "10", "punting_pts": 4, "punting_avg": 34, "punting_lng": 42, "active": "true", "punting_yds": 154, "punting_i20": 1}, {"week": "11", "punting_pts": 4, "punting_avg": 42, "punting_lng": 49, "active": "true", "punting_yds": 175, "punting_i20": 0}, {"week": "12", "punting_pts": 5, "punting_avg": 35, "punting_lng": 56, "active": "true", "punting_yds": 218, "punting_i20": 0}, {"week": "13", "punting_pts": 3, "punting_avg": 39, "punting_lng": 50, "active": "true", "punting_yds": 135, "punting_i20": 2}, {"week": "14", "fumbles_tot": 1, "fumbles_yds": 0, "fumbles_lost": 0, "fumbles_trcv": 1, "fumbles_rcv": 1, "punting_avg": 24, "punting_pts": 5, "punting_lng": 38, "active": "true", "punting_yds": 161, "punting_i20": 2}, {"week": "15", "punting_pts": 3, "punting_avg": 40, "punting_lng": 55, "active": "true", "punting_yds": 125, "punting_i20": 1}, {"week": "16", "punting_pts": 4, "punting_avg": 42, "punting_lng": 49, "active": "true", "punting_yds": 176, "punting_i20": 0}, {"week": "17", "punting_pts": 8, "punting_avg": 37, "punting_lng": 53, "active": "true", "punting_yds": 364, "punting_i20": 2}], "2011": [{"week": "1", "active": "false"}, {"week": "2", "punting_pts": 5, "punting_avg": 40, "punting_lng": 48, "active": "true", "punting_yds": 201, "punting_i20": 3}, {"week": "3", "punting_pts": 5, "punting_avg": 37, "punting_lng": 53, "active": "true", "punting_yds": 211, "punting_i20": 0}, {"week": "4", "punting_pts": 4, "punting_avg": 35, "punting_lng": 45, "active": "true", "punting_yds": 155, "punting_i20": 2}, {"week": "5", "active": "false"}, {"week": "6", "punting_pts": 6, "punting_avg": 46, "punting_lng": 54, "active": "true", "punting_yds": 271, "punting_i20": 4}, {"week": "7", "punting_pts": 5, "punting_avg": 31, "punting_lng": 51, "active": "true", "punting_yds": 193, "punting_i20": 0}, {"week": "8", "punting_pts": 6, "punting_avg": 41, "punting_lng": 55, "active": "true", "punting_yds": 264, "punting_i20": 4}, {"week": "9", "punting_pts": 4, "punting_avg": 30, "punting_lng": 52, "active": "true", "punting_yds": 175, "punting_i20": 1}, {"week": "10", "punting_pts": 5, "punting_avg": 37, "defense_tkl": 0, "defense_int": 0, "punting_lng": 44, "active": "true", "punting_yds": 208, "defense_sk": 0, "punting_i20": 1, "defense_ffum": 0, "defense_ast": 1}, {"week": "11", "punting_pts": 3, "punting_avg": 32, "punting_lng": 44, "active": "true", "punting_yds": 108, "punting_i20": 1}, {"week": "12", "punting_pts": 5, "punting_avg": 44, "punting_lng": 47, "active": "true", "punting_yds": 215, "punting_i20": 2}, {"week": "13", "punting_pts": 8, "punting_avg": 31, "punting_lng": 48, "active": "true", "punting_yds": 317, "punting_i20": 2}, {"week": "14", "punting_pts": 6, "punting_avg": 34, "punting_lng": 49, "active": "true", "punting_yds": 205, "punting_i20": 4}, {"week": "15", "punting_pts": 7, "punting_avg": 35, "punting_lng": 55, "active": "true", "punting_yds": 278, "punting_i20": 3}, {"week": "16", "punting_pts": 6, "punting_avg": 42, "punting_lng": 51, "active": "true", "punting_yds": 251, "punting_i20": 3}, {"week": "17", "punting_pts": 6, "punting_avg": 35, "punting_lng": 63, "active": "true", "punting_yds": 230, "punting_i20": 2}], "2012": [{"week": "1", "active": "false"}, {"week": "2", "active": "false"}, {"week": "3", "active": "false"}, {"week": "4", "active": "false"}, {"week": "5", "active": "false"}, {"week": "6", "active": "false"}, {"week": "7", "active": "false"}, {"week": "8", "active": "false"}, {"week": "9", "active": "false"}, {"week": "10", "active": "false"}, {"week": "11", "active": "false"}, {"week": "12", "active": "false"}, {"week": "13", "active": "false"}, {"week": "14", "active": "false"}, {"week": "15", "active": "false"}, {"week": "16", "active": "false"}, {"week": "17", "active": "false"}], "2013": [{"week": "1", "active": "false"}, {"week": "2", "active": "false"}, {"week": "3", "active": "false"}, {"week": "4", "active": "false"}, {"week": "5", "active": "false"}, {"week": "6", "active": "false"}, {"week": "7", "active": "false"}, {"week": "8", "active": "false"}, {"week": "9", "active": "false"}, {"week": "10", "active": "false"}, {"week": "11", "active": "false"}, {"week": "12", "active": "false"}, {"week": "13", "active": "false"}, {"week": "14", "active": "false"}, {"week": "15", "active": "false"}, {"week": "16", "active": "false"}, {"week": "17", "active": "false"}], "2014": [{"week": "1", "active": "false"}, {"week": "2", "active": "false"}, {"week": "3", "active": "false"}, {"week": "4", "active": "false"}, {"week": "5", "active": "false"}, {"week": "6", "active": "false"}, {"week": "7", "active": "false"}, {"week": "8", "active": "false"}, {"week": "9", "active": "false"}, {"week": "10", "active": "false"}, {"week": "11", "active": "false"}, {"week": "12", "active": "false"}, {"week": "13", "active": "false"}, {"week": "14", "active": "false"}]}}