{"B.Fields": {"2009": [{"week": "1", "punting_pts": 5, "punting_avg": 39, "punting_lng": 50, "active": "true", "punting_yds": 225, "punting_i20": 1}, {"week": "2", "punting_pts": 1, "punting_avg": 42, "punting_lng": 44, "active": "true", "punting_yds": 44, "punting_i20": 1}, {"week": "3", "punting_pts": 4, "punting_avg": 41, "punting_lng": 55, "active": "true", "punting_yds": 178, "punting_i20": 1}, {"week": "4", "punting_pts": 5, "punting_avg": 30, "punting_lng": 53, "active": "true", "punting_yds": 199, "punting_i20": 2}, {"week": "5", "punting_pts": 4, "punting_avg": 43, "punting_lng": 54, "active": "true", "punting_yds": 199, "punting_i20": 1}, {"week": "6", "active": "false"}, {"week": "7", "punting_pts": 6, "punting_avg": 43, "punting_lng": 55, "active": "true", "punting_yds": 280, "punting_i20": 2}, {"week": "8", "punting_pts": 7, "punting_avg": 42, "punting_lng": 66, "active": "true", "punting_yds": 362, "punting_i20": 1}, {"week": "9", "punting_pts": 5, "punting_avg": 41, "punting_lng": 51, "active": "true", "punting_yds": 209, "punting_i20": 4}, {"week": "10", "punting_pts": 6, "punting_avg": 40, "punting_lng": 62, "active": "true", "punting_yds": 273, "punting_i20": 3}, {"week": "11", "punting_pts": 6, "punting_avg": 40, "punting_lng": 57, "active": "true", "punting_yds": 301, "punting_i20": 1}, {"week": "12", "punting_pts": 5, "punting_avg": 40, "punting_lng": 52, "active": "true", "punting_yds": 213, "punting_i20": 3}, {"week": "13", "punting_pts": 4, "punting_avg": 41, "punting_lng": 51, "active": "true", "punting_yds": 191, "punting_i20": 0}, {"week": "14", "punting_pts": 5, "punting_avg": 36, "punting_lng": 58, "active": "true", "punting_yds": 219, "punting_i20": 1}, {"week": "15", "punting_pts": 3, "punting_avg": 39, "punting_lng": 56, "active": "true", "punting_yds": 159, "punting_i20": 0}, {"week": "16", "punting_pts": 5, "punting_avg": 46, "punting_lng": 60, "active": "true", "punting_yds": 248, "punting_i20": 2}, {"week": "17", "punting_pts": 4, "punting_avg": 33, "punting_lng": 58, "active": "true", "punting_yds": 172, "punting_i20": 2}], "2010": [{"week": "1", "punting_pts": 7, "punting_avg": 34, "punting_lng": 51, "active": "true", "punting_yds": 288, "punting_i20": 2}, {"week": "2", "punting_pts": 6, "punting_avg": 38, "punting_lng": 59, "active": "true", "punting_yds": 242, "punting_i20": 4}, {"week": "3", "punting_pts": 3, "punting_avg": 33, "punting_lng": 68, "active": "true", "punting_yds": 138, "punting_i20": 3}, {"week": "4", "punting_pts": 1, "punting_avg": 14, "punting_lng": 27, "active": "true", "punting_yds": 27, "punting_i20": 1}, {"week": "5", "active": "false"}, {"week": "6", "punting_pts": 4, "punting_avg": 40, "punting_lng": 50, "active": "true", "punting_yds": 167, "punting_i20": 1}, {"week": "7", "punting_pts": 3, "punting_avg": 48, "punting_lng": 66, "active": "true", "punting_yds": 145, "punting_i20": 2}, {"week": "8", "punting_pts": 4, "punting_avg": 43, "punting_lng": 55, "active": "true", "punting_yds": 196, "punting_i20": 1}, {"week": "9", "punting_pts": 3, "punting_avg": 44, "punting_lng": 54, "active": "true", "punting_yds": 144, "punting_i20": 2}, {"week": "10", "punting_pts": 3, "punting_avg": 28, "punting_lng": 51, "active": "true", "punting_yds": 145, "punting_i20": 0}, {"week": "11", "punting_pts": 7, "punting_avg": 36, "punting_lng": 54, "active": "true", "punting_yds": 281, "punting_i20": 3}, {"week": "12", "punting_pts": 2, "punting_avg": 37, "punting_lng": 52, "active": "true", "punting_yds": 93, "punting_i20": 0}, {"week": "13", "punting_pts": 7, "punting_avg": 42, "punting_lng": 61, "active": "true", "punting_yds": 348, "punting_i20": 4}, {"week": "14", "punting_pts": 10, "punting_avg": 50, "punting_lng": 69, "active": "true", "punting_yds": 564, "punting_i20": 1}, {"week": "15", "punting_pts": 3, "punting_avg": 35, "punting_lng": 62, "active": "true", "punting_yds": 138, "punting_i20": 1}, {"week": "16", "punting_pts": 4, "punting_avg": 31, "punting_lng": 50, "active": "true", "punting_yds": 165, "punting_i20": 2}, {"week": "17", "punting_pts": 6, "punting_avg": 29, "punting_lng": 61, "active": "true", "punting_yds": 288, "punting_i20": 4}], "2011": [{"week": "1", "punting_pts": 6, "punting_avg": 41, "punting_lng": 59, "active": "true", "punting_yds": 307, "punting_i20": 2}, {"week": "2", "punting_pts": 3, "punting_avg": 48, "punting_lng": 70, "active": "true", "punting_yds": 181, "punting_i20": 2}, {"week": "3", "punting_pts": 3, "punting_avg": 48, "punting_lng": 55, "active": "true", "punting_yds": 151, "punting_i20": 2}, {"week": "4", "punting_pts": 3, "punting_avg": 38, "punting_lng": 50, "active": "true", "punting_yds": 135, "punting_i20": 1}, {"week": "5", "active": "false"}, {"week": "6", "punting_pts": 7, "punting_avg": 39, "punting_lng": 65, "active": "true", "punting_yds": 305, "punting_i20": 3}, {"week": "7", "punting_pts": 8, "punting_avg": 39, "punting_lng": 64, "active": "true", "punting_yds": 397, "punting_i20": 3}, {"week": "8", "punting_pts": 5, "punting_avg": 44, "punting_lng": 59, "active": "true", "punting_yds": 247, "punting_i20": 2}, {"week": "9", "punting_pts": 5, "punting_avg": 34, "punting_lng": 55, "active": "true", "punting_yds": 221, "punting_i20": 2}, {"week": "10", "punting_pts": 1, "punting_avg": 27, "punting_lng": 49, "active": "true", "punting_yds": 49, "punting_i20": 0}, {"week": "11", "punting_pts": 7, "punting_avg": 40, "punting_lng": 64, "active": "true", "punting_yds": 337, "punting_i20": 5}, {"week": "12", "punting_pts": 4, "punting_avg": 39, "punting_lng": 58, "active": "true", "punting_yds": 198, "punting_i20": 2}, {"week": "13", "punting_pts": 4, "punting_avg": 43, "punting_lng": 66, "active": "true", "punting_yds": 222, "punting_i20": 1}, {"week": "14", "punting_pts": 6, "punting_avg": 50, "punting_lng": 59, "active": "true", "punting_yds": 321, "punting_i20": 2}, {"week": "15", "punting_pts": 6, "punting_avg": 39, "punting_lng": 56, "active": "true", "punting_yds": 278, "punting_i20": 2}, {"week": "16", "punting_pts": 6, "punting_avg": 42, "punting_lng": 61, "active": "true", "punting_yds": 269, "punting_i20": 2}, {"week": "17", "punting_pts": 4, "punting_avg": 42, "punting_lng": 64, "active": "true", "punting_yds": 192, "punting_i20": 1}], "2012": [{"week": "1", "punting_pts": 3, "punting_avg": 40, "punting_lng": 56, "active": "true", "punting_yds": 133, "punting_i20": 2}, {"week": "2", "punting_pts": 6, "punting_avg": 44, "punting_lng": 59, "active": "true", "punting_yds": 319, "punting_i20": 4}, {"week": "3", "punting_pts": 4, "punting_avg": 43, "punting_lng": 62, "active": "true", "punting_yds": 235, "punting_i20": 0}, {"week": "4", "punting_pts": 5, "punting_avg": 41, "punting_lng": 48, "active": "true", "punting_yds": 221, "punting_i20": 1}, {"week": "5", "punting_pts": 5, "punting_avg": 37, "punting_lng": 59, "active": "true", "punting_yds": 248, "punting_i20": 0}, {"week": "6", "punting_pts": 7, "punting_avg": 43, "punting_lng": 63, "active": "true", "punting_yds": 323, "punting_i20": 2}, {"week": "7", "active": "false"}, {"week": "8", "punting_pts": 6, "punting_avg": 47, "punting_lng": 58, "active": "true", "punting_yds": 320, "punting_i20": 4}, {"week": "9", "punting_pts": 4, "punting_avg": 46, "punting_lng": 60, "active": "true", "punting_yds": 213, "punting_i20": 2}, {"week": "10", "punting_pts": 6, "punting_avg": 39, "punting_lng": 67, "active": "true", "punting_yds": 291, "punting_i20": 1}, {"week": "11", "punting_pts": 6, "punting_avg": 34, "punting_lng": 65, "active": "true", "punting_yds": 299, "punting_i20": 2}, {"week": "12", "punting_pts": 5, "punting_avg": 35, "punting_lng": 57, "active": "true", "punting_yds": 225, "punting_i20": 2}, {"week": "13", "fumbles_tot": 1, "rushing_lngtd": 0, "punting_lng": 60, "fumbles_yds": -10, "fumbles_lost": 0, "fumbles_trcv": 1, "punting_i20": 2, "rushing_tds": 0, "fumbles_rcv": 1, "punting_avg": 43, "rushing_twopta": 0, "punting_pts": 5, "rushing_lng": 0, "rushing_yds": 0, "punting_yds": 259, "active": "true", "rushing_att": 1, "rushing_twoptm": 0}, {"week": "14", "punting_pts": 3, "punting_avg": 37, "punting_lng": 55, "active": "true", "punting_yds": 142, "punting_i20": 1}, {"week": "15", "passing_att": 1, "passing_twoptm": 0, "punting_pts": 1, "passing_twopta": 0, "punting_lng": 63, "passing_yds": 0, "passing_cmp": 0, "active": "true", "passing_ints": 0, "passing_tds": 0, "punting_yds": 63, "punting_avg": 54, "punting_i20": 1}, {"week": "16", "punting_pts": 3, "punting_avg": 36, "punting_lng": 44, "active": "true", "punting_yds": 128, "punting_i20": 2}, {"week": "17", "punting_pts": 5, "punting_avg": 43, "punting_lng": 57, "active": "true", "punting_yds": 247, "punting_i20": 3}], "2013": [{"week": "1", "punting_pts": 5, "punting_avg": 48, "punting_lng": 66, "active": "true", "punting_yds": 269, "punting_i20": 2}, {"week": "2", "punting_pts": 5, "punting_avg": 38, "punting_lng": 53, "active": "true", "punting_yds": 208, "punting_i20": 3}, {"week": "3", "punting_pts": 3, "punting_avg": 52, "punting_lng": 56, "active": "true", "punting_yds": 159, "punting_i20": 1}, {"week": "4", "punting_pts": 4, "punting_avg": 36, "punting_lng": 57, "active": "true", "punting_yds": 208, "punting_i20": 0}, {"week": "5", "punting_pts": 8, "punting_avg": 46, "punting_lng": 62, "active": "true", "punting_yds": 420, "punting_i20": 3}, {"week": "6", "active": "false"}, {"week": "7", "punting_pts": 6, "punting_avg": 45, "punting_lng": 58, "active": "true", "punting_yds": 282, "punting_i20": 2}, {"week": "8", "punting_pts": 4, "punting_avg": 37, "punting_lng": 52, "active": "true", "punting_yds": 161, "punting_i20": 1}, {"week": "9", "punting_pts": 8, "punting_avg": 43, "punting_lng": 58, "active": "true", "punting_yds": 391, "punting_i20": 2}, {"week": "10", "punting_pts": 5, "punting_avg": 37, "punting_lng": 55, "active": "true", "punting_yds": 257, "punting_i20": 2}, {"week": "11", "punting_pts": 4, "punting_avg": 41, "punting_lng": 61, "active": "true", "punting_yds": 209, "punting_i20": 2}, {"week": "12", "punting_pts": 6, "punting_avg": 38, "punting_lng": 64, "active": "true", "punting_yds": 291, "punting_i20": 4}, {"week": "13", "punting_pts": 3, "punting_avg": 41, "punting_lng": 53, "active": "true", "punting_yds": 128, "punting_i20": 2}, {"week": "14", "punting_pts": 3, "punting_avg": 45, "punting_lng": 52, "active": "true", "punting_yds": 142, "punting_i20": 0}, {"week": "15", "rushing_lngtd": 0, "punting_lng": 52, "punting_pts": 4, "punting_i20": 2, "rushing_tds": 0, "punting_avg": 47, "rushing_twopta": 0, "rushing_lng": 0, "rushing_yds": 0, "punting_yds": 189, "active": "true", "rushing_att": 1, "rushing_twoptm": 0}, {"week": "16", "punting_pts": 10, "punting_avg": 46, "punting_lng": 74, "active": "true", "punting_yds": 501, "punting_i20": 6}, {"week": "17", "punting_pts": 5, "punting_avg": 35, "punting_lng": 63, "active": "true", "punting_yds": 244, "punting_i20": 0}], "2014": [{"week": "1", "punting_pts": 2, "punting_avg": 43, "punting_lng": 51, "active": "true", "punting_yds": 100, "punting_i20": 0}, {"week": "2", "punting_pts": 5, "punting_avg": 31, "punting_lng": 49, "active": "true", "punting_yds": 199, "punting_i20": 0}, {"week": "3", "punting_pts": 7, "punting_avg": 32, "punting_lng": 60, "active": "true", "punting_yds": 327, "punting_i20": 3}, {"week": "4", "punting_pts": 2, "punting_avg": 32, "punting_lng": 41, "active": "true", "punting_yds": 81, "punting_i20": 1}, {"week": "5", "active": "false"}, {"week": "6", "punting_pts": 3, "punting_avg": 22, "punting_lng": 44, "active": "true", "punting_yds": 127, "punting_i20": 0}, {"week": "7", "punting_pts": 2, "punting_avg": 38, "punting_lng": 41, "active": "true", "punting_yds": 75, "punting_i20": 1}, {"week": "8", "punting_pts": 5, "punting_avg": 45, "punting_lng": 58, "active": "true", "punting_yds": 255, "punting_i20": 2}, {"week": "9", "punting_pts": 2, "punting_avg": 47, "punting_lng": 52, "active": "true", "punting_yds": 94, "punting_i20": 2}, {"week": "10", "punting_pts": 4, "punting_avg": 43, "punting_lng": 55, "active": "true", "punting_yds": 188, "punting_i20": 1}, {"week": "11", "punting_pts": 3, "punting_avg": 37, "punting_lng": 59, "active": "true", "punting_yds": 123, "punting_i20": 2}, {"week": "12", "punting_pts": 3, "punting_avg": 49, "punting_lng": 55, "active": "true", "punting_yds": 160, "punting_i20": 1}, {"week": "13", "punting_pts": 4, "punting_avg": 51, "punting_lng": 60, "active": "true", "punting_yds": 216, "punting_i20": 2}, {"week": "14", "punting_pts": 5, "punting_avg": 46, "punting_lng": 60, "active": "true", "punting_yds": 257, "punting_i20": 3}]}}