{"B.Lloyd": {"2009": [{"week": "1", "active": "false"}, {"week": "2", "active": "false"}, {"week": "3", "active": "false"}, {"week": "4", "active": "false"}, {"week": "5", "active": "false"}, {"week": "6", "active": "false"}, {"week": "7", "active": "false"}, {"week": "8", "active": "false"}, {"week": "9", "active": "false"}, {"week": "10", "active": "false"}, {"week": "11", "active": "false"}, {"week": "12", "active": "false"}, {"week": "13", "active": "false"}, {"week": "14", "active": "false"}, {"week": "15", "active": "false"}, {"week": "16", "receiving_tds": 0, "receiving_lng": 15, "active": "true", "receiving_rec": 4, "receiving_twopta": 0, "receiving_yds": 22, "receiving_twoptm": 0}, {"week": "17", "receiving_tds": 0, "receiving_lng": 44, "active": "true", "receiving_rec": 4, "receiving_twopta": 0, "receiving_yds": 95, "receiving_twoptm": 0}], "2010": [{"week": "1", "receiving_tds": 0, "receiving_lng": 41, "active": "true", "receiving_rec": 5, "receiving_twopta": 0, "receiving_yds": 117, "receiving_lngtd": 0, "receiving_twoptm": 0}, {"week": "2", "receiving_tds": 0, "receiving_lng": 25, "active": "true", "receiving_rec": 3, "receiving_twopta": 0, "receiving_yds": 53, "receiving_lngtd": 0, "receiving_twoptm": 0}, {"week": "3", "receiving_tds": 1, "receiving_lng": 61, "active": "true", "receiving_rec": 6, "receiving_twopta": 0, "receiving_yds": 169, "receiving_lngtd": 48, "receiving_twoptm": 0}, {"week": "4", "receiving_tds": 0, "receiving_lng": 23, "active": "true", "receiving_rec": 11, "receiving_twopta": 0, "receiving_yds": 115, "receiving_lngtd": 0, "receiving_twoptm": 0}, {"week": "5", "receiving_tds": 2, "receiving_lng": 44, "active": "true", "receiving_rec": 5, "receiving_twopta": 0, "receiving_yds": 135, "receiving_lngtd": 44, "receiving_twoptm": 0}, {"week": "6", "receiving_tds": 0, "receiving_lng": 29, "active": "true", "receiving_rec": 4, "receiving_twopta": 0, "receiving_yds": 74, "receiving_lngtd": 0, "receiving_twoptm": 0}, {"week": "7", "receiving_tds": 0, "receiving_lng": 46, "active": "true", "receiving_rec": 1, "receiving_twopta": 0, "receiving_yds": 46, "receiving_lngtd": 0, "receiving_twoptm": 0}, {"week": "8", "receiving_tds": 1, "receiving_lng": 71, "active": "true", "receiving_rec": 7, "receiving_twopta": 0, "receiving_yds": 169, "receiving_lngtd": 1, "receiving_twoptm": 0}, {"week": "9", "active": "false"}, {"week": "10", "receiving_tds": 2, "receiving_lng": 37, "active": "true", "receiving_rec": 6, "receiving_twopta": 0, "receiving_yds": 90, "receiving_lngtd": 15, "receiving_twoptm": 0}, {"week": "11", "receiving_tds": 1, "receiving_lng": 21, "active": "true", "receiving_rec": 6, "receiving_twopta": 0, "receiving_yds": 78, "receiving_lngtd": 13, "receiving_twoptm": 0}, {"week": "12", "receiving_tds": 2, "receiving_lng": 41, "active": "true", "receiving_rec": 4, "receiving_twopta": 0, "receiving_yds": 76, "receiving_lngtd": 41, "receiving_twoptm": 0}, {"week": "13", "receiving_tds": 0, "receiving_lng": 18, "active": "true", "receiving_rec": 2, "receiving_twopta": 0, "receiving_yds": 31, "receiving_lngtd": 0, "receiving_twoptm": 0}, {"week": "14", "receiving_tds": 0, "receiving_lng": 18, "active": "true", "receiving_rec": 3, "receiving_twopta": 0, "receiving_yds": 32, "receiving_lngtd": 0, "receiving_twoptm": 0}, {"week": "15", "receiving_tds": 1, "receiving_lng": 33, "active": "true", "receiving_rec": 4, "receiving_twopta": 0, "receiving_yds": 79, "receiving_lngtd": 33, "receiving_twoptm": 0}, {"week": "16", "receiving_tds": 0, "receiving_lng": 41, "active": "true", "receiving_rec": 5, "receiving_twopta": 0, "receiving_yds": 111, "receiving_lngtd": 0, "receiving_twoptm": 0}, {"week": "17", "rushing_lngtd": 0, "receiving_tds": 1, "receiving_twopta": 0, "receiving_lng": 17, "rushing_tds": 0, "rushing_twopta": 0, "active": "true", "receiving_rec": 5, "rushing_lng": -18, "rushing_yds": -18, "receiving_lngtd": 14, "receiving_yds": 73, "rushing_att": 1, "receiving_twoptm": 0, "rushing_twoptm": 0}], "2011": [{"week": "1", "fumbles_tot": 1, "receiving_tds": 0, "fumbles_yds": 0, "fumbles_lost": 0, "fumbles_trcv": 1, "receiving_lng": 20, "fumbles_rcv": 1, "active": "true", "receiving_rec": 6, "receiving_twopta": 0, "receiving_yds": 89, "receiving_lngtd": 0, "receiving_twoptm": 0}, {"week": "2", "active": "false"}, {"week": "3", "receiving_tds": 0, "receiving_lng": 20, "active": "true", "receiving_rec": 4, "receiving_twopta": 0, "receiving_yds": 38, "receiving_lngtd": 0, "receiving_twoptm": 0}, {"week": "4", "receiving_tds": 0, "receiving_lng": 44, "active": "true", "receiving_rec": 8, "receiving_twopta": 0, "receiving_yds": 136, "receiving_lngtd": 0, "receiving_twoptm": 0}, {"week": "5", "receiving_tds": 0, "receiving_lng": 20, "active": "true", "receiving_rec": 1, "receiving_twopta": 1, "receiving_yds": 20, "receiving_lngtd": 0, "receiving_twoptm": 0}, {"week": "6", "active": "false"}, {"week": "7", "receiving_tds": 0, "receiving_lng": 34, "active": "true", "receiving_rec": 6, "receiving_twopta": 0, "receiving_yds": 74, "receiving_lngtd": 0, "receiving_twoptm": 0}, {"week": "8", "receiving_tds": 1, "receiving_lng": 16, "active": "true", "receiving_rec": 6, "receiving_twopta": 0, "receiving_yds": 53, "receiving_lngtd": 8, "receiving_twoptm": 0}, {"week": "9", "receiving_tds": 0, "receiving_lng": 26, "active": "true", "receiving_rec": 5, "receiving_twopta": 0, "receiving_yds": 80, "receiving_lngtd": 0, "receiving_twoptm": 0}, {"week": "10", "receiving_tds": 1, "receiving_lng": 24, "active": "true", "receiving_rec": 4, "receiving_twopta": 0, "receiving_yds": 48, "receiving_lngtd": 7, "receiving_twoptm": 0}, {"week": "11", "receiving_tds": 1, "receiving_lng": 30, "active": "true", "receiving_rec": 5, "receiving_twopta": 0, "receiving_yds": 67, "receiving_lngtd": 30, "receiving_twoptm": 0}, {"week": "12", "passing_att": 1, "passing_twoptm": 0, "receiving_twopta": 0, "passing_twopta": 0, "receiving_lng": 26, "passing_yds": 0, "passing_cmp": 0, "receiving_yds": 74, "receiving_rec": 5, "passing_ints": 0, "passing_tds": 0, "receiving_lngtd": 16, "receiving_twoptm": 0, "active": "true", "receiving_tds": 1}, {"week": "13", "receiving_tds": 0, "receiving_lng": 34, "active": "true", "receiving_rec": 1, "receiving_twopta": 0, "receiving_yds": 34, "receiving_lngtd": 0, "receiving_twoptm": 0}, {"week": "14", "receiving_tds": 0, "receiving_lng": 37, "active": "true", "receiving_rec": 5, "receiving_twopta": 0, "receiving_yds": 82, "receiving_lngtd": 0, "receiving_twoptm": 0}, {"week": "15", "receiving_tds": 0, "receiving_lng": 15, "active": "true", "receiving_rec": 5, "receiving_twopta": 0, "receiving_yds": 42, "receiving_lngtd": 0, "receiving_twoptm": 0}, {"week": "16", "receiving_tds": 0, "receiving_lng": 12, "active": "true", "receiving_rec": 3, "receiving_twopta": 0, "receiving_yds": 29, "receiving_lngtd": 0, "receiving_twoptm": 0}, {"week": "17", "receiving_tds": 1, "receiving_lng": 36, "active": "true", "receiving_rec": 6, "receiving_twopta": 0, "receiving_yds": 100, "receiving_lngtd": 36, "receiving_twoptm": 0}], "2012": [{"week": "1", "receiving_tds": 0, "receiving_lng": 27, "active": "true", "receiving_rec": 5, "receiving_twopta": 0, "receiving_yds": 69, "receiving_lngtd": 0, "receiving_twoptm": 0}, {"week": "2", "receiving_tds": 0, "receiving_lng": 12, "active": "true", "receiving_rec": 8, "receiving_twopta": 0, "receiving_yds": 60, "receiving_lngtd": 0, "receiving_twoptm": 0}, {"week": "3", "receiving_tds": 0, "receiving_lng": 22, "active": "true", "receiving_rec": 9, "receiving_twopta": 0, "receiving_yds": 108, "receiving_lngtd": 0, "receiving_twoptm": 0}, {"week": "4", "receiving_tds": 1, "receiving_lng": 25, "active": "true", "receiving_rec": 3, "receiving_twopta": 0, "receiving_yds": 50, "receiving_lngtd": 25, "receiving_twoptm": 0}, {"week": "5", "receiving_tds": 0, "receiving_lng": 15, "active": "true", "receiving_rec": 3, "receiving_twopta": 0, "receiving_yds": 34, "receiving_lngtd": 0, "receiving_twoptm": 0}, {"week": "6", "receiving_tds": 0, "receiving_lng": 23, "active": "true", "receiving_rec": 6, "receiving_twopta": 0, "receiving_yds": 80, "receiving_lngtd": 0, "receiving_twoptm": 0}, {"week": "7", "receiving_tds": 0, "receiving_lng": 6, "active": "true", "receiving_rec": 1, "receiving_twopta": 0, "receiving_yds": 6, "receiving_lngtd": 0, "receiving_twoptm": 0}, {"week": "8", "receiving_tds": 2, "receiving_lng": 19, "active": "true", "receiving_rec": 2, "receiving_twopta": 0, "receiving_yds": 28, "receiving_lngtd": 19, "receiving_twoptm": 0}, {"week": "9", "active": "false"}, {"week": "10", "receiving_tds": 0, "receiving_lng": 12, "active": "true", "receiving_rec": 5, "receiving_twopta": 0, "receiving_yds": 45, "receiving_lngtd": 0, "receiving_twoptm": 0}, {"week": "11", "receiving_tds": 0, "receiving_lng": 15, "active": "true", "receiving_rec": 4, "receiving_twopta": 0, "receiving_yds": 45, "receiving_lngtd": 0, "receiving_twoptm": 0}, {"week": "12", "receiving_tds": 0, "receiving_lng": 12, "active": "true", "receiving_rec": 3, "receiving_twopta": 0, "receiving_yds": 26, "receiving_lngtd": 0, "receiving_twoptm": 0}, {"week": "13", "kickret_lngtd": 0, "kickret_lng": 0, "receiving_tds": 0, "kickret_tds": 0, "receiving_lng": 10, "kickret_avg": 0, "active": "true", "receiving_rec": 1, "receiving_twopta": 0, "receiving_yds": 10, "receiving_lngtd": 0, "receiving_twoptm": 0, "kickret_ret": 1}, {"week": "14", "fumbles_tot": 0, "receiving_tds": 1, "fumbles_yds": 0, "fumbles_lost": 0, "fumbles_trcv": 1, "receiving_lng": 37, "fumbles_rcv": 1, "active": "true", "receiving_rec": 7, "receiving_twopta": 0, "receiving_yds": 89, "receiving_lngtd": 37, "receiving_twoptm": 0}, {"week": "15", "receiving_tds": 0, "receiving_lng": 53, "active": "true", "receiving_rec": 10, "receiving_twopta": 0, "receiving_yds": 190, "receiving_lngtd": 0, "receiving_twoptm": 0}, {"week": "16", "receiving_tds": 0, "receiving_lng": 16, "active": "true", "receiving_rec": 6, "receiving_twopta": 0, "receiving_yds": 62, "receiving_lngtd": 0, "receiving_twoptm": 0}, {"week": "17", "receiving_tds": 0, "receiving_lng": 9, "active": "true", "receiving_rec": 1, "receiving_twopta": 0, "receiving_yds": 9, "receiving_lngtd": 0, "receiving_twoptm": 0}], "2013": [{"week": "1", "active": "false"}, {"week": "2", "active": "false"}, {"week": "3", "active": "false"}, {"week": "4", "active": "false"}, {"week": "5", "active": "false"}, {"week": "6", "active": "false"}, {"week": "7", "active": "false"}, {"week": "8", "active": "false"}, {"week": "9", "active": "false"}, {"week": "10", "active": "false"}, {"week": "11", "active": "false"}, {"week": "12", "active": "false"}, {"week": "13", "active": "false"}, {"week": "14", "active": "false"}, {"week": "15", "active": "false"}, {"week": "16", "active": "false"}, {"week": "17", "active": "false"}], "2014": [{"week": "1", "active": "false"}, {"week": "2", "active": "false"}, {"week": "3", "receiving_tds": 0, "receiving_lng": 5, "active": "true", "receiving_rec": 1, "receiving_twopta": 0, "receiving_yds": 5, "receiving_lngtd": 0, "receiving_twoptm": 0}, {"week": "4", "receiving_tds": 0, "receiving_lng": 23, "active": "true", "receiving_rec": 2, "receiving_twopta": 0, "receiving_yds": 28, "receiving_lngtd": 0, "receiving_twoptm": 0}, {"week": "5", "receiving_tds": 0, "receiving_lng": 38, "active": "true", "receiving_rec": 3, "receiving_twopta": 0, "receiving_yds": 76, "receiving_lngtd": 0, "receiving_twoptm": 0}, {"week": "6", "receiving_tds": 1, "receiving_lng": 80, "active": "true", "receiving_rec": 1, "receiving_twopta": 0, "receiving_yds": 80, "receiving_lngtd": 80, "receiving_twoptm": 0}, {"week": "7", "receiving_tds": 0, "receiving_lng": 37, "active": "true", "receiving_rec": 3, "receiving_twopta": 0, "receiving_yds": 63, "receiving_lngtd": 0, "receiving_twoptm": 0}, {"week": "8", "active": "false"}, {"week": "9", "receiving_tds": 0, "receiving_lng": 10, "active": "true", "receiving_rec": 1, "receiving_twopta": 0, "receiving_yds": 10, "receiving_lngtd": 0, "receiving_twoptm": 0}, {"week": "10", "active": "false"}, {"week": "11", "active": "false"}, {"week": "12", "active": "false"}, {"week": "13", "receiving_tds": 0, "receiving_lng": 6, "active": "true", "receiving_rec": 1, "receiving_twopta": 0, "receiving_yds": 6, "receiving_lngtd": 0, "receiving_twoptm": 0}, {"week": "14", "active": "false"}]}}