{"B.Marshall": {"2009": [{"week": "1", "receiving_tds": 0, "receiving_lng": 9, "active": "true", "receiving_rec": 4, "receiving_twopta": 1, "receiving_yds": 27, "receiving_twoptm": 0}, {"week": "2", "receiving_lng": 25, "receiving_tds": 0, "receiving_twopta": 0, "rushing_tds": 0, "rushing_twopta": 0, "active": "true", "receiving_rec": 3, "rushing_lng": 14, "rushing_yds": 14, "receiving_yds": 34, "rushing_att": 1, "receiving_twoptm": 0, "rushing_twoptm": 0}, {"week": "3", "receiving_lng": 23, "receiving_tds": 1, "receiving_twopta": 0, "rushing_tds": 0, "rushing_twopta": 0, "active": "true", "receiving_rec": 5, "rushing_lng": 5, "rushing_yds": 5, "receiving_yds": 67, "rushing_att": 1, "receiving_twoptm": 0, "rushing_twoptm": 0}, {"week": "4", "receiving_tds": 1, "receiving_lng": 51, "active": "true", "receiving_rec": 4, "receiving_twopta": 0, "receiving_yds": 91, "receiving_twoptm": 0}, {"week": "5", "receiving_lng": 13, "receiving_tds": 2, "receiving_twopta": 0, "rushing_tds": 0, "rushing_twopta": 0, "active": "true", "receiving_rec": 8, "rushing_lng": 6, "rushing_yds": 6, "receiving_yds": 64, "rushing_att": 1, "receiving_twoptm": 0, "rushing_twoptm": 0}, {"week": "6", "receiving_tds": 0, "receiving_lng": 15, "active": "true", "receiving_rec": 5, "receiving_twopta": 0, "receiving_yds": 49, "receiving_twoptm": 0}, {"week": "7", "active": "false"}, {"week": "8", "receiving_tds": 0, "receiving_lng": 9, "active": "true", "receiving_rec": 4, "receiving_twopta": 0, "receiving_yds": 24, "receiving_twoptm": 0}, {"week": "9", "receiving_tds": 0, "receiving_lng": 18, "active": "true", "receiving_rec": 11, "receiving_twopta": 0, "receiving_yds": 112, "receiving_twoptm": 0}, {"week": "10", "receiving_lng": 75, "receiving_tds": 2, "receiving_twopta": 0, "rushing_tds": 0, "rushing_twopta": 0, "active": "true", "receiving_rec": 5, "rushing_lng": 9, "rushing_yds": 9, "receiving_yds": 134, "rushing_att": 1, "receiving_twoptm": 0, "rushing_twoptm": 0}, {"week": "11", "receiving_tds": 0, "receiving_lng": 22, "active": "true", "receiving_rec": 3, "receiving_twopta": 0, "receiving_yds": 26, "receiving_twoptm": 0}, {"week": "12", "receiving_tds": 0, "receiving_lng": 33, "active": "true", "receiving_rec": 6, "receiving_twopta": 0, "receiving_yds": 86, "receiving_twoptm": 0}, {"week": "13", "receiving_lng": 49, "receiving_tds": 1, "receiving_twopta": 0, "rushing_tds": 0, "rushing_twopta": 0, "active": "true", "receiving_rec": 7, "rushing_lng": 2, "rushing_yds": 2, "receiving_yds": 94, "rushing_att": 1, "receiving_twoptm": 0, "rushing_twoptm": 0}, {"week": "14", "receiving_tds": 2, "receiving_lng": 23, "active": "true", "receiving_rec": 21, "receiving_twopta": 0, "receiving_yds": 200, "receiving_twoptm": 0}, {"week": "15", "receiving_tds": 1, "receiving_lng": 24, "active": "true", "receiving_rec": 7, "receiving_twopta": 0, "receiving_yds": 73, "receiving_twoptm": 0}, {"week": "16", "receiving_lng": 9, "receiving_tds": 0, "receiving_twopta": 0, "rushing_tds": 0, "rushing_twopta": 0, "active": "true", "receiving_rec": 8, "rushing_lng": 7, "rushing_yds": 3, "receiving_yds": 39, "rushing_att": 2, "receiving_twoptm": 0, "rushing_twoptm": 0}, {"week": "17", "active": "false"}], "2010": [{"week": "1", "receiving_tds": 0, "receiving_lng": 13, "active": "true", "receiving_rec": 8, "receiving_twopta": 0, "receiving_yds": 53, "receiving_lngtd": 0, "receiving_twoptm": 0}, {"week": "2", "receiving_tds": 0, "receiving_lng": 46, "active": "true", "receiving_rec": 4, "receiving_twopta": 0, "receiving_yds": 71, "receiving_lngtd": 0, "receiving_twoptm": 0}, {"week": "3", "rushing_lngtd": 0, "receiving_tds": 1, "receiving_twopta": 0, "receiving_lng": 40, "rushing_tds": 0, "rushing_twopta": 0, "active": "true", "receiving_rec": 10, "rushing_lng": 4, "rushing_yds": 3, "receiving_lngtd": 11, "receiving_yds": 166, "rushing_att": 2, "receiving_twoptm": 0, "rushing_twoptm": 0}, {"week": "4", "receiving_tds": 0, "receiving_lng": 19, "active": "true", "receiving_rec": 5, "receiving_twopta": 0, "receiving_yds": 50, "receiving_lngtd": 0, "receiving_twoptm": 0}, {"week": "5", "active": "false"}, {"week": "6", "receiving_tds": 0, "receiving_lng": 23, "active": "true", "receiving_rec": 10, "receiving_twopta": 0, "receiving_yds": 127, "receiving_lngtd": 0, "receiving_twoptm": 0}, {"week": "7", "receiving_tds": 0, "receiving_lng": 19, "active": "true", "receiving_rec": 5, "receiving_twopta": 0, "receiving_yds": 57, "receiving_lngtd": 0, "receiving_twoptm": 0}, {"week": "8", "receiving_tds": 0, "receiving_lng": 25, "active": "true", "receiving_rec": 5, "receiving_twopta": 0, "receiving_yds": 64, "receiving_lngtd": 0, "receiving_twoptm": 0}, {"week": "9", "fumbles_tot": 1, "receiving_tds": 0, "fumbles_yds": 0, "fumbles_lost": 0, "fumbles_trcv": 1, "receiving_lng": 21, "fumbles_rcv": 1, "active": "true", "receiving_rec": 5, "receiving_twopta": 0, "receiving_yds": 30, "receiving_lngtd": 0, "receiving_twoptm": 0}, {"week": "10", "passing_att": 1, "passing_twoptm": 0, "receiving_twopta": 0, "passing_twopta": 0, "receiving_lng": 16, "passing_yds": 0, "passing_cmp": 0, "receiving_yds": 34, "receiving_rec": 3, "passing_ints": 0, "passing_tds": 0, "receiving_lngtd": 0, "receiving_twoptm": 0, "active": "true", "receiving_tds": 0}, {"week": "11", "receiving_tds": 0, "receiving_lng": 18, "active": "true", "receiving_rec": 3, "receiving_twopta": 0, "receiving_yds": 41, "receiving_lngtd": 0, "receiving_twoptm": 0}, {"week": "12", "active": "false"}, {"week": "13", "active": "false"}, {"week": "14", "receiving_tds": 1, "receiving_lng": 10, "active": "true", "receiving_rec": 2, "receiving_twopta": 0, "receiving_yds": 16, "receiving_lngtd": 6, "receiving_twoptm": 0}, {"week": "15", "fumbles_tot": 1, "receiving_tds": 1, "fumbles_yds": 0, "fumbles_lost": 1, "fumbles_trcv": 0, "receiving_lng": 16, "fumbles_rcv": 0, "active": "true", "receiving_rec": 11, "receiving_twopta": 0, "receiving_yds": 106, "receiving_lngtd": 9, "receiving_twoptm": 0}, {"week": "16", "receiving_tds": 0, "receiving_lng": 14, "active": "true", "receiving_rec": 10, "receiving_twopta": 0, "receiving_yds": 102, "receiving_lngtd": 0, "receiving_twoptm": 0}, {"week": "17", "receiving_tds": 0, "receiving_lng": 35, "active": "true", "receiving_rec": 5, "receiving_twopta": 0, "receiving_yds": 97, "receiving_lngtd": 0, "receiving_twoptm": 0}], "2011": [{"week": "1", "receiving_tds": 0, "receiving_lng": 31, "active": "true", "receiving_rec": 7, "receiving_twopta": 0, "receiving_yds": 139, "receiving_lngtd": 0, "receiving_twoptm": 0}, {"week": "2", "receiving_tds": 1, "receiving_lng": 29, "active": "true", "receiving_rec": 6, "receiving_twopta": 0, "receiving_yds": 79, "receiving_lngtd": 12, "receiving_twoptm": 0}, {"week": "3", "receiving_tds": 0, "receiving_lng": 15, "active": "true", "receiving_rec": 4, "receiving_twopta": 0, "receiving_yds": 43, "receiving_lngtd": 0, "receiving_twoptm": 0}, {"week": "4", "receiving_tds": 0, "receiving_lng": 14, "active": "true", "receiving_rec": 5, "receiving_twopta": 0, "receiving_yds": 52, "receiving_lngtd": 0, "receiving_twoptm": 0}, {"week": "5", "active": "false"}, {"week": "6", "receiving_tds": 0, "receiving_lng": 46, "active": "true", "receiving_rec": 6, "receiving_twopta": 0, "receiving_yds": 109, "receiving_lngtd": 0, "receiving_twoptm": 0}, {"week": "7", "receiving_tds": 0, "receiving_lng": 16, "active": "true", "receiving_rec": 6, "receiving_twopta": 1, "receiving_yds": 61, "receiving_lngtd": 0, "receiving_twoptm": 0}, {"week": "8", "receiving_tds": 0, "receiving_lng": 20, "active": "true", "receiving_rec": 4, "receiving_twopta": 0, "receiving_yds": 55, "receiving_lngtd": 0, "receiving_twoptm": 0}, {"week": "9", "receiving_tds": 1, "receiving_lng": 30, "active": "true", "receiving_rec": 8, "receiving_twopta": 0, "receiving_yds": 106, "receiving_lngtd": 14, "receiving_twoptm": 0}, {"week": "10", "receiving_tds": 0, "receiving_lng": 26, "active": "true", "receiving_rec": 7, "receiving_twopta": 0, "receiving_yds": 98, "receiving_lngtd": 0, "receiving_twoptm": 0}, {"week": "11", "receiving_tds": 0, "receiving_lng": 5, "active": "true", "receiving_rec": 1, "receiving_twopta": 0, "receiving_yds": 5, "receiving_lngtd": 0, "receiving_twoptm": 0}, {"week": "12", "receiving_tds": 1, "receiving_lng": 39, "active": "true", "receiving_rec": 5, "receiving_twopta": 0, "receiving_yds": 103, "receiving_lngtd": 35, "receiving_twoptm": 0}, {"week": "13", "receiving_tds": 0, "receiving_lng": 38, "active": "true", "receiving_rec": 4, "receiving_twopta": 0, "receiving_yds": 60, "receiving_lngtd": 0, "receiving_twoptm": 0}, {"week": "14", "receiving_tds": 1, "receiving_lng": 16, "active": "true", "receiving_rec": 4, "receiving_twopta": 0, "receiving_yds": 27, "receiving_lngtd": 16, "receiving_twoptm": 0}, {"week": "15", "fumbles_tot": 1, "receiving_tds": 1, "fumbles_yds": 0, "fumbles_lost": 1, "fumbles_trcv": 0, "receiving_lng": 65, "fumbles_rcv": 0, "active": "true", "receiving_rec": 3, "receiving_twopta": 0, "receiving_yds": 84, "receiving_lngtd": 65, "receiving_twoptm": 0}, {"week": "16", "receiving_tds": 1, "receiving_lng": 47, "active": "true", "receiving_rec": 7, "receiving_twopta": 0, "receiving_yds": 156, "receiving_lngtd": 19, "receiving_twoptm": 0}, {"week": "17", "receiving_tds": 0, "receiving_lng": 19, "active": "true", "receiving_rec": 5, "receiving_twopta": 0, "receiving_yds": 50, "receiving_lngtd": 0, "receiving_twoptm": 0}], "2012": [{"week": "1", "receiving_tds": 1, "receiving_lng": 24, "active": "true", "receiving_rec": 9, "receiving_twopta": 0, "receiving_yds": 119, "receiving_lngtd": 3, "receiving_twoptm": 0}, {"week": "2", "receiving_tds": 0, "receiving_lng": 14, "active": "true", "receiving_rec": 2, "receiving_twopta": 0, "receiving_yds": 24, "receiving_lngtd": 0, "receiving_twoptm": 0}, {"week": "3", "receiving_tds": 0, "receiving_lng": 34, "active": "true", "receiving_rec": 5, "receiving_twopta": 0, "receiving_yds": 71, "receiving_lngtd": 0, "receiving_twoptm": 0}, {"week": "4", "receiving_tds": 1, "receiving_lng": 31, "active": "true", "receiving_rec": 7, "receiving_twopta": 0, "receiving_yds": 138, "receiving_lngtd": 31, "receiving_twoptm": 0}, {"week": "5", "receiving_tds": 1, "receiving_lng": 24, "active": "true", "receiving_rec": 12, "receiving_twopta": 0, "receiving_yds": 144, "receiving_lngtd": 24, "receiving_twoptm": 0}, {"week": "6", "active": "false"}, {"week": "7", "receiving_tds": 1, "receiving_lng": 20, "active": "true", "receiving_rec": 6, "receiving_twopta": 0, "receiving_yds": 81, "receiving_lngtd": 7, "receiving_twoptm": 0}, {"week": "8", "receiving_tds": 0, "receiving_lng": 18, "active": "true", "receiving_rec": 9, "receiving_twopta": 1, "receiving_yds": 98, "receiving_lngtd": 0, "receiving_twoptm": 0}, {"week": "9", "receiving_tds": 3, "receiving_lng": 39, "active": "true", "receiving_rec": 9, "receiving_twopta": 0, "receiving_yds": 122, "receiving_lngtd": 39, "receiving_twoptm": 0}, {"week": "10", "receiving_tds": 0, "receiving_lng": 45, "active": "true", "receiving_rec": 8, "receiving_twopta": 0, "receiving_yds": 107, "receiving_lngtd": 0, "receiving_twoptm": 0}, {"week": "11", "receiving_tds": 1, "receiving_lng": 13, "active": "true", "receiving_rec": 2, "receiving_twopta": 0, "receiving_yds": 21, "receiving_lngtd": 13, "receiving_twoptm": 0}, {"week": "12", "receiving_tds": 0, "receiving_lng": 17, "active": "true", "receiving_rec": 12, "receiving_twopta": 0, "receiving_yds": 92, "receiving_lngtd": 0, "receiving_twoptm": 0}, {"week": "13", "fumbles_tot": 1, "receiving_tds": 0, "fumbles_yds": 0, "fumbles_lost": 0, "fumbles_trcv": 1, "receiving_lng": 56, "fumbles_rcv": 1, "active": "true", "receiving_rec": 10, "receiving_twopta": 0, "receiving_yds": 165, "receiving_lngtd": 0, "receiving_twoptm": 0}, {"week": "14", "receiving_tds": 1, "receiving_lng": 39, "active": "true", "receiving_rec": 10, "receiving_twopta": 0, "receiving_yds": 160, "receiving_lngtd": 16, "receiving_twoptm": 0}, {"week": "15", "fumbles_tot": 1, "receiving_tds": 1, "fumbles_yds": 0, "fumbles_lost": 0, "fumbles_trcv": 0, "receiving_lng": 15, "fumbles_rcv": 0, "active": "true", "receiving_rec": 6, "receiving_twopta": 0, "receiving_yds": 56, "receiving_lngtd": 15, "receiving_twoptm": 0}, {"week": "16", "receiving_tds": 1, "receiving_lng": 30, "active": "true", "receiving_rec": 6, "receiving_twopta": 0, "receiving_yds": 68, "receiving_lngtd": 11, "receiving_twoptm": 0}, {"week": "17", "rushing_lngtd": 0, "receiving_tds": 0, "receiving_twopta": 0, "receiving_lng": 19, "rushing_tds": 0, "rushing_twopta": 0, "active": "true", "receiving_rec": 5, "rushing_lng": -2, "rushing_yds": -2, "receiving_lngtd": 0, "receiving_yds": 42, "rushing_att": 1, "receiving_twoptm": 0, "rushing_twoptm": 0}], "2013": [{"week": "1", "receiving_tds": 1, "receiving_lng": 38, "active": "true", "receiving_rec": 8, "receiving_twopta": 0, "receiving_yds": 104, "receiving_lngtd": 19, "receiving_twoptm": 0}, {"week": "2", "receiving_tds": 1, "receiving_lng": 34, "active": "true", "receiving_rec": 7, "receiving_twopta": 0, "receiving_yds": 113, "receiving_lngtd": 34, "receiving_twoptm": 0}, {"week": "3", "receiving_tds": 0, "receiving_lng": 41, "active": "true", "receiving_rec": 5, "receiving_twopta": 0, "receiving_yds": 52, "receiving_lngtd": 0, "receiving_twoptm": 0}, {"week": "4", "receiving_tds": 0, "receiving_lng": 24, "active": "true", "receiving_rec": 7, "receiving_twopta": 1, "receiving_yds": 79, "receiving_lngtd": 0, "receiving_twoptm": 1}, {"week": "5", "receiving_tds": 1, "receiving_lng": 12, "active": "true", "receiving_rec": 4, "receiving_twopta": 0, "receiving_yds": 30, "receiving_lngtd": 2, "receiving_twoptm": 0}, {"week": "6", "receiving_tds": 2, "receiving_lng": 20, "active": "true", "receiving_rec": 9, "receiving_twopta": 0, "receiving_yds": 87, "receiving_lngtd": 10, "receiving_twoptm": 0}, {"week": "7", "receiving_tds": 0, "receiving_lng": 28, "active": "true", "receiving_rec": 6, "receiving_twopta": 0, "receiving_yds": 75, "receiving_lngtd": 0, "receiving_twoptm": 0}, {"week": "8", "active": "false"}, {"week": "9", "receiving_tds": 1, "receiving_lng": 23, "active": "true", "receiving_rec": 7, "receiving_twopta": 0, "receiving_yds": 107, "receiving_lngtd": 23, "receiving_twoptm": 0}, {"week": "10", "receiving_tds": 2, "receiving_lng": 44, "active": "true", "receiving_rec": 7, "receiving_twopta": 0, "receiving_yds": 139, "receiving_lngtd": 32, "receiving_twoptm": 0}, {"week": "11", "receiving_tds": 0, "receiving_lng": 16, "active": "true", "receiving_rec": 4, "receiving_twopta": 0, "receiving_yds": 42, "receiving_lngtd": 0, "receiving_twoptm": 0}, {"week": "12", "receiving_tds": 1, "receiving_lng": 23, "active": "true", "receiving_rec": 10, "receiving_twopta": 0, "receiving_yds": 117, "receiving_lngtd": 3, "receiving_twoptm": 0}, {"week": "13", "receiving_tds": 0, "receiving_lng": 15, "active": "true", "receiving_rec": 4, "receiving_twopta": 0, "receiving_yds": 45, "receiving_lngtd": 0, "receiving_twoptm": 0}, {"week": "14", "kickret_lngtd": 0, "kickret_lng": 0, "receiving_tds": 0, "kickret_tds": 0, "receiving_lng": 22, "kickret_avg": 0, "active": "true", "receiving_rec": 6, "receiving_twopta": 1, "receiving_yds": 100, "receiving_lngtd": 0, "receiving_twoptm": 1, "kickret_ret": 1}, {"week": "15", "kickret_lngtd": 0, "kickret_lng": -8, "receiving_tds": 1, "kickret_tds": 0, "receiving_lng": 41, "kickret_avg": -8, "active": "true", "receiving_rec": 6, "receiving_twopta": 0, "receiving_yds": 95, "receiving_lngtd": 5, "receiving_twoptm": 0, "kickret_ret": 1}, {"week": "16", "receiving_tds": 1, "receiving_lng": 14, "active": "true", "receiving_rec": 4, "receiving_twopta": 0, "receiving_yds": 36, "receiving_lngtd": 6, "receiving_twoptm": 0}, {"week": "17", "receiving_tds": 1, "receiving_lng": 37, "active": "true", "receiving_rec": 6, "receiving_twopta": 0, "receiving_yds": 74, "receiving_lngtd": 5, "receiving_twoptm": 0}], "2014": [{"week": "1", "fumbles_tot": 1, "receiving_tds": 1, "fumbles_yds": 0, "fumbles_lost": 1, "fumbles_trcv": 0, "receiving_lng": 15, "fumbles_rcv": 0, "active": "true", "receiving_rec": 8, "receiving_twopta": 0, "receiving_yds": 71, "receiving_lngtd": 11, "receiving_twoptm": 0}, {"week": "2", "defense_sk": 1, "defense_tkl": 6, "defense_int": 0, "active": "true", "defense_ffum": 1, "defense_ast": 2}, {"week": "3", "defense_sk": 0, "defense_tkl": 5, "defense_int": 0, "active": "true", "defense_ffum": 0, "defense_ast": 7}, {"week": "4", "receiving_tds": 1, "receiving_lng": 13, "active": "true", "receiving_rec": 2, "receiving_twopta": 0, "receiving_yds": 19, "receiving_lngtd": 6, "receiving_twoptm": 0}, {"week": "5", "receiving_tds": 0, "receiving_lng": 18, "active": "true", "receiving_rec": 3, "receiving_twopta": 0, "receiving_yds": 44, "receiving_lngtd": 0, "receiving_twoptm": 0}, {"week": "6", "receiving_tds": 0, "receiving_lng": 47, "active": "true", "receiving_rec": 6, "receiving_twopta": 0, "receiving_yds": 113, "receiving_lngtd": 0, "receiving_twoptm": 0}, {"week": "7", "receiving_tds": 0, "receiving_lng": 15, "active": "true", "receiving_rec": 6, "receiving_twopta": 0, "receiving_yds": 48, "receiving_lngtd": 0, "receiving_twoptm": 0}, {"week": "8", "defense_sk": 0, "defense_tkl": 8, "defense_int": 0, "active": "true", "defense_ffum": 0, "defense_ast": 2}, {"week": "9", "defense_sk": 0, "defense_tkl": 4, "defense_int": 0, "active": "true", "defense_ffum": 0, "defense_ast": 1}, {"week": "10", "defense_sk": 0, "defense_tkl": 11, "defense_int": 0, "active": "true", "defense_ffum": 0, "defense_ast": 2}, {"week": "11", "receiving_tds": 2, "receiving_lng": 44, "active": "true", "receiving_rec": 7, "receiving_twopta": 0, "receiving_yds": 90, "receiving_lngtd": 44, "receiving_twoptm": 0}, {"week": "12", "receiving_tds": 0, "receiving_lng": 15, "active": "true", "receiving_rec": 3, "receiving_twopta": 0, "receiving_yds": 32, "receiving_lngtd": 0, "receiving_twoptm": 0}, {"week": "13", "receiving_tds": 0, "receiving_lng": 12, "active": "true", "receiving_rec": 6, "receiving_twopta": 0, "receiving_yds": 42, "receiving_lngtd": 0, "receiving_twoptm": 0}, {"week": "14", "receiving_tds": 0, "receiving_lng": 42, "active": "true", "receiving_rec": 3, "receiving_twopta": 0, "receiving_yds": 61, "receiving_lngtd": 0, "receiving_twoptm": 0}]}}