{"B.Tate": {"2009": [{"week": "1", "active": "false"}, {"week": "2", "active": "false"}, {"week": "3", "active": "false"}, {"week": "4", "active": "false"}, {"week": "5", "active": "false"}, {"week": "6", "active": "false"}, {"week": "7", "kickret_lng": 22, "kickret_tds": 0, "kickret_ret": 2, "rushing_tds": 0, "kickret_avg": 22, "rushing_twopta": 0, "rushing_lng": 11, "rushing_yds": 11, "active": "true", "rushing_att": 1, "rushing_twoptm": 0}, {"week": "8", "active": "false"}, {"week": "9", "kickret_lng": 34, "kickret_avg": 31, "kickret_tds": 0, "active": "true", "kickret_ret": 2}, {"week": "10", "active": "false"}, {"week": "11", "active": "false"}, {"week": "12", "active": "false"}, {"week": "13", "active": "false"}, {"week": "14", "active": "false"}, {"week": "15", "active": "false"}, {"week": "16", "active": "false"}, {"week": "17", "active": "false"}], "2010": [{"week": "1", "puntret_tds": 0, "kickret_lngtd": 0, "puntret_ret": 1, "kickret_lng": 97, "receiving_tds": 0, "puntret_avg": 4, "puntret_lngtd": 0, "kickret_tds": 1, "receiving_lng": 20, "kickret_avg": 46, "puntret_lng": 4, "active": "true", "receiving_rec": 4, "receiving_twopta": 0, "receiving_yds": 36, "receiving_lngtd": 0, "receiving_twoptm": 0, "kickret_ret": 4}, {"week": "2", "kickret_lngtd": 0, "kickret_lng": 31, "receiving_tds": 0, "kickret_tds": 0, "receiving_lng": 17, "kickret_avg": 24, "active": "true", "receiving_rec": 1, "receiving_twopta": 0, "receiving_yds": 17, "receiving_lngtd": 0, "receiving_twoptm": 0, "kickret_ret": 5}, {"fumbles_tot": 1, "receiving_tds": 0, "fumbles_rcv": 0, "rushing_yds": 5, "receiving_lngtd": 0, "fumbles_lost": 1, "rushing_tds": 0, "rushing_twopta": 0, "receiving_rec": 2, "receiving_twopta": 0, "receiving_yds": 43, "rushing_att": 1, "receiving_twoptm": 0, "rushing_twoptm": 0, "week": "3", "kickret_lngtd": 0, "rushing_lngtd": 0, "fumbles_yds": 0, "receiving_lng": 29, "active": "true", "kickret_lng": 32, "fumbles_trcv": 0, "kickret_avg": 23, "rushing_lng": 5, "kickret_tds": 0, "kickret_ret": 6}, {"week": "4", "kickret_lngtd": 103, "kickret_lng": 103, "receiving_tds": 0, "kickret_tds": 1, "receiving_lng": 12, "kickret_avg": 51, "active": "true", "receiving_rec": 4, "receiving_twopta": 0, "receiving_yds": 39, "receiving_lngtd": 0, "receiving_twoptm": 0, "kickret_ret": 3}, {"week": "5", "active": "false"}, {"week": "6", "kickret_lngtd": 0, "rushing_lngtd": 0, "kickret_lng": 19, "kickret_tds": 0, "kickret_ret": 1, "rushing_tds": 0, "kickret_avg": 19, "rushing_twopta": 0, "rushing_lng": 22, "rushing_yds": 22, "active": "true", "rushing_att": 1, "rushing_twoptm": 0}, {"week": "7", "kickret_lngtd": 0, "kickret_lng": 25, "receiving_tds": 0, "kickret_tds": 0, "receiving_lng": 3, "kickret_avg": 22, "active": "true", "receiving_rec": 1, "receiving_twopta": 0, "receiving_yds": 3, "receiving_lngtd": 0, "receiving_twoptm": 0, "kickret_ret": 2}, {"week": "8", "kickret_lngtd": 0, "kickret_lng": 18, "receiving_tds": 1, "kickret_tds": 0, "receiving_lng": 65, "kickret_avg": 14, "active": "true", "receiving_rec": 3, "receiving_twopta": 0, "receiving_yds": 101, "receiving_lngtd": 65, "receiving_twoptm": 0, "kickret_ret": 4}, {"week": "9", "kickret_lngtd": 0, "kickret_lng": 28, "receiving_tds": 0, "kickret_tds": 0, "receiving_lng": 12, "kickret_avg": 28, "active": "true", "receiving_rec": 1, "receiving_twopta": 0, "receiving_yds": 12, "receiving_lngtd": 0, "receiving_twoptm": 0, "kickret_ret": 1}, {"week": "10", "kickret_lngtd": 0, "kickret_lng": 35, "receiving_tds": 0, "kickret_tds": 0, "receiving_lng": 45, "kickret_avg": 22, "active": "true", "receiving_rec": 2, "receiving_twopta": 1, "receiving_yds": 50, "receiving_lngtd": 0, "receiving_twoptm": 0, "kickret_ret": 3}, {"week": "11", "kickret_lngtd": 0, "kickret_lng": 32, "kickret_avg": 23, "kickret_tds": 0, "active": "true", "kickret_ret": 3}, {"week": "12", "kickret_lngtd": 0, "rushing_lngtd": 0, "kickret_lng": 26, "kickret_tds": 0, "kickret_ret": 4, "rushing_tds": 0, "kickret_avg": 17, "rushing_twopta": 0, "rushing_lng": 17, "rushing_yds": 17, "active": "true", "rushing_att": 1, "rushing_twoptm": 0}, {"week": "13", "kickret_lngtd": 0, "rushing_lngtd": 0, "kickret_lng": 21, "receiving_tds": 1, "receiving_twopta": 0, "kickret_ret": 2, "receiving_lng": 4, "rushing_tds": 0, "kickret_avg": 21, "rushing_twopta": 0, "active": "true", "receiving_rec": 1, "rushing_lng": 6, "rushing_yds": 6, "receiving_lngtd": 4, "receiving_yds": 4, "rushing_att": 1, "receiving_twoptm": 0, "rushing_twoptm": 0, "kickret_tds": 0}, {"week": "14", "receiving_tds": 0, "receiving_lng": 28, "active": "true", "receiving_rec": 2, "receiving_twopta": 0, "receiving_yds": 40, "receiving_lngtd": 0, "receiving_twoptm": 0}, {"week": "15", "kickret_lngtd": 0, "kickret_lng": 20, "receiving_tds": 0, "kickret_tds": 0, "receiving_lng": 5, "kickret_avg": 20, "active": "true", "receiving_rec": 1, "receiving_twopta": 0, "receiving_yds": 5, "receiving_lngtd": 0, "receiving_twoptm": 0, "kickret_ret": 1}, {"week": "16", "kickret_lngtd": 0, "rushing_lngtd": 0, "kickret_lng": 16, "kickret_tds": 0, "kickret_ret": 1, "rushing_tds": 0, "kickret_avg": 16, "rushing_twopta": 0, "rushing_lng": 12, "rushing_yds": 12, "active": "true", "rushing_att": 1, "rushing_twoptm": 0}, {"week": "17", "kickret_lngtd": 0, "kickret_lng": 23, "receiving_tds": 1, "kickret_tds": 0, "receiving_lng": 42, "kickret_avg": 23, "active": "true", "receiving_rec": 2, "receiving_twopta": 0, "receiving_yds": 82, "receiving_lngtd": 42, "receiving_twoptm": 0, "kickret_ret": 1}], "2011": [{"week": "1", "puntret_tds": 0, "kickret_lngtd": 0, "puntret_ret": 1, "kickret_lng": 35, "puntret_avg": 15, "puntret_lngtd": 0, "kickret_avg": 23, "puntret_lng": 15, "kickret_tds": 0, "active": "true", "kickret_ret": 4}, {"week": "2", "puntret_tds": 0, "puntret_ret": 5, "puntret_avg": 5, "puntret_lngtd": 0, "puntret_lng": 16, "active": "true"}, {"week": "3", "rushing_lngtd": 0, "receiving_tds": 0, "receiving_twopta": 0, "receiving_lng": 8, "rushing_tds": 0, "rushing_twopta": 0, "active": "true", "receiving_rec": 1, "rushing_lng": 19, "rushing_yds": 82, "receiving_lngtd": 0, "receiving_yds": 8, "rushing_att": 19, "receiving_twoptm": 0, "rushing_twoptm": 0}, {"week": "4", "puntret_tds": 0, "kickret_lngtd": 0, "puntret_ret": 7, "kickret_lng": 28, "puntret_avg": 9, "puntret_lngtd": 0, "kickret_avg": 22, "puntret_lng": 14, "kickret_tds": 0, "active": "true", "kickret_ret": 3}, {"week": "5", "fumbles_tot": 1, "kickret_lngtd": 0, "puntret_ret": 3, "kickret_lng": 37, "puntret_avg": 14, "fumbles_yds": 0, "fumbles_lost": 0, "fumbles_trcv": 0, "fumbles_rcv": 0, "puntret_tds": 0, "kickret_avg": 25, "kickret_tds": 0, "active": "true", "puntret_lng": 22, "kickret_ret": 3, "puntret_lngtd": 0}, {"week": "6", "puntret_tds": 0, "kickret_lngtd": 0, "puntret_ret": 2, "kickret_lng": 31, "puntret_avg": 17, "puntret_lngtd": 0, "kickret_avg": 27, "puntret_lng": 33, "kickret_tds": 0, "active": "true", "kickret_ret": 2}, {"week": "7", "rushing_lngtd": 0, "rushing_tds": 0, "rushing_twopta": 0, "rushing_lng": 24, "rushing_yds": 104, "active": "true", "rushing_att": 15, "rushing_twoptm": 0}, {"week": "8", "fumbles_tot": 1, "rushing_lngtd": 0, "fumbles_yds": 0, "fumbles_lost": 1, "fumbles_trcv": 0, "rushing_tds": 0, "fumbles_rcv": 0, "rushing_twopta": 0, "rushing_lng": 18, "rushing_yds": 42, "active": "true", "rushing_att": 5, "rushing_twoptm": 0}, {"week": "9", "rushing_lngtd": 27, "rushing_tds": 1, "rushing_twopta": 0, "rushing_lng": 27, "rushing_yds": 115, "active": "true", "rushing_att": 12, "rushing_twoptm": 0}, {"week": "10", "rushing_lngtd": 11, "rushing_tds": 1, "rushing_twopta": 0, "rushing_lng": 14, "rushing_yds": 63, "active": "true", "rushing_att": 13, "rushing_twoptm": 0}, {"week": "11", "puntret_tds": 0, "puntret_ret": 4, "puntret_avg": 6, "puntret_lngtd": 0, "puntret_lng": 12, "active": "true"}, {"week": "12", "puntret_tds": 0, "kickret_lngtd": 0, "puntret_ret": 2, "kickret_lng": 28, "puntret_avg": -2, "puntret_lngtd": 0, "kickret_avg": 22, "puntret_lng": -2, "kickret_tds": 0, "active": "true", "kickret_ret": 4}, {"week": "13", "fumbles_tot": 1, "kickret_lngtd": 0, "puntret_ret": 5, "kickret_lng": 30, "puntret_avg": 10, "fumbles_yds": 0, "fumbles_lost": 1, "fumbles_trcv": 0, "fumbles_rcv": 0, "puntret_tds": 0, "kickret_avg": 25, "kickret_tds": 0, "active": "true", "puntret_lng": 17, "kickret_ret": 4, "puntret_lngtd": 0}, {"week": "14", "kickret_lngtd": 0, "kickret_lng": 19, "kickret_avg": 16, "kickret_tds": 0, "active": "true", "kickret_ret": 2}, {"week": "15", "puntret_tds": 0, "kickret_lngtd": 0, "puntret_ret": 2, "kickret_lng": 37, "puntret_avg": 35, "puntret_lngtd": 0, "kickret_avg": 25, "puntret_lng": 56, "kickret_tds": 0, "active": "true", "kickret_ret": 4}, {"week": "16", "rushing_lngtd": 0, "rushing_tds": 0, "rushing_twopta": 0, "rushing_lng": 5, "rushing_yds": -1, "active": "true", "rushing_att": 6, "rushing_twoptm": 0}, {"week": "17", "puntret_tds": 0, "kickret_lngtd": 0, "puntret_ret": 4, "kickret_lng": 34, "puntret_avg": 11, "puntret_lngtd": 0, "kickret_avg": 24, "puntret_lng": 19, "kickret_tds": 0, "active": "true", "kickret_ret": 3}], "2012": [{"week": "1", "rushing_lngtd": 0, "receiving_tds": 0, "receiving_twopta": 0, "receiving_lng": 8, "rushing_tds": 0, "rushing_twopta": 0, "active": "true", "receiving_rec": 3, "rushing_lng": 6, "rushing_yds": 6, "receiving_lngtd": 0, "receiving_yds": 22, "rushing_att": 5, "receiving_twoptm": 0, "rushing_twoptm": 0}, {"week": "2", "kickret_lngtd": 0, "kickret_lng": 30, "receiving_tds": 1, "kickret_tds": 0, "receiving_lng": 44, "kickret_avg": 24, "active": "true", "receiving_rec": 3, "receiving_twopta": 0, "receiving_yds": 71, "receiving_lngtd": 44, "receiving_twoptm": 0, "kickret_ret": 3}, {"week": "3", "puntret_tds": 0, "kickret_lngtd": 0, "puntret_ret": 2, "kickret_lng": 31, "puntret_avg": 8, "puntret_lngtd": 0, "kickret_avg": 22, "puntret_lng": 14, "kickret_tds": 0, "active": "true", "kickret_ret": 2}, {"week": "4", "rushing_lngtd": 0, "receiving_tds": 0, "receiving_twopta": 0, "receiving_lng": 9, "rushing_tds": 0, "rushing_twopta": 0, "active": "true", "receiving_rec": 2, "rushing_lng": 7, "rushing_yds": 11, "receiving_lngtd": 0, "receiving_yds": 3, "rushing_att": 5, "receiving_twoptm": 0, "rushing_twoptm": 0}, {"week": "5", "kickret_lngtd": 0, "kickret_lng": 34, "kickret_avg": 24, "kickret_tds": 0, "active": "true", "kickret_ret": 2}, {"fumbles_tot": 1, "receiving_tds": 0, "fumbles_rcv": 1, "kickret_tds": 0, "receiving_lngtd": 0, "puntret_ret": 4, "puntret_avg": 14, "fumbles_lost": 0, "receiving_rec": 1, "receiving_twopta": 0, "receiving_yds": 11, "receiving_twoptm": 0, "week": "6", "puntret_lngtd": 0, "kickret_lngtd": 0, "fumbles_yds": 0, "receiving_lng": 11, "puntret_lng": 32, "active": "true", "puntret_tds": 0, "kickret_lng": 23, "fumbles_trcv": 1, "kickret_avg": 20, "kickret_ret": 3}, {"week": "7", "rushing_lngtd": 0, "rushing_tds": 0, "rushing_twopta": 0, "rushing_lng": 10, "rushing_yds": 47, "active": "true", "rushing_att": 10, "rushing_twoptm": 0}, {"week": "8", "active": "false"}, {"week": "9", "puntret_tds": 0, "kickret_lngtd": 0, "puntret_ret": 1, "kickret_lng": 43, "receiving_tds": 0, "puntret_avg": 0, "puntret_lngtd": 0, "kickret_tds": 0, "receiving_lng": 17, "kickret_avg": 35, "puntret_lng": 0, "active": "true", "receiving_rec": 1, "receiving_twopta": 0, "receiving_yds": 17, "receiving_lngtd": 0, "receiving_twoptm": 0, "kickret_ret": 3}, {"week": "10", "fumbles_tot": 2, "kickret_lngtd": 0, "puntret_ret": 1, "kickret_lng": 24, "puntret_avg": 7, "fumbles_yds": 0, "fumbles_lost": 1, "fumbles_trcv": 0, "fumbles_rcv": 0, "puntret_tds": 0, "kickret_avg": 12, "kickret_tds": 0, "active": "true", "puntret_lng": 7, "kickret_ret": 2, "puntret_lngtd": 0}, {"week": "11", "puntret_tds": 0, "kickret_lngtd": 0, "puntret_ret": 3, "kickret_lng": 26, "receiving_tds": 0, "puntret_avg": 4, "puntret_lngtd": 0, "kickret_tds": 0, "receiving_lng": 24, "kickret_avg": 26, "puntret_lng": 11, "active": "true", "receiving_rec": 1, "receiving_twopta": 0, "receiving_yds": 24, "receiving_lngtd": 0, "receiving_twoptm": 0, "kickret_ret": 1}, {"week": "12", "puntret_tds": 0, "kickret_lngtd": 0, "puntret_ret": 2, "kickret_lng": 25, "receiving_tds": 0, "puntret_avg": 4, "puntret_lngtd": 0, "kickret_tds": 0, "receiving_lng": 6, "kickret_avg": 25, "puntret_lng": 5, "active": "true", "receiving_rec": 1, "receiving_twopta": 0, "receiving_yds": 6, "receiving_lngtd": 0, "receiving_twoptm": 0, "kickret_ret": 1}, {"week": "13", "rushing_lngtd": 0, "rushing_tds": 0, "rushing_twopta": 0, "rushing_lng": 8, "rushing_yds": 18, "active": "true", "rushing_att": 3, "rushing_twoptm": 0}, {"week": "14", "kickret_lngtd": 0, "kickret_lng": 35, "kickret_avg": 27, "kickret_tds": 0, "active": "true", "kickret_ret": 2}, {"week": "15", "puntret_tds": 0, "kickret_lngtd": 0, "rushing_lngtd": 0, "kickret_lng": 33, "kickret_tds": 0, "puntret_avg": 8, "puntret_lngtd": 0, "kickret_ret": 3, "rushing_tds": 0, "kickret_avg": 20, "puntret_lng": 9, "rushing_twopta": 0, "puntret_ret": 2, "rushing_lng": 0, "rushing_yds": 0, "active": "true", "rushing_att": 1, "rushing_twoptm": 0}, {"week": "16", "receiving_tds": 0, "receiving_lng": 23, "active": "true", "receiving_rec": 1, "receiving_twopta": 0, "receiving_yds": 23, "receiving_lngtd": 0, "receiving_twoptm": 0}, {"week": "17", "kickret_lngtd": 0, "kickret_lng": 28, "receiving_tds": 0, "kickret_tds": 0, "receiving_lng": 44, "kickret_avg": 28, "active": "true", "receiving_rec": 3, "receiving_twopta": 0, "receiving_yds": 53, "receiving_lngtd": 0, "receiving_twoptm": 0, "kickret_ret": 2}], "2013": [{"week": "1", "rushing_lngtd": 0, "receiving_tds": 0, "receiving_twopta": 0, "receiving_lng": 4, "rushing_tds": 0, "rushing_twopta": 0, "active": "true", "receiving_rec": 2, "rushing_lng": 14, "rushing_yds": 55, "receiving_lngtd": 0, "receiving_yds": 7, "rushing_att": 9, "receiving_twoptm": 0, "rushing_twoptm": 0}, {"week": "2", "rushing_lngtd": 0, "receiving_tds": 0, "receiving_twopta": 0, "receiving_lng": 4, "rushing_tds": 0, "rushing_twopta": 0, "active": "true", "receiving_rec": 3, "rushing_lng": 60, "rushing_yds": 93, "receiving_lngtd": 0, "receiving_yds": 8, "rushing_att": 9, "receiving_twoptm": 0, "rushing_twoptm": 0}, {"week": "3", "rushing_lngtd": 0, "receiving_tds": 0, "receiving_twopta": 0, "receiving_lng": 6, "rushing_tds": 0, "rushing_twopta": 0, "active": "true", "receiving_rec": 3, "rushing_lng": 10, "rushing_yds": 36, "receiving_lngtd": 0, "receiving_yds": 7, "rushing_att": 9, "receiving_twoptm": 0, "rushing_twoptm": 0}, {"week": "4", "puntret_tds": 0, "kickret_lngtd": 0, "puntret_ret": 2, "kickret_lng": 22, "puntret_avg": 7, "puntret_lngtd": 0, "kickret_avg": 20, "puntret_lng": 10, "kickret_tds": 0, "active": "true", "kickret_ret": 3}, {"week": "5", "puntret_tds": 0, "kickret_lngtd": 0, "puntret_ret": 1, "kickret_lng": 29, "puntret_avg": 7, "puntret_lngtd": 0, "kickret_avg": 29, "puntret_lng": 7, "kickret_tds": 0, "active": "true", "kickret_ret": 1}, {"week": "6", "puntret_tds": 0, "kickret_lngtd": 0, "puntret_ret": 1, "kickret_lng": 28, "receiving_tds": 0, "puntret_avg": 29, "puntret_lngtd": 0, "kickret_tds": 0, "receiving_lng": 6, "kickret_avg": 25, "puntret_lng": 29, "active": "true", "receiving_rec": 1, "receiving_twopta": 0, "receiving_yds": 6, "receiving_lngtd": 0, "receiving_twoptm": 0, "kickret_ret": 4}, {"week": "7", "rushing_lngtd": 0, "receiving_tds": 0, "receiving_twopta": 0, "receiving_lng": 5, "rushing_tds": 0, "rushing_twopta": 0, "active": "true", "receiving_rec": 2, "rushing_lng": 10, "rushing_yds": 50, "receiving_lngtd": 0, "receiving_yds": 5, "rushing_att": 15, "receiving_twoptm": 0, "rushing_twoptm": 0}, {"week": "8", "fumbles_tot": 1, "kickret_lngtd": 0, "puntret_ret": 3, "kickret_lng": 71, "puntret_avg": 6, "fumbles_yds": 0, "fumbles_lost": 0, "fumbles_trcv": 1, "fumbles_rcv": 1, "puntret_tds": 0, "kickret_avg": 33, "kickret_tds": 0, "active": "true", "puntret_lng": 13, "kickret_ret": 4, "puntret_lngtd": 0}, {"week": "9", "puntret_tds": 0, "kickret_lngtd": 0, "puntret_ret": 6, "kickret_lng": 23, "puntret_avg": 8, "puntret_lngtd": 0, "kickret_avg": 22, "puntret_lng": 15, "kickret_tds": 0, "active": "true", "kickret_ret": 2}, {"week": "10", "puntret_tds": 0, "kickret_lngtd": 0, "puntret_ret": 5, "kickret_lng": 26, "puntret_avg": 9, "puntret_lngtd": 0, "kickret_avg": 25, "puntret_lng": 12, "kickret_tds": 0, "active": "true", "kickret_ret": 2}, {"week": "11", "puntret_tds": 0, "puntret_ret": 2, "puntret_avg": 6, "puntret_lngtd": 0, "puntret_lng": 8, "active": "true"}, {"week": "12", "rushing_lngtd": 0, "receiving_tds": 0, "receiving_twopta": 0, "receiving_lng": 7, "rushing_tds": 0, "rushing_twopta": 0, "active": "true", "receiving_rec": 5, "rushing_lng": 3, "rushing_yds": 1, "receiving_lngtd": 0, "receiving_yds": 26, "rushing_att": 7, "receiving_twoptm": 0, "rushing_twoptm": 0}, {"week": "13", "rushing_lngtd": 20, "rushing_tds": 3, "rushing_twopta": 0, "rushing_lng": 20, "rushing_yds": 102, "active": "true", "rushing_att": 22, "rushing_twoptm": 0}, {"week": "14", "rushing_lngtd": 0, "receiving_tds": 0, "receiving_twopta": 0, "receiving_lng": 5, "rushing_tds": 0, "rushing_twopta": 0, "active": "true", "receiving_rec": 2, "rushing_lng": 9, "rushing_yds": 53, "receiving_lngtd": 0, "receiving_yds": 3, "rushing_att": 14, "receiving_twoptm": 0, "rushing_twoptm": 0}, {"week": "15", "fumbles_tot": 2, "rushing_lngtd": 0, "receiving_tds": 0, "fumbles_yds": 0, "receiving_twopta": 0, "fumbles_trcv": 0, "receiving_lng": 9, "rushing_tds": 0, "fumbles_rcv": 0, "rushing_twopta": 0, "fumbles_lost": 0, "receiving_rec": 3, "rushing_lng": 11, "rushing_yds": 72, "receiving_lngtd": 0, "receiving_yds": 20, "rushing_att": 16, "receiving_twoptm": 0, "rushing_twoptm": 0, "active": "true"}, {"week": "16", "puntret_tds": 0, "kickret_lngtd": 0, "puntret_ret": 2, "kickret_lng": 3, "puntret_avg": 13, "puntret_lngtd": 0, "kickret_avg": 3, "puntret_lng": 21, "kickret_tds": 0, "active": "true", "kickret_ret": 1}, {"week": "17", "puntret_tds": 0, "kickret_lngtd": 0, "puntret_ret": 5, "kickret_lng": 28, "puntret_avg": 7, "puntret_lngtd": 0, "kickret_avg": 26, "puntret_lng": 14, "kickret_tds": 0, "active": "true", "kickret_ret": 3}], "2014": [{"week": "1", "receiving_tds": 0, "receiving_lng": 7, "active": "true", "receiving_rec": 4, "receiving_twopta": 0, "receiving_yds": 19, "receiving_lngtd": 0, "receiving_twoptm": 0}, {"week": "2", "kickret_lngtd": 0, "kickret_lng": 29, "receiving_tds": 0, "kickret_tds": 0, "receiving_lng": 50, "kickret_avg": 29, "active": "true", "receiving_rec": 1, "receiving_twopta": 0, "receiving_yds": 50, "receiving_lngtd": 0, "receiving_twoptm": 0, "kickret_ret": 1}, {"week": "3", "kickret_lngtd": 0, "rushing_lngtd": 0, "kickret_lng": 18, "receiving_tds": 0, "receiving_twopta": 0, "kickret_ret": 1, "receiving_lng": 5, "rushing_tds": 0, "kickret_avg": 18, "rushing_twopta": 0, "active": "true", "receiving_rec": 1, "rushing_lng": 12, "rushing_yds": 12, "receiving_lngtd": 0, "receiving_yds": 5, "rushing_att": 1, "receiving_twoptm": 0, "rushing_twoptm": 0, "kickret_tds": 0}, {"week": "4", "active": "false"}, {"week": "5", "rushing_lngtd": 0, "receiving_tds": 0, "receiving_twopta": 0, "receiving_lng": -2, "rushing_tds": 0, "rushing_twopta": 0, "active": "true", "receiving_rec": 1, "rushing_lng": 15, "rushing_yds": 123, "receiving_lngtd": 0, "receiving_yds": -2, "rushing_att": 22, "receiving_twoptm": 0, "rushing_twoptm": 0}, {"week": "6", "kickret_lngtd": 0, "rushing_lngtd": 0, "kickret_lng": 29, "receiving_tds": 1, "receiving_twopta": 0, "kickret_ret": 1, "receiving_lng": 16, "rushing_tds": 0, "kickret_avg": 29, "rushing_twopta": 0, "active": "true", "receiving_rec": 4, "rushing_lng": 9, "rushing_yds": 9, "receiving_lngtd": 5, "receiving_yds": 38, "rushing_att": 1, "receiving_twoptm": 0, "rushing_twoptm": 0, "kickret_tds": 0}, {"week": "7", "puntret_tds": 0, "kickret_lngtd": 0, "puntret_ret": 1, "kickret_lng": 20, "receiving_tds": 0, "puntret_avg": 6, "puntret_lngtd": 0, "kickret_tds": 0, "receiving_lng": 7, "kickret_avg": 20, "puntret_lng": 6, "active": "true", "receiving_rec": 1, "receiving_twopta": 0, "receiving_yds": 7, "receiving_lngtd": 0, "receiving_twoptm": 0, "kickret_ret": 1}, {"week": "8", "puntret_tds": 0, "puntret_ret": 1, "receiving_tds": 0, "puntret_avg": 6, "puntret_lngtd": 0, "receiving_lng": 17, "puntret_lng": 6, "active": "true", "receiving_rec": 2, "receiving_twopta": 0, "receiving_yds": 30, "receiving_lngtd": 0, "receiving_twoptm": 0}, {"week": "9", "puntret_tds": 0, "kickret_lngtd": 0, "puntret_ret": 1, "kickret_lng": 20, "receiving_tds": 0, "puntret_avg": 3, "puntret_lngtd": 0, "kickret_tds": 0, "receiving_lng": 10, "kickret_avg": 20, "puntret_lng": 3, "active": "true", "receiving_rec": 1, "receiving_twopta": 0, "receiving_yds": 10, "receiving_lngtd": 0, "receiving_twoptm": 0, "kickret_ret": 1}, {"week": "10", "puntret_tds": 0, "puntret_ret": 3, "puntret_avg": 7, "puntret_lngtd": 0, "puntret_lng": 11, "active": "true"}, {"week": "11", "rushing_lngtd": 0, "rushing_tds": 0, "rushing_twopta": 0, "rushing_lng": -3, "rushing_yds": -9, "active": "true", "rushing_att": 2, "rushing_twoptm": 0}, {"week": "12", "kickret_lngtd": 0, "kickret_lng": 25, "kickret_avg": 25, "kickret_tds": 0, "active": "true", "kickret_ret": 1}, {"week": "13", "rushing_lngtd": 0, "rushing_tds": 0, "rushing_twopta": 0, "rushing_lng": 9, "rushing_yds": 15, "active": "true", "rushing_att": 5, "rushing_twoptm": 0}, {"week": "14", "puntret_tds": 0, "kickret_lngtd": 0, "puntret_ret": 3, "kickret_lng": 27, "puntret_avg": 9, "puntret_lngtd": 0, "kickret_avg": 22, "puntret_lng": 16, "kickret_tds": 0, "active": "true", "kickret_ret": 4}]}}