{"B.Jacobs": {"2009": [{"week": "1", "receiving_lng": 9, "receiving_tds": 0, "receiving_twopta": 0, "rushing_tds": 0, "rushing_twopta": 0, "active": "true", "receiving_rec": 2, "rushing_lng": 15, "rushing_yds": 46, "receiving_yds": 17, "rushing_att": 16, "receiving_twoptm": 0, "rushing_twoptm": 0}, {"week": "2", "rushing_tds": 0, "rushing_twopta": 0, "rushing_lng": 31, "rushing_yds": 58, "active": "true", "rushing_att": 16, "rushing_twoptm": 0}, {"week": "3", "rushing_tds": 1, "rushing_twopta": 0, "rushing_lng": 11, "rushing_yds": 92, "active": "true", "rushing_att": 26, "rushing_twoptm": 0}, {"week": "4", "receiving_lng": -4, "receiving_tds": 0, "receiving_twopta": 0, "rushing_tds": 0, "rushing_twopta": 0, "active": "true", "receiving_rec": 1, "rushing_lng": 17, "rushing_yds": 92, "receiving_yds": -4, "rushing_att": 21, "receiving_twoptm": 0, "rushing_twoptm": 0}, {"week": "5", "receiving_lng": 8, "receiving_tds": 0, "receiving_twopta": 0, "rushing_tds": 0, "rushing_twopta": 0, "active": "true", "receiving_rec": 1, "rushing_lng": 12, "rushing_yds": 67, "receiving_yds": 8, "rushing_att": 21, "receiving_twoptm": 0, "rushing_twoptm": 0}, {"week": "6", "receiving_lng": 2, "receiving_tds": 0, "receiving_twopta": 0, "rushing_tds": 0, "rushing_twopta": 0, "active": "true", "receiving_rec": 1, "rushing_lng": 14, "rushing_yds": 33, "receiving_yds": 2, "rushing_att": 7, "receiving_twoptm": 0, "rushing_twoptm": 0}, {"week": "7", "receiving_lng": 6, "receiving_tds": 0, "receiving_twopta": 0, "rushing_tds": 1, "rushing_twopta": 0, "active": "true", "receiving_rec": 2, "rushing_lng": 25, "rushing_yds": 76, "receiving_yds": 11, "rushing_att": 13, "receiving_twoptm": 0, "rushing_twoptm": 0}, {"week": "8", "receiving_lng": 22, "receiving_tds": 0, "receiving_twopta": 0, "rushing_tds": 0, "rushing_twopta": 0, "active": "true", "receiving_rec": 2, "rushing_lng": 14, "rushing_yds": 86, "receiving_yds": 21, "rushing_att": 20, "receiving_twoptm": 0, "rushing_twoptm": 0}, {"week": "9", "receiving_lng": 1, "receiving_tds": 0, "receiving_twopta": 0, "rushing_tds": 0, "rushing_twopta": 0, "active": "true", "receiving_rec": 1, "rushing_lng": 15, "rushing_yds": 67, "receiving_yds": 1, "rushing_att": 11, "receiving_twoptm": 0, "rushing_twoptm": 0}, {"week": "10", "active": "false"}, {"week": "11", "fumbles_tot": 0, "receiving_lng": 16, "receiving_tds": 0, "fumbles_yds": 0, "receiving_twopta": 0, "fumbles_trcv": 1, "rushing_tds": 1, "fumbles_rcv": 1, "rushing_twopta": 0, "fumbles_lost": 0, "receiving_rec": 2, "rushing_lng": 12, "rushing_yds": 39, "receiving_yds": 13, "rushing_att": 12, "receiving_twoptm": 0, "rushing_twoptm": 0, "active": "true"}, {"week": "12", "receiving_lng": 13, "receiving_tds": 0, "receiving_twopta": 0, "rushing_tds": 0, "rushing_twopta": 0, "active": "true", "receiving_rec": 3, "rushing_lng": 7, "rushing_yds": 27, "receiving_yds": 30, "rushing_att": 11, "receiving_twoptm": 0, "rushing_twoptm": 0}, {"week": "13", "fumbles_tot": 1, "receiving_lng": 74, "receiving_tds": 1, "fumbles_yds": 0, "receiving_twopta": 0, "fumbles_trcv": 0, "rushing_tds": 1, "fumbles_rcv": 0, "rushing_twopta": 0, "fumbles_lost": 0, "receiving_rec": 1, "rushing_lng": 8, "rushing_yds": 39, "receiving_yds": 74, "rushing_att": 13, "receiving_twoptm": 0, "rushing_twoptm": 0, "active": "true"}, {"week": "14", "fumbles_tot": 1, "receiving_lng": 9, "receiving_tds": 0, "fumbles_yds": 0, "receiving_twopta": 0, "fumbles_trcv": 0, "rushing_tds": 1, "fumbles_rcv": 0, "rushing_twopta": 0, "fumbles_lost": 1, "receiving_rec": 1, "rushing_lng": 13, "rushing_yds": 60, "receiving_yds": 9, "rushing_att": 15, "receiving_twoptm": 0, "rushing_twoptm": 0, "active": "true"}, {"week": "15", "receiving_lng": 2, "receiving_tds": 0, "receiving_twopta": 0, "rushing_tds": 0, "rushing_twopta": 0, "active": "true", "receiving_rec": 1, "rushing_lng": 10, "rushing_yds": 52, "receiving_yds": 2, "rushing_att": 16, "receiving_twoptm": 0, "rushing_twoptm": 0}, {"week": "16", "rushing_tds": 0, "rushing_twopta": 0, "rushing_lng": 3, "rushing_yds": 1, "active": "true", "rushing_att": 6, "rushing_twoptm": 0}, {"week": "17", "active": "false"}], "2010": [{"week": "1", "rushing_lngtd": 0, "receiving_tds": 0, "receiving_twopta": 0, "receiving_lng": 12, "rushing_tds": 0, "rushing_twopta": 0, "active": "true", "receiving_rec": 2, "rushing_lng": 22, "rushing_yds": 44, "receiving_lngtd": 0, "receiving_yds": 21, "rushing_att": 12, "receiving_twoptm": 0, "rushing_twoptm": 0}, {"week": "2", "rushing_lngtd": 0, "rushing_tds": 0, "rushing_twopta": 0, "rushing_lng": 5, "rushing_yds": 8, "active": "true", "rushing_att": 4, "rushing_twoptm": 0}, {"week": "3", "rushing_lngtd": 0, "receiving_tds": 0, "receiving_twopta": 0, "receiving_lng": 1, "rushing_tds": 0, "rushing_twopta": 0, "active": "true", "receiving_rec": 1, "rushing_lng": 7, "rushing_yds": 17, "receiving_lngtd": 0, "receiving_yds": 1, "rushing_att": 4, "receiving_twoptm": 0, "rushing_twoptm": 0}, {"week": "4", "rushing_lngtd": 2, "receiving_tds": 0, "receiving_twopta": 0, "receiving_lng": 4, "rushing_tds": 1, "rushing_twopta": 0, "active": "true", "receiving_rec": 1, "rushing_lng": 29, "rushing_yds": 62, "receiving_lngtd": 0, "receiving_yds": 4, "rushing_att": 6, "receiving_twoptm": 0, "rushing_twoptm": 0}, {"week": "5", "rushing_lngtd": 1, "rushing_tds": 1, "rushing_twopta": 0, "rushing_lng": 14, "rushing_yds": 41, "active": "true", "rushing_att": 10, "rushing_twoptm": 0}, {"week": "6", "rushing_lngtd": 6, "rushing_tds": 2, "rushing_twopta": 0, "rushing_lng": 7, "rushing_yds": 35, "active": "true", "rushing_att": 9, "rushing_twoptm": 0}, {"week": "7", "fumbles_tot": 1, "rushing_lngtd": 30, "fumbles_yds": 0, "fumbles_lost": 1, "fumbles_trcv": 0, "rushing_tds": 1, "fumbles_rcv": 0, "rushing_twopta": 0, "rushing_lng": 30, "rushing_yds": 75, "active": "true", "rushing_att": 12, "rushing_twoptm": 0}, {"week": "8", "active": "false"}, {"week": "9", "rushing_lngtd": 0, "rushing_tds": 0, "rushing_twopta": 0, "rushing_lng": 38, "rushing_yds": 78, "active": "true", "rushing_att": 11, "rushing_twoptm": 0}, {"week": "10", "rushing_lngtd": 0, "receiving_tds": 0, "receiving_twopta": 0, "receiving_lng": 10, "rushing_tds": 0, "rushing_twopta": 0, "active": "true", "receiving_rec": 2, "rushing_lng": 6, "rushing_yds": 17, "receiving_lngtd": 0, "receiving_yds": 11, "rushing_att": 5, "receiving_twoptm": 0, "rushing_twoptm": 0}, {"week": "11", "rushing_lngtd": 0, "receiving_tds": 0, "receiving_twopta": 0, "receiving_lng": 22, "rushing_tds": 0, "rushing_twopta": 0, "active": "true", "receiving_rec": 1, "rushing_lng": 6, "rushing_yds": 10, "receiving_lngtd": 0, "receiving_yds": 22, "rushing_att": 5, "receiving_twoptm": 0, "rushing_twoptm": 0}, {"week": "12", "rushing_lngtd": 0, "rushing_tds": 0, "rushing_twopta": 0, "rushing_lng": 18, "rushing_yds": 87, "active": "true", "rushing_att": 14, "rushing_twoptm": 0}, {"week": "13", "rushing_lngtd": 28, "rushing_tds": 2, "rushing_twopta": 0, "rushing_lng": 39, "rushing_yds": 103, "active": "true", "rushing_att": 8, "rushing_twoptm": 0}, {"week": "14", "rushing_lngtd": 1, "rushing_tds": 1, "rushing_twopta": 0, "rushing_lng": 73, "rushing_yds": 116, "active": "true", "rushing_att": 14, "rushing_twoptm": 0}, {"week": "15", "rushing_lngtd": 0, "rushing_tds": 0, "rushing_twopta": 0, "rushing_lng": 11, "rushing_yds": 34, "active": "true", "rushing_att": 12, "rushing_twoptm": 0}, {"week": "16", "fumbles_tot": 1, "rushing_lngtd": 0, "fumbles_yds": 0, "fumbles_lost": 1, "fumbles_trcv": 0, "rushing_tds": 0, "fumbles_rcv": 0, "rushing_twopta": 0, "rushing_lng": 21, "rushing_yds": 47, "active": "true", "rushing_att": 8, "rushing_twoptm": 0}, {"week": "17", "rushing_lngtd": 2, "rushing_tds": 1, "rushing_twopta": 0, "rushing_lng": 27, "rushing_yds": 49, "active": "true", "rushing_att": 13, "rushing_twoptm": 0}], "2011": [{"week": "1", "rushing_lngtd": 0, "rushing_tds": 0, "rushing_twopta": 0, "rushing_lng": 14, "rushing_yds": 29, "active": "true", "rushing_att": 6, "rushing_twoptm": 0}, {"week": "2", "rushing_lngtd": 9, "receiving_tds": 0, "receiving_twopta": 0, "receiving_lng": 17, "rushing_tds": 1, "rushing_twopta": 0, "active": "true", "receiving_rec": 1, "rushing_lng": 9, "rushing_yds": 50, "receiving_lngtd": 0, "receiving_yds": 17, "rushing_att": 16, "receiving_twoptm": 0, "rushing_twoptm": 0}, {"week": "3", "rushing_lngtd": 0, "receiving_tds": 1, "receiving_twopta": 0, "receiving_lng": 40, "rushing_tds": 0, "rushing_twopta": 1, "active": "true", "receiving_rec": 2, "rushing_lng": 6, "rushing_yds": 19, "receiving_lngtd": 40, "receiving_yds": 42, "rushing_att": 7, "receiving_twoptm": 0, "rushing_twoptm": 1}, {"week": "4", "rushing_lngtd": 1, "receiving_tds": 0, "receiving_twopta": 0, "receiving_lng": 0, "rushing_tds": 1, "rushing_twopta": 0, "active": "true", "receiving_rec": 1, "rushing_lng": 7, "rushing_yds": 18, "receiving_lngtd": 0, "receiving_yds": 0, "rushing_att": 9, "receiving_twoptm": 0, "rushing_twoptm": 0}, {"week": "5", "active": "false"}, {"week": "6", "active": "false"}, {"week": "7", "active": "false"}, {"week": "8", "fumbles_tot": 0, "rushing_lngtd": 0, "receiving_tds": 0, "fumbles_yds": 0, "receiving_twopta": 0, "fumbles_trcv": 1, "receiving_lng": 0, "rushing_tds": 0, "fumbles_rcv": 1, "rushing_twopta": 0, "fumbles_lost": 0, "receiving_rec": 1, "rushing_lng": 5, "rushing_yds": 10, "receiving_lngtd": 0, "receiving_yds": 0, "rushing_att": 4, "receiving_twoptm": 0, "rushing_twoptm": 0, "active": "true"}, {"week": "9", "rushing_lngtd": 10, "receiving_tds": 0, "receiving_twopta": 0, "receiving_lng": 10, "rushing_tds": 1, "rushing_twopta": 0, "active": "true", "receiving_rec": 4, "rushing_lng": 11, "rushing_yds": 72, "receiving_lngtd": 0, "receiving_yds": 28, "rushing_att": 18, "receiving_twoptm": 0, "rushing_twoptm": 0}, {"week": "10", "rushing_lngtd": 0, "receiving_tds": 0, "receiving_twopta": 0, "receiving_lng": 16, "rushing_tds": 0, "rushing_twopta": 0, "active": "true", "receiving_rec": 2, "rushing_lng": 15, "rushing_yds": 55, "receiving_lngtd": 0, "receiving_yds": 17, "rushing_att": 18, "receiving_twoptm": 0, "rushing_twoptm": 0}, {"week": "11", "rushing_lngtd": 0, "receiving_tds": 0, "receiving_twopta": 0, "receiving_lng": 8, "rushing_tds": 0, "rushing_twopta": 0, "active": "true", "receiving_rec": 3, "rushing_lng": 9, "rushing_yds": 21, "receiving_lngtd": 0, "receiving_yds": 11, "rushing_att": 12, "receiving_twoptm": 0, "rushing_twoptm": 0}, {"week": "12", "fumbles_tot": 1, "rushing_lngtd": 8, "fumbles_yds": 0, "fumbles_lost": 0, "fumbles_trcv": 1, "rushing_tds": 1, "fumbles_rcv": 1, "rushing_twopta": 0, "rushing_lng": 9, "rushing_yds": 46, "active": "true", "rushing_att": 13, "rushing_twoptm": 0}, {"week": "13", "rushing_lngtd": 1, "rushing_tds": 1, "rushing_twopta": 0, "rushing_lng": 14, "rushing_yds": 59, "active": "true", "rushing_att": 8, "rushing_twoptm": 0}, {"week": "14", "rushing_lngtd": 1, "rushing_tds": 2, "rushing_twopta": 0, "rushing_lng": 19, "rushing_yds": 101, "active": "true", "rushing_att": 19, "rushing_twoptm": 0}, {"week": "15", "fumbles_tot": 1, "rushing_lngtd": 0, "fumbles_yds": 0, "fumbles_lost": 0, "fumbles_trcv": 0, "rushing_tds": 0, "fumbles_rcv": 0, "rushing_twopta": 0, "rushing_lng": 11, "rushing_yds": 33, "active": "true", "rushing_att": 8, "rushing_twoptm": 0}, {"week": "16", "rushing_lngtd": 0, "receiving_tds": 0, "receiving_twopta": 0, "receiving_lng": 13, "rushing_tds": 0, "rushing_twopta": 0, "active": "true", "receiving_rec": 1, "rushing_lng": 28, "rushing_yds": 42, "receiving_lngtd": 0, "receiving_yds": 13, "rushing_att": 7, "receiving_twoptm": 0, "rushing_twoptm": 0}, {"week": "17", "fumbles_tot": 1, "rushing_lngtd": 0, "fumbles_yds": 0, "fumbles_lost": 0, "fumbles_trcv": 0, "rushing_tds": 0, "fumbles_rcv": 0, "rushing_twopta": 0, "rushing_lng": 6, "rushing_yds": 16, "active": "true", "rushing_att": 7, "rushing_twoptm": 0}], "2012": [{"week": "1", "active": "false"}, {"week": "2", "active": "false"}, {"week": "3", "active": "false"}, {"week": "4", "active": "false"}, {"week": "5", "active": "false"}, {"week": "6", "active": "false"}, {"week": "7", "active": "false"}, {"week": "8", "active": "false"}, {"week": "9", "active": "false"}, {"week": "10", "active": "false"}, {"week": "11", "active": "false"}, {"week": "12", "rushing_lngtd": 0, "rushing_tds": 0, "rushing_twopta": 0, "rushing_lng": 1, "rushing_yds": 1, "active": "true", "rushing_att": 1, "rushing_twoptm": 0}, {"week": "13", "rushing_lngtd": 0, "rushing_tds": 0, "rushing_twopta": 0, "rushing_lng": 3, "rushing_yds": 6, "active": "true", "rushing_att": 4, "rushing_twoptm": 0}, {"week": "14", "active": "false"}, {"week": "15", "active": "false"}, {"week": "16", "active": "false"}, {"week": "17", "active": "false"}], "2013": [{"week": "1", "active": "false"}, {"week": "2", "rushing_lngtd": 1, "rushing_tds": 1, "rushing_twopta": 0, "rushing_lng": 5, "rushing_yds": 4, "active": "true", "rushing_att": 7, "rushing_twoptm": 0}, {"week": "3", "rushing_lngtd": 0, "rushing_tds": 0, "rushing_twopta": 0, "rushing_lng": 2, "rushing_yds": 2, "active": "true", "rushing_att": 3, "rushing_twoptm": 0}, {"week": "4", "rushing_lngtd": 0, "receiving_tds": 0, "receiving_twopta": 0, "receiving_lng": 5, "rushing_tds": 0, "rushing_twopta": 0, "active": "true", "receiving_rec": 1, "rushing_lng": 5, "rushing_yds": 5, "receiving_lngtd": 0, "receiving_yds": 5, "rushing_att": 1, "receiving_twoptm": 0, "rushing_twoptm": 0}, {"week": "5", "fumbles_tot": 1, "rushing_lngtd": 0, "fumbles_yds": 0, "fumbles_lost": 1, "fumbles_trcv": 0, "rushing_tds": 0, "fumbles_rcv": 0, "rushing_twopta": 0, "rushing_lng": 7, "rushing_yds": 37, "active": "true", "rushing_att": 11, "rushing_twoptm": 0}, {"week": "6", "rushing_lngtd": 4, "receiving_tds": 0, "receiving_twopta": 0, "receiving_lng": 8, "rushing_tds": 2, "rushing_twopta": 0, "active": "true", "receiving_rec": 1, "rushing_lng": 16, "rushing_yds": 106, "receiving_lngtd": 0, "receiving_yds": 8, "rushing_att": 22, "receiving_twoptm": 0, "rushing_twoptm": 0}, {"week": "7", "active": "false"}, {"week": "8", "active": "false"}, {"week": "9", "active": "false"}, {"week": "10", "active": "false"}, {"week": "11", "rushing_lngtd": 1, "rushing_tds": 1, "rushing_twopta": 0, "rushing_lng": 5, "rushing_yds": 9, "active": "true", "rushing_att": 5, "rushing_twoptm": 0}, {"week": "12", "rushing_lngtd": 0, "rushing_tds": 0, "rushing_twopta": 0, "rushing_lng": 37, "rushing_yds": 75, "active": "true", "rushing_att": 9, "rushing_twoptm": 0}, {"week": "13", "active": "false"}, {"week": "14", "active": "false"}, {"week": "15", "active": "false"}, {"week": "16", "active": "false"}, {"week": "17", "active": "false"}], "2014": [{"week": "1", "active": "false"}, {"week": "2", "active": "false"}, {"week": "3", "active": "false"}, {"week": "4", "active": "false"}, {"week": "5", "active": "false"}, {"week": "6", "active": "false"}, {"week": "7", "active": "false"}, {"week": "8", "active": "false"}, {"week": "9", "active": "false"}, {"week": "10", "active": "false"}, {"week": "11", "active": "false"}, {"week": "12", "active": "false"}, {"week": "13", "active": "false"}, {"week": "14", "defense_sk": 0, "defense_tkl": 1, "defense_int": 0, "active": "true", "defense_ffum": 0, "defense_ast": 2}]}}