{"B.Edwards": {"2009": [{"week": "1", "receiving_tds": 0, "receiving_lng": 12, "active": "true", "receiving_rec": 1, "receiving_twopta": 0, "receiving_yds": 12, "receiving_twoptm": 0}, {"week": "2", "receiving_tds": 0, "receiving_lng": 24, "active": "true", "receiving_rec": 6, "receiving_twopta": 0, "receiving_yds": 92, "receiving_twoptm": 0}, {"week": "3", "receiving_tds": 0, "receiving_lng": 18, "active": "true", "receiving_rec": 3, "receiving_twopta": 0, "receiving_yds": 35, "receiving_twoptm": 0}, {"week": "4", "active": "false"}, {"week": "5", "receiving_tds": 1, "receiving_lng": 34, "active": "true", "receiving_rec": 5, "receiving_twopta": 0, "receiving_yds": 64, "receiving_twoptm": 0}, {"week": "6", "receiving_tds": 0, "receiving_lng": 22, "active": "true", "receiving_rec": 3, "receiving_twopta": 0, "receiving_yds": 40, "receiving_twoptm": 0}, {"week": "7", "receiving_tds": 0, "receiving_lng": 14, "active": "true", "receiving_rec": 1, "receiving_twopta": 0, "receiving_yds": 14, "receiving_twoptm": 0}, {"week": "8", "receiving_tds": 1, "receiving_lng": 25, "active": "true", "receiving_rec": 4, "receiving_twopta": 1, "receiving_yds": 74, "receiving_twoptm": 0}, {"week": "9", "active": "false"}, {"week": "10", "fumbles_tot": 1, "passing_att": 1, "fumbles_rcv": 0, "passing_twoptm": 0, "fumbles_yds": 0, "receiving_twopta": 1, "fumbles_trcv": 0, "passing_twopta": 0, "receiving_lng": 41, "passing_yds": 0, "passing_cmp": 0, "receiving_yds": 79, "receiving_rec": 3, "fumbles_lost": 1, "passing_ints": 0, "passing_tds": 0, "receiving_twoptm": 0, "active": "true", "receiving_tds": 0}, {"week": "11", "receiving_tds": 0, "receiving_lng": 10, "active": "true", "receiving_rec": 1, "receiving_twopta": 0, "receiving_yds": 10, "receiving_twoptm": 0}, {"week": "12", "receiving_tds": 0, "receiving_lng": 26, "active": "true", "receiving_rec": 3, "receiving_twopta": 0, "receiving_yds": 40, "receiving_twoptm": 0}, {"week": "13", "receiving_tds": 1, "receiving_lng": 27, "active": "true", "receiving_rec": 3, "receiving_twopta": 0, "receiving_yds": 45, "receiving_twoptm": 0}, {"week": "14", "receiving_tds": 0, "receiving_lng": 19, "active": "true", "receiving_rec": 3, "receiving_twopta": 0, "receiving_yds": 37, "receiving_twoptm": 0}, {"week": "15", "receiving_tds": 1, "receiving_lng": 65, "active": "true", "receiving_rec": 5, "receiving_twopta": 0, "receiving_yds": 105, "receiving_twoptm": 0}, {"week": "16", "receiving_tds": 0, "receiving_lng": 11, "active": "true", "receiving_rec": 2, "receiving_twopta": 1, "receiving_yds": 18, "receiving_twoptm": 1}, {"week": "17", "receiving_tds": 0, "receiving_lng": 9, "active": "true", "receiving_rec": 2, "receiving_twopta": 0, "receiving_yds": 15, "receiving_twoptm": 0}], "2010": [{"week": "1", "rushing_lngtd": 0, "receiving_tds": 0, "receiving_twopta": 0, "receiving_lng": 9, "rushing_tds": 0, "rushing_twopta": 0, "active": "true", "receiving_rec": 1, "rushing_lng": 4, "rushing_yds": 4, "receiving_lngtd": 0, "receiving_yds": 9, "rushing_att": 1, "receiving_twoptm": 0, "rushing_twoptm": 0}, {"week": "2", "receiving_tds": 1, "receiving_lng": 13, "active": "true", "receiving_rec": 5, "receiving_twopta": 1, "receiving_yds": 45, "receiving_lngtd": 10, "receiving_twoptm": 1}, {"week": "3", "receiving_tds": 1, "receiving_lng": 67, "active": "true", "receiving_rec": 2, "receiving_twopta": 0, "receiving_yds": 87, "receiving_lngtd": 67, "receiving_twoptm": 0}, {"week": "4", "receiving_tds": 1, "receiving_lng": 41, "active": "true", "receiving_rec": 4, "receiving_twopta": 0, "receiving_yds": 86, "receiving_lngtd": 41, "receiving_twoptm": 0}, {"week": "5", "receiving_tds": 0, "receiving_lng": 31, "active": "true", "receiving_rec": 5, "receiving_twopta": 0, "receiving_yds": 70, "receiving_lngtd": 0, "receiving_twoptm": 0}, {"week": "6", "receiving_tds": 1, "receiving_lng": 32, "active": "true", "receiving_rec": 4, "receiving_twopta": 0, "receiving_yds": 46, "receiving_lngtd": 32, "receiving_twoptm": 0}, {"week": "7", "active": "false"}, {"week": "8", "receiving_tds": 0, "receiving_lng": 32, "active": "true", "receiving_rec": 1, "receiving_twopta": 0, "receiving_yds": 32, "receiving_lngtd": 0, "receiving_twoptm": 0}, {"week": "9", "fumbles_tot": 1, "receiving_tds": 1, "fumbles_yds": 0, "fumbles_lost": 1, "fumbles_trcv": 0, "receiving_lng": 74, "fumbles_rcv": 0, "active": "true", "receiving_rec": 3, "receiving_twopta": 0, "receiving_yds": 78, "receiving_lngtd": 74, "receiving_twoptm": 0}, {"week": "10", "receiving_tds": 0, "receiving_lng": 22, "active": "true", "receiving_rec": 4, "receiving_twopta": 0, "receiving_yds": 59, "receiving_lngtd": 0, "receiving_twoptm": 0}, {"week": "11", "receiving_tds": 1, "receiving_lng": 42, "active": "true", "receiving_rec": 4, "receiving_twopta": 0, "receiving_yds": 86, "receiving_lngtd": 4, "receiving_twoptm": 0}, {"week": "12", "receiving_tds": 0, "receiving_lng": 15, "active": "true", "receiving_rec": 2, "receiving_twopta": 0, "receiving_yds": 20, "receiving_lngtd": 0, "receiving_twoptm": 0}, {"week": "13", "receiving_tds": 0, "receiving_lng": 24, "active": "true", "receiving_rec": 2, "receiving_twopta": 0, "receiving_yds": 39, "receiving_lngtd": 0, "receiving_twoptm": 0}, {"week": "14", "receiving_tds": 0, "receiving_lng": 17, "active": "true", "receiving_rec": 1, "receiving_twopta": 0, "receiving_yds": 17, "receiving_lngtd": 0, "receiving_twoptm": 0}, {"week": "15", "receiving_tds": 0, "receiving_lng": 38, "active": "true", "receiving_rec": 8, "receiving_twopta": 0, "receiving_yds": 100, "receiving_lngtd": 0, "receiving_twoptm": 0}, {"week": "16", "receiving_tds": 0, "receiving_lng": 19, "active": "true", "receiving_rec": 6, "receiving_twopta": 0, "receiving_yds": 78, "receiving_lngtd": 0, "receiving_twoptm": 0}, {"week": "17", "receiving_tds": 1, "receiving_lng": 52, "active": "true", "receiving_rec": 1, "receiving_twopta": 0, "receiving_yds": 52, "receiving_lngtd": 52, "receiving_twoptm": 0}], "2011": [{"week": "1", "receiving_tds": 0, "receiving_lng": 12, "active": "true", "receiving_rec": 3, "receiving_twopta": 0, "receiving_yds": 27, "receiving_lngtd": 0, "receiving_twoptm": 0}, {"week": "2", "receiving_tds": 0, "receiving_lng": 21, "active": "true", "receiving_rec": 1, "receiving_twopta": 0, "receiving_yds": 21, "receiving_lngtd": 0, "receiving_twoptm": 0}, {"week": "3", "active": "false"}, {"week": "4", "active": "false"}, {"week": "5", "active": "false"}, {"week": "6", "active": "false"}, {"week": "7", "active": "false"}, {"week": "8", "receiving_tds": 0, "receiving_lng": 13, "active": "true", "receiving_rec": 4, "receiving_twopta": 0, "receiving_yds": 42, "receiving_lngtd": 0, "receiving_twoptm": 0}, {"week": "9", "receiving_tds": 0, "receiving_lng": 24, "active": "true", "receiving_rec": 2, "receiving_twopta": 0, "receiving_yds": 30, "receiving_lngtd": 0, "receiving_twoptm": 0}, {"week": "10", "receiving_tds": 0, "receiving_lng": 21, "active": "true", "receiving_rec": 3, "receiving_twopta": 0, "receiving_yds": 47, "receiving_lngtd": 0, "receiving_twoptm": 0}, {"week": "11", "active": "false"}, {"week": "12", "receiving_tds": 0, "receiving_lng": 5, "active": "true", "receiving_rec": 1, "receiving_twopta": 0, "receiving_yds": 5, "receiving_lngtd": 0, "receiving_twoptm": 0}, {"week": "13", "active": "false"}, {"week": "14", "active": "false"}, {"week": "15", "active": "false"}, {"week": "16", "receiving_tds": 0, "receiving_lng": 9, "active": "true", "receiving_rec": 1, "receiving_twopta": 0, "receiving_yds": 9, "receiving_lngtd": 0, "receiving_twoptm": 0}, {"week": "17", "active": "false"}], "2012": [{"week": "1", "receiving_tds": 0, "receiving_lng": 16, "active": "true", "receiving_rec": 5, "receiving_twopta": 0, "receiving_yds": 43, "receiving_lngtd": 0, "receiving_twoptm": 0}, {"week": "2", "active": "false"}, {"week": "3", "active": "false"}, {"week": "4", "active": "false"}, {"week": "5", "receiving_tds": 0, "receiving_lng": 10, "active": "true", "receiving_rec": 1, "receiving_twopta": 0, "receiving_yds": 10, "receiving_lngtd": 0, "receiving_twoptm": 0}, {"week": "6", "receiving_tds": 1, "receiving_lng": 11, "active": "true", "receiving_rec": 2, "receiving_twopta": 0, "receiving_yds": 21, "receiving_lngtd": 10, "receiving_twoptm": 0}, {"week": "7", "active": "false"}, {"week": "8", "active": "false"}, {"week": "9", "active": "false"}, {"week": "10", "active": "false"}, {"week": "11", "active": "false"}, {"week": "12", "active": "false"}, {"week": "13", "active": "false"}, {"week": "14", "active": "false"}, {"week": "15", "receiving_tds": 0, "receiving_lng": 17, "active": "true", "receiving_rec": 3, "receiving_twopta": 0, "receiving_yds": 47, "receiving_lngtd": 0, "receiving_twoptm": 0}, {"week": "16", "receiving_tds": 0, "receiving_lng": 13, "active": "true", "receiving_rec": 3, "receiving_twopta": 0, "receiving_yds": 36, "receiving_lngtd": 0, "receiving_twoptm": 0}, {"week": "17", "receiving_tds": 0, "receiving_lng": 19, "active": "true", "receiving_rec": 4, "receiving_twopta": 0, "receiving_yds": 42, "receiving_lngtd": 0, "receiving_twoptm": 0}], "2013": [{"week": "1", "active": "false"}, {"week": "2", "active": "false"}, {"week": "3", "active": "false"}, {"week": "4", "active": "false"}, {"week": "5", "active": "false"}, {"week": "6", "active": "false"}, {"week": "7", "active": "false"}, {"week": "8", "active": "false"}, {"week": "9", "active": "false"}, {"week": "10", "active": "false"}, {"week": "11", "active": "false"}, {"week": "12", "active": "false"}, {"week": "13", "active": "false"}, {"week": "14", "active": "false"}, {"week": "15", "active": "false"}, {"week": "16", "active": "false"}, {"week": "17", "active": "false"}], "2014": [{"week": "1", "active": "false"}, {"week": "2", "active": "false"}, {"week": "3", "active": "false"}, {"week": "4", "active": "false"}, {"week": "5", "active": "false"}, {"week": "6", "active": "false"}, {"week": "7", "active": "false"}, {"week": "8", "active": "false"}, {"week": "9", "active": "false"}, {"week": "10", "active": "false"}, {"week": "11", "active": "false"}, {"week": "12", "active": "false"}, {"week": "13", "active": "false"}, {"week": "14", "active": "false"}]}}