{"B.Celek": {"2009": [{"week": "1", "receiving_tds": 1, "receiving_lng": 9, "active": "true", "receiving_rec": 6, "receiving_twopta": 0, "receiving_yds": 37, "receiving_twoptm": 0}, {"week": "2", "receiving_tds": 0, "receiving_lng": 26, "active": "true", "receiving_rec": 8, "receiving_twopta": 0, "receiving_yds": 104, "receiving_twoptm": 0}, {"week": "3", "receiving_tds": 1, "receiving_lng": 35, "active": "true", "receiving_rec": 8, "receiving_twopta": 0, "receiving_yds": 104, "receiving_twoptm": 0}, {"week": "4", "active": "false"}, {"week": "5", "receiving_tds": 0, "receiving_lng": 38, "active": "true", "receiving_rec": 4, "receiving_twopta": 0, "receiving_yds": 58, "receiving_twoptm": 0}, {"week": "6", "receiving_tds": 0, "receiving_lng": 42, "active": "true", "receiving_rec": 4, "receiving_twopta": 0, "receiving_yds": 75, "receiving_twoptm": 0}, {"week": "7", "receiving_tds": 0, "receiving_lng": 6, "active": "true", "receiving_rec": 3, "receiving_twopta": 0, "receiving_yds": 8, "receiving_twoptm": 0}, {"week": "8", "receiving_tds": 1, "receiving_lng": 20, "active": "true", "receiving_rec": 4, "receiving_twopta": 0, "receiving_yds": 61, "receiving_twoptm": 0}, {"week": "9", "receiving_tds": 1, "receiving_lng": 20, "active": "true", "receiving_rec": 3, "receiving_twopta": 0, "receiving_yds": 39, "receiving_twoptm": 0}, {"week": "10", "receiving_tds": 1, "receiving_lng": 17, "active": "true", "receiving_rec": 6, "receiving_twopta": 0, "receiving_yds": 47, "receiving_twoptm": 0}, {"week": "11", "receiving_tds": 0, "receiving_lng": 21, "active": "true", "receiving_rec": 4, "receiving_twopta": 0, "receiving_yds": 35, "receiving_twoptm": 0}, {"week": "12", "receiving_tds": 0, "receiving_lng": 15, "active": "true", "receiving_rec": 4, "receiving_twopta": 0, "receiving_yds": 33, "receiving_twoptm": 0}, {"week": "13", "receiving_tds": 1, "receiving_lng": 11, "active": "true", "receiving_rec": 2, "receiving_twopta": 0, "receiving_yds": 16, "receiving_twoptm": 0}, {"week": "14", "receiving_tds": 1, "receiving_lng": 23, "active": "true", "receiving_rec": 5, "receiving_twopta": 0, "receiving_yds": 64, "receiving_twoptm": 0}, {"week": "15", "receiving_tds": 0, "receiving_lng": 43, "active": "true", "receiving_rec": 4, "receiving_twopta": 0, "receiving_yds": 73, "receiving_twoptm": 0}, {"week": "16", "receiving_tds": 1, "receiving_lng": 47, "active": "true", "receiving_rec": 4, "receiving_twopta": 0, "receiving_yds": 121, "receiving_twoptm": 0}, {"week": "17", "receiving_tds": 0, "receiving_lng": 25, "active": "true", "receiving_rec": 7, "receiving_twopta": 0, "receiving_yds": 96, "receiving_twoptm": 0}], "2010": [{"week": "1", "receiving_tds": 0, "receiving_lng": 27, "active": "true", "receiving_rec": 2, "receiving_twopta": 0, "receiving_yds": 32, "receiving_lngtd": 0, "receiving_twoptm": 0}, {"week": "2", "receiving_tds": 0, "receiving_lng": 11, "active": "true", "receiving_rec": 3, "receiving_twopta": 0, "receiving_yds": 27, "receiving_lngtd": 0, "receiving_twoptm": 0}, {"week": "3", "receiving_tds": 0, "receiving_lng": 21, "active": "true", "receiving_rec": 4, "receiving_twopta": 0, "receiving_yds": 42, "receiving_lngtd": 0, "receiving_twoptm": 0}, {"week": "4", "receiving_tds": 1, "receiving_lng": 12, "active": "true", "receiving_rec": 3, "receiving_twopta": 0, "receiving_yds": 27, "receiving_lngtd": 5, "receiving_twoptm": 0}, {"week": "5", "receiving_tds": 1, "receiving_lng": 32, "active": "true", "receiving_rec": 3, "receiving_twopta": 0, "receiving_yds": 47, "receiving_lngtd": 8, "receiving_twoptm": 0}, {"week": "6", "receiving_tds": 0, "receiving_lng": 24, "active": "true", "receiving_rec": 4, "receiving_twopta": 0, "receiving_yds": 46, "receiving_lngtd": 0, "receiving_twoptm": 0}, {"week": "7", "receiving_tds": 0, "receiving_lng": 4, "active": "true", "receiving_rec": 2, "receiving_twopta": 0, "receiving_yds": 8, "receiving_lngtd": 0, "receiving_twoptm": 0}, {"week": "8", "active": "false"}, {"week": "9", "active": "false"}, {"week": "10", "receiving_tds": 0, "receiving_lng": 7, "active": "true", "receiving_rec": 2, "receiving_twopta": 0, "receiving_yds": 8, "receiving_lngtd": 0, "receiving_twoptm": 0}, {"week": "11", "active": "false"}, {"week": "12", "receiving_tds": 1, "receiving_lng": 30, "active": "true", "receiving_rec": 3, "receiving_twopta": 0, "receiving_yds": 50, "receiving_lngtd": 30, "receiving_twoptm": 0}, {"week": "13", "receiving_tds": 0, "receiving_lng": 20, "active": "true", "receiving_rec": 4, "receiving_twopta": 0, "receiving_yds": 55, "receiving_lngtd": 0, "receiving_twoptm": 0}, {"week": "14", "active": "false"}, {"week": "15", "kickret_lngtd": 0, "kickret_lng": 12, "receiving_tds": 1, "kickret_tds": 0, "receiving_lng": 65, "kickret_avg": 12, "active": "true", "receiving_rec": 2, "receiving_twopta": 0, "receiving_yds": 72, "receiving_lngtd": 65, "receiving_twoptm": 0, "kickret_ret": 1}, {"week": "16", "receiving_tds": 0, "receiving_lng": 22, "active": "true", "receiving_rec": 10, "receiving_twopta": 0, "receiving_yds": 97, "receiving_lngtd": 0, "receiving_twoptm": 0}, {"week": "17", "active": "false"}], "2011": [{"week": "1", "receiving_tds": 0, "receiving_lng": 13, "active": "true", "receiving_rec": 1, "receiving_twopta": 0, "receiving_yds": 13, "receiving_lngtd": 0, "receiving_twoptm": 0}, {"week": "2", "receiving_tds": 0, "receiving_lng": 24, "active": "true", "receiving_rec": 4, "receiving_twopta": 0, "receiving_yds": 43, "receiving_lngtd": 0, "receiving_twoptm": 0}, {"week": "3", "receiving_tds": 0, "receiving_lng": 6, "active": "true", "receiving_rec": 2, "receiving_twopta": 0, "receiving_yds": 9, "receiving_lngtd": 0, "receiving_twoptm": 0}, {"week": "4", "receiving_tds": 0, "receiving_lng": 2, "active": "true", "receiving_rec": 1, "receiving_twopta": 0, "receiving_yds": 2, "receiving_lngtd": 0, "receiving_twoptm": 0}, {"week": "5", "receiving_tds": 0, "receiving_lng": 6, "active": "true", "receiving_rec": 1, "receiving_twopta": 0, "receiving_yds": 6, "receiving_lngtd": 0, "receiving_twoptm": 0}, {"week": "6", "receiving_tds": 1, "receiving_lng": 21, "active": "true", "receiving_rec": 4, "receiving_twopta": 0, "receiving_yds": 42, "receiving_lngtd": 7, "receiving_twoptm": 0}, {"week": "7", "active": "false"}, {"week": "8", "receiving_tds": 1, "receiving_lng": 22, "active": "true", "receiving_rec": 7, "receiving_twopta": 0, "receiving_yds": 94, "receiving_lngtd": 9, "receiving_twoptm": 0}, {"week": "9", "receiving_tds": 0, "receiving_lng": 21, "active": "true", "receiving_rec": 7, "receiving_twopta": 0, "receiving_yds": 60, "receiving_lngtd": 0, "receiving_twoptm": 0}, {"week": "10", "receiving_tds": 0, "receiving_lng": 20, "active": "true", "receiving_rec": 4, "receiving_twopta": 0, "receiving_yds": 53, "receiving_lngtd": 0, "receiving_twoptm": 0}, {"week": "11", "receiving_tds": 0, "receiving_lng": 18, "active": "true", "receiving_rec": 6, "receiving_twopta": 0, "receiving_yds": 60, "receiving_lngtd": 0, "receiving_twoptm": 0}, {"week": "12", "receiving_tds": 0, "receiving_lng": 24, "active": "true", "receiving_rec": 5, "receiving_twopta": 0, "receiving_yds": 75, "receiving_lngtd": 0, "receiving_twoptm": 0}, {"week": "13", "receiving_tds": 0, "receiving_lng": 11, "active": "true", "receiving_rec": 3, "receiving_twopta": 0, "receiving_yds": 21, "receiving_lngtd": 0, "receiving_twoptm": 0}, {"week": "14", "receiving_tds": 0, "receiving_lng": 11, "active": "true", "receiving_rec": 4, "receiving_twopta": 0, "receiving_yds": 39, "receiving_lngtd": 0, "receiving_twoptm": 0}, {"week": "15", "receiving_tds": 1, "receiving_lng": 73, "active": "true", "receiving_rec": 5, "receiving_twopta": 0, "receiving_yds": 156, "receiving_lngtd": 26, "receiving_twoptm": 0}, {"week": "16", "receiving_tds": 1, "receiving_lng": 39, "active": "true", "receiving_rec": 2, "receiving_twopta": 0, "receiving_yds": 52, "receiving_lngtd": 13, "receiving_twoptm": 0}, {"week": "17", "receiving_tds": 1, "receiving_lng": 30, "active": "true", "receiving_rec": 6, "receiving_twopta": 0, "receiving_yds": 86, "receiving_lngtd": 4, "receiving_twoptm": 0}], "2012": [{"week": "1", "receiving_tds": 0, "receiving_lng": 28, "active": "true", "receiving_rec": 4, "receiving_twopta": 0, "receiving_yds": 65, "receiving_lngtd": 0, "receiving_twoptm": 0}, {"week": "2", "receiving_tds": 0, "receiving_lng": 28, "active": "true", "receiving_rec": 8, "receiving_twopta": 0, "receiving_yds": 157, "receiving_lngtd": 0, "receiving_twoptm": 0}, {"week": "3", "receiving_tds": 0, "receiving_lng": 34, "active": "true", "receiving_rec": 2, "receiving_twopta": 0, "receiving_yds": 36, "receiving_lngtd": 0, "receiving_twoptm": 0}, {"week": "4", "receiving_tds": 0, "receiving_lng": 27, "active": "true", "receiving_rec": 4, "receiving_twopta": 0, "receiving_yds": 57, "receiving_lngtd": 0, "receiving_twoptm": 0}, {"week": "5", "receiving_tds": 1, "receiving_lng": 5, "active": "true", "receiving_rec": 3, "receiving_twopta": 0, "receiving_yds": 9, "receiving_lngtd": 2, "receiving_twoptm": 0}, {"week": "6", "receiving_tds": 0, "receiving_lng": 11, "active": "true", "receiving_rec": 4, "receiving_twopta": 0, "receiving_yds": 33, "receiving_lngtd": 0, "receiving_twoptm": 0}, {"week": "7", "active": "false"}, {"week": "8", "receiving_tds": 0, "receiving_lng": 16, "active": "true", "receiving_rec": 3, "receiving_twopta": 0, "receiving_yds": 32, "receiving_lngtd": 0, "receiving_twoptm": 0}, {"week": "9", "fumbles_tot": 1, "receiving_tds": 0, "fumbles_yds": 0, "fumbles_lost": 1, "fumbles_trcv": 0, "receiving_lng": 14, "fumbles_rcv": 0, "active": "true", "receiving_rec": 5, "receiving_twopta": 0, "receiving_yds": 47, "receiving_lngtd": 0, "receiving_twoptm": 0}, {"week": "10", "receiving_tds": 0, "receiving_lng": 17, "active": "true", "receiving_rec": 3, "receiving_twopta": 0, "receiving_yds": 31, "receiving_lngtd": 0, "receiving_twoptm": 0}, {"week": "11", "receiving_tds": 0, "receiving_lng": 22, "active": "true", "receiving_rec": 5, "receiving_twopta": 0, "receiving_yds": 42, "receiving_lngtd": 0, "receiving_twoptm": 0}, {"week": "12", "receiving_tds": 0, "receiving_lng": 16, "active": "true", "receiving_rec": 2, "receiving_twopta": 0, "receiving_yds": 19, "receiving_lngtd": 0, "receiving_twoptm": 0}, {"week": "13", "receiving_tds": 0, "receiving_lng": 19, "active": "true", "receiving_rec": 7, "receiving_twopta": 0, "receiving_yds": 73, "receiving_lngtd": 0, "receiving_twoptm": 0}, {"week": "14", "receiving_tds": 0, "receiving_lng": 1, "active": "true", "receiving_rec": 1, "receiving_twopta": 0, "receiving_yds": 1, "receiving_lngtd": 0, "receiving_twoptm": 0}, {"week": "15", "active": "false"}, {"week": "16", "receiving_tds": 0, "receiving_lng": 17, "active": "true", "receiving_rec": 3, "receiving_twopta": 0, "receiving_yds": 39, "receiving_lngtd": 0, "receiving_twoptm": 0}, {"week": "17", "receiving_tds": 0, "receiving_lng": 28, "active": "true", "receiving_rec": 3, "receiving_twopta": 0, "receiving_yds": 43, "receiving_lngtd": 0, "receiving_twoptm": 0}], "2013": [{"week": "1", "receiving_tds": 1, "receiving_lng": 28, "active": "true", "receiving_rec": 2, "receiving_twopta": 0, "receiving_yds": 56, "receiving_lngtd": 28, "receiving_twoptm": 0}, {"week": "2", "active": "false"}, {"week": "3", "receiving_tds": 0, "receiving_lng": 16, "active": "true", "receiving_rec": 2, "receiving_twopta": 0, "receiving_yds": 18, "receiving_lngtd": 0, "receiving_twoptm": 0}, {"week": "4", "receiving_tds": 0, "receiving_lng": 27, "active": "true", "receiving_rec": 3, "receiving_twopta": 0, "receiving_yds": 57, "receiving_lngtd": 0, "receiving_twoptm": 0}, {"week": "5", "receiving_tds": 1, "receiving_lng": 25, "active": "true", "receiving_rec": 3, "receiving_twopta": 0, "receiving_yds": 47, "receiving_lngtd": 25, "receiving_twoptm": 0}, {"week": "6", "receiving_tds": 0, "receiving_lng": 10, "active": "true", "receiving_rec": 1, "receiving_twopta": 0, "receiving_yds": 10, "receiving_lngtd": 0, "receiving_twoptm": 0}, {"week": "7", "receiving_tds": 0, "receiving_lng": 9, "active": "true", "receiving_rec": 1, "receiving_twopta": 0, "receiving_yds": 9, "receiving_lngtd": 0, "receiving_twoptm": 0}, {"week": "8", "receiving_tds": 0, "receiving_lng": 9, "active": "true", "receiving_rec": 2, "receiving_twopta": 0, "receiving_yds": 17, "receiving_lngtd": 0, "receiving_twoptm": 0}, {"week": "9", "receiving_tds": 1, "receiving_lng": 24, "active": "true", "receiving_rec": 3, "receiving_twopta": 0, "receiving_yds": 27, "receiving_lngtd": 2, "receiving_twoptm": 0}, {"week": "10", "receiving_tds": 0, "receiving_lng": 7, "active": "true", "receiving_rec": 1, "receiving_twopta": 0, "receiving_yds": 7, "receiving_lngtd": 0, "receiving_twoptm": 0}, {"week": "11", "receiving_tds": 0, "receiving_lng": 42, "active": "true", "receiving_rec": 1, "receiving_twopta": 0, "receiving_yds": 42, "receiving_lngtd": 0, "receiving_twoptm": 0}, {"week": "12", "active": "false"}, {"week": "13", "receiving_tds": 1, "receiving_lng": 16, "active": "true", "receiving_rec": 4, "receiving_twopta": 0, "receiving_yds": 29, "receiving_lngtd": 1, "receiving_twoptm": 0}, {"week": "14", "receiving_tds": 0, "receiving_lng": 27, "active": "true", "receiving_rec": 2, "receiving_twopta": 0, "receiving_yds": 29, "receiving_lngtd": 0, "receiving_twoptm": 0}, {"week": "15", "receiving_tds": 0, "receiving_lng": 25, "active": "true", "receiving_rec": 1, "receiving_twopta": 0, "receiving_yds": 25, "receiving_lngtd": 0, "receiving_twoptm": 0}, {"week": "16", "fumbles_tot": 1, "receiving_tds": 1, "fumbles_yds": 0, "fumbles_lost": 1, "fumbles_trcv": 0, "receiving_lng": 24, "fumbles_rcv": 0, "active": "true", "receiving_rec": 3, "receiving_twopta": 0, "receiving_yds": 58, "receiving_lngtd": 10, "receiving_twoptm": 0}, {"week": "17", "receiving_tds": 1, "receiving_lng": 35, "active": "true", "receiving_rec": 3, "receiving_twopta": 0, "receiving_yds": 71, "receiving_lngtd": 14, "receiving_twoptm": 0}], "2014": [{"week": "1", "receiving_tds": 0, "receiving_lng": 12, "active": "true", "receiving_rec": 3, "receiving_twopta": 0, "receiving_yds": 15, "receiving_lngtd": 0, "receiving_twoptm": 0}, {"week": "2", "active": "false"}, {"week": "3", "active": "false"}, {"week": "4", "active": "false"}, {"week": "5", "receiving_tds": 0, "receiving_lng": 8, "active": "true", "receiving_rec": 3, "receiving_twopta": 0, "receiving_yds": 15, "receiving_lngtd": 0, "receiving_twoptm": 0}, {"week": "6", "receiving_tds": 0, "receiving_lng": 24, "active": "true", "receiving_rec": 4, "receiving_twopta": 0, "receiving_yds": 45, "receiving_lngtd": 0, "receiving_twoptm": 0}, {"week": "7", "active": "false"}, {"week": "8", "receiving_tds": 0, "receiving_lng": 6, "active": "true", "receiving_rec": 2, "receiving_twopta": 0, "receiving_yds": 8, "receiving_lngtd": 0, "receiving_twoptm": 0}, {"week": "9", "receiving_tds": 0, "receiving_lng": 4, "active": "true", "receiving_rec": 2, "receiving_twopta": 0, "receiving_yds": 7, "receiving_lngtd": 0, "receiving_twoptm": 0}, {"week": "10", "receiving_tds": 0, "receiving_lng": 37, "active": "true", "receiving_rec": 5, "receiving_twopta": 0, "receiving_yds": 116, "receiving_lngtd": 0, "receiving_twoptm": 0}, {"week": "11", "receiving_tds": 0, "receiving_lng": 11, "active": "true", "receiving_rec": 1, "receiving_twopta": 0, "receiving_yds": 11, "receiving_lngtd": 0, "receiving_twoptm": 0}, {"week": "12", "receiving_tds": 0, "receiving_lng": 15, "active": "true", "receiving_rec": 5, "receiving_twopta": 0, "receiving_yds": 48, "receiving_lngtd": 0, "receiving_twoptm": 0}, {"week": "13", "receiving_tds": 0, "receiving_lng": 7, "active": "true", "receiving_rec": 1, "receiving_twopta": 0, "receiving_yds": 7, "receiving_lngtd": 0, "receiving_twoptm": 0}, {"week": "14", "active": "false"}]}}