{"B.Kern": {"2009": [{"week": "1", "punting_pts": 8, "punting_avg": 36, "punting_lng": 56, "active": "true", "punting_yds": 340, "punting_i20": 3}, {"week": "2", "punting_pts": 2, "punting_avg": 43, "punting_lng": 57, "active": "true", "punting_yds": 109, "punting_i20": 1}, {"week": "3", "punting_pts": 2, "punting_avg": 27, "punting_lng": 48, "active": "true", "punting_yds": 81, "punting_i20": 0}, {"week": "4", "punting_pts": 6, "punting_avg": 42, "punting_lng": 62, "active": "true", "punting_yds": 305, "punting_i20": 2}, {"week": "5", "punting_pts": 5, "punting_avg": 38, "punting_lng": 64, "active": "true", "punting_yds": 231, "punting_i20": 2}, {"week": "6", "punting_pts": 4, "punting_avg": 16, "punting_lng": 50, "active": "true", "punting_yds": 179, "punting_i20": 1}, {"week": "7", "active": "false"}, {"week": "8", "punting_pts": 4, "punting_avg": 43, "punting_lng": 55, "active": "true", "punting_yds": 193, "punting_i20": 3}, {"week": "9", "punting_pts": 5, "punting_avg": 44, "punting_lng": 57, "active": "true", "punting_yds": 217, "punting_i20": 2}, {"week": "10", "punting_pts": 3, "punting_avg": 31, "punting_lng": 58, "active": "true", "punting_yds": 119, "punting_i20": 2}, {"week": "11", "punting_pts": 4, "punting_avg": 42, "punting_lng": 51, "active": "true", "punting_yds": 176, "punting_i20": 2}, {"week": "12", "punting_pts": 4, "punting_avg": 41, "punting_lng": 56, "active": "true", "punting_yds": 184, "punting_i20": 2}, {"week": "13", "punting_pts": 2, "punting_avg": 39, "punting_lng": 46, "active": "true", "punting_yds": 78, "punting_i20": 1}, {"week": "14", "punting_pts": 3, "punting_avg": 36, "punting_lng": 54, "active": "true", "punting_yds": 115, "punting_i20": 1}, {"week": "15", "punting_pts": 5, "punting_avg": 44, "punting_lng": 59, "active": "true", "punting_yds": 244, "punting_i20": 2}, {"week": "16", "punting_pts": 3, "punting_avg": 40, "punting_lng": 46, "active": "true", "punting_yds": 125, "punting_i20": 2}, {"week": "17", "punting_pts": 4, "punting_avg": 47, "punting_lng": 67, "active": "true", "punting_yds": 214, "punting_i20": 1}], "2010": [{"week": "1", "punting_pts": 4, "punting_avg": 45, "punting_lng": 60, "active": "true", "punting_yds": 200, "punting_i20": 2}, {"week": "2", "punting_pts": 5, "punting_avg": 42, "punting_lng": 57, "active": "true", "punting_yds": 244, "punting_i20": 1}, {"week": "3", "punting_pts": 5, "punting_avg": 37, "punting_lng": 55, "active": "true", "punting_yds": 214, "punting_i20": 1}, {"week": "4", "punting_pts": 6, "punting_avg": 32, "punting_lng": 60, "active": "true", "punting_yds": 245, "punting_i20": 0}, {"week": "5", "punting_pts": 5, "punting_avg": 35, "punting_lng": 45, "active": "true", "punting_yds": 174, "punting_i20": 2}, {"week": "6", "punting_pts": 2, "punting_avg": 50, "punting_lng": 51, "active": "true", "punting_yds": 98, "punting_i20": 1}, {"week": "7", "punting_pts": 4, "punting_avg": 44, "punting_lng": 68, "active": "true", "punting_yds": 192, "punting_i20": 0}, {"week": "8", "punting_pts": 6, "punting_avg": 44, "punting_lng": 63, "active": "true", "punting_yds": 279, "punting_i20": 4}, {"week": "9", "active": "false"}, {"week": "10", "punting_pts": 5, "punting_avg": 38, "punting_lng": 52, "active": "true", "punting_yds": 209, "punting_i20": 2}, {"week": "11", "punting_pts": 5, "punting_avg": 31, "punting_lng": 51, "active": "true", "punting_yds": 169, "punting_i20": 2}, {"week": "12", "punting_pts": 7, "punting_avg": 44, "punting_lng": 56, "active": "true", "punting_yds": 328, "punting_i20": 2}, {"week": "13", "punting_pts": 2, "punting_avg": 36, "punting_lng": 40, "active": "true", "punting_yds": 72, "punting_i20": 0}, {"week": "14", "rushing_lngtd": 0, "punting_lng": 46, "punting_pts": 4, "punting_i20": 0, "rushing_tds": 0, "punting_avg": 41, "rushing_twopta": 0, "rushing_lng": 0, "rushing_yds": 0, "punting_yds": 165, "active": "true", "rushing_att": 1, "rushing_twoptm": 0}, {"week": "15", "punting_pts": 4, "punting_avg": 35, "punting_lng": 46, "active": "true", "punting_yds": 150, "punting_i20": 2}, {"week": "16", "punting_pts": 8, "punting_avg": 37, "punting_lng": 58, "active": "true", "punting_yds": 352, "punting_i20": 3}, {"week": "17", "punting_pts": 5, "punting_avg": 42, "punting_lng": 48, "active": "true", "punting_yds": 211, "punting_i20": 2}], "2011": [{"week": "1", "punting_pts": 7, "punting_avg": 34, "punting_lng": 48, "active": "true", "punting_yds": 291, "punting_i20": 2}, {"week": "2", "punting_pts": 3, "punting_avg": 38, "punting_lng": 55, "active": "true", "punting_yds": 119, "punting_i20": 2}, {"week": "3", "fumbles_tot": 0, "rushing_lngtd": 0, "punting_lng": 62, "fumbles_yds": 0, "fumbles_lost": 0, "fumbles_trcv": 1, "punting_i20": 0, "rushing_tds": 0, "fumbles_rcv": 1, "punting_avg": 32, "rushing_twopta": 0, "punting_pts": 4, "rushing_lng": 21, "rushing_yds": 21, "punting_yds": 176, "active": "true", "rushing_att": 1, "rushing_twoptm": 0}, {"week": "4", "punting_pts": 6, "punting_avg": 37, "punting_lng": 64, "active": "true", "punting_yds": 237, "punting_i20": 2}, {"week": "5", "punting_pts": 4, "punting_avg": 42, "punting_lng": 44, "active": "true", "punting_yds": 169, "punting_i20": 1}, {"week": "6", "active": "false"}, {"week": "7", "punting_pts": 7, "punting_avg": 43, "punting_lng": 54, "active": "true", "punting_yds": 319, "punting_i20": 2}, {"week": "8", "punting_pts": 8, "punting_avg": 34, "punting_lng": 55, "active": "true", "punting_yds": 330, "punting_i20": 2}, {"week": "9", "punting_pts": 7, "punting_avg": 42, "punting_lng": 54, "active": "true", "punting_yds": 320, "punting_i20": 1}, {"week": "10", "punting_pts": 5, "punting_avg": 38, "punting_lng": 48, "active": "true", "punting_yds": 221, "punting_i20": 1}, {"week": "11", "punting_pts": 5, "punting_avg": 40, "punting_lng": 57, "active": "true", "punting_yds": 225, "punting_i20": 0}, {"week": "12", "punting_pts": 3, "punting_avg": 29, "punting_lng": 41, "active": "true", "punting_yds": 88, "punting_i20": 3}, {"week": "13", "punting_pts": 5, "punting_avg": 46, "punting_lng": 57, "active": "true", "punting_yds": 239, "punting_i20": 4}, {"week": "14", "punting_pts": 5, "punting_avg": 38, "punting_lng": 52, "active": "true", "punting_yds": 226, "punting_i20": 1}, {"week": "15", "punting_pts": 7, "punting_avg": 45, "punting_lng": 58, "active": "true", "punting_yds": 329, "punting_i20": 3}, {"week": "16", "punting_pts": 4, "punting_avg": 42, "punting_lng": 51, "active": "true", "punting_yds": 172, "punting_i20": 3}, {"week": "17", "punting_pts": 6, "punting_avg": 46, "punting_lng": 58, "active": "true", "punting_yds": 286, "punting_i20": 4}], "2012": [{"week": "1", "punting_pts": 4, "punting_avg": 46, "punting_lng": 56, "active": "true", "punting_yds": 209, "punting_i20": 2}, {"week": "2", "punting_pts": 7, "punting_avg": 49, "punting_lng": 63, "active": "true", "punting_yds": 361, "punting_i20": 3}, {"week": "3", "punting_pts": 1, "punting_avg": 41, "punting_lng": 41, "active": "true", "punting_yds": 41, "punting_i20": 0}, {"week": "4", "punting_pts": 7, "punting_avg": 42, "punting_lng": 60, "active": "true", "punting_yds": 326, "punting_i20": 2}, {"week": "5", "punting_pts": 6, "punting_avg": 43, "punting_lng": 53, "active": "true", "punting_yds": 256, "punting_i20": 3}, {"week": "6", "punting_pts": 5, "punting_avg": 45, "punting_lng": 61, "active": "true", "punting_yds": 261, "punting_i20": 2}, {"week": "7", "punting_pts": 3, "punting_avg": 35, "punting_lng": 57, "active": "true", "punting_yds": 124, "punting_i20": 2}, {"week": "8", "punting_pts": 3, "punting_avg": 39, "punting_lng": 61, "active": "true", "punting_yds": 130, "punting_i20": 1}, {"week": "9", "punting_pts": 6, "punting_avg": 30, "punting_lng": 59, "active": "true", "punting_yds": 299, "punting_i20": 1}, {"week": "10", "punting_pts": 4, "punting_avg": 48, "punting_lng": 71, "active": "true", "punting_yds": 208, "punting_i20": 3}, {"week": "11", "active": "false"}, {"week": "12", "punting_pts": 4, "punting_avg": 49, "punting_lng": 57, "active": "true", "punting_yds": 201, "punting_i20": 1}, {"week": "13", "punting_pts": 6, "punting_avg": 39, "punting_lng": 70, "active": "true", "punting_yds": 303, "punting_i20": 2}, {"week": "14", "punting_pts": 3, "punting_avg": 47, "punting_lng": 57, "active": "true", "punting_yds": 165, "punting_i20": 1}, {"week": "15", "punting_pts": 10, "punting_avg": 36, "punting_lng": 55, "active": "true", "punting_yds": 391, "punting_i20": 4}, {"week": "16", "punting_pts": 8, "punting_avg": 34, "punting_lng": 54, "active": "true", "punting_yds": 376, "punting_i20": 2}, {"week": "17", "punting_pts": 4, "punting_avg": 36, "punting_lng": 55, "active": "true", "punting_yds": 204, "punting_i20": 1}], "2013": [{"week": "1", "punting_pts": 5, "punting_avg": 41, "punting_lng": 55, "active": "true", "punting_yds": 208, "punting_i20": 4}, {"week": "2", "punting_pts": 8, "punting_avg": 47, "punting_lng": 54, "active": "true", "punting_yds": 382, "punting_i20": 1}, {"week": "3", "fumbles_tot": 1, "rushing_lngtd": 0, "punting_lng": 63, "fumbles_yds": -16, "fumbles_lost": 0, "fumbles_trcv": 1, "punting_i20": 2, "rushing_tds": 0, "fumbles_rcv": 1, "punting_avg": 44, "rushing_twopta": 0, "punting_pts": 3, "rushing_lng": 0, "rushing_yds": 0, "punting_yds": 140, "active": "true", "rushing_att": 1, "rushing_twoptm": 0}, {"week": "4", "punting_pts": 7, "punting_avg": 41, "punting_lng": 54, "active": "true", "punting_yds": 293, "punting_i20": 4}, {"week": "5", "punting_pts": 6, "punting_avg": 39, "punting_lng": 56, "active": "true", "punting_yds": 272, "punting_i20": 2}, {"week": "6", "fumbles_tot": 1, "rushing_lngtd": 0, "punting_lng": 46, "fumbles_yds": -14, "fumbles_lost": 0, "fumbles_trcv": 1, "punting_i20": 1, "rushing_tds": 0, "fumbles_rcv": 1, "punting_avg": 31, "rushing_twopta": 0, "punting_pts": 4, "rushing_lng": 0, "rushing_yds": 0, "punting_yds": 140, "active": "true", "rushing_att": 1, "rushing_twoptm": 0}, {"week": "7", "punting_pts": 6, "punting_avg": 44, "punting_lng": 55, "active": "true", "punting_yds": 263, "punting_i20": 3}, {"week": "8", "active": "false"}, {"week": "9", "punting_pts": 5, "punting_avg": 35, "punting_lng": 55, "active": "true", "punting_yds": 228, "punting_i20": 1}, {"week": "10", "punting_pts": 5, "punting_avg": 43, "punting_lng": 53, "active": "true", "punting_yds": 219, "punting_i20": 1}, {"week": "11", "punting_pts": 3, "punting_avg": 34, "punting_lng": 48, "active": "true", "punting_yds": 117, "punting_i20": 0}, {"week": "12", "punting_pts": 4, "punting_avg": 29, "punting_lng": 49, "active": "true", "punting_yds": 163, "punting_i20": 1}, {"week": "13", "punting_pts": 6, "punting_avg": 32, "punting_lng": 50, "active": "true", "punting_yds": 222, "punting_i20": 4}, {"week": "14", "punting_pts": 4, "punting_avg": 44, "punting_lng": 62, "active": "true", "punting_yds": 201, "punting_i20": 0}, {"week": "15", "punting_pts": 3, "punting_avg": 48, "punting_lng": 51, "active": "true", "punting_yds": 145, "punting_i20": 2}, {"week": "16", "punting_pts": 3, "punting_avg": 39, "punting_lng": 50, "active": "true", "punting_yds": 140, "punting_i20": 0}, {"week": "17", "punting_pts": 6, "punting_avg": 42, "punting_lng": 56, "active": "true", "punting_yds": 253, "punting_i20": 6}], "2014": [{"week": "1", "punting_pts": 6, "punting_avg": 43, "punting_lng": 63, "active": "true", "punting_yds": 304, "punting_i20": 3}, {"week": "2", "punting_pts": 5, "punting_avg": 38, "punting_lng": 54, "active": "true", "punting_yds": 225, "punting_i20": 1}, {"week": "3", "punting_pts": 4, "punting_avg": 25, "punting_lng": 45, "active": "true", "punting_yds": 141, "punting_i20": 0}, {"week": "4", "punting_pts": 6, "punting_avg": 42, "punting_lng": 55, "active": "true", "punting_yds": 265, "punting_i20": 2}, {"week": "5", "punting_pts": 4, "punting_avg": 35, "punting_lng": 54, "active": "true", "punting_yds": 188, "punting_i20": 1}, {"week": "6", "punting_pts": 5, "punting_avg": 40, "punting_lng": 69, "active": "true", "punting_yds": 249, "punting_i20": 3}, {"week": "7", "punting_pts": 5, "punting_avg": 39, "punting_lng": 44, "active": "true", "punting_yds": 196, "punting_i20": 2}, {"week": "8", "punting_pts": 6, "punting_avg": 49, "punting_lng": 62, "active": "true", "punting_yds": 310, "punting_i20": 2}, {"week": "9", "active": "false"}, {"week": "10", "punting_pts": 8, "punting_avg": 49, "punting_lng": 58, "active": "true", "punting_yds": 414, "punting_i20": 0}, {"week": "11", "punting_pts": 4, "punting_avg": 32, "punting_lng": 51, "active": "true", "punting_yds": 141, "punting_i20": 2}, {"week": "12", "punting_pts": 6, "punting_avg": 41, "punting_lng": 57, "active": "true", "punting_yds": 294, "punting_i20": 2}, {"week": "13", "punting_pts": 5, "punting_avg": 41, "punting_lng": 58, "active": "true", "punting_yds": 226, "punting_i20": 2}, {"week": "14", "punting_pts": 6, "punting_avg": 39, "punting_lng": 55, "active": "true", "punting_yds": 284, "punting_i20": 1}]}}