{"B.Favre": {"2009": [{"week": "1", "passing_att": 21, "passing_twoptm": 0, "passing_twopta": 0, "passing_yds": 110, "passing_cmp": 14, "active": "true", "passing_ints": 0, "passing_tds": 1}, {"week": "2", "passing_att": 27, "passing_twoptm": 0, "passing_twopta": 0, "passing_yds": 155, "passing_cmp": 23, "active": "true", "passing_ints": 0, "passing_tds": 2}, {"week": "3", "passing_att": 46, "passing_twoptm": 0, "passing_twopta": 0, "rushing_tds": 0, "passing_yds": 301, "rushing_yds": 1, "passing_cmp": 24, "rushing_twopta": 0, "active": "true", "rushing_lng": 1, "passing_ints": 1, "passing_tds": 2, "rushing_att": 1, "rushing_twoptm": 0}, {"week": "4", "passing_att": 31, "passing_twoptm": 0, "passing_twopta": 0, "rushing_tds": 0, "passing_yds": 271, "rushing_yds": -2, "passing_cmp": 24, "rushing_twopta": 0, "active": "true", "rushing_lng": -1, "passing_ints": 0, "passing_tds": 3, "rushing_att": 2, "rushing_twoptm": 0}, {"week": "5", "passing_att": 24, "passing_twoptm": 0, "receiving_twopta": 0, "passing_twopta": 0, "receiving_lng": -2, "passing_yds": 232, "passing_cmp": 18, "receiving_yds": -2, "receiving_rec": 1, "passing_ints": 1, "passing_tds": 1, "receiving_twoptm": 0, "active": "true", "receiving_tds": 0}, {"week": "6", "passing_att": 29, "passing_twoptm": 0, "passing_twopta": 0, "passing_yds": 278, "passing_cmp": 21, "active": "true", "passing_ints": 0, "passing_tds": 3}, {"week": "7", "fumbles_tot": 1, "passing_att": 51, "fumbles_rcv": 0, "passing_twoptm": 0, "fumbles_yds": 0, "fumbles_lost": 1, "fumbles_trcv": 0, "passing_twopta": 0, "rushing_tds": 0, "passing_yds": 334, "rushing_yds": -1, "passing_cmp": 34, "rushing_twopta": 0, "active": "true", "rushing_lng": -1, "passing_ints": 1, "passing_tds": 0, "rushing_att": 1, "rushing_twoptm": 0}, {"week": "8", "passing_att": 28, "passing_twoptm": 0, "passing_twopta": 0, "rushing_tds": 0, "passing_yds": 244, "rushing_yds": 0, "passing_cmp": 17, "rushing_twopta": 0, "active": "true", "rushing_lng": 0, "passing_ints": 0, "passing_tds": 4, "rushing_att": 1, "rushing_twoptm": 0}, {"week": "9", "active": "false"}, {"week": "10", "passing_att": 29, "passing_twoptm": 0, "passing_twopta": 0, "rushing_tds": 0, "passing_yds": 344, "rushing_yds": -1, "passing_cmp": 20, "rushing_twopta": 0, "active": "true", "rushing_lng": -1, "passing_ints": 0, "passing_tds": 1, "rushing_att": 1, "rushing_twoptm": 0}, {"week": "11", "passing_att": 25, "passing_twoptm": 0, "passing_twopta": 0, "passing_yds": 213, "passing_cmp": 22, "active": "true", "passing_ints": 0, "passing_tds": 4}, {"week": "12", "passing_att": 48, "passing_twoptm": 0, "passing_twopta": 0, "passing_yds": 392, "passing_cmp": 32, "active": "true", "passing_ints": 0, "passing_tds": 3}, {"week": "13", "passing_att": 45, "passing_twoptm": 0, "passing_twopta": 0, "passing_yds": 275, "passing_cmp": 30, "active": "true", "passing_ints": 2, "passing_tds": 2}, {"week": "14", "passing_att": 30, "passing_twoptm": 0, "passing_twopta": 0, "rushing_tds": 0, "passing_yds": 192, "rushing_yds": 8, "passing_cmp": 17, "rushing_twopta": 0, "active": "true", "rushing_lng": 4, "passing_ints": 1, "passing_tds": 1, "rushing_att": 2, "rushing_twoptm": 0}, {"week": "15", "passing_att": 27, "passing_twoptm": 0, "passing_twopta": 0, "passing_yds": 224, "passing_cmp": 17, "active": "true", "passing_ints": 1, "passing_tds": 0}, {"week": "16", "fumbles_tot": 1, "passing_att": 40, "fumbles_rcv": 0, "passing_twoptm": 0, "fumbles_yds": 0, "fumbles_lost": 1, "fumbles_trcv": 0, "passing_twopta": 0, "passing_yds": 321, "passing_cmp": 26, "active": "true", "passing_ints": 0, "passing_tds": 2}, {"week": "17", "passing_att": 31, "passing_twoptm": 0, "passing_twopta": 0, "rushing_tds": 0, "passing_yds": 316, "rushing_yds": 2, "passing_cmp": 25, "rushing_twopta": 0, "active": "true", "rushing_lng": 2, "passing_ints": 0, "passing_tds": 4, "rushing_att": 1, "rushing_twoptm": 0}], "2010": [{"week": "1", "passing_att": 27, "passing_twoptm": 0, "passing_twopta": 0, "passing_yds": 171, "passing_cmp": 15, "active": "true", "passing_ints": 1, "passing_tds": 1}, {"week": "2", "fumbles_tot": 1, "passing_att": 36, "fumbles_rcv": 0, "passing_twoptm": 0, "fumbles_yds": 0, "fumbles_lost": 1, "fumbles_trcv": 0, "passing_twopta": 0, "passing_yds": 225, "passing_cmp": 22, "active": "true", "passing_ints": 3, "passing_tds": 0}, {"week": "3", "passing_att": 34, "rushing_lngtd": 0, "passing_twoptm": 0, "passing_twopta": 0, "rushing_tds": 0, "passing_yds": 201, "rushing_yds": -2, "passing_cmp": 23, "rushing_twopta": 0, "active": "true", "rushing_lng": -1, "passing_ints": 2, "passing_tds": 1, "rushing_att": 2, "rushing_twoptm": 0}, {"week": "4", "active": "false"}, {"week": "5", "fumbles_tot": 3, "passing_att": 34, "rushing_lngtd": 0, "passing_twoptm": 0, "fumbles_yds": -4, "fumbles_rcv": 0, "fumbles_trcv": 0, "passing_twopta": 1, "rushing_tds": 0, "passing_yds": 264, "rushing_yds": 1, "passing_cmp": 14, "rushing_twopta": 0, "fumbles_lost": 2, "rushing_lng": 2, "passing_ints": 1, "passing_tds": 3, "rushing_att": 4, "rushing_twoptm": 0, "active": "true"}, {"week": "6", "fumbles_tot": 1, "passing_att": 19, "rushing_lngtd": 0, "passing_twoptm": 0, "fumbles_yds": -3, "fumbles_rcv": 0, "fumbles_trcv": 0, "passing_twopta": 0, "rushing_tds": 0, "passing_yds": 118, "rushing_yds": 0, "passing_cmp": 14, "rushing_twopta": 0, "fumbles_lost": 1, "rushing_lng": 0, "passing_ints": 0, "passing_tds": 1, "rushing_att": 1, "rushing_twoptm": 0, "active": "true"}, {"week": "7", "passing_att": 29, "passing_twoptm": 0, "passing_twopta": 0, "passing_yds": 212, "passing_cmp": 16, "active": "true", "passing_ints": 3, "passing_tds": 1}, {"week": "8", "passing_att": 32, "passing_twoptm": 0, "passing_twopta": 0, "passing_yds": 259, "passing_cmp": 22, "active": "true", "passing_ints": 1, "passing_tds": 0}, {"week": "9", "passing_att": 47, "rushing_lngtd": 0, "passing_twoptm": 0, "passing_twopta": 0, "rushing_tds": 0, "passing_yds": 446, "rushing_yds": 1, "passing_cmp": 36, "rushing_twopta": 0, "active": "true", "rushing_lng": 2, "passing_ints": 2, "passing_tds": 2, "rushing_att": 2, "rushing_twoptm": 0}, {"week": "10", "fumbles_tot": 1, "passing_att": 31, "rushing_lngtd": 0, "passing_twoptm": 0, "fumbles_yds": 0, "fumbles_rcv": 0, "fumbles_trcv": 0, "passing_twopta": 0, "rushing_tds": 0, "passing_yds": 170, "rushing_yds": -1, "passing_cmp": 18, "rushing_twopta": 0, "fumbles_lost": 1, "rushing_lng": 0, "passing_ints": 3, "passing_tds": 1, "rushing_att": 2, "rushing_twoptm": 0, "active": "true"}, {"week": "11", "fumbles_tot": 0, "passing_att": 38, "rushing_lngtd": 0, "passing_twoptm": 0, "fumbles_yds": 0, "fumbles_rcv": 1, "fumbles_trcv": 1, "passing_twopta": 0, "rushing_tds": 0, "passing_yds": 208, "rushing_yds": 0, "passing_cmp": 17, "rushing_twopta": 0, "fumbles_lost": 0, "rushing_lng": 0, "passing_ints": 1, "passing_tds": 0, "rushing_att": 1, "rushing_twoptm": 0, "active": "true"}, {"week": "12", "passing_att": 23, "rushing_lngtd": 0, "passing_twoptm": 0, "passing_twopta": 0, "rushing_tds": 0, "passing_yds": 172, "rushing_yds": 9, "passing_cmp": 15, "rushing_twopta": 0, "active": "true", "rushing_lng": 10, "passing_ints": 0, "passing_tds": 0, "rushing_att": 5, "rushing_twoptm": 0}, {"week": "13", "passing_att": 1, "passing_twoptm": 0, "passing_twopta": 0, "passing_yds": 0, "passing_cmp": 0, "active": "true", "passing_ints": 1, "passing_tds": 0}, {"week": "14", "active": "false"}, {"week": "15", "fumbles_tot": 1, "passing_att": 7, "rushing_lngtd": 0, "passing_twoptm": 0, "fumbles_yds": -22, "fumbles_rcv": 1, "fumbles_trcv": 1, "passing_twopta": 0, "rushing_tds": 0, "passing_yds": 63, "rushing_yds": 0, "passing_cmp": 5, "rushing_twopta": 0, "fumbles_lost": 0, "rushing_lng": 0, "passing_ints": 1, "passing_tds": 1, "rushing_att": 1, "rushing_twoptm": 0, "active": "true"}, {"week": "16", "active": "false"}, {"week": "17", "active": "false"}], "2011": [{"week": "1", "active": "false"}, {"week": "2", "active": "false"}, {"week": "3", "active": "false"}, {"week": "4", "active": "false"}, {"week": "5", "active": "false"}, {"week": "6", "active": "false"}, {"week": "7", "active": "false"}, {"week": "8", "active": "false"}, {"week": "9", "active": "false"}, {"week": "10", "active": "false"}, {"week": "11", "active": "false"}, {"week": "12", "active": "false"}, {"week": "13", "active": "false"}, {"week": "14", "active": "false"}, {"week": "15", "active": "false"}, {"week": "16", "active": "false"}, {"week": "17", "active": "false"}], "2012": [{"week": "1", "active": "false"}, {"week": "2", "active": "false"}, {"week": "3", "active": "false"}, {"week": "4", "active": "false"}, {"week": "5", "active": "false"}, {"week": "6", "active": "false"}, {"week": "7", "active": "false"}, {"week": "8", "active": "false"}, {"week": "9", "active": "false"}, {"week": "10", "active": "false"}, {"week": "11", "active": "false"}, {"week": "12", "active": "false"}, {"week": "13", "active": "false"}, {"week": "14", "active": "false"}, {"week": "15", "active": "false"}, {"week": "16", "active": "false"}, {"week": "17", "active": "false"}], "2013": [{"week": "1", "active": "false"}, {"week": "2", "active": "false"}, {"week": "3", "active": "false"}, {"week": "4", "active": "false"}, {"week": "5", "active": "false"}, {"week": "6", "active": "false"}, {"week": "7", "active": "false"}, {"week": "8", "active": "false"}, {"week": "9", "active": "false"}, {"week": "10", "active": "false"}, {"week": "11", "active": "false"}, {"week": "12", "active": "false"}, {"week": "13", "active": "false"}, {"week": "14", "active": "false"}, {"week": "15", "active": "false"}, {"week": "16", "active": "false"}, {"week": "17", "active": "false"}], "2014": [{"week": "1", "active": "false"}, {"week": "2", "active": "false"}, {"week": "3", "active": "false"}, {"week": "4", "active": "false"}, {"week": "5", "active": "false"}, {"week": "6", "active": "false"}, {"week": "7", "active": "false"}, {"week": "8", "active": "false"}, {"week": "9", "active": "false"}, {"week": "10", "active": "false"}, {"week": "11", "active": "false"}, {"week": "12", "active": "false"}, {"week": "13", "active": "false"}, {"week": "14", "active": "false"}]}}