{"B.Hoyer": {"2009": [{"week": "1", "active": "false"}, {"week": "2", "active": "false"}, {"week": "3", "active": "false"}, {"week": "4", "active": "false"}, {"week": "5", "active": "false"}, {"week": "6", "passing_att": 11, "passing_twoptm": 0, "passing_twopta": 0, "rushing_tds": 1, "passing_yds": 52, "rushing_yds": -2, "passing_cmp": 9, "rushing_twopta": 0, "active": "true", "rushing_lng": 4, "passing_ints": 0, "passing_tds": 0, "rushing_att": 6, "rushing_twoptm": 0}, {"week": "7", "rushing_tds": 0, "rushing_twopta": 0, "rushing_lng": 20, "rushing_yds": 17, "active": "true", "rushing_att": 3, "rushing_twoptm": 0}, {"week": "8", "active": "false"}, {"week": "9", "active": "false"}, {"week": "10", "active": "false"}, {"week": "11", "active": "false"}, {"week": "12", "passing_att": 4, "passing_twoptm": 0, "passing_twopta": 0, "passing_yds": 19, "passing_cmp": 2, "active": "true", "passing_ints": 0, "passing_tds": 0}, {"week": "13", "active": "false"}, {"week": "14", "active": "false"}, {"week": "15", "active": "false"}, {"week": "16", "active": "false"}, {"week": "17", "passing_att": 12, "passing_twoptm": 0, "passing_twopta": 0, "rushing_tds": 0, "passing_yds": 71, "rushing_yds": 10, "passing_cmp": 8, "rushing_twopta": 0, "active": "true", "rushing_lng": 10, "passing_ints": 0, "passing_tds": 0, "rushing_att": 1, "rushing_twoptm": 0}], "2010": [{"week": "1", "active": "false"}, {"week": "2", "active": "false"}, {"week": "3", "active": "false"}, {"week": "4", "rushing_lngtd": 0, "rushing_tds": 0, "rushing_twopta": 0, "rushing_lng": -2, "rushing_yds": -2, "active": "true", "rushing_att": 1, "rushing_twoptm": 0}, {"week": "5", "active": "false"}, {"week": "6", "active": "false"}, {"week": "7", "active": "false"}, {"week": "8", "active": "false"}, {"week": "9", "passing_att": 2, "rushing_lngtd": 0, "passing_twoptm": 0, "passing_twopta": 0, "rushing_tds": 0, "passing_yds": 0, "rushing_yds": -1, "passing_cmp": 0, "rushing_twopta": 0, "active": "true", "rushing_lng": -1, "passing_ints": 1, "passing_tds": 0, "rushing_att": 1, "rushing_twoptm": 0}, {"week": "10", "active": "false"}, {"week": "11", "active": "false"}, {"week": "12", "active": "false"}, {"week": "13", "active": "false"}, {"week": "14", "rushing_lngtd": 0, "rushing_tds": 0, "rushing_twopta": 0, "rushing_lng": 0, "rushing_yds": -2, "active": "true", "rushing_att": 3, "rushing_twoptm": 0}, {"week": "15", "active": "false"}, {"week": "16", "rushing_lngtd": 0, "rushing_tds": 0, "rushing_twopta": 0, "rushing_lng": 1, "rushing_yds": -2, "active": "true", "rushing_att": 4, "rushing_twoptm": 0}, {"week": "17", "passing_att": 13, "rushing_lngtd": 0, "passing_twoptm": 0, "passing_twopta": 0, "rushing_tds": 0, "passing_yds": 122, "rushing_yds": -1, "passing_cmp": 7, "rushing_twopta": 0, "active": "true", "rushing_lng": -1, "passing_ints": 0, "passing_tds": 1, "rushing_att": 1, "rushing_twoptm": 0}], "2011": [{"week": "1", "active": "false"}, {"week": "2", "active": "false"}, {"week": "3", "active": "false"}, {"week": "4", "active": "false"}, {"week": "5", "active": "false"}, {"week": "6", "active": "false"}, {"week": "7", "active": "false"}, {"week": "8", "active": "false"}, {"week": "9", "active": "false"}, {"week": "10", "active": "false"}, {"week": "11", "active": "false"}, {"week": "12", "rushing_lngtd": 0, "rushing_tds": 0, "rushing_twopta": 0, "rushing_lng": -1, "rushing_yds": -1, "active": "true", "rushing_att": 1, "rushing_twoptm": 0}, {"week": "13", "active": "false"}, {"week": "14", "active": "false"}, {"week": "15", "active": "false"}, {"week": "16", "active": "false"}, {"week": "17", "passing_att": 1, "rushing_lngtd": 0, "passing_twoptm": 0, "passing_twopta": 0, "rushing_tds": 0, "passing_yds": 22, "rushing_yds": -2, "passing_cmp": 1, "rushing_twopta": 0, "active": "true", "rushing_lng": 0, "passing_ints": 0, "passing_tds": 0, "rushing_att": 3, "rushing_twoptm": 0}], "2012": [{"week": "1", "active": "false"}, {"week": "2", "active": "false"}, {"week": "3", "active": "false"}, {"week": "4", "active": "false"}, {"week": "5", "active": "false"}, {"week": "6", "active": "false"}, {"week": "7", "active": "false"}, {"week": "8", "active": "false"}, {"week": "9", "active": "false"}, {"week": "10", "active": "false"}, {"week": "11", "active": "false"}, {"week": "12", "active": "false"}, {"week": "13", "active": "false"}, {"week": "14", "active": "false"}, {"week": "15", "active": "false"}, {"week": "16", "fumbles_tot": 1, "passing_att": 19, "fumbles_rcv": 1, "passing_twoptm": 0, "fumbles_yds": 0, "fumbles_lost": 0, "fumbles_trcv": 1, "passing_twopta": 0, "passing_yds": 105, "passing_cmp": 11, "active": "true", "passing_ints": 1, "passing_tds": 0}, {"week": "17", "passing_att": 34, "rushing_lngtd": 0, "passing_twoptm": 0, "passing_twopta": 0, "rushing_tds": 0, "passing_yds": 225, "rushing_yds": 6, "passing_cmp": 19, "rushing_twopta": 0, "active": "true", "rushing_lng": 6, "passing_ints": 1, "passing_tds": 1, "rushing_att": 1, "rushing_twoptm": 0}], "2013": [{"week": "1", "active": "false"}, {"week": "2", "active": "false"}, {"week": "3", "passing_att": 54, "rushing_lngtd": 0, "passing_twoptm": 0, "passing_twopta": 0, "rushing_tds": 0, "passing_yds": 321, "rushing_yds": -2, "passing_cmp": 30, "rushing_twopta": 0, "active": "true", "rushing_lng": -2, "passing_ints": 3, "passing_tds": 3, "rushing_att": 1, "rushing_twoptm": 0}, {"week": "4", "passing_att": 38, "rushing_lngtd": 0, "passing_twoptm": 0, "passing_twopta": 0, "rushing_tds": 0, "passing_yds": 269, "rushing_yds": 7, "passing_cmp": 25, "rushing_twopta": 0, "active": "true", "rushing_lng": 8, "passing_ints": 0, "passing_tds": 2, "rushing_att": 4, "rushing_twoptm": 0}, {"week": "5", "passing_att": 4, "rushing_lngtd": 0, "passing_twoptm": 0, "passing_twopta": 0, "rushing_tds": 0, "passing_yds": 25, "rushing_yds": 11, "passing_cmp": 2, "rushing_twopta": 0, "active": "true", "rushing_lng": 11, "passing_ints": 0, "passing_tds": 0, "rushing_att": 1, "rushing_twoptm": 0}, {"week": "6", "active": "false"}, {"week": "7", "active": "false"}, {"week": "8", "active": "false"}, {"week": "9", "active": "false"}, {"week": "10", "active": "false"}, {"week": "11", "active": "false"}, {"week": "12", "active": "false"}, {"week": "13", "active": "false"}, {"week": "14", "active": "false"}, {"week": "15", "active": "false"}, {"week": "16", "active": "false"}, {"week": "17", "active": "false"}], "2014": [{"week": "1", "passing_att": 31, "rushing_lngtd": 0, "passing_twoptm": 0, "passing_twopta": 0, "rushing_tds": 0, "passing_yds": 230, "rushing_yds": -2, "passing_cmp": 19, "rushing_twopta": 0, "active": "true", "rushing_lng": -2, "passing_ints": 0, "passing_tds": 1, "rushing_att": 1, "rushing_twoptm": 0}, {"week": "2", "passing_att": 40, "passing_twoptm": 0, "passing_twopta": 0, "passing_yds": 204, "passing_cmp": 24, "active": "true", "passing_ints": 0, "passing_tds": 1}, {"week": "3", "passing_att": 25, "rushing_lngtd": 0, "passing_twoptm": 0, "passing_twopta": 0, "rushing_tds": 0, "passing_yds": 290, "rushing_yds": 4, "passing_cmp": 19, "rushing_twopta": 0, "active": "true", "rushing_lng": 3, "passing_ints": 0, "passing_tds": 1, "rushing_att": 2, "rushing_twoptm": 0}, {"week": "4", "active": "false"}, {"week": "5", "passing_att": 37, "rushing_lngtd": 0, "passing_twoptm": 0, "passing_twopta": 0, "rushing_tds": 0, "passing_yds": 292, "rushing_yds": 2, "passing_cmp": 21, "rushing_twopta": 0, "active": "true", "rushing_lng": 2, "passing_ints": 1, "passing_tds": 3, "rushing_att": 1, "rushing_twoptm": 0}, {"week": "6", "fumbles_tot": 1, "passing_att": 17, "rushing_lngtd": 0, "passing_twoptm": 0, "fumbles_yds": -6, "fumbles_rcv": 0, "fumbles_trcv": 0, "passing_twopta": 0, "rushing_tds": 0, "passing_yds": 217, "rushing_yds": 0, "passing_cmp": 8, "rushing_twopta": 0, "fumbles_lost": 0, "rushing_lng": 0, "passing_ints": 0, "passing_tds": 1, "rushing_att": 1, "rushing_twoptm": 0, "active": "true"}, {"week": "7", "fumbles_tot": 1, "passing_att": 41, "rushing_lngtd": 0, "passing_twoptm": 0, "fumbles_yds": 0, "fumbles_rcv": 0, "fumbles_trcv": 0, "passing_twopta": 0, "rushing_tds": 0, "passing_yds": 215, "rushing_yds": -1, "passing_cmp": 16, "rushing_twopta": 0, "fumbles_lost": 1, "rushing_lng": -1, "passing_ints": 1, "passing_tds": 0, "rushing_att": 1, "rushing_twoptm": 0, "active": "true"}, {"week": "8", "passing_att": 28, "rushing_lngtd": 0, "passing_twoptm": 0, "passing_twopta": 0, "rushing_tds": 0, "passing_yds": 275, "rushing_yds": 1, "passing_cmp": 19, "rushing_twopta": 0, "active": "true", "rushing_lng": 2, "passing_ints": 0, "passing_tds": 1, "rushing_att": 2, "rushing_twoptm": 0}, {"week": "9", "passing_att": 34, "rushing_lngtd": 0, "passing_twoptm": 0, "passing_twopta": 1, "rushing_tds": 0, "passing_yds": 300, "rushing_yds": -1, "passing_cmp": 21, "rushing_twopta": 0, "active": "true", "rushing_lng": 3, "passing_ints": 2, "passing_tds": 2, "rushing_att": 3, "rushing_twoptm": 0}, {"week": "10", "passing_att": 23, "rushing_lngtd": 0, "passing_twoptm": 0, "passing_twopta": 0, "rushing_tds": 0, "passing_yds": 198, "rushing_yds": 1, "passing_cmp": 15, "rushing_twopta": 0, "active": "true", "rushing_lng": 3, "passing_ints": 0, "passing_tds": 0, "rushing_att": 4, "rushing_twoptm": 0}, {"week": "11", "fumbles_tot": 1, "passing_att": 50, "rushing_lngtd": 0, "passing_twoptm": 0, "fumbles_yds": 0, "fumbles_rcv": 1, "fumbles_trcv": 1, "passing_twopta": 0, "rushing_tds": 0, "passing_yds": 330, "rushing_yds": -6, "passing_cmp": 20, "rushing_twopta": 0, "fumbles_lost": 0, "rushing_lng": 2, "passing_ints": 1, "passing_tds": 1, "rushing_att": 3, "rushing_twoptm": 0, "active": "true"}, {"week": "12", "fumbles_tot": 1, "passing_att": 40, "rushing_lngtd": 0, "passing_twoptm": 0, "fumbles_yds": -4, "fumbles_rcv": 1, "fumbles_trcv": 1, "passing_twopta": 0, "rushing_tds": 0, "passing_yds": 322, "rushing_yds": 12, "passing_cmp": 23, "rushing_twopta": 0, "fumbles_lost": 0, "rushing_lng": 9, "passing_ints": 3, "passing_tds": 0, "rushing_att": 3, "rushing_twoptm": 0, "active": "true"}, {"week": "13", "passing_att": 30, "passing_twoptm": 0, "passing_twopta": 0, "passing_yds": 192, "passing_cmp": 18, "active": "true", "passing_ints": 2, "passing_tds": 0}, {"week": "14", "active": "false"}]}}