{"B.Westbrook": {"2009": [{"week": "1", "receiving_lng": 4, "receiving_tds": 1, "receiving_twopta": 0, "rushing_tds": 0, "rushing_twopta": 0, "active": "true", "receiving_rec": 3, "rushing_lng": 17, "rushing_yds": 64, "receiving_yds": 8, "rushing_att": 13, "receiving_twoptm": 0, "rushing_twoptm": 0}, {"week": "2", "passing_att": 1, "receiving_lng": 7, "passing_twoptm": 0, "receiving_twopta": 0, "passing_twopta": 0, "rushing_tds": 0, "passing_yds": 0, "rushing_yds": 52, "passing_cmp": 0, "rushing_twopta": 0, "receiving_yds": 14, "receiving_rec": 3, "rushing_lng": 16, "passing_ints": 0, "passing_tds": 0, "rushing_att": 13, "receiving_twoptm": 0, "rushing_twoptm": 0, "active": "true", "receiving_tds": 0}, {"week": "3", "active": "false"}, {"week": "4", "active": "false"}, {"week": "5", "fumbles_tot": 1, "puntret_ret": 1, "puntret_avg": 0, "fumbles_yds": 0, "fumbles_lost": 1, "fumbles_trcv": 0, "fumbles_rcv": 0, "puntret_tds": 0, "active": "true", "puntret_lng": 0}, {"week": "6", "receiving_lng": 34, "receiving_tds": 0, "receiving_twopta": 0, "rushing_tds": 0, "rushing_twopta": 0, "active": "true", "receiving_rec": 9, "rushing_lng": 25, "rushing_yds": 50, "receiving_yds": 91, "rushing_att": 6, "receiving_twoptm": 0, "rushing_twoptm": 0}, {"week": "7", "rushing_tds": 0, "rushing_twopta": 0, "rushing_lng": 5, "rushing_yds": 13, "active": "true", "rushing_att": 3, "rushing_twoptm": 0}, {"week": "8", "active": "false"}, {"week": "9", "active": "false"}, {"week": "10", "receiving_lng": 17, "receiving_tds": 0, "receiving_twopta": 0, "rushing_tds": 0, "rushing_twopta": 0, "active": "true", "receiving_rec": 2, "rushing_lng": 11, "rushing_yds": 28, "receiving_yds": 26, "rushing_att": 6, "receiving_twoptm": 0, "rushing_twoptm": 0}, {"week": "11", "active": "false"}, {"week": "12", "active": "false"}, {"week": "13", "defense_sk": 0, "defense_tkl": 2, "defense_int": 0, "active": "true", "defense_ffum": 0, "defense_ast": 0}, {"week": "14", "active": "false"}, {"week": "15", "active": "false"}, {"week": "16", "receiving_lng": 6, "receiving_tds": 0, "receiving_twopta": 0, "rushing_tds": 0, "rushing_twopta": 0, "active": "true", "receiving_rec": 2, "rushing_lng": 9, "rushing_yds": 32, "receiving_yds": 5, "rushing_att": 9, "receiving_twoptm": 0, "rushing_twoptm": 0}, {"week": "17", "receiving_lng": 11, "receiving_tds": 0, "receiving_twopta": 0, "rushing_tds": 0, "rushing_twopta": 0, "active": "true", "receiving_rec": 4, "rushing_lng": 8, "rushing_yds": 17, "receiving_yds": 20, "rushing_att": 5, "receiving_twoptm": 0, "rushing_twoptm": 0}], "2010": [{"week": "1", "active": "false"}, {"week": "2", "rushing_lngtd": 0, "rushing_tds": 0, "rushing_twopta": 0, "rushing_lng": 0, "rushing_yds": 0, "active": "true", "rushing_att": 1, "rushing_twoptm": 0}, {"week": "3", "receiving_tds": 0, "receiving_lng": 5, "active": "true", "receiving_rec": 2, "receiving_twopta": 0, "receiving_yds": 6, "receiving_lngtd": 0, "receiving_twoptm": 0}, {"week": "4", "kickret_lngtd": 0, "kickret_lng": 0, "kickret_avg": 0, "kickret_tds": 0, "active": "true", "kickret_ret": 1}, {"week": "5", "kickret_lngtd": 0, "kickret_lng": 6, "kickret_avg": 6, "kickret_tds": 0, "active": "true", "kickret_ret": 1}, {"week": "6", "receiving_tds": 0, "receiving_lng": 19, "active": "true", "receiving_rec": 1, "receiving_twopta": 0, "receiving_yds": 19, "receiving_lngtd": 0, "receiving_twoptm": 0}, {"week": "7", "rushing_lngtd": 0, "rushing_tds": 0, "rushing_twopta": 0, "rushing_lng": -1, "rushing_yds": -1, "active": "true", "rushing_att": 1, "rushing_twoptm": 0}, {"week": "8", "rushing_lngtd": 0, "receiving_tds": 0, "receiving_twopta": 0, "receiving_lng": 9, "rushing_tds": 0, "rushing_twopta": 0, "active": "true", "receiving_rec": 1, "rushing_lng": 2, "rushing_yds": 4, "receiving_lngtd": 0, "receiving_yds": 9, "rushing_att": 2, "receiving_twoptm": 0, "rushing_twoptm": 0}, {"week": "9", "active": "false"}, {"week": "10", "receiving_tds": 0, "receiving_lng": 4, "active": "true", "receiving_rec": 1, "receiving_twopta": 0, "receiving_yds": 4, "receiving_lngtd": 0, "receiving_twoptm": 0}, {"week": "11", "active": "false"}, {"week": "12", "rushing_lngtd": 8, "rushing_tds": 1, "rushing_twopta": 0, "rushing_lng": 19, "rushing_yds": 136, "active": "true", "rushing_att": 23, "rushing_twoptm": 0}, {"week": "13", "rushing_lngtd": 0, "rushing_tds": 0, "rushing_twopta": 0, "rushing_lng": 11, "rushing_yds": 31, "active": "true", "rushing_att": 9, "rushing_twoptm": 0}, {"week": "14", "rushing_lngtd": 0, "receiving_tds": 1, "receiving_twopta": 0, "receiving_lng": 62, "rushing_tds": 0, "rushing_twopta": 0, "active": "true", "receiving_rec": 6, "rushing_lng": 8, "rushing_yds": 23, "receiving_lngtd": 62, "receiving_yds": 87, "rushing_att": 9, "receiving_twoptm": 0, "rushing_twoptm": 0}, {"week": "15", "rushing_lngtd": 3, "receiving_tds": 0, "receiving_twopta": 0, "receiving_lng": 6, "rushing_tds": 1, "rushing_twopta": 0, "active": "true", "receiving_rec": 2, "rushing_lng": 7, "rushing_yds": 22, "receiving_lngtd": 0, "receiving_yds": 8, "rushing_att": 8, "receiving_twoptm": 0, "rushing_twoptm": 0}, {"week": "16", "fumbles_tot": 0, "rushing_lngtd": 0, "receiving_tds": 0, "fumbles_yds": 0, "receiving_twopta": 0, "fumbles_trcv": 1, "receiving_lng": 5, "rushing_tds": 0, "fumbles_rcv": 1, "rushing_twopta": 0, "fumbles_lost": 0, "receiving_rec": 2, "rushing_lng": 9, "rushing_yds": 40, "receiving_lngtd": 0, "receiving_yds": 3, "rushing_att": 10, "receiving_twoptm": 0, "rushing_twoptm": 0, "active": "true"}, {"week": "17", "defense_sk": 0, "defense_tkl": 2, "defense_int": 0, "active": "true", "defense_ffum": 0, "defense_ast": 1}], "2011": [{"week": "1", "defense_sk": 0, "defense_tkl": 0, "defense_int": 0, "active": "true", "defense_ffum": 0, "defense_ast": 1}, {"week": "2", "defense_sk": 0, "defense_tkl": 3, "defense_int": 0, "active": "true", "defense_ffum": 1, "defense_ast": 1}, {"week": "3", "active": "false"}, {"week": "4", "defense_sk": 0, "defense_tkl": 1, "defense_int": 0, "active": "true", "defense_ffum": 0, "defense_ast": 0}, {"week": "5", "active": "false"}, {"week": "6", "active": "false"}, {"week": "7", "active": "false"}, {"week": "8", "active": "false"}, {"week": "9", "active": "false"}, {"week": "10", "active": "false"}, {"week": "11", "active": "false"}, {"week": "12", "active": "false"}, {"week": "13", "active": "false"}, {"week": "14", "active": "false"}, {"week": "15", "defense_sk": 0, "defense_tkl": 1, "defense_int": 0, "active": "true", "defense_ffum": 0, "defense_ast": 1}, {"week": "16", "active": "false"}, {"week": "17", "defense_sk": 0, "defense_tkl": 4, "defense_int": 0, "active": "true", "defense_ffum": 0, "defense_ast": 0}], "2012": [{"week": "1", "active": "false"}, {"week": "2", "active": "false"}, {"week": "3", "active": "false"}, {"week": "4", "active": "false"}, {"week": "5", "active": "false"}, {"week": "6", "active": "false"}, {"week": "7", "active": "false"}, {"week": "8", "active": "false"}, {"week": "9", "active": "false"}, {"week": "10", "active": "false"}, {"week": "11", "active": "false"}, {"week": "12", "active": "false"}, {"week": "13", "active": "false"}, {"week": "14", "active": "false"}, {"week": "15", "active": "false"}, {"week": "16", "active": "false"}, {"week": "17", "active": "false"}], "2013": [{"week": "1", "active": "false"}, {"week": "2", "active": "false"}, {"week": "3", "active": "false"}, {"week": "4", "active": "false"}, {"week": "5", "active": "false"}, {"week": "6", "active": "false"}, {"week": "7", "active": "false"}, {"week": "8", "active": "false"}, {"week": "9", "active": "false"}, {"week": "10", "active": "false"}, {"week": "11", "active": "false"}, {"week": "12", "active": "false"}, {"week": "13", "active": "false"}, {"week": "14", "active": "false"}, {"week": "15", "active": "false"}, {"week": "16", "active": "false"}, {"week": "17", "active": "false"}], "2014": [{"week": "1", "active": "false"}, {"week": "2", "active": "false"}, {"week": "3", "active": "false"}, {"week": "4", "active": "false"}, {"week": "5", "active": "false"}, {"week": "6", "active": "false"}, {"week": "7", "active": "false"}, {"week": "8", "active": "false"}, {"week": "9", "active": "false"}, {"week": "10", "active": "false"}, {"week": "11", "active": "false"}, {"week": "12", "active": "false"}, {"week": "13", "active": "false"}, {"week": "14", "active": "false"}]}}