{"B.Leonard": {"2009": [{"week": "1", "receiving_lng": 18, "receiving_tds": 0, "receiving_twopta": 0, "rushing_tds": 0, "rushing_twopta": 0, "active": "true", "receiving_rec": 2, "rushing_lng": 5, "rushing_yds": 6, "receiving_yds": 24, "rushing_att": 2, "receiving_twoptm": 0, "rushing_twoptm": 0}, {"week": "2", "receiving_tds": 0, "receiving_lng": 11, "active": "true", "receiving_rec": 2, "receiving_twopta": 0, "receiving_yds": 17, "receiving_twoptm": 0}, {"week": "3", "receiving_tds": 0, "receiving_lng": 11, "active": "true", "receiving_rec": 1, "receiving_twopta": 1, "receiving_yds": 11, "receiving_twoptm": 1}, {"week": "4", "receiving_lng": 9, "receiving_tds": 0, "receiving_twopta": 0, "rushing_tds": 0, "rushing_twopta": 0, "active": "true", "receiving_rec": 6, "rushing_lng": 4, "rushing_yds": 4, "receiving_yds": 28, "rushing_att": 1, "receiving_twoptm": 0, "rushing_twoptm": 0}, {"week": "5", "fumbles_tot": 0, "receiving_lng": 10, "receiving_tds": 0, "fumbles_yds": 0, "receiving_twopta": 0, "fumbles_trcv": 1, "rushing_tds": 0, "fumbles_rcv": 1, "rushing_twopta": 0, "fumbles_lost": 0, "receiving_rec": 3, "rushing_lng": 1, "rushing_yds": 1, "receiving_yds": 30, "rushing_att": 1, "receiving_twoptm": 0, "rushing_twoptm": 0, "active": "true"}, {"week": "6", "active": "false"}, {"week": "7", "active": "false"}, {"week": "8", "active": "false"}, {"week": "9", "receiving_lng": 10, "receiving_tds": 0, "receiving_twopta": 0, "rushing_tds": 0, "rushing_twopta": 0, "active": "true", "receiving_rec": 3, "rushing_lng": 11, "rushing_yds": 11, "receiving_yds": 19, "rushing_att": 3, "receiving_twoptm": 0, "rushing_twoptm": 0}, {"week": "10", "receiving_lng": 17, "receiving_tds": 0, "receiving_twopta": 0, "rushing_tds": 0, "rushing_twopta": 0, "active": "true", "receiving_rec": 3, "rushing_lng": 3, "rushing_yds": 8, "receiving_yds": 24, "rushing_att": 4, "receiving_twoptm": 0, "rushing_twoptm": 0}, {"week": "11", "rushing_tds": 0, "rushing_twopta": 0, "rushing_lng": 11, "rushing_yds": 36, "active": "true", "rushing_att": 13, "rushing_twoptm": 0}, {"week": "12", "receiving_lng": 6, "receiving_tds": 0, "receiving_twopta": 0, "rushing_tds": 0, "rushing_twopta": 0, "active": "true", "receiving_rec": 1, "rushing_lng": 1, "rushing_yds": 1, "receiving_yds": 6, "rushing_att": 1, "receiving_twoptm": 0, "rushing_twoptm": 0}, {"week": "13", "receiving_tds": 0, "receiving_lng": 14, "active": "true", "receiving_rec": 2, "receiving_twopta": 0, "receiving_yds": 25, "receiving_twoptm": 0}, {"week": "14", "fumbles_tot": 1, "receiving_lng": 13, "receiving_tds": 0, "fumbles_yds": 0, "receiving_twopta": 0, "fumbles_trcv": 0, "rushing_tds": 0, "fumbles_rcv": 0, "rushing_twopta": 0, "fumbles_lost": 1, "receiving_rec": 3, "rushing_lng": 9, "rushing_yds": 9, "receiving_yds": 9, "rushing_att": 1, "receiving_twoptm": 0, "rushing_twoptm": 0, "active": "true"}, {"week": "15", "receiving_tds": 0, "receiving_lng": 6, "active": "true", "receiving_rec": 2, "receiving_twopta": 0, "receiving_yds": 12, "receiving_twoptm": 0}, {"week": "16", "kickret_lng": 24, "receiving_tds": 0, "kickret_tds": 0, "receiving_lng": 8, "kickret_avg": 24, "active": "true", "receiving_rec": 2, "receiving_twopta": 0, "receiving_yds": 12, "receiving_twoptm": 0, "kickret_ret": 1}, {"week": "17", "kickret_lng": 14, "kickret_tds": 0, "kickret_ret": 1, "rushing_tds": 0, "kickret_avg": 14, "rushing_twopta": 0, "rushing_lng": 8, "rushing_yds": 8, "active": "true", "rushing_att": 1, "rushing_twoptm": 0}], "2010": [{"week": "1", "active": "false"}, {"week": "2", "active": "false"}, {"week": "3", "rushing_lngtd": 0, "receiving_tds": 0, "receiving_twopta": 0, "receiving_lng": 6, "rushing_tds": 0, "rushing_twopta": 0, "active": "true", "receiving_rec": 1, "rushing_lng": 6, "rushing_yds": 16, "receiving_lngtd": 0, "receiving_yds": 6, "rushing_att": 3, "receiving_twoptm": 0, "rushing_twoptm": 0}, {"week": "4", "receiving_tds": 1, "receiving_lng": 8, "active": "true", "receiving_rec": 2, "receiving_twopta": 0, "receiving_yds": 11, "receiving_lngtd": 3, "receiving_twoptm": 0}, {"week": "5", "rushing_lngtd": 0, "receiving_tds": 0, "receiving_twopta": 0, "receiving_lng": 11, "rushing_tds": 0, "rushing_twopta": 0, "active": "true", "receiving_rec": 1, "rushing_lng": 0, "rushing_yds": -2, "receiving_lngtd": 0, "receiving_yds": 11, "rushing_att": 2, "receiving_twoptm": 0, "rushing_twoptm": 0}, {"week": "6", "active": "false"}, {"week": "7", "active": "false"}, {"week": "8", "rushing_lngtd": 0, "rushing_tds": 0, "rushing_twopta": 0, "rushing_lng": 2, "rushing_yds": 2, "active": "true", "rushing_att": 1, "rushing_twoptm": 0}, {"week": "9", "receiving_tds": 0, "receiving_lng": 9, "active": "true", "receiving_rec": 3, "receiving_twopta": 0, "receiving_yds": 14, "receiving_lngtd": 0, "receiving_twoptm": 0}, {"week": "10", "rushing_lngtd": 0, "receiving_tds": 0, "receiving_twopta": 0, "receiving_lng": 5, "rushing_tds": 0, "rushing_twopta": 0, "active": "true", "receiving_rec": 2, "rushing_lng": 42, "rushing_yds": 42, "receiving_lngtd": 0, "receiving_yds": 8, "rushing_att": 1, "receiving_twoptm": 0, "rushing_twoptm": 0}, {"week": "11", "receiving_tds": 0, "receiving_lng": 10, "active": "true", "receiving_rec": 3, "receiving_twopta": 0, "receiving_yds": 23, "receiving_lngtd": 0, "receiving_twoptm": 0}, {"week": "12", "receiving_tds": 0, "receiving_lng": 3, "active": "true", "receiving_rec": 2, "receiving_twopta": 0, "receiving_yds": 3, "receiving_lngtd": 0, "receiving_twoptm": 0}, {"week": "13", "rushing_lngtd": 0, "receiving_tds": 0, "receiving_twopta": 0, "receiving_lng": 14, "rushing_tds": 0, "rushing_twopta": 0, "active": "true", "receiving_rec": 3, "rushing_lng": 4, "rushing_yds": 4, "receiving_lngtd": 0, "receiving_yds": 24, "rushing_att": 1, "receiving_twoptm": 0, "rushing_twoptm": 0}, {"week": "14", "receiving_tds": 0, "receiving_lng": 9, "active": "true", "receiving_rec": 2, "receiving_twopta": 0, "receiving_yds": 17, "receiving_lngtd": 0, "receiving_twoptm": 0}, {"week": "15", "rushing_lngtd": 0, "receiving_tds": 0, "receiving_twopta": 0, "receiving_lng": 20, "rushing_tds": 0, "rushing_twopta": 0, "active": "true", "receiving_rec": 1, "rushing_lng": -1, "rushing_yds": -1, "receiving_lngtd": 0, "receiving_yds": 20, "rushing_att": 1, "receiving_twoptm": 0, "rushing_twoptm": 0}, {"week": "16", "active": "false"}, {"week": "17", "active": "false"}], "2011": [{"week": "1", "rushing_lngtd": 0, "receiving_tds": 0, "receiving_twopta": 0, "receiving_lng": 22, "rushing_tds": 0, "rushing_twopta": 0, "active": "true", "receiving_rec": 2, "rushing_lng": 11, "rushing_yds": 15, "receiving_lngtd": 0, "receiving_yds": 29, "rushing_att": 2, "receiving_twoptm": 0, "rushing_twoptm": 0}, {"week": "2", "receiving_tds": 0, "receiving_lng": 9, "active": "true", "receiving_rec": 2, "receiving_twopta": 0, "receiving_yds": 5, "receiving_lngtd": 0, "receiving_twoptm": 0}, {"week": "3", "receiving_tds": 0, "receiving_lng": 7, "active": "true", "receiving_rec": 1, "receiving_twopta": 0, "receiving_yds": 7, "receiving_lngtd": 0, "receiving_twoptm": 0}, {"week": "4", "rushing_lngtd": 0, "receiving_tds": 0, "receiving_twopta": 0, "receiving_lng": 15, "rushing_tds": 0, "rushing_twopta": 0, "active": "true", "receiving_rec": 1, "rushing_lng": 14, "rushing_yds": 36, "receiving_lngtd": 0, "receiving_yds": 15, "rushing_att": 4, "receiving_twoptm": 0, "rushing_twoptm": 0}, {"week": "5", "rushing_lngtd": 0, "receiving_tds": 0, "receiving_twopta": 0, "receiving_lng": 10, "rushing_tds": 0, "rushing_twopta": 0, "active": "true", "receiving_rec": 1, "rushing_lng": 4, "rushing_yds": 4, "receiving_lngtd": 0, "receiving_yds": 10, "rushing_att": 1, "receiving_twoptm": 0, "rushing_twoptm": 0}, {"week": "6", "rushing_lngtd": 0, "receiving_tds": 0, "receiving_twopta": 0, "receiving_lng": 25, "rushing_tds": 0, "rushing_twopta": 0, "active": "true", "receiving_rec": 2, "rushing_lng": 6, "rushing_yds": 9, "receiving_lngtd": 0, "receiving_yds": 38, "rushing_att": 2, "receiving_twoptm": 0, "rushing_twoptm": 0}, {"week": "7", "active": "false"}, {"week": "8", "rushing_lngtd": 0, "receiving_tds": 0, "receiving_twopta": 0, "receiving_lng": 6, "rushing_tds": 0, "rushing_twopta": 0, "active": "true", "receiving_rec": 2, "rushing_lng": 4, "rushing_yds": 7, "receiving_lngtd": 0, "receiving_yds": 10, "rushing_att": 2, "receiving_twoptm": 0, "rushing_twoptm": 0}, {"week": "9", "rushing_lngtd": 0, "rushing_tds": 0, "rushing_twopta": 0, "rushing_lng": 3, "rushing_yds": 3, "active": "true", "rushing_att": 1, "rushing_twoptm": 0}, {"week": "10", "rushing_lngtd": 0, "rushing_tds": 0, "rushing_twopta": 0, "rushing_lng": 4, "rushing_yds": 3, "active": "true", "rushing_att": 2, "rushing_twoptm": 0}, {"week": "11", "rushing_lngtd": 0, "receiving_tds": 0, "receiving_twopta": 0, "receiving_lng": 37, "rushing_tds": 0, "rushing_twopta": 0, "active": "true", "receiving_rec": 5, "rushing_lng": 3, "rushing_yds": 6, "receiving_lngtd": 0, "receiving_yds": 57, "rushing_att": 2, "receiving_twoptm": 0, "rushing_twoptm": 0}, {"week": "12", "rushing_lngtd": 0, "rushing_tds": 0, "rushing_twopta": 0, "rushing_lng": 2, "rushing_yds": 2, "active": "true", "rushing_att": 1, "rushing_twoptm": 0}, {"week": "13", "receiving_tds": 0, "receiving_lng": 9, "active": "true", "receiving_rec": 4, "receiving_twopta": 0, "receiving_yds": 20, "receiving_lngtd": 0, "receiving_twoptm": 0}, {"week": "14", "active": "false"}, {"week": "15", "active": "false"}, {"week": "16", "active": "false"}, {"week": "17", "receiving_tds": 0, "receiving_lng": 16, "active": "true", "receiving_rec": 2, "receiving_twopta": 0, "receiving_yds": 19, "receiving_lngtd": 0, "receiving_twoptm": 0}], "2012": [{"week": "1", "rushing_lngtd": 0, "rushing_tds": 0, "rushing_twopta": 0, "rushing_lng": 3, "rushing_yds": 5, "active": "true", "rushing_att": 3, "rushing_twoptm": 0}, {"week": "2", "active": "false"}, {"week": "3", "rushing_lngtd": 0, "rushing_tds": 0, "rushing_twopta": 0, "rushing_lng": 11, "rushing_yds": 18, "active": "true", "rushing_att": 2, "rushing_twoptm": 0}, {"week": "4", "rushing_lngtd": 0, "receiving_tds": 0, "receiving_twopta": 0, "receiving_lng": 13, "rushing_tds": 0, "rushing_twopta": 0, "active": "true", "receiving_rec": 1, "rushing_lng": 3, "rushing_yds": 3, "receiving_lngtd": 0, "receiving_yds": 13, "rushing_att": 1, "receiving_twoptm": 0, "rushing_twoptm": 0}, {"week": "5", "receiving_tds": 0, "receiving_lng": 16, "active": "true", "receiving_rec": 2, "receiving_twopta": 0, "receiving_yds": 19, "receiving_lngtd": 0, "receiving_twoptm": 0}, {"week": "6", "receiving_tds": 0, "receiving_lng": 3, "defense_sk": 0, "active": "true", "defense_tkl": 0, "receiving_rec": 1, "defense_int": 0, "receiving_twopta": 0, "receiving_yds": 3, "receiving_lngtd": 0, "receiving_twoptm": 0, "defense_ffum": 0, "defense_ast": 1}, {"week": "7", "active": "false"}, {"week": "8", "active": "false"}, {"week": "9", "rushing_lngtd": 0, "receiving_tds": 0, "receiving_twopta": 0, "receiving_lng": 8, "rushing_tds": 0, "rushing_twopta": 0, "active": "true", "receiving_rec": 3, "rushing_lng": 6, "rushing_yds": 15, "receiving_lngtd": 0, "receiving_yds": 13, "rushing_att": 4, "receiving_twoptm": 0, "rushing_twoptm": 0}, {"week": "10", "rushing_lngtd": 0, "rushing_tds": 0, "rushing_twopta": 0, "rushing_lng": 3, "rushing_yds": 4, "active": "true", "rushing_att": 4, "rushing_twoptm": 0}, {"week": "11", "receiving_tds": 0, "receiving_lng": 11, "active": "true", "receiving_rec": 1, "receiving_twopta": 0, "receiving_yds": 11, "receiving_lngtd": 0, "receiving_twoptm": 0}, {"week": "12", "active": "false"}, {"week": "13", "rushing_lngtd": 0, "rushing_tds": 0, "rushing_twopta": 0, "rushing_lng": 1, "rushing_yds": 1, "active": "true", "rushing_att": 1, "rushing_twoptm": 0}, {"week": "14", "rushing_lngtd": 0, "rushing_tds": 0, "rushing_twopta": 0, "rushing_lng": 5, "rushing_yds": 20, "active": "true", "rushing_att": 6, "rushing_twoptm": 0}, {"week": "15", "rushing_lngtd": 0, "receiving_tds": 0, "receiving_twopta": 0, "receiving_lng": 7, "rushing_tds": 0, "rushing_twopta": 0, "active": "true", "receiving_rec": 1, "rushing_lng": 7, "rushing_yds": 6, "receiving_lngtd": 0, "receiving_yds": 7, "rushing_att": 2, "receiving_twoptm": 0, "rushing_twoptm": 0}, {"week": "16", "active": "false"}, {"week": "17", "rushing_lngtd": 0, "receiving_tds": 0, "receiving_twopta": 0, "receiving_lng": 3, "rushing_tds": 0, "defense_sk": 0, "rushing_twopta": 0, "active": "true", "defense_tkl": 1, "receiving_rec": 2, "rushing_lng": 9, "rushing_yds": 34, "receiving_lngtd": 0, "receiving_yds": 1, "rushing_att": 10, "receiving_twoptm": 0, "rushing_twoptm": 0, "defense_ffum": 0, "defense_ast": 0, "defense_int": 0}], "2013": [{"week": "1", "receiving_tds": 0, "receiving_lng": 4, "active": "true", "receiving_rec": 1, "receiving_twopta": 0, "receiving_yds": 4, "receiving_lngtd": 0, "receiving_twoptm": 0}, {"week": "2", "rushing_lngtd": 0, "rushing_tds": 0, "rushing_twopta": 0, "rushing_lng": 0, "rushing_yds": 0, "active": "true", "rushing_att": 1, "rushing_twoptm": 0}, {"week": "3", "receiving_tds": 0, "receiving_lng": 17, "active": "true", "receiving_rec": 1, "receiving_twopta": 0, "receiving_yds": 17, "receiving_lngtd": 0, "receiving_twoptm": 0}, {"week": "4", "receiving_tds": 0, "receiving_lng": 7, "active": "true", "receiving_rec": 2, "receiving_twopta": 0, "receiving_yds": 11, "receiving_lngtd": 0, "receiving_twoptm": 0}, {"week": "5", "active": "false"}, {"week": "6", "receiving_tds": 0, "receiving_lng": 3, "active": "true", "receiving_rec": 1, "receiving_twopta": 0, "receiving_yds": 3, "receiving_lngtd": 0, "receiving_twoptm": 0}, {"week": "7", "rushing_lngtd": 0, "receiving_tds": 0, "receiving_twopta": 0, "receiving_lng": 9, "rushing_tds": 0, "rushing_twopta": 0, "active": "true", "receiving_rec": 1, "rushing_lng": 3, "rushing_yds": 6, "receiving_lngtd": 0, "receiving_yds": 9, "rushing_att": 2, "receiving_twoptm": 0, "rushing_twoptm": 0}, {"week": "8", "rushing_lngtd": 0, "receiving_tds": 0, "receiving_twopta": 0, "receiving_lng": 11, "rushing_tds": 0, "rushing_twopta": 0, "active": "true", "receiving_rec": 6, "rushing_lng": 7, "rushing_yds": 7, "receiving_lngtd": 0, "receiving_yds": 32, "rushing_att": 1, "receiving_twoptm": 0, "rushing_twoptm": 0}, {"week": "9", "rushing_lngtd": 0, "receiving_tds": 0, "receiving_twopta": 0, "receiving_lng": 19, "rushing_tds": 0, "rushing_twopta": 0, "active": "true", "receiving_rec": 4, "rushing_lng": 8, "rushing_yds": 20, "receiving_lngtd": 0, "receiving_yds": 48, "rushing_att": 5, "receiving_twoptm": 0, "rushing_twoptm": 0}, {"week": "10", "rushing_lngtd": 0, "receiving_tds": 0, "receiving_twopta": 0, "receiving_lng": 14, "rushing_tds": 0, "rushing_twopta": 0, "active": "true", "receiving_rec": 2, "rushing_lng": 14, "rushing_yds": 57, "receiving_lngtd": 0, "receiving_yds": 16, "rushing_att": 20, "receiving_twoptm": 0, "rushing_twoptm": 0}, {"week": "11", "rushing_lngtd": 0, "receiving_tds": 0, "receiving_twopta": 0, "receiving_lng": 7, "rushing_tds": 0, "rushing_twopta": 0, "active": "true", "receiving_rec": 4, "rushing_lng": 6, "rushing_yds": 16, "receiving_lngtd": 0, "receiving_yds": 21, "rushing_att": 4, "receiving_twoptm": 0, "rushing_twoptm": 0}, {"week": "12", "rushing_lngtd": 0, "receiving_tds": 0, "receiving_twopta": 0, "receiving_lng": 3, "rushing_tds": 0, "rushing_twopta": 0, "active": "true", "receiving_rec": 1, "rushing_lng": 3, "rushing_yds": 3, "receiving_lngtd": 0, "receiving_yds": 3, "rushing_att": 1, "receiving_twoptm": 0, "rushing_twoptm": 0}, {"week": "13", "receiving_tds": 0, "receiving_lng": 8, "active": "true", "receiving_rec": 2, "receiving_twopta": 0, "receiving_yds": 10, "receiving_lngtd": 0, "receiving_twoptm": 0}, {"week": "14", "rushing_lngtd": 0, "rushing_tds": 0, "rushing_twopta": 0, "rushing_lng": 12, "rushing_yds": 26, "active": "true", "rushing_att": 7, "rushing_twoptm": 0}, {"week": "15", "rushing_lngtd": 0, "rushing_tds": 0, "rushing_twopta": 0, "rushing_lng": 12, "rushing_yds": 12, "active": "true", "rushing_att": 1, "rushing_twoptm": 0}, {"week": "16", "receiving_tds": 0, "receiving_lng": 4, "active": "true", "receiving_rec": 1, "receiving_twopta": 0, "receiving_yds": 4, "receiving_lngtd": 0, "receiving_twoptm": 0}, {"week": "17", "rushing_lngtd": 0, "receiving_tds": 0, "receiving_twopta": 0, "receiving_lng": 4, "rushing_tds": 0, "rushing_twopta": 0, "active": "true", "receiving_rec": 3, "rushing_lng": 24, "rushing_yds": 35, "receiving_lngtd": 0, "receiving_yds": 1, "rushing_att": 5, "receiving_twoptm": 0, "rushing_twoptm": 0}], "2014": [{"week": "1", "active": "false"}, {"week": "2", "active": "false"}, {"week": "3", "active": "false"}, {"week": "4", "active": "false"}, {"week": "5", "active": "false"}, {"week": "6", "active": "false"}, {"week": "7", "active": "false"}, {"week": "8", "active": "false"}, {"week": "9", "active": "false"}, {"week": "10", "active": "false"}, {"week": "11", "receiving_tds": 0, "receiving_lng": 15, "active": "true", "receiving_rec": 1, "receiving_twopta": 0, "receiving_yds": 15, "receiving_lngtd": 0, "receiving_twoptm": 0}, {"week": "12", "active": "false"}, {"week": "13", "active": "false"}, {"week": "14", "active": "false"}]}}