{"B.Moorman": {"2009": [{"week": "1", "punting_pts": 4, "punting_avg": 38, "punting_lng": 55, "active": "true", "punting_yds": 171, "punting_i20": 2}, {"week": "2", "punting_pts": 3, "punting_avg": 39, "punting_lng": 57, "active": "true", "punting_yds": 142, "punting_i20": 0}, {"week": "3", "passing_att": 1, "passing_twoptm": 0, "punting_pts": 9, "passing_twopta": 0, "punting_lng": 58, "passing_yds": 25, "passing_cmp": 1, "active": "true", "passing_ints": 0, "passing_tds": 1, "punting_yds": 419, "punting_avg": 40, "punting_i20": 1}, {"week": "4", "punting_pts": 5, "punting_avg": 39, "punting_lng": 61, "active": "true", "punting_yds": 257, "punting_i20": 0}, {"week": "5", "punting_pts": 7, "punting_avg": 43, "punting_lng": 66, "active": "true", "punting_yds": 364, "punting_i20": 0}, {"week": "6", "punting_pts": 8, "punting_avg": 42, "punting_lng": 51, "active": "true", "punting_yds": 334, "punting_i20": 4}, {"week": "7", "punting_pts": 8, "punting_avg": 44, "punting_lng": 55, "active": "true", "punting_yds": 360, "punting_i20": 4}, {"week": "8", "punting_pts": 6, "punting_avg": 33, "punting_lng": 61, "active": "true", "punting_yds": 288, "punting_i20": 1}, {"week": "9", "active": "false"}, {"week": "10", "punting_pts": 5, "punting_avg": 36, "punting_lng": 53, "active": "true", "punting_yds": 210, "punting_i20": 1}, {"week": "11", "punting_pts": 4, "punting_avg": 47, "punting_lng": 58, "active": "true", "punting_yds": 202, "punting_i20": 1}, {"week": "12", "punting_pts": 3, "punting_avg": 47, "punting_lng": 66, "active": "true", "punting_yds": 153, "punting_i20": 1}, {"week": "13", "punting_pts": 7, "punting_avg": 43, "punting_lng": 61, "active": "true", "punting_yds": 336, "punting_i20": 4}, {"week": "14", "punting_pts": 4, "punting_avg": 53, "punting_lng": 73, "active": "true", "punting_yds": 212, "punting_i20": 3}, {"week": "15", "punting_pts": 5, "punting_avg": 35, "punting_lng": 43, "active": "true", "punting_yds": 190, "punting_i20": 1}, {"week": "16", "punting_pts": 7, "punting_avg": 35, "punting_lng": 60, "active": "true", "punting_yds": 340, "punting_i20": 1}, {"week": "17", "punting_pts": 5, "punting_avg": 35, "punting_lng": 47, "active": "true", "punting_yds": 204, "punting_i20": 1}], "2010": [{"week": "1", "punting_pts": 7, "punting_avg": 38, "punting_lng": 53, "active": "true", "punting_yds": 298, "punting_i20": 1}, {"week": "2", "punting_pts": 5, "punting_avg": 38, "punting_lng": 51, "active": "true", "punting_yds": 232, "punting_i20": 1}, {"week": "3", "punting_pts": 1, "punting_avg": 33, "punting_lng": 33, "active": "true", "punting_yds": 33, "punting_i20": 0}, {"week": "4", "punting_pts": 9, "punting_avg": 35, "punting_lng": 55, "active": "true", "punting_yds": 395, "punting_i20": 1}, {"week": "5", "rushing_lngtd": 0, "punting_lng": 61, "punting_pts": 4, "punting_i20": 1, "rushing_tds": 0, "punting_avg": 44, "rushing_twopta": 0, "rushing_lng": 1, "rushing_yds": 1, "punting_yds": 194, "active": "true", "rushing_att": 1, "rushing_twoptm": 0}, {"week": "6", "active": "false"}, {"week": "7", "punting_pts": 2, "punting_avg": 45, "punting_lng": 53, "active": "true", "punting_yds": 90, "punting_i20": 1}, {"week": "8", "punting_pts": 7, "punting_avg": 36, "punting_lng": 56, "active": "true", "punting_yds": 309, "punting_i20": 0}, {"week": "9", "punting_pts": 3, "punting_avg": 28, "punting_lng": 38, "active": "true", "punting_yds": 87, "punting_i20": 2}, {"week": "10", "punting_pts": 7, "punting_avg": 38, "punting_lng": 51, "active": "true", "punting_yds": 297, "punting_i20": 3}, {"week": "11", "punting_pts": 1, "punting_avg": 24, "punting_lng": 44, "active": "true", "punting_yds": 44, "punting_i20": 0}, {"week": "12", "punting_pts": 5, "punting_avg": 29, "punting_lng": 47, "active": "true", "punting_yds": 182, "punting_i20": 2}, {"week": "13", "punting_pts": 6, "punting_avg": 40, "punting_lng": 55, "active": "true", "punting_yds": 265, "punting_i20": 3}, {"week": "14", "punting_pts": 4, "punting_avg": 37, "punting_lng": 52, "active": "true", "punting_yds": 174, "punting_i20": 1}, {"week": "15", "punting_pts": 6, "punting_avg": 33, "punting_lng": 60, "active": "true", "punting_yds": 217, "punting_i20": 0}, {"week": "16", "punting_pts": 2, "punting_avg": 34, "punting_lng": 36, "active": "true", "punting_yds": 68, "punting_i20": 0}, {"week": "17", "punting_pts": 6, "punting_avg": 42, "punting_lng": 59, "active": "true", "punting_yds": 296, "punting_i20": 1}], "2011": [{"week": "1", "punting_pts": 5, "punting_avg": 36, "punting_lng": 63, "active": "true", "punting_yds": 257, "punting_i20": 1}, {"week": "2", "punting_pts": 2, "punting_avg": 40, "punting_lng": 58, "active": "true", "punting_yds": 99, "punting_i20": 0}, {"week": "3", "punting_pts": 5, "punting_avg": 44, "punting_lng": 63, "active": "true", "punting_yds": 253, "punting_i20": 2}, {"week": "4", "punting_pts": 8, "punting_avg": 41, "punting_lng": 65, "active": "true", "punting_yds": 413, "punting_i20": 2}, {"week": "5", "punting_pts": 5, "punting_avg": 37, "punting_lng": 64, "active": "true", "punting_yds": 251, "punting_i20": 1}, {"week": "6", "punting_pts": 3, "punting_avg": 33, "punting_lng": 64, "active": "true", "punting_yds": 136, "punting_i20": 1}, {"week": "7", "active": "false"}, {"week": "8", "punting_pts": 3, "punting_avg": 28, "punting_lng": 52, "active": "true", "punting_yds": 135, "punting_i20": 0}, {"week": "9", "punting_pts": 4, "punting_avg": 44, "punting_lng": 66, "active": "true", "punting_yds": 190, "punting_i20": 2}, {"week": "10", "punting_pts": 3, "punting_avg": 51, "punting_lng": 59, "active": "true", "punting_yds": 156, "punting_i20": 1}, {"week": "11", "punting_pts": 6, "punting_avg": 35, "punting_lng": 56, "active": "true", "punting_yds": 295, "punting_i20": 0}, {"week": "12", "punting_pts": 7, "punting_avg": 39, "punting_lng": 54, "active": "true", "punting_yds": 313, "punting_i20": 3}, {"week": "13", "punting_pts": 4, "punting_avg": 31, "punting_lng": 62, "active": "true", "punting_yds": 194, "punting_i20": 1}, {"week": "14", "punting_pts": 2, "punting_avg": 29, "punting_lng": 55, "active": "true", "punting_yds": 71, "punting_i20": 0}, {"week": "15", "punting_pts": 8, "punting_avg": 35, "punting_lng": 62, "active": "true", "punting_yds": 384, "punting_i20": 2}, {"week": "16", "punting_pts": 4, "punting_avg": 45, "punting_lng": 58, "active": "true", "punting_yds": 201, "punting_i20": 2}, {"week": "17", "punting_pts": 3, "punting_avg": 41, "punting_lng": 61, "active": "true", "punting_yds": 124, "punting_i20": 2}], "2012": [{"week": "1", "punting_pts": 2, "punting_avg": 7, "punting_lng": 44, "active": "true", "punting_yds": 81, "punting_i20": 0}, {"week": "2", "punting_pts": 7, "punting_avg": 38, "punting_lng": 60, "active": "true", "punting_yds": 349, "punting_i20": 1}, {"week": "3", "punting_pts": 6, "punting_avg": 35, "punting_lng": 66, "active": "true", "punting_yds": 252, "punting_i20": 1}, {"week": "4", "punting_pts": 3, "punting_avg": 34, "punting_lng": 41, "active": "true", "punting_yds": 111, "punting_i20": 2}, {"week": "5", "active": "false"}, {"week": "6", "active": "false"}, {"week": "7", "punting_pts": 4, "punting_avg": 48, "punting_lng": 59, "active": "true", "punting_yds": 197, "punting_i20": 2}, {"week": "8", "punting_pts": 4, "punting_avg": 41, "punting_lng": 50, "active": "true", "punting_yds": 165, "punting_i20": 3}, {"week": "9", "punting_pts": 4, "punting_avg": 44, "punting_lng": 53, "active": "true", "punting_yds": 182, "punting_i20": 3}, {"week": "10", "punting_pts": 7, "punting_avg": 41, "punting_lng": 53, "active": "true", "punting_yds": 288, "punting_i20": 3}, {"week": "11", "punting_pts": 7, "punting_avg": 37, "punting_lng": 53, "active": "true", "punting_yds": 302, "punting_i20": 3}, {"week": "12", "punting_pts": 3, "punting_avg": 52, "punting_lng": 64, "active": "true", "punting_yds": 170, "punting_i20": 1}, {"week": "13", "punting_pts": 3, "punting_avg": 17, "punting_lng": 63, "active": "true", "punting_yds": 156, "punting_i20": 0}, {"week": "14", "punting_pts": 5, "punting_avg": 34, "punting_lng": 49, "active": "true", "punting_yds": 165, "punting_i20": 1}, {"week": "15", "punting_pts": 6, "punting_avg": 36, "punting_lng": 60, "active": "true", "punting_yds": 288, "punting_i20": 0}, {"week": "16", "punting_pts": 6, "punting_avg": 46, "punting_lng": 63, "active": "true", "punting_yds": 307, "punting_i20": 2}, {"week": "17", "punting_pts": 4, "punting_avg": 32, "punting_lng": 50, "active": "true", "punting_yds": 166, "punting_i20": 2}], "2013": [{"week": "1", "active": "false"}, {"week": "2", "active": "false"}, {"week": "3", "active": "false"}, {"week": "4", "active": "false"}, {"week": "5", "active": "false"}, {"week": "6", "punting_pts": 5, "punting_avg": 42, "punting_lng": 57, "active": "true", "punting_yds": 244, "punting_i20": 2}, {"week": "7", "punting_pts": 7, "punting_avg": 41, "punting_lng": 62, "active": "true", "punting_yds": 318, "punting_i20": 1}, {"week": "8", "punting_pts": 3, "punting_avg": 46, "punting_lng": 53, "active": "true", "punting_yds": 137, "punting_i20": 0}, {"week": "9", "punting_pts": 3, "punting_avg": 36, "punting_lng": 47, "active": "true", "punting_yds": 108, "punting_i20": 1}, {"week": "10", "punting_pts": 9, "punting_avg": 24, "punting_lng": 56, "active": "true", "punting_yds": 332, "punting_i20": 3}, {"week": "11", "fumbles_tot": 1, "fumbles_yds": 0, "fumbles_lost": 0, "fumbles_trcv": 1, "fumbles_rcv": 1, "punting_avg": 31, "punting_pts": 6, "punting_lng": 57, "active": "true", "punting_yds": 200, "punting_i20": 3}, {"week": "12", "active": "false"}, {"week": "13", "punting_pts": 7, "punting_avg": 39, "punting_lng": 51, "active": "true", "punting_yds": 299, "punting_i20": 1}, {"week": "14", "punting_pts": 7, "punting_avg": 41, "punting_lng": 55, "active": "true", "punting_yds": 306, "punting_i20": 3}, {"week": "15", "punting_pts": 4, "punting_avg": 43, "punting_lng": 53, "active": "true", "punting_yds": 180, "punting_i20": 0}, {"week": "16", "punting_pts": 6, "punting_avg": 33, "punting_lng": 52, "active": "true", "punting_yds": 218, "punting_i20": 0}, {"week": "17", "punting_pts": 4, "punting_avg": 41, "punting_lng": 51, "active": "true", "punting_yds": 169, "punting_i20": 2}], "2014": [{"week": "1", "active": "false"}, {"week": "2", "active": "false"}, {"week": "3", "active": "false"}, {"week": "4", "active": "false"}, {"week": "5", "active": "false"}, {"week": "6", "active": "false"}, {"week": "7", "active": "false"}, {"week": "8", "active": "false"}, {"week": "9", "active": "false"}, {"week": "10", "active": "false"}, {"week": "11", "active": "false"}, {"week": "12", "active": "false"}, {"week": "13", "active": "false"}, {"week": "14", "active": "false"}]}}