{"B.Gradkowski": {"2009": [{"week": "1", "passing_att": 2, "passing_twoptm": 0, "passing_twopta": 0, "passing_yds": 17, "passing_cmp": 2, "active": "true", "passing_ints": 0, "passing_tds": 0}, {"week": "2", "active": "false"}, {"week": "3", "active": "false"}, {"week": "4", "active": "false"}, {"week": "5", "active": "false"}, {"week": "6", "active": "false"}, {"week": "7", "fumbles_tot": 1, "passing_att": 19, "fumbles_rcv": 0, "passing_twoptm": 0, "fumbles_yds": 0, "fumbles_lost": 1, "fumbles_trcv": 0, "passing_twopta": 0, "rushing_tds": 0, "passing_yds": 97, "rushing_yds": 25, "passing_cmp": 10, "rushing_twopta": 0, "active": "true", "rushing_lng": 20, "passing_ints": 0, "passing_tds": 0, "rushing_att": 2, "rushing_twoptm": 0}, {"week": "8", "active": "false"}, {"week": "9", "active": "false"}, {"week": "10", "passing_att": 8, "passing_twoptm": 0, "passing_twopta": 0, "rushing_tds": 0, "passing_yds": 46, "rushing_yds": 9, "passing_cmp": 4, "rushing_twopta": 0, "active": "true", "rushing_lng": 9, "passing_ints": 2, "passing_tds": 0, "rushing_att": 1, "rushing_twoptm": 0}, {"week": "11", "fumbles_tot": 1, "passing_att": 34, "fumbles_rcv": 0, "passing_twoptm": 0, "fumbles_yds": 0, "fumbles_lost": 1, "fumbles_trcv": 0, "passing_twopta": 0, "rushing_tds": 0, "passing_yds": 183, "rushing_yds": 8, "passing_cmp": 17, "rushing_twopta": 0, "active": "true", "rushing_lng": 4, "passing_ints": 1, "passing_tds": 2, "rushing_att": 6, "rushing_twoptm": 0}, {"week": "12", "fumbles_tot": 1, "passing_att": 35, "fumbles_rcv": 0, "passing_twoptm": 0, "fumbles_yds": 0, "fumbles_lost": 1, "fumbles_trcv": 0, "passing_twopta": 0, "rushing_tds": 0, "passing_yds": 200, "rushing_yds": 30, "passing_cmp": 18, "rushing_twopta": 0, "active": "true", "rushing_lng": 21, "passing_ints": 0, "passing_tds": 1, "rushing_att": 3, "rushing_twoptm": 0}, {"week": "13", "fumbles_tot": 1, "passing_att": 33, "fumbles_rcv": 1, "passing_twoptm": 0, "fumbles_yds": 0, "fumbles_lost": 0, "fumbles_trcv": 1, "passing_twopta": 0, "rushing_tds": 0, "passing_yds": 308, "rushing_yds": 20, "passing_cmp": 20, "rushing_twopta": 0, "active": "true", "rushing_lng": 10, "passing_ints": 0, "passing_tds": 3, "rushing_att": 3, "rushing_twoptm": 0}, {"week": "14", "fumbles_tot": 1, "passing_att": 18, "fumbles_rcv": 1, "passing_twoptm": 0, "fumbles_yds": -7, "fumbles_lost": 0, "fumbles_trcv": 1, "passing_twopta": 0, "rushing_tds": 0, "passing_yds": 153, "rushing_yds": 16, "passing_cmp": 10, "rushing_twopta": 0, "active": "true", "rushing_lng": 10, "passing_ints": 0, "passing_tds": 0, "rushing_att": 3, "rushing_twoptm": 0}, {"week": "15", "active": "false"}, {"week": "16", "active": "false"}, {"week": "17", "active": "false"}], "2010": [{"week": "1", "active": "false"}, {"week": "2", "passing_att": 22, "rushing_lngtd": 0, "passing_twoptm": 0, "passing_twopta": 0, "rushing_tds": 0, "passing_yds": 162, "rushing_yds": 0, "passing_cmp": 11, "rushing_twopta": 0, "active": "true", "rushing_lng": 5, "passing_ints": 1, "passing_tds": 1, "rushing_att": 4, "rushing_twoptm": 0}, {"week": "3", "fumbles_tot": 1, "passing_att": 34, "rushing_lngtd": 0, "passing_twoptm": 0, "fumbles_yds": 0, "fumbles_rcv": 1, "fumbles_trcv": 1, "passing_twopta": 0, "rushing_tds": 0, "passing_yds": 255, "rushing_yds": 13, "passing_cmp": 17, "rushing_twopta": 0, "fumbles_lost": 0, "rushing_lng": 8, "passing_ints": 1, "passing_tds": 1, "rushing_att": 4, "rushing_twoptm": 0, "active": "true"}, {"week": "4", "fumbles_tot": 2, "passing_att": 39, "rushing_lngtd": 0, "passing_twoptm": 0, "fumbles_yds": 0, "fumbles_rcv": 0, "fumbles_trcv": 0, "passing_twopta": 0, "rushing_tds": 0, "passing_yds": 278, "rushing_yds": 16, "passing_cmp": 24, "rushing_twopta": 0, "fumbles_lost": 1, "rushing_lng": 8, "passing_ints": 2, "passing_tds": 2, "rushing_att": 3, "rushing_twoptm": 0, "active": "true"}, {"week": "5", "passing_att": 7, "passing_twoptm": 0, "passing_twopta": 0, "passing_yds": 14, "passing_cmp": 1, "active": "true", "passing_ints": 0, "passing_tds": 0}, {"week": "6", "active": "false"}, {"week": "7", "active": "false"}, {"week": "8", "active": "false"}, {"week": "9", "active": "false"}, {"week": "10", "active": "false"}, {"week": "11", "passing_att": 24, "rushing_lngtd": 0, "passing_twoptm": 0, "passing_twopta": 0, "rushing_tds": 0, "passing_yds": 98, "rushing_yds": 12, "passing_cmp": 13, "rushing_twopta": 0, "active": "true", "rushing_lng": 12, "passing_ints": 1, "passing_tds": 0, "rushing_att": 1, "rushing_twoptm": 0}, {"week": "12", "passing_att": 32, "passing_twoptm": 0, "passing_twopta": 0, "passing_yds": 252, "passing_cmp": 17, "active": "true", "passing_ints": 2, "passing_tds": 1}, {"week": "13", "active": "false"}, {"week": "14", "active": "false"}, {"week": "15", "active": "false"}, {"week": "16", "active": "false"}, {"week": "17", "active": "false"}], "2011": [{"week": "1", "passing_att": 12, "rushing_lngtd": 0, "passing_twoptm": 0, "passing_twopta": 0, "rushing_tds": 0, "passing_yds": 92, "rushing_yds": 0, "passing_cmp": 5, "rushing_twopta": 0, "active": "true", "rushing_lng": 0, "passing_ints": 0, "passing_tds": 1, "rushing_att": 2, "rushing_twoptm": 0}, {"week": "2", "active": "false"}, {"week": "3", "active": "false"}, {"week": "4", "active": "false"}, {"week": "5", "active": "false"}, {"week": "6", "active": "false"}, {"week": "7", "active": "false"}, {"week": "8", "active": "false"}, {"week": "9", "active": "false"}, {"week": "10", "active": "false"}, {"week": "11", "active": "false"}, {"week": "12", "active": "false"}, {"week": "13", "passing_att": 6, "rushing_lngtd": 0, "passing_twoptm": 0, "passing_twopta": 0, "rushing_tds": 0, "passing_yds": 17, "rushing_yds": 1, "passing_cmp": 3, "rushing_twopta": 0, "active": "true", "rushing_lng": 1, "passing_ints": 1, "passing_tds": 0, "rushing_att": 1, "rushing_twoptm": 0}, {"week": "14", "active": "false"}, {"week": "15", "active": "false"}, {"week": "16", "active": "false"}, {"week": "17", "active": "false"}], "2012": [{"week": "1", "fumbles_tot": 1, "rushing_lngtd": 0, "fumbles_yds": -5, "fumbles_lost": 0, "fumbles_trcv": 1, "rushing_tds": 0, "fumbles_rcv": 1, "rushing_twopta": 0, "rushing_lng": 0, "rushing_yds": 0, "active": "true", "rushing_att": 1, "rushing_twoptm": 0}, {"week": "2", "active": "false"}, {"week": "3", "active": "false"}, {"week": "4", "active": "false"}, {"week": "5", "active": "false"}, {"week": "6", "active": "false"}, {"week": "7", "active": "false"}, {"week": "8", "active": "false"}, {"week": "9", "active": "false"}, {"week": "10", "active": "false"}, {"week": "11", "active": "false"}, {"week": "12", "active": "false"}, {"week": "13", "active": "false"}, {"week": "14", "active": "false"}, {"week": "15", "active": "false"}, {"week": "16", "active": "false"}, {"week": "17", "fumbles_tot": 0, "passing_att": 11, "rushing_lngtd": 0, "passing_twoptm": 0, "fumbles_yds": 0, "fumbles_rcv": 1, "fumbles_trcv": 1, "passing_twopta": 0, "rushing_tds": 0, "passing_yds": 65, "rushing_yds": -2, "passing_cmp": 5, "rushing_twopta": 0, "fumbles_lost": 0, "rushing_lng": 0, "passing_ints": 0, "passing_tds": 0, "rushing_att": 3, "rushing_twoptm": 0, "active": "true"}], "2013": [{"week": "1", "active": "false"}, {"week": "2", "active": "false"}, {"week": "3", "active": "false"}, {"week": "4", "active": "false"}, {"week": "5", "active": "false"}, {"week": "6", "active": "false"}, {"week": "7", "active": "false"}, {"week": "8", "active": "false"}, {"week": "9", "active": "false"}, {"week": "10", "active": "false"}, {"week": "11", "active": "false"}, {"week": "12", "active": "false"}, {"week": "13", "active": "false"}, {"week": "14", "active": "false"}, {"week": "15", "active": "false"}, {"week": "16", "active": "false"}, {"week": "17", "active": "false"}], "2014": [{"week": "1", "active": "false"}, {"week": "2", "active": "false"}, {"week": "3", "rushing_lngtd": 0, "rushing_tds": 0, "rushing_twopta": 0, "rushing_lng": -1, "rushing_yds": -2, "active": "true", "rushing_att": 2, "rushing_twoptm": 0}, {"week": "4", "active": "false"}, {"week": "5", "active": "false"}, {"week": "6", "active": "false"}, {"week": "7", "active": "false"}, {"week": "8", "active": "false"}, {"week": "9", "active": "false"}, {"week": "10", "active": "false"}, {"week": "11", "active": "false"}, {"week": "12", "active": "false"}, {"week": "13", "active": "false"}, {"week": "14", "active": "false"}]}}