{"B.Smith": {"2009": [{"week": "1", "rushing_tds": 0, "rushing_twopta": 0, "rushing_lng": 15, "rushing_yds": 15, "active": "true", "rushing_att": 1, "rushing_twoptm": 0}, {"week": "2", "rushing_tds": 0, "rushing_twopta": 0, "rushing_lng": 7, "rushing_yds": 7, "active": "true", "rushing_att": 1, "rushing_twoptm": 0}, {"week": "3", "receiving_tds": 0, "receiving_lng": 17, "active": "true", "receiving_rec": 2, "receiving_twopta": 0, "receiving_yds": 18, "receiving_twoptm": 0}, {"week": "4", "defense_sk": 0, "defense_tkl": 1, "defense_int": 0, "active": "true", "defense_ffum": 0, "defense_ast": 0}, {"week": "5", "receiving_lng": 19, "receiving_tds": 0, "receiving_twopta": 0, "rushing_tds": 0, "rushing_twopta": 0, "active": "true", "receiving_rec": 1, "rushing_lng": 12, "rushing_yds": 12, "receiving_yds": 19, "rushing_att": 1, "receiving_twoptm": 0, "rushing_twoptm": 0}, {"week": "6", "active": "false"}, {"week": "7", "active": "false"}, {"week": "8", "active": "false"}, {"week": "9", "defense_sk": 0, "defense_tkl": 1, "defense_int": 0, "active": "true", "defense_ffum": 0, "defense_ast": 0}, {"week": "10", "kickret_lng": 15, "kickret_avg": 15, "kickret_tds": 0, "active": "true", "kickret_ret": 1}, {"week": "11", "defense_sk": 0, "defense_tkl": 0, "defense_int": 0, "active": "true", "defense_ffum": 0, "defense_ast": 1}, {"week": "12", "kickret_lng": 38, "kickret_avg": 38, "kickret_tds": 0, "active": "true", "kickret_ret": 1}, {"week": "13", "kickret_lng": 32, "kickret_tds": 0, "kickret_ret": 4, "rushing_tds": 0, "kickret_avg": 19, "rushing_twopta": 0, "rushing_lng": 21, "rushing_yds": 21, "active": "true", "rushing_att": 1, "rushing_twoptm": 0}, {"passing_att": 1, "receiving_tds": 0, "passing_yds": 27, "rushing_yds": 16, "puntret_ret": 1, "puntret_avg": 21, "rushing_tds": 0, "rushing_twopta": 0, "receiving_rec": 1, "receiving_twopta": 0, "receiving_yds": 4, "rushing_att": 5, "receiving_twoptm": 0, "rushing_twoptm": 0, "week": "14", "passing_twoptm": 0, "passing_twopta": 0, "receiving_lng": 4, "passing_cmp": 1, "passing_ints": 0, "active": "true", "puntret_lng": 21, "puntret_tds": 0, "kickret_lng": 16, "kickret_avg": 16, "rushing_lng": 12, "kickret_tds": 0, "passing_tds": 0, "kickret_ret": 1}, {"week": "15", "receiving_lng": 17, "kickret_lng": 39, "receiving_tds": 0, "receiving_twopta": 0, "kickret_ret": 1, "rushing_tds": 0, "kickret_avg": 39, "rushing_twopta": 0, "active": "true", "receiving_rec": 2, "rushing_lng": 8, "rushing_yds": 8, "receiving_yds": 18, "rushing_att": 1, "receiving_twoptm": 0, "rushing_twoptm": 0, "kickret_tds": 0}, {"week": "16", "kickret_lng": 106, "kickret_tds": 1, "kickret_ret": 1, "rushing_tds": 0, "kickret_avg": 106, "rushing_twopta": 0, "rushing_lng": 16, "rushing_yds": 16, "active": "true", "rushing_att": 2, "rushing_twoptm": 0}, {"week": "17", "puntret_tds": 0, "puntret_ret": 1, "kickret_lng": 20, "kickret_tds": 0, "puntret_avg": 6, "kickret_ret": 1, "rushing_tds": 1, "kickret_avg": 20, "puntret_lng": 6, "rushing_twopta": 0, "rushing_lng": 57, "rushing_yds": 92, "active": "true", "rushing_att": 4, "rushing_twoptm": 0}], "2010": [{"week": "1", "kickret_lngtd": 0, "rushing_lngtd": 0, "kickret_lng": 32, "kickret_tds": 0, "kickret_ret": 2, "rushing_tds": 0, "kickret_avg": 24, "rushing_twopta": 0, "rushing_lng": 22, "rushing_yds": 27, "active": "true", "rushing_att": 2, "rushing_twoptm": 0}, {"week": "2", "kickret_lngtd": 0, "kickret_lng": 15, "kickret_avg": 15, "kickret_tds": 0, "active": "true", "kickret_ret": 1}, {"week": "3", "kickret_lngtd": 0, "rushing_lngtd": 0, "kickret_lng": 54, "receiving_tds": 0, "receiving_twopta": 0, "kickret_ret": 4, "receiving_lng": 11, "rushing_tds": 0, "kickret_avg": 37, "rushing_twopta": 0, "active": "true", "receiving_rec": 1, "rushing_lng": 16, "rushing_yds": 41, "receiving_lngtd": 0, "receiving_yds": 11, "rushing_att": 3, "receiving_twoptm": 0, "rushing_twoptm": 0, "kickret_tds": 0}, {"week": "4", "passing_att": 1, "rushing_lngtd": 0, "kickret_lng": 38, "passing_twoptm": 0, "kickret_lngtd": 0, "passing_twopta": 0, "rushing_tds": 0, "passing_yds": 3, "rushing_yds": 11, "passing_cmp": 1, "rushing_twopta": 0, "kickret_ret": 3, "kickret_avg": 28, "rushing_lng": 8, "passing_ints": 0, "passing_tds": 1, "rushing_att": 3, "rushing_twoptm": 0, "active": "true", "kickret_tds": 0}, {"week": "5", "kickret_lngtd": 0, "rushing_lngtd": 0, "kickret_lng": 86, "kickret_tds": 0, "kickret_ret": 3, "rushing_tds": 0, "kickret_avg": 40, "rushing_twopta": 0, "rushing_lng": 4, "rushing_yds": 4, "active": "true", "rushing_att": 2, "rushing_twoptm": 0}, {"week": "6", "kickret_lngtd": 0, "rushing_lngtd": 0, "kickret_lng": 26, "kickret_tds": 0, "kickret_ret": 1, "rushing_tds": 0, "kickret_avg": 26, "rushing_twopta": 0, "rushing_lng": 8, "rushing_yds": 18, "active": "true", "rushing_att": 3, "rushing_twoptm": 0}, {"week": "7", "active": "false"}, {"week": "8", "fumbles_tot": 1, "kickret_lngtd": 0, "rushing_lngtd": 0, "kickret_lng": 47, "kickret_tds": 0, "fumbles_yds": 0, "fumbles_lost": 1, "fumbles_trcv": 0, "kickret_ret": 4, "rushing_tds": 0, "fumbles_rcv": 0, "kickret_avg": 30, "rushing_twopta": 0, "rushing_lng": 5, "rushing_yds": 12, "active": "true", "rushing_att": 3, "rushing_twoptm": 0}, {"week": "9", "kickret_lngtd": 0, "rushing_lngtd": 0, "kickret_lng": 33, "kickret_tds": 0, "kickret_ret": 4, "rushing_tds": 0, "kickret_avg": 27, "rushing_twopta": 0, "rushing_lng": 5, "rushing_yds": 8, "active": "true", "rushing_att": 2, "rushing_twoptm": 0}, {"week": "10", "kickret_lngtd": 0, "rushing_lngtd": 0, "kickret_lng": 31, "receiving_tds": 0, "receiving_twopta": 0, "kickret_ret": 3, "receiving_lng": 6, "rushing_tds": 0, "kickret_avg": 23, "rushing_twopta": 0, "active": "true", "receiving_rec": 1, "rushing_lng": 16, "rushing_yds": 39, "receiving_lngtd": 0, "receiving_yds": 6, "rushing_att": 5, "receiving_twoptm": 0, "rushing_twoptm": 0, "kickret_tds": 0}, {"week": "11", "kickret_lngtd": 0, "rushing_lngtd": 0, "kickret_lng": 39, "receiving_tds": 0, "receiving_twopta": 0, "kickret_ret": 6, "receiving_lng": 4, "rushing_tds": 0, "kickret_avg": 21, "rushing_twopta": 0, "active": "true", "receiving_rec": 1, "rushing_lng": 1, "rushing_yds": 1, "receiving_lngtd": 0, "receiving_yds": 4, "rushing_att": 1, "receiving_twoptm": 0, "rushing_twoptm": 0, "kickret_tds": 0}, {"week": "12", "kickret_lngtd": 0, "rushing_lngtd": 53, "kickret_lng": 89, "receiving_tds": 0, "receiving_twopta": 0, "kickret_ret": 3, "receiving_lng": 23, "rushing_tds": 1, "kickret_avg": 40, "rushing_twopta": 0, "active": "true", "receiving_rec": 1, "rushing_lng": 53, "rushing_yds": 55, "receiving_lngtd": 0, "receiving_yds": 23, "rushing_att": 3, "receiving_twoptm": 0, "rushing_twoptm": 0, "kickret_tds": 1}, {"week": "13", "kickret_lngtd": 0, "rushing_lngtd": 0, "kickret_lng": 29, "kickret_tds": 0, "kickret_ret": 7, "rushing_tds": 0, "kickret_avg": 20, "rushing_twopta": 0, "rushing_lng": 2, "rushing_yds": 2, "active": "true", "rushing_att": 1, "rushing_twoptm": 0}, {"week": "14", "kickret_lngtd": 0, "rushing_lngtd": 0, "kickret_lng": 45, "kickret_tds": 0, "kickret_ret": 3, "rushing_tds": 0, "kickret_avg": 31, "rushing_twopta": 0, "rushing_lng": 3, "rushing_yds": 1, "active": "true", "rushing_att": 2, "rushing_twoptm": 0}, {"week": "15", "kickret_lngtd": 97, "rushing_lngtd": 0, "kickret_lng": 97, "kickret_tds": 1, "kickret_ret": 3, "rushing_tds": 0, "kickret_avg": 46, "rushing_twopta": 0, "rushing_lng": 2, "rushing_yds": 2, "active": "true", "rushing_att": 1, "rushing_twoptm": 0}, {"week": "16", "passing_att": 1, "rushing_lngtd": 0, "kickret_lng": 28, "passing_twoptm": 0, "kickret_lngtd": 0, "passing_twopta": 0, "rushing_tds": 0, "passing_yds": 0, "rushing_yds": 18, "passing_cmp": 0, "rushing_twopta": 0, "kickret_ret": 3, "kickret_avg": 22, "rushing_lng": 12, "passing_ints": 0, "passing_tds": 0, "rushing_att": 2, "rushing_twoptm": 0, "active": "true", "kickret_tds": 0}, {"week": "17", "passing_att": 1, "rushing_lngtd": 0, "passing_twoptm": 0, "passing_twopta": 0, "rushing_tds": 0, "passing_yds": 3, "rushing_yds": 60, "passing_cmp": 1, "rushing_twopta": 0, "active": "true", "rushing_lng": 40, "passing_ints": 0, "passing_tds": 0, "rushing_att": 5, "rushing_twoptm": 0}], "2011": [{"week": "1", "passing_att": 1, "rushing_lngtd": 0, "kickret_lng": 21, "passing_twoptm": 0, "kickret_lngtd": 0, "passing_twopta": 0, "rushing_tds": 0, "passing_yds": 0, "rushing_yds": 6, "passing_cmp": 0, "rushing_twopta": 0, "kickret_ret": 1, "kickret_avg": 21, "rushing_lng": 4, "passing_ints": 1, "passing_tds": 0, "rushing_att": 3, "rushing_twoptm": 0, "active": "true", "kickret_tds": 0}, {"week": "2", "rushing_lngtd": 0, "rushing_tds": 0, "rushing_twopta": 0, "rushing_lng": 11, "rushing_yds": 14, "active": "true", "rushing_att": 3, "rushing_twoptm": 0}, {"week": "3", "rushing_lngtd": 0, "rushing_tds": 0, "rushing_twopta": 0, "rushing_lng": 5, "rushing_yds": 6, "active": "true", "rushing_att": 2, "rushing_twoptm": 0}, {"week": "4", "kickret_lngtd": 0, "kickret_lng": 23, "receiving_tds": 0, "kickret_tds": 0, "receiving_lng": 17, "kickret_avg": 23, "active": "true", "receiving_rec": 2, "receiving_twopta": 0, "receiving_yds": 25, "receiving_lngtd": 0, "receiving_twoptm": 0, "kickret_ret": 1}, {"week": "5", "kickret_lngtd": 0, "rushing_lngtd": 5, "kickret_lng": 25, "kickret_tds": 0, "kickret_ret": 2, "rushing_tds": 1, "kickret_avg": 19, "rushing_twopta": 0, "rushing_lng": 8, "rushing_yds": 12, "active": "true", "rushing_att": 4, "rushing_twoptm": 0}, {"week": "6", "kickret_lngtd": 0, "rushing_lngtd": 0, "kickret_lng": 21, "kickret_tds": 0, "kickret_ret": 1, "rushing_tds": 0, "kickret_avg": 21, "rushing_twopta": 0, "rushing_lng": 18, "rushing_yds": 26, "active": "true", "rushing_att": 4, "rushing_twoptm": 0}, {"week": "7", "active": "false"}, {"week": "8", "rushing_lngtd": 0, "receiving_tds": 0, "receiving_twopta": 0, "receiving_lng": 9, "rushing_tds": 0, "rushing_twopta": 0, "active": "true", "receiving_rec": 3, "rushing_lng": 6, "rushing_yds": 14, "receiving_lngtd": 0, "receiving_yds": 18, "rushing_att": 4, "receiving_twoptm": 0, "rushing_twoptm": 0}, {"week": "9", "kickret_lngtd": 0, "kickret_lng": 22, "kickret_avg": 19, "kickret_tds": 0, "active": "true", "kickret_ret": 4}, {"week": "10", "kickret_lngtd": 0, "kickret_lng": 0, "kickret_avg": 0, "kickret_tds": 0, "active": "true", "kickret_ret": 1}, {"week": "11", "kickret_lngtd": 0, "kickret_lng": 23, "receiving_tds": 0, "kickret_tds": 0, "receiving_lng": 18, "kickret_avg": 18, "active": "true", "receiving_rec": 3, "receiving_twopta": 0, "receiving_yds": 35, "receiving_lngtd": 0, "receiving_twoptm": 0, "kickret_ret": 4}, {"week": "12", "kickret_lngtd": 0, "rushing_lngtd": 0, "kickret_lng": 28, "receiving_tds": 1, "receiving_twopta": 0, "kickret_ret": 1, "receiving_lng": 36, "rushing_tds": 0, "kickret_avg": 28, "rushing_twopta": 0, "active": "true", "receiving_rec": 4, "rushing_lng": 3, "rushing_yds": 3, "receiving_lngtd": 36, "receiving_yds": 77, "rushing_att": 1, "receiving_twoptm": 0, "rushing_twoptm": 0, "kickret_tds": 0}, {"week": "13", "receiving_tds": 0, "receiving_lng": 29, "active": "true", "receiving_rec": 7, "receiving_twopta": 0, "receiving_yds": 72, "receiving_lngtd": 0, "receiving_twoptm": 0}, {"week": "14", "active": "false"}, {"week": "15", "receiving_tds": 0, "receiving_lng": 7, "active": "true", "receiving_rec": 3, "receiving_twopta": 0, "receiving_yds": 5, "receiving_lngtd": 0, "receiving_twoptm": 0}, {"week": "16", "receiving_tds": 0, "receiving_lng": 8, "active": "true", "receiving_rec": 1, "receiving_twopta": 0, "receiving_yds": 8, "receiving_lngtd": 0, "receiving_twoptm": 0}, {"week": "17", "active": "false"}], "2012": [{"week": "1", "active": "false"}, {"fumbles_tot": 1, "receiving_tds": 0, "fumbles_rcv": 1, "rushing_yds": 5, "receiving_lngtd": 0, "fumbles_lost": 0, "rushing_tds": 0, "rushing_twopta": 0, "receiving_rec": 1, "receiving_twopta": 0, "receiving_yds": 16, "rushing_att": 2, "receiving_twoptm": 0, "rushing_twoptm": 0, "week": "2", "kickret_lngtd": 0, "rushing_lngtd": 0, "fumbles_yds": -15, "receiving_lng": 16, "active": "true", "kickret_lng": 5, "fumbles_trcv": 1, "kickret_avg": 5, "rushing_lng": 5, "kickret_tds": 0, "kickret_ret": 1}, {"week": "3", "rushing_lngtd": 0, "rushing_tds": 0, "rushing_twopta": 0, "rushing_lng": 4, "rushing_yds": 6, "active": "true", "rushing_att": 2, "rushing_twoptm": 0}, {"week": "4", "receiving_tds": 1, "receiving_lng": 35, "active": "true", "receiving_rec": 2, "receiving_twopta": 0, "receiving_yds": 49, "receiving_lngtd": 35, "receiving_twoptm": 0}, {"week": "5", "kickret_lngtd": 0, "rushing_lngtd": 0, "kickret_lng": 28, "receiving_tds": 0, "receiving_twopta": 0, "kickret_ret": 1, "receiving_lng": 1, "rushing_tds": 0, "kickret_avg": 28, "rushing_twopta": 0, "active": "true", "receiving_rec": 1, "rushing_lng": 35, "rushing_yds": 35, "receiving_lngtd": 0, "receiving_yds": 1, "rushing_att": 1, "receiving_twoptm": 0, "rushing_twoptm": 0, "kickret_tds": 0}, {"week": "6", "passing_att": 1, "rushing_lngtd": 0, "kickret_lng": 31, "passing_twoptm": 0, "kickret_lngtd": 0, "passing_twopta": 0, "rushing_tds": 0, "passing_yds": 0, "rushing_yds": 19, "passing_cmp": 0, "rushing_twopta": 0, "kickret_ret": 1, "kickret_avg": 31, "rushing_lng": 16, "passing_ints": 1, "passing_tds": 0, "rushing_att": 2, "rushing_twoptm": 0, "active": "true", "kickret_tds": 0}, {"week": "7", "kickret_lngtd": 0, "rushing_lngtd": 0, "kickret_lng": 89, "receiving_tds": 0, "receiving_twopta": 0, "kickret_ret": 2, "receiving_lng": 5, "rushing_tds": 0, "kickret_avg": 54, "rushing_twopta": 0, "active": "true", "receiving_rec": 1, "rushing_lng": 2, "rushing_yds": 2, "receiving_lngtd": 0, "receiving_yds": 5, "rushing_att": 1, "receiving_twoptm": 0, "rushing_twoptm": 0, "kickret_tds": 1}, {"week": "8", "active": "false"}, {"week": "9", "kickret_lngtd": 0, "rushing_lngtd": 0, "kickret_lng": 15, "kickret_tds": 0, "kickret_ret": 1, "rushing_tds": 0, "kickret_avg": 15, "rushing_twopta": 0, "rushing_lng": 0, "rushing_yds": 0, "active": "true", "rushing_att": 1, "rushing_twoptm": 0}, {"week": "10", "kickret_lngtd": 0, "kickret_lng": 13, "kickret_avg": 13, "kickret_tds": 0, "active": "true", "kickret_ret": 1}, {"week": "11", "active": "false"}, {"week": "12", "kickret_lngtd": 0, "kickret_lng": 32, "kickret_avg": 32, "kickret_tds": 0, "active": "true", "kickret_ret": 1}, {"week": "13", "kickret_lngtd": 0, "rushing_lngtd": 0, "kickret_lng": 38, "receiving_tds": 0, "receiving_twopta": 0, "kickret_ret": 1, "receiving_lng": 12, "rushing_tds": 0, "kickret_avg": 38, "rushing_twopta": 0, "active": "true", "receiving_rec": 1, "rushing_lng": 17, "rushing_yds": 28, "receiving_lngtd": 0, "receiving_yds": 12, "rushing_att": 2, "receiving_twoptm": 0, "rushing_twoptm": 0, "kickret_tds": 0}, {"week": "14", "kickret_lngtd": 0, "kickret_lng": 22, "receiving_tds": 0, "kickret_tds": 0, "receiving_lng": 6, "kickret_avg": 22, "active": "true", "receiving_rec": 1, "receiving_twopta": 0, "receiving_yds": 6, "receiving_lngtd": 0, "receiving_twoptm": 0, "kickret_ret": 1}, {"week": "15", "kickret_lngtd": 0, "kickret_lng": 39, "receiving_tds": 0, "kickret_tds": 0, "receiving_lng": 10, "kickret_avg": 30, "active": "true", "receiving_rec": 3, "receiving_twopta": 0, "receiving_yds": 26, "receiving_lngtd": 0, "receiving_twoptm": 0, "kickret_ret": 3}, {"week": "16", "kickret_lngtd": 0, "rushing_lngtd": 0, "kickret_lng": 20, "receiving_tds": 1, "receiving_twopta": 0, "kickret_ret": 2, "receiving_lng": 9, "rushing_tds": 0, "kickret_avg": 16, "rushing_twopta": 0, "active": "true", "receiving_rec": 2, "rushing_lng": 1, "rushing_yds": 1, "receiving_lngtd": 2, "receiving_yds": 11, "rushing_att": 1, "receiving_twoptm": 0, "rushing_twoptm": 0, "kickret_tds": 0}, {"week": "17", "kickret_lngtd": 0, "rushing_lngtd": 4, "kickret_lng": 30, "receiving_tds": 0, "receiving_twopta": 0, "kickret_ret": 3, "receiving_lng": 17, "rushing_tds": 1, "kickret_avg": 26, "rushing_twopta": 0, "active": "true", "receiving_rec": 2, "rushing_lng": 16, "rushing_yds": 20, "receiving_lngtd": 0, "receiving_yds": 26, "rushing_att": 2, "receiving_twoptm": 0, "rushing_twoptm": 0, "kickret_tds": 0}], "2013": [{"week": "1", "active": "false"}, {"week": "2", "active": "false"}, {"week": "3", "active": "false"}, {"week": "4", "active": "false"}, {"week": "5", "active": "false"}, {"week": "6", "active": "false"}, {"week": "7", "active": "false"}, {"week": "8", "active": "false"}, {"week": "9", "active": "false"}, {"week": "10", "active": "false"}, {"week": "11", "active": "false"}, {"week": "12", "active": "false"}, {"week": "13", "fumbles_tot": 1, "kickret_lngtd": 0, "rushing_lngtd": 0, "kickret_lng": 31, "kickret_tds": 0, "fumbles_yds": -4, "fumbles_lost": 0, "fumbles_trcv": 1, "kickret_ret": 1, "rushing_tds": 0, "fumbles_rcv": 1, "kickret_avg": 31, "rushing_twopta": 0, "rushing_lng": 0, "rushing_yds": 0, "active": "true", "rushing_att": 1, "rushing_twoptm": 0}, {"week": "14", "receiving_tds": 0, "receiving_lng": 13, "active": "true", "receiving_rec": 1, "receiving_twopta": 0, "receiving_yds": 13, "receiving_lngtd": 0, "receiving_twoptm": 0}, {"week": "15", "kickret_lngtd": 0, "kickret_lng": 47, "receiving_tds": 0, "kickret_tds": 0, "receiving_lng": 14, "kickret_avg": 47, "active": "true", "receiving_rec": 1, "receiving_twopta": 0, "receiving_yds": 14, "receiving_lngtd": 0, "receiving_twoptm": 0, "kickret_ret": 1}, {"week": "16", "kickret_lngtd": 0, "rushing_lngtd": 0, "kickret_lng": 17, "kickret_tds": 0, "kickret_ret": 1, "rushing_tds": 0, "kickret_avg": 17, "rushing_twopta": 0, "rushing_lng": 2, "rushing_yds": 2, "active": "true", "rushing_att": 1, "rushing_twoptm": 0}, {"week": "17", "passing_att": 1, "kickret_lng": 11, "passing_twoptm": 0, "passing_twopta": 0, "passing_yds": 0, "passing_cmp": 0, "kickret_lngtd": 0, "active": "true", "kickret_avg": 11, "passing_ints": 0, "passing_tds": 0, "kickret_ret": 1, "kickret_tds": 0}], "2014": [{"week": "1", "active": "false"}, {"week": "2", "active": "false"}, {"week": "3", "active": "false"}, {"week": "4", "active": "false"}, {"week": "5", "active": "false"}, {"week": "6", "active": "false"}, {"week": "7", "active": "false"}, {"week": "8", "active": "false"}, {"week": "9", "active": "false"}, {"week": "10", "active": "false"}, {"week": "11", "fumbles_tot": 0, "fumbles_yds": 6, "fumbles_lost": 0, "fumbles_trcv": 1, "fumbles_rcv": 1, "active": "true"}, {"week": "12", "active": "false"}, {"week": "13", "active": "false"}, {"week": "14", "active": "false"}]}}