{"B.Leftwich": {"2009": [{"week": "1", "fumbles_tot": 1, "passing_att": 41, "fumbles_rcv": 0, "passing_twoptm": 0, "fumbles_yds": -3, "fumbles_lost": 0, "fumbles_trcv": 0, "passing_twopta": 0, "rushing_tds": 0, "passing_yds": 276, "rushing_yds": 3, "passing_cmp": 25, "rushing_twopta": 0, "active": "true", "rushing_lng": 2, "passing_ints": 0, "passing_tds": 1, "rushing_att": 3, "rushing_twoptm": 0}, {"week": "2", "fumbles_tot": 1, "passing_att": 50, "fumbles_rcv": 0, "passing_twoptm": 0, "fumbles_yds": -1, "fumbles_lost": 0, "fumbles_trcv": 0, "passing_twopta": 1, "rushing_tds": 0, "passing_yds": 296, "rushing_yds": 0, "passing_cmp": 26, "rushing_twopta": 0, "active": "true", "rushing_lng": 0, "passing_ints": 2, "passing_tds": 3, "rushing_att": 1, "rushing_twoptm": 0}, {"week": "3", "passing_att": 16, "passing_twoptm": 0, "passing_twopta": 0, "rushing_tds": 0, "passing_yds": 22, "rushing_yds": 3, "passing_cmp": 7, "rushing_twopta": 0, "active": "true", "rushing_lng": 4, "passing_ints": 1, "passing_tds": 0, "rushing_att": 2, "rushing_twoptm": 0}, {"week": "4", "active": "false"}, {"week": "5", "active": "false"}, {"week": "6", "active": "false"}, {"week": "7", "active": "false"}, {"week": "8", "active": "false"}, {"week": "9", "active": "false"}, {"week": "10", "active": "false"}, {"week": "11", "active": "false"}, {"week": "12", "active": "false"}, {"week": "13", "active": "false"}, {"week": "14", "active": "false"}, {"week": "15", "active": "false"}, {"week": "16", "active": "false"}, {"week": "17", "active": "false"}], "2010": [{"week": "1", "active": "false"}, {"week": "2", "active": "false"}, {"week": "3", "active": "false"}, {"week": "4", "active": "false"}, {"week": "5", "active": "false"}, {"week": "6", "active": "false"}, {"week": "7", "active": "false"}, {"week": "8", "active": "false"}, {"week": "9", "active": "false"}, {"week": "10", "active": "false"}, {"week": "11", "active": "false"}, {"week": "12", "active": "false"}, {"week": "13", "active": "false"}, {"week": "14", "active": "false"}, {"week": "15", "active": "false"}, {"week": "16", "active": "false"}, {"week": "17", "passing_att": 7, "passing_twoptm": 0, "passing_twopta": 0, "passing_yds": 42, "passing_cmp": 5, "active": "true", "passing_ints": 0, "passing_tds": 0}], "2011": [{"week": "1", "active": "false"}, {"week": "2", "active": "false"}, {"week": "3", "active": "false"}, {"week": "4", "active": "false"}, {"week": "5", "active": "false"}, {"week": "6", "active": "false"}, {"week": "7", "active": "false"}, {"week": "8", "active": "false"}, {"week": "9", "active": "false"}, {"week": "10", "active": "false"}, {"week": "11", "active": "false"}, {"week": "12", "active": "false"}, {"week": "13", "active": "false"}, {"week": "14", "active": "false"}, {"week": "15", "active": "false"}, {"week": "16", "active": "false"}, {"week": "17", "active": "false"}], "2012": [{"week": "1", "active": "false"}, {"week": "2", "active": "false"}, {"week": "3", "active": "false"}, {"week": "4", "active": "false"}, {"week": "5", "active": "false"}, {"week": "6", "active": "false"}, {"week": "7", "active": "false"}, {"week": "8", "active": "false"}, {"week": "9", "active": "false"}, {"week": "10", "passing_att": 14, "passing_twoptm": 0, "passing_twopta": 0, "passing_yds": 73, "passing_cmp": 7, "active": "true", "passing_ints": 0, "passing_tds": 0}, {"week": "11", "fumbles_tot": 1, "passing_att": 39, "rushing_lngtd": 31, "passing_twoptm": 0, "fumbles_yds": 0, "fumbles_rcv": 1, "fumbles_trcv": 1, "passing_twopta": 0, "rushing_tds": 1, "passing_yds": 201, "rushing_yds": 31, "passing_cmp": 18, "rushing_twopta": 0, "fumbles_lost": 0, "rushing_lng": 31, "passing_ints": 1, "passing_tds": 0, "rushing_att": 1, "rushing_twoptm": 0, "active": "true"}, {"week": "12", "active": "false"}, {"week": "13", "active": "false"}, {"week": "14", "active": "false"}, {"week": "15", "active": "false"}, {"week": "16", "active": "false"}, {"week": "17", "active": "false"}], "2013": [{"week": "1", "active": "false"}, {"week": "2", "active": "false"}, {"week": "3", "active": "false"}, {"week": "4", "active": "false"}, {"week": "5", "active": "false"}, {"week": "6", "active": "false"}, {"week": "7", "active": "false"}, {"week": "8", "active": "false"}, {"week": "9", "active": "false"}, {"week": "10", "active": "false"}, {"week": "11", "active": "false"}, {"week": "12", "active": "false"}, {"week": "13", "active": "false"}, {"week": "14", "active": "false"}, {"week": "15", "active": "false"}, {"week": "16", "active": "false"}, {"week": "17", "active": "false"}], "2014": [{"week": "1", "active": "false"}, {"week": "2", "active": "false"}, {"week": "3", "active": "false"}, {"week": "4", "active": "false"}, {"week": "5", "active": "false"}, {"week": "6", "active": "false"}, {"week": "7", "active": "false"}, {"week": "8", "active": "false"}, {"week": "9", "active": "false"}, {"week": "10", "active": "false"}, {"week": "11", "active": "false"}, {"week": "12", "active": "false"}, {"week": "13", "active": "false"}, {"week": "14", "active": "false"}]}}