{"C.Brown": {"2009": [{"week": "1", "receiving_lng": 1, "receiving_tds": 0, "receiving_twopta": 0, "rushing_tds": 0, "rushing_twopta": 0, "active": "true", "receiving_rec": 1, "rushing_lng": 11, "rushing_yds": 15, "receiving_yds": 1, "rushing_att": 3, "receiving_twoptm": 0, "rushing_twoptm": 0}, {"week": "2", "rushing_tds": 0, "rushing_twopta": 0, "rushing_lng": 12, "rushing_yds": 25, "active": "true", "rushing_att": 8, "rushing_twoptm": 0}, {"week": "3", "fumbles_tot": 1, "fumbles_yds": 0, "fumbles_lost": 1, "fumbles_trcv": 0, "rushing_tds": 0, "fumbles_rcv": 0, "rushing_twopta": 0, "rushing_lng": 5, "rushing_yds": 19, "active": "true", "rushing_att": 8, "rushing_twoptm": 0}, {"week": "4", "defense_sk": 0, "defense_tkl": 6, "defense_int": 0, "active": "true", "defense_ffum": 1, "defense_ast": 0}, {"week": "5", "defense_sk": 0, "defense_tkl": 0, "defense_int": 0, "active": "true", "defense_ffum": 0, "defense_ast": 2}, {"week": "6", "rushing_tds": 0, "rushing_twopta": 0, "rushing_lng": 10, "rushing_yds": 45, "active": "true", "rushing_att": 9, "rushing_twoptm": 0}, {"week": "7", "receiving_lng": 4, "receiving_tds": 0, "receiving_twopta": 0, "rushing_tds": 0, "rushing_twopta": 0, "active": "true", "receiving_rec": 1, "rushing_lng": 13, "rushing_yds": 14, "receiving_yds": 4, "rushing_att": 4, "receiving_twoptm": 0, "rushing_twoptm": 0}, {"week": "8", "receiving_lng": 8, "receiving_tds": 0, "receiving_twopta": 0, "rushing_tds": 0, "rushing_twopta": 0, "active": "true", "receiving_rec": 2, "rushing_lng": 7, "rushing_yds": 22, "receiving_yds": 7, "rushing_att": 7, "receiving_twoptm": 0, "rushing_twoptm": 0}, {"week": "9", "active": "false"}, {"week": "10", "active": "false"}, {"week": "11", "receiving_lng": 6, "receiving_tds": 0, "receiving_twopta": 0, "rushing_tds": 0, "rushing_twopta": 0, "active": "true", "receiving_rec": 3, "rushing_lng": 7, "rushing_yds": 36, "receiving_yds": 17, "rushing_att": 11, "receiving_twoptm": 0, "rushing_twoptm": 0}, {"week": "12", "defense_sk": 0, "defense_tkl": 4, "defense_int": 0, "active": "true", "defense_ffum": 0, "defense_ast": 2}, {"week": "13", "passing_att": 1, "receiving_lng": 6, "passing_twoptm": 0, "receiving_twopta": 1, "passing_twopta": 0, "rushing_tds": 1, "passing_yds": 0, "rushing_yds": 15, "passing_cmp": 0, "rushing_twopta": 0, "receiving_yds": 11, "receiving_rec": 2, "rushing_lng": 8, "passing_ints": 1, "passing_tds": 0, "rushing_att": 6, "receiving_twoptm": 0, "rushing_twoptm": 0, "active": "true", "receiving_tds": 0}, {"week": "14", "rushing_tds": 0, "rushing_twopta": 0, "rushing_lng": 3, "rushing_yds": 7, "active": "true", "rushing_att": 3, "rushing_twoptm": 0}, {"week": "15", "receiving_lng": 4, "receiving_tds": 0, "receiving_twopta": 0, "rushing_tds": 0, "rushing_twopta": 0, "active": "true", "receiving_rec": 2, "rushing_lng": 2, "rushing_yds": 2, "receiving_yds": 4, "rushing_att": 3, "receiving_twoptm": 0, "rushing_twoptm": 0}, {"week": "16", "receiving_lng": 1, "receiving_tds": 0, "receiving_twopta": 0, "rushing_tds": 0, "rushing_twopta": 0, "active": "true", "receiving_rec": 1, "rushing_lng": 9, "rushing_yds": 9, "receiving_yds": 1, "rushing_att": 2, "receiving_twoptm": 0, "rushing_twoptm": 0}, {"week": "17", "defense_sk": 0, "defense_tkl": 1, "defense_int": 0, "active": "true", "defense_ffum": 0, "defense_ast": 2}], "2010": [{"week": "1", "defense_sk": 0, "defense_tkl": 5, "defense_int": 0, "active": "true", "defense_ffum": 1, "defense_ast": 1}, {"week": "2", "defense_sk": 0, "defense_tkl": 5, "defense_int": 0, "active": "true", "defense_ffum": 0, "defense_ast": 0}, {"week": "3", "defense_sk": 0, "defense_tkl": 5, "defense_int": 0, "active": "true", "defense_ffum": 0, "defense_ast": 2}, {"week": "4", "defense_sk": 0, "defense_tkl": 2, "defense_int": 0, "active": "true", "defense_ffum": 0, "defense_ast": 1}, {"week": "5", "defense_sk": 0, "defense_tkl": 2, "defense_int": 0, "active": "true", "defense_ffum": 0, "defense_ast": 1}, {"week": "6", "defense_sk": 0, "defense_tkl": 6, "defense_int": 0, "active": "true", "defense_ffum": 0, "defense_ast": 1}, {"week": "7", "active": "false"}, {"week": "8", "defense_sk": 0, "defense_tkl": 1, "defense_int": 0, "active": "true", "defense_ffum": 0, "defense_ast": 2}, {"week": "9", "kickret_lngtd": 0, "kickret_lng": 21, "kickret_avg": 19, "defense_sk": 0, "defense_tkl": 0, "defense_int": 0, "kickret_tds": 0, "active": "true", "kickret_ret": 3, "defense_ffum": 0, "defense_ast": 1}, {"week": "10", "kickret_lngtd": 0, "kickret_lng": 23, "kickret_avg": 22, "kickret_tds": 0, "active": "true", "kickret_ret": 2}, {"week": "11", "defense_sk": 0, "defense_tkl": 1, "defense_int": 0, "active": "true", "defense_ffum": 0, "defense_ast": 0}, {"week": "12", "active": "false"}, {"week": "13", "defense_sk": 0, "defense_tkl": 3, "defense_int": 0, "active": "true", "defense_ffum": 0, "defense_ast": 0}, {"week": "14", "defense_sk": 0, "defense_tkl": 3, "defense_int": 0, "active": "true", "defense_ffum": 0, "defense_ast": 0}, {"week": "15", "defense_sk": 0, "defense_tkl": 2, "defense_int": 0, "active": "true", "defense_ffum": 0, "defense_ast": 2}, {"week": "16", "defense_sk": 0, "defense_tkl": 3, "defense_int": 0, "active": "true", "defense_ffum": 0, "defense_ast": 0}, {"week": "17", "defense_sk": 0, "defense_tkl": 2, "defense_int": 0, "active": "true", "defense_ffum": 0, "defense_ast": 0}], "2011": [{"week": "1", "active": "false"}, {"week": "2", "active": "false"}, {"week": "3", "active": "false"}, {"week": "4", "active": "false"}, {"week": "5", "active": "false"}, {"week": "6", "active": "false"}, {"week": "7", "receiving_tds": 0, "receiving_lng": 9, "active": "true", "receiving_rec": 1, "receiving_twopta": 0, "receiving_yds": 9, "receiving_lngtd": 0, "receiving_twoptm": 0}, {"week": "8", "active": "false"}, {"week": "9", "active": "false"}, {"week": "10", "active": "false"}, {"week": "11", "active": "false"}, {"week": "12", "active": "false"}, {"week": "13", "active": "false"}, {"week": "14", "defense_sk": 0, "defense_tkl": 3, "defense_int": 0, "active": "true", "defense_ffum": 0, "defense_ast": 0}, {"week": "15", "active": "false"}, {"week": "16", "defense_sk": 0, "defense_tkl": 1, "defense_int": 0, "active": "true", "defense_ffum": 0, "defense_ast": 0}, {"week": "17", "fumbles_tot": 1, "fumbles_yds": -9, "fumbles_lost": 0, "fumbles_trcv": 0, "fumbles_rcv": 0, "active": "true"}], "2012": [{"week": "1", "active": "false"}, {"week": "2", "active": "false"}, {"week": "3", "active": "false"}, {"week": "4", "active": "false"}, {"week": "5", "active": "false"}, {"week": "6", "active": "false"}, {"week": "7", "defense_sk": 0, "defense_tkl": 2, "defense_int": 0, "active": "true", "defense_ffum": 0, "defense_ast": 0}, {"week": "8", "active": "false"}, {"week": "9", "active": "false"}, {"week": "10", "defense_sk": 0, "defense_tkl": 2, "defense_int": 0, "active": "true", "defense_ffum": 0, "defense_ast": 0}, {"week": "11", "defense_sk": 0, "defense_tkl": 1, "defense_int": 0, "active": "true", "defense_ffum": 0, "defense_ast": 0}, {"week": "12", "defense_sk": 0, "defense_tkl": 1, "defense_int": 0, "active": "true", "defense_ffum": 0, "defense_ast": 1}, {"week": "13", "defense_sk": 0, "defense_tkl": 3, "defense_int": 0, "active": "true", "defense_ffum": 0, "defense_ast": 0}, {"week": "14", "defense_sk": 0, "defense_tkl": 4, "defense_int": 0, "active": "true", "defense_ffum": 0, "defense_ast": 1}, {"week": "15", "defense_sk": 0, "defense_tkl": 1, "defense_int": 0, "active": "true", "defense_ffum": 0, "defense_ast": 0}, {"week": "16", "defense_sk": 0, "defense_tkl": 1, "defense_int": 0, "active": "true", "defense_ffum": 0, "defense_ast": 0}, {"week": "17", "defense_sk": 0, "defense_tkl": 2, "defense_int": 0, "active": "true", "defense_ffum": 0, "defense_ast": 1}], "2013": [{"week": "1", "active": "false"}, {"week": "2", "active": "false"}, {"week": "3", "active": "false"}, {"week": "4", "active": "false"}, {"week": "5", "active": "false"}, {"week": "6", "active": "false"}, {"week": "7", "active": "false"}, {"week": "8", "active": "false"}, {"week": "9", "active": "false"}, {"week": "10", "active": "false"}, {"week": "11", "active": "false"}, {"week": "12", "active": "false"}, {"week": "13", "active": "false"}, {"week": "14", "active": "false"}, {"week": "15", "active": "false"}, {"week": "16", "active": "false"}, {"week": "17", "active": "false"}], "2014": [{"week": "1", "defense_sk": 0, "defense_tkl": 4, "defense_int": 0, "active": "true", "defense_ffum": 0, "defense_ast": 1}, {"week": "2", "defense_sk": 0, "defense_tkl": 1, "defense_int": 0, "active": "true", "defense_ffum": 0, "defense_ast": 0}, {"fumbles_tot": 2, "receiving_tds": 0, "fumbles_rcv": 1, "kickret_tds": 0, "receiving_lngtd": 0, "puntret_ret": 1, "puntret_avg": -10, "fumbles_lost": 1, "receiving_rec": 7, "receiving_twopta": 0, "receiving_yds": 66, "receiving_twoptm": 0, "week": "3", "puntret_lngtd": 0, "kickret_lngtd": 0, "fumbles_yds": 0, "receiving_lng": 16, "puntret_lng": -10, "active": "true", "puntret_tds": 0, "kickret_lng": 22, "fumbles_trcv": 1, "kickret_avg": 21, "kickret_ret": 2}, {"week": "4", "defense_sk": 0, "defense_tkl": 1, "defense_int": 0, "active": "true", "defense_ffum": 0, "defense_ast": 0}, {"fumbles_tot": 1, "receiving_tds": 0, "fumbles_rcv": 0, "rushing_yds": 22, "receiving_lngtd": 0, "puntret_ret": 3, "puntret_avg": 27, "fumbles_lost": 0, "rushing_tds": 0, "rushing_twopta": 0, "receiving_rec": 1, "receiving_twopta": 0, "receiving_yds": 4, "rushing_att": 2, "receiving_twoptm": 0, "rushing_twoptm": 0, "week": "5", "puntret_lngtd": 79, "kickret_lngtd": 0, "rushing_lngtd": 0, "fumbles_yds": 0, "receiving_lng": 4, "puntret_lng": 79, "active": "true", "puntret_tds": 1, "kickret_lng": 18, "fumbles_trcv": 0, "kickret_avg": 18, "rushing_lng": 14, "kickret_tds": 0, "kickret_ret": 1}, {"week": "6", "puntret_tds": 0, "kickret_lngtd": 0, "puntret_ret": 1, "kickret_lng": 35, "receiving_tds": 0, "puntret_avg": 5, "puntret_lngtd": 0, "kickret_tds": 0, "receiving_lng": 8, "kickret_avg": 22, "puntret_lng": 5, "active": "true", "receiving_rec": 1, "receiving_twopta": 0, "receiving_yds": 8, "receiving_lngtd": 0, "receiving_twoptm": 0, "kickret_ret": 6}, {"week": "7", "puntret_tds": 0, "kickret_lngtd": 0, "puntret_ret": 2, "kickret_lng": 31, "puntret_avg": 8, "puntret_lngtd": 0, "kickret_avg": 27, "puntret_lng": 12, "kickret_tds": 0, "active": "true", "kickret_ret": 2}, {"week": "8", "active": "false"}, {"week": "9", "defense_sk": 0, "defense_tkl": 1, "defense_int": 0, "active": "true", "defense_ffum": 0, "defense_ast": 0}, {"week": "10", "active": "false"}, {"week": "11", "puntret_tds": 0, "puntret_ret": 4, "receiving_tds": 1, "puntret_avg": 4, "puntret_lngtd": 0, "receiving_lng": 47, "puntret_lng": 8, "active": "true", "receiving_rec": 1, "receiving_twopta": 0, "receiving_yds": 47, "receiving_lngtd": 47, "receiving_twoptm": 0}, {"week": "12", "active": "false"}, {"week": "13", "rushing_lngtd": 0, "receiving_tds": 1, "receiving_twopta": 0, "receiving_lng": 32, "rushing_tds": 0, "rushing_twopta": 0, "active": "true", "receiving_rec": 2, "rushing_lng": 4, "rushing_yds": 4, "receiving_lngtd": 32, "receiving_yds": 34, "rushing_att": 1, "receiving_twoptm": 0, "rushing_twoptm": 0}, {"week": "14", "receiving_tds": 0, "receiving_lng": 18, "active": "true", "receiving_rec": 3, "receiving_twopta": 0, "receiving_yds": 42, "receiving_lngtd": 0, "receiving_twoptm": 0}]}}