{"C.Williams": {"2009": [{"week": "1", "defense_sk": 0, "defense_tkl": 1, "defense_int": 0, "active": "true", "defense_ffum": 0, "defense_ast": 0}, {"week": "2", "receiving_lng": 15, "receiving_tds": 1, "receiving_twopta": 0, "rushing_tds": 0, "rushing_twopta": 0, "active": "true", "receiving_rec": 7, "rushing_lng": 5, "rushing_yds": 9, "receiving_yds": 56, "rushing_att": 7, "receiving_twoptm": 0, "rushing_twoptm": 0}, {"week": "3", "defense_sk": 0, "defense_tkl": 1, "defense_int": 0, "active": "true", "defense_ffum": 0, "defense_ast": 0}, {"week": "4", "defense_sk": 1, "defense_tkl": 3, "defense_int": 0, "active": "true", "defense_ffum": 0, "defense_ast": 0}, {"week": "5", "defense_sk": 0, "defense_tkl": 1, "defense_int": 0, "active": "true", "defense_ffum": 0, "defense_ast": 2}, {"week": "6", "rushing_tds": 1, "rushing_twopta": 0, "rushing_lng": 20, "rushing_yds": 77, "active": "true", "rushing_att": 16, "rushing_twoptm": 0}, {"week": "7", "defense_sk": 0, "defense_tkl": 1, "defense_int": 0, "active": "true", "defense_ffum": 0, "defense_ast": 0}, {"week": "8", "defense_sk": 1, "defense_tkl": 3, "defense_int": 0, "active": "true", "defense_ffum": 0, "defense_ast": 0}, {"week": "9", "rushing_tds": 0, "rushing_twopta": 0, "rushing_lng": 8, "rushing_yds": 56, "active": "true", "rushing_att": 16, "rushing_twoptm": 0}, {"week": "10", "fumbles_tot": 0, "fumbles_yds": 0, "fumbles_lost": 0, "fumbles_trcv": 1, "rushing_tds": 1, "fumbles_rcv": 1, "rushing_twopta": 0, "rushing_lng": 14, "rushing_yds": 52, "active": "true", "rushing_att": 14, "rushing_twoptm": 0}, {"week": "11", "receiving_lng": 4, "receiving_tds": 0, "receiving_twopta": 0, "rushing_tds": 0, "rushing_twopta": 0, "active": "true", "receiving_rec": 1, "rushing_lng": 6, "rushing_yds": 32, "receiving_yds": 4, "rushing_att": 11, "receiving_twoptm": 0, "rushing_twoptm": 0}, {"week": "12", "receiving_lng": 8, "receiving_tds": 1, "receiving_twopta": 0, "rushing_tds": 0, "rushing_twopta": 0, "active": "true", "receiving_rec": 1, "rushing_lng": 8, "rushing_yds": 30, "receiving_yds": 8, "rushing_att": 10, "receiving_twoptm": 0, "rushing_twoptm": 0}, {"week": "13", "receiving_lng": 9, "receiving_tds": 0, "receiving_twopta": 0, "rushing_tds": 0, "rushing_twopta": 0, "active": "true", "receiving_rec": 2, "rushing_lng": 25, "rushing_yds": 92, "receiving_yds": 14, "rushing_att": 17, "receiving_twoptm": 0, "rushing_twoptm": 0}, {"week": "14", "defense_sk": 2, "defense_tkl": 5, "defense_int": 0, "active": "true", "defense_ffum": 0, "defense_ast": 0}, {"week": "15", "defense_sk": 0, "defense_tkl": 1, "defense_int": 0, "active": "true", "defense_ffum": 0, "defense_ast": 0}, {"week": "16", "defense_sk": 0, "defense_tkl": 1, "defense_int": 0, "active": "true", "defense_ffum": 0, "defense_ast": 1}, {"week": "17", "fumbles_tot": 1, "receiving_lng": 17, "receiving_tds": 0, "fumbles_yds": 0, "receiving_twopta": 0, "fumbles_trcv": 0, "rushing_tds": 0, "fumbles_rcv": 0, "rushing_twopta": 0, "fumbles_lost": 0, "receiving_rec": 4, "rushing_lng": 9, "rushing_yds": 40, "receiving_yds": 35, "rushing_att": 19, "receiving_twoptm": 0, "rushing_twoptm": 0, "active": "true"}], "2010": [{"week": "1", "rushing_lngtd": 0, "receiving_tds": 0, "receiving_twopta": 0, "receiving_lng": 20, "rushing_tds": 0, "rushing_twopta": 0, "active": "true", "receiving_rec": 2, "rushing_lng": 20, "rushing_yds": 75, "receiving_lngtd": 0, "receiving_yds": 23, "rushing_att": 22, "receiving_twoptm": 0, "rushing_twoptm": 0}, {"week": "2", "defense_sk": 0, "defense_tkl": 2, "defense_int": 0, "active": "true", "defense_ffum": 0, "defense_ast": 0}, {"week": "3", "rushing_lngtd": 0, "receiving_tds": 0, "receiving_twopta": 0, "receiving_lng": 11, "rushing_tds": 0, "rushing_twopta": 0, "active": "true", "receiving_rec": 5, "rushing_lng": 8, "rushing_yds": 13, "receiving_lngtd": 0, "receiving_yds": 33, "rushing_att": 6, "receiving_twoptm": 0, "rushing_twoptm": 0}, {"week": "4", "defense_sk": 0, "defense_tkl": 2, "defense_int": 0, "active": "true", "defense_ffum": 0, "defense_ast": 1}, {"week": "5", "defense_sk": 0, "defense_tkl": 6, "defense_int": 0, "active": "true", "defense_ffum": 1, "defense_ast": 1}, {"week": "6", "defense_sk": 0, "defense_tkl": 2, "defense_int": 0, "active": "true", "defense_ffum": 0, "defense_ast": 1}, {"week": "7", "receiving_tds": 0, "receiving_lng": 4, "active": "true", "receiving_rec": 1, "receiving_twopta": 0, "receiving_yds": 4, "receiving_lngtd": 0, "receiving_twoptm": 0}, {"week": "8", "defense_sk": 0, "defense_tkl": 2, "defense_int": 0, "active": "true", "defense_ffum": 0, "defense_ast": 0}, {"week": "9", "defense_sk": 0, "defense_tkl": 3, "defense_int": 0, "active": "true", "defense_ffum": 0, "defense_ast": 0}, {"week": "10", "rushing_lngtd": 45, "receiving_tds": 0, "receiving_twopta": 0, "receiving_lng": 16, "rushing_tds": 1, "rushing_twopta": 0, "active": "true", "receiving_rec": 2, "rushing_lng": 45, "rushing_yds": 62, "receiving_lngtd": 0, "receiving_yds": 23, "rushing_att": 5, "receiving_twoptm": 0, "rushing_twoptm": 0}, {"week": "11", "fumbles_tot": 0, "fumbles_yds": 0, "fumbles_lost": 0, "fumbles_trcv": 1, "fumbles_rcv": 1, "active": "true"}, {"week": "12", "defense_sk": 0, "defense_tkl": 1, "defense_int": 0, "active": "true", "defense_ffum": 0, "defense_ast": 0}, {"week": "13", "defense_sk": 0, "defense_tkl": 3, "defense_int": 0, "active": "true", "defense_ffum": 0, "defense_ast": 0}, {"week": "14", "rushing_lngtd": 0, "receiving_tds": 0, "receiving_twopta": 0, "receiving_lng": 11, "rushing_tds": 0, "rushing_twopta": 0, "active": "true", "receiving_rec": 4, "rushing_lng": 4, "rushing_yds": 6, "receiving_lngtd": 0, "receiving_yds": 34, "rushing_att": 3, "receiving_twoptm": 0, "rushing_twoptm": 0}, {"week": "15", "rushing_lngtd": 0, "receiving_tds": 0, "receiving_twopta": 0, "receiving_lng": 18, "rushing_tds": 0, "rushing_twopta": 0, "active": "true", "receiving_rec": 2, "rushing_lng": 10, "rushing_yds": 38, "receiving_lngtd": 0, "receiving_yds": 26, "rushing_att": 7, "receiving_twoptm": 0, "rushing_twoptm": 0}, {"week": "16", "rushing_lngtd": 0, "receiving_tds": 0, "receiving_twopta": 0, "receiving_lng": 9, "rushing_tds": 0, "rushing_twopta": 0, "active": "true", "receiving_rec": 3, "rushing_lng": 15, "rushing_yds": 21, "receiving_lngtd": 0, "receiving_yds": 22, "rushing_att": 4, "receiving_twoptm": 0, "rushing_twoptm": 0}, {"week": "17", "rushing_lngtd": 0, "rushing_tds": 0, "rushing_twopta": 0, "rushing_lng": 7, "rushing_yds": 7, "active": "true", "rushing_att": 1, "rushing_twoptm": 0}], "2011": [{"week": "1", "defense_sk": 0, "defense_tkl": 1, "defense_int": 0, "active": "true", "defense_ffum": 0, "defense_ast": 0}, {"week": "2", "defense_sk": 0, "defense_tkl": 0, "defense_int": 0, "active": "true", "defense_ffum": 0, "defense_ast": 2}, {"week": "3", "rushing_lngtd": 0, "receiving_tds": 0, "receiving_twopta": 0, "receiving_lng": 4, "rushing_tds": 0, "rushing_twopta": 0, "active": "true", "receiving_rec": 1, "rushing_lng": 16, "rushing_yds": 75, "receiving_lngtd": 0, "receiving_yds": 4, "rushing_att": 18, "receiving_twoptm": 0, "rushing_twoptm": 0}, {"week": "4", "defense_sk": 0, "defense_tkl": 1, "defense_int": 0, "active": "true", "defense_ffum": 0, "defense_ast": 3}, {"week": "5", "defense_sk": 0, "defense_tkl": 2, "defense_int": 0, "active": "true", "defense_ffum": 0, "defense_ast": 0}, {"week": "6", "defense_sk": 0, "defense_tkl": 2, "defense_int": 0, "active": "true", "defense_ffum": 0, "defense_ast": 1}, {"week": "7", "defense_sk": 0.5, "defense_tkl": 2, "defense_int": 0, "active": "true", "defense_ffum": 0, "defense_ast": 1}, {"week": "8", "rushing_lngtd": 0, "rushing_tds": 0, "rushing_twopta": 0, "rushing_lng": 0, "rushing_yds": 0, "active": "true", "rushing_att": 2, "rushing_twoptm": 0}, {"week": "9", "rushing_lngtd": 0, "rushing_tds": 0, "rushing_twopta": 0, "rushing_lng": 12, "rushing_yds": 17, "active": "true", "rushing_att": 3, "rushing_twoptm": 0}, {"week": "10", "defense_sk": 0, "defense_tkl": 1, "defense_int": 0, "active": "true", "defense_ffum": 0, "defense_ast": 0}, {"week": "11", "defense_sk": 0, "defense_tkl": 1, "defense_int": 0, "active": "true", "defense_ffum": 0, "defense_ast": 0}, {"week": "12", "defense_sk": 0, "defense_tkl": 1, "defense_int": 0, "active": "true", "defense_ffum": 0, "defense_ast": 1}, {"week": "13", "defense_sk": 0.5, "defense_tkl": 2, "defense_int": 0, "active": "true", "defense_ffum": 0, "defense_ast": 1}, {"week": "14", "defense_sk": 0, "defense_tkl": 1, "defense_int": 0, "active": "true", "defense_ffum": 0, "defense_ast": 1}, {"week": "15", "rushing_lngtd": 0, "receiving_tds": 0, "receiving_twopta": 0, "receiving_lng": 6, "rushing_tds": 0, "rushing_twopta": 0, "active": "true", "receiving_rec": 1, "rushing_lng": 7, "rushing_yds": 16, "receiving_lngtd": 0, "receiving_yds": 6, "rushing_att": 3, "receiving_twoptm": 0, "rushing_twoptm": 0}, {"week": "16", "rushing_lngtd": 0, "rushing_tds": 0, "rushing_twopta": 0, "rushing_lng": 23, "rushing_yds": 42, "active": "true", "rushing_att": 9, "rushing_twoptm": 0}, {"week": "17", "rushing_lngtd": 1, "rushing_tds": 1, "rushing_twopta": 0, "rushing_lng": 7, "rushing_yds": 17, "active": "true", "rushing_att": 7, "rushing_twoptm": 0}], "2012": [{"week": "1", "defense_sk": 1, "defense_tkl": 2, "defense_int": 0, "active": "true", "defense_ffum": 1, "defense_ast": 3}, {"week": "2", "defense_sk": 0, "defense_tkl": 2, "defense_int": 0, "active": "true", "defense_ffum": 0, "defense_ast": 0}, {"week": "3", "defense_sk": 0, "defense_tkl": 10, "defense_int": 0, "active": "true", "defense_ffum": 0, "defense_ast": 0}, {"week": "4", "defense_sk": 0, "defense_tkl": 3, "defense_int": 1, "active": "true", "defense_ffum": 0, "defense_ast": 0}, {"week": "5", "defense_sk": 0, "defense_tkl": 3, "defense_int": 1, "active": "true", "defense_ffum": 0, "defense_ast": 1}, {"week": "6", "defense_sk": 0, "defense_tkl": 5, "defense_int": 1, "active": "true", "defense_ffum": 0, "defense_ast": 0}, {"week": "7", "defense_sk": 1, "defense_tkl": 8, "defense_int": 0, "active": "true", "defense_ffum": 0, "defense_ast": 0}, {"week": "8", "defense_sk": 0, "defense_tkl": 2, "defense_int": 0, "active": "true", "defense_ffum": 0, "defense_ast": 0}, {"week": "9", "defense_sk": 0, "defense_tkl": 6, "defense_int": 1, "active": "true", "defense_ffum": 0, "defense_ast": 0}, {"week": "10", "defense_sk": 0, "defense_tkl": 3, "defense_int": 0, "active": "true", "defense_ffum": 0, "defense_ast": 1}, {"week": "11", "defense_sk": 0, "defense_tkl": 0, "defense_int": 0, "active": "true", "defense_ffum": 0, "defense_ast": 1}, {"week": "12", "defense_sk": 0, "defense_tkl": 3, "defense_int": 0, "active": "true", "defense_ffum": 0, "defense_ast": 0}, {"week": "13", "defense_sk": 0, "defense_tkl": 0, "defense_int": 0, "active": "true", "defense_ffum": 0, "defense_ast": 1}, {"week": "14", "defense_sk": 0, "defense_tkl": 2, "defense_int": 0, "active": "true", "defense_ffum": 0, "defense_ast": 3}, {"week": "15", "defense_sk": 0, "defense_tkl": 7, "defense_int": 0, "active": "true", "defense_ffum": 0, "defense_ast": 0}, {"week": "16", "defense_sk": 0, "defense_tkl": 4, "defense_int": 0, "active": "true", "defense_ffum": 0, "defense_ast": 1}, {"week": "17", "defense_sk": 0, "defense_tkl": 0, "defense_int": 0, "active": "true", "defense_ffum": 0, "defense_ast": 1}], "2013": [{"week": "1", "defense_sk": 1, "defense_tkl": 2, "defense_int": 1, "active": "true", "defense_ffum": 0, "defense_ast": 0}, {"week": "2", "defense_sk": 0, "defense_tkl": 5, "defense_int": 0, "active": "true", "defense_ffum": 0, "defense_ast": 1}, {"week": "3", "defense_sk": 0, "defense_tkl": 4, "defense_int": 0, "active": "true", "defense_ffum": 0, "defense_ast": 0}, {"week": "4", "defense_sk": 0, "defense_tkl": 3, "defense_int": 0, "active": "true", "defense_ffum": 0, "defense_ast": 2}, {"week": "5", "defense_sk": 0, "defense_tkl": 9, "defense_int": 1, "active": "true", "defense_ffum": 0, "defense_ast": 2}, {"week": "6", "defense_sk": 0, "defense_tkl": 1, "defense_int": 0, "active": "true", "defense_ffum": 0, "defense_ast": 1}, {"week": "7", "defense_sk": 0, "defense_tkl": 3, "defense_int": 0, "active": "true", "defense_ffum": 0, "defense_ast": 1}, {"week": "8", "defense_sk": 0, "defense_tkl": 3, "defense_int": 0, "active": "true", "defense_ffum": 0, "defense_ast": 0}, {"week": "9", "defense_sk": 0, "defense_tkl": 2, "defense_int": 0, "active": "true", "defense_ffum": 0, "defense_ast": 0}, {"week": "10", "defense_sk": 0, "defense_tkl": 7, "defense_int": 0, "active": "true", "defense_ffum": 0, "defense_ast": 0}, {"week": "11", "defense_sk": 0, "defense_tkl": 3, "defense_int": 0, "active": "true", "defense_ffum": 0, "defense_ast": 2}, {"week": "12", "active": "false"}, {"week": "13", "defense_sk": 0, "defense_tkl": 4, "defense_int": 1, "active": "true", "defense_ffum": 0, "defense_ast": 0}, {"week": "14", "defense_sk": 0, "defense_tkl": 3, "defense_int": 0, "active": "true", "defense_ffum": 0, "defense_ast": 0}, {"week": "15", "defense_sk": 0, "defense_tkl": 1, "defense_int": 0, "active": "true", "defense_ffum": 0, "defense_ast": 1}, {"week": "16", "fumbles_tot": 0, "fumbles_yds": 0, "fumbles_lost": 0, "fumbles_trcv": 1, "fumbles_rcv": 0, "defense_sk": 0, "defense_tkl": 4, "defense_int": 0, "active": "true", "defense_ffum": 0, "defense_ast": 0}, {"week": "17", "defense_sk": 0, "defense_tkl": 1, "defense_int": 0, "active": "true", "defense_ffum": 0, "defense_ast": 0}], "2014": [{"week": "1", "defense_sk": 0, "defense_tkl": 1, "defense_int": 0, "active": "true", "defense_ffum": 0, "defense_ast": 0}, {"week": "2", "defense_sk": 0, "defense_tkl": 5, "defense_int": 0, "active": "true", "defense_ffum": 0, "defense_ast": 2}, {"week": "3", "defense_sk": 0, "defense_tkl": 5, "defense_int": 0, "active": "true", "defense_ffum": 0, "defense_ast": 0}, {"week": "4", "defense_sk": 0, "defense_tkl": 7, "defense_int": 0, "active": "true", "defense_ffum": 0, "defense_ast": 0}, {"week": "5", "kickret_lngtd": 0, "kickret_lng": 24, "kickret_avg": 22, "kickret_tds": 0, "active": "true", "kickret_ret": 2}, {"week": "6", "kickret_lngtd": 0, "kickret_lng": 18, "kickret_avg": 17, "kickret_tds": 0, "active": "true", "kickret_ret": 2}, {"week": "7", "kickret_lngtd": 0, "kickret_lng": 50, "kickret_avg": 37, "kickret_tds": 0, "active": "true", "kickret_ret": 2}, {"week": "8", "kickret_lngtd": 0, "kickret_lng": 28, "kickret_avg": 18, "kickret_tds": 0, "active": "true", "kickret_ret": 5}, {"week": "9", "defense_sk": 0, "defense_tkl": 2, "defense_int": 0, "active": "true", "defense_ffum": 0, "defense_ast": 0}, {"week": "10", "puntret_tds": 0, "kickret_lngtd": 101, "rushing_lngtd": 0, "kickret_lng": 101, "kickret_tds": 1, "puntret_avg": 13, "puntret_lngtd": 0, "kickret_ret": 10, "rushing_tds": 0, "kickret_avg": 28, "puntret_lng": 13, "rushing_twopta": 0, "puntret_ret": 1, "rushing_lng": -8, "rushing_yds": -8, "active": "true", "rushing_att": 1, "rushing_twoptm": 0}, {"week": "11", "puntret_tds": 0, "kickret_lngtd": 0, "puntret_ret": 3, "kickret_lng": 19, "puntret_avg": 5, "puntret_lngtd": 0, "kickret_avg": 14, "puntret_lng": 8, "kickret_tds": 0, "active": "true", "kickret_ret": 3}, {"week": "12", "defense_sk": 0, "defense_tkl": 2, "defense_int": 0, "active": "true", "defense_ffum": 0, "defense_ast": 0}, {"week": "13", "defense_sk": 0, "defense_tkl": 3, "defense_int": 1, "active": "true", "defense_ffum": 0, "defense_ast": 0}, {"week": "14", "active": "false"}]}}