{"C.Johnson": {"2009": [{"week": "1", "receiving_lng": 11, "receiving_tds": 0, "receiving_twopta": 0, "rushing_tds": 0, "rushing_twopta": 0, "active": "true", "receiving_rec": 1, "rushing_lng": 32, "rushing_yds": 57, "receiving_yds": 11, "rushing_att": 15, "receiving_twoptm": 0, "rushing_twoptm": 0}, {"week": "2", "defense_sk": 0, "defense_tkl": 1, "defense_int": 0, "active": "true", "defense_ffum": 0, "defense_ast": 0}, {"week": "3", "receiving_lng": 18, "receiving_tds": 0, "receiving_twopta": 0, "rushing_tds": 0, "rushing_twopta": 0, "active": "true", "receiving_rec": 5, "rushing_lng": 9, "rushing_yds": 9, "receiving_yds": 49, "rushing_att": 1, "receiving_twoptm": 0, "rushing_twoptm": 0}, {"week": "4", "receiving_lng": 45, "receiving_tds": 0, "receiving_twopta": 0, "rushing_tds": 0, "rushing_twopta": 0, "active": "true", "receiving_rec": 8, "rushing_lng": 12, "rushing_yds": 12, "receiving_yds": 133, "rushing_att": 1, "receiving_twoptm": 0, "rushing_twoptm": 0}, {"week": "5", "defense_sk": 0, "defense_tkl": 0, "defense_int": 0, "active": "true", "defense_ffum": 0, "defense_ast": 1}, {"week": "6", "defense_sk": 2, "defense_tkl": 3, "defense_int": 0, "active": "true", "defense_ffum": 2, "defense_ast": 1}, {"week": "7", "defense_sk": 0, "defense_tkl": 0, "defense_int": 0, "active": "true", "defense_ffum": 0, "defense_ast": 1}, {"week": "8", "defense_sk": 0, "defense_tkl": 5, "defense_int": 1, "active": "true", "defense_ffum": 0, "defense_ast": 0}, {"week": "9", "defense_sk": 0, "defense_tkl": 3, "defense_int": 0, "active": "true", "defense_ffum": 0, "defense_ast": 0}, {"week": "10", "defense_sk": 0, "defense_tkl": 3, "defense_int": 0, "active": "true", "defense_ffum": 0, "defense_ast": 2}, {"week": "11", "receiving_tds": 1, "receiving_lng": 75, "active": "true", "receiving_rec": 7, "receiving_twopta": 0, "receiving_yds": 161, "receiving_twoptm": 0}, {"week": "12", "receiving_tds": 1, "receiving_lng": 9, "active": "true", "receiving_rec": 2, "receiving_twopta": 0, "receiving_yds": 10, "receiving_twoptm": 0}, {"week": "13", "receiving_tds": 1, "receiving_lng": 54, "active": "true", "receiving_rec": 6, "receiving_twopta": 1, "receiving_yds": 123, "receiving_twoptm": 0}, {"week": "14", "receiving_tds": 0, "receiving_lng": 18, "active": "true", "receiving_rec": 4, "receiving_twopta": 0, "receiving_yds": 37, "receiving_twoptm": 0}, {"week": "15", "receiving_tds": 0, "receiving_lng": 24, "active": "true", "receiving_rec": 3, "receiving_twopta": 0, "receiving_yds": 35, "receiving_twoptm": 0}, {"week": "16", "receiving_lng": 15, "receiving_tds": 0, "receiving_twopta": 0, "rushing_tds": 1, "rushing_twopta": 0, "active": "true", "receiving_rec": 3, "rushing_lng": 30, "rushing_yds": 142, "receiving_yds": 37, "rushing_att": 21, "receiving_twoptm": 0, "rushing_twoptm": 0}, {"week": "17", "receiving_lng": 23, "receiving_tds": 1, "receiving_twopta": 0, "rushing_tds": 0, "rushing_twopta": 0, "active": "true", "receiving_rec": 6, "rushing_lng": 4, "rushing_yds": 4, "receiving_yds": 86, "rushing_att": 1, "receiving_twoptm": 0, "rushing_twoptm": 0}], "2010": [{"week": "1", "rushing_lngtd": 76, "receiving_tds": 0, "receiving_twopta": 0, "receiving_lng": 5, "rushing_tds": 2, "rushing_twopta": 0, "active": "true", "receiving_rec": 4, "rushing_lng": 76, "rushing_yds": 142, "receiving_lngtd": 0, "receiving_yds": 8, "rushing_att": 27, "receiving_twoptm": 0, "rushing_twoptm": 0}, {"week": "2", "fumbles_tot": 1, "rushing_lngtd": 0, "receiving_tds": 0, "fumbles_yds": 0, "receiving_twopta": 0, "fumbles_trcv": 0, "receiving_lng": 17, "rushing_tds": 0, "fumbles_rcv": 0, "rushing_twopta": 0, "fumbles_lost": 1, "receiving_rec": 5, "rushing_lng": 11, "rushing_yds": 34, "receiving_lngtd": 0, "receiving_yds": 19, "rushing_att": 16, "receiving_twoptm": 0, "rushing_twoptm": 0, "active": "true"}, {"week": "3", "rushing_lngtd": 8, "rushing_tds": 2, "rushing_twopta": 0, "rushing_lng": 42, "rushing_yds": 125, "active": "true", "rushing_att": 32, "rushing_twoptm": 0}, {"week": "4", "fumbles_tot": 1, "rushing_lngtd": 0, "receiving_tds": 0, "fumbles_yds": 0, "receiving_twopta": 0, "fumbles_trcv": 0, "receiving_lng": 6, "rushing_tds": 0, "fumbles_rcv": 0, "rushing_twopta": 0, "fumbles_lost": 1, "receiving_rec": 3, "rushing_lng": 8, "rushing_yds": 53, "receiving_lngtd": 0, "receiving_yds": 11, "rushing_att": 19, "receiving_twoptm": 0, "rushing_twoptm": 0, "active": "true"}, {"week": "5", "receiving_tds": 1, "receiving_lng": 29, "active": "true", "receiving_rec": 4, "receiving_twopta": 0, "receiving_yds": 54, "receiving_lngtd": 1, "receiving_twoptm": 0}, {"week": "6", "receiving_tds": 1, "receiving_lng": 87, "active": "true", "receiving_rec": 5, "receiving_twopta": 0, "receiving_yds": 146, "receiving_lngtd": 87, "receiving_twoptm": 0}, {"week": "7", "defense_sk": 1, "defense_tkl": 4, "defense_int": 0, "active": "true", "defense_ffum": 0, "defense_ast": 0}, {"week": "8", "receiving_tds": 3, "receiving_lng": 15, "active": "true", "receiving_rec": 9, "receiving_twopta": 0, "receiving_yds": 101, "receiving_lngtd": 13, "receiving_twoptm": 0}, {"week": "9", "receiving_tds": 0, "receiving_lng": 13, "active": "true", "receiving_rec": 1, "receiving_twopta": 0, "receiving_yds": 13, "receiving_lngtd": 0, "receiving_twoptm": 0}, {"week": "10", "rushing_lngtd": 17, "receiving_tds": 0, "receiving_twopta": 0, "receiving_lng": 7, "rushing_tds": 1, "rushing_twopta": 0, "active": "true", "receiving_rec": 1, "rushing_lng": 30, "rushing_yds": 117, "receiving_lngtd": 0, "receiving_yds": 7, "rushing_att": 17, "receiving_twoptm": 0, "rushing_twoptm": 0}, {"week": "11", "defense_sk": 1, "defense_tkl": 7, "defense_int": 0, "active": "true", "defense_ffum": 0, "defense_ast": 0}, {"week": "12", "rushing_lngtd": 0, "receiving_tds": 1, "receiving_twopta": 0, "receiving_lng": 34, "rushing_tds": 0, "rushing_twopta": 0, "active": "true", "receiving_rec": 4, "rushing_lng": 15, "rushing_yds": 15, "receiving_lngtd": 19, "receiving_yds": 81, "rushing_att": 1, "receiving_twoptm": 0, "rushing_twoptm": 0}, {"week": "13", "rushing_lngtd": 0, "receiving_tds": 0, "receiving_twopta": 0, "receiving_lng": 8, "rushing_tds": 0, "rushing_twopta": 0, "active": "true", "receiving_rec": 2, "rushing_lng": 21, "rushing_yds": 53, "receiving_lngtd": 0, "receiving_yds": 14, "rushing_att": 13, "receiving_twoptm": 0, "rushing_twoptm": 0}, {"week": "14", "rushing_lngtd": 1, "receiving_tds": 0, "receiving_twopta": 0, "receiving_lng": 25, "rushing_tds": 1, "rushing_twopta": 0, "active": "true", "receiving_rec": 8, "rushing_lng": 37, "rushing_yds": 111, "receiving_lngtd": 0, "receiving_yds": 68, "rushing_att": 22, "receiving_twoptm": 0, "rushing_twoptm": 0}, {"week": "15", "rushing_lngtd": 11, "receiving_tds": 0, "receiving_twopta": 0, "receiving_lng": 7, "rushing_tds": 1, "rushing_twopta": 0, "active": "true", "receiving_rec": 1, "rushing_lng": 42, "rushing_yds": 130, "receiving_lngtd": 0, "receiving_yds": 7, "rushing_att": 24, "receiving_twoptm": 0, "rushing_twoptm": 0}, {"week": "16", "defense_sk": 2, "defense_tkl": 4, "defense_int": 0, "active": "true", "defense_ffum": 0, "defense_ast": 0}, {"week": "17", "rushing_lngtd": 0, "receiving_tds": 1, "receiving_twopta": 0, "receiving_lng": 15, "rushing_tds": 0, "rushing_twopta": 0, "active": "true", "receiving_rec": 6, "rushing_lng": 12, "rushing_yds": 39, "receiving_lngtd": 15, "receiving_yds": 51, "rushing_att": 20, "receiving_twoptm": 0, "rushing_twoptm": 0}], "2011": [{"week": "1", "rushing_lngtd": 0, "receiving_tds": 0, "receiving_twopta": 0, "receiving_lng": 11, "rushing_tds": 0, "rushing_twopta": 0, "active": "true", "receiving_rec": 6, "rushing_lng": 9, "rushing_yds": 24, "receiving_lngtd": 0, "receiving_yds": 25, "rushing_att": 9, "receiving_twoptm": 0, "rushing_twoptm": 0}, {"week": "2", "receiving_tds": 2, "receiving_lng": 15, "active": "true", "receiving_rec": 3, "receiving_twopta": 0, "receiving_yds": 29, "receiving_lngtd": 15, "receiving_twoptm": 0}, {"week": "3", "defense_sk": 1, "defense_tkl": 3, "defense_int": 0, "active": "true", "defense_ffum": 0, "defense_ast": 0}, {"week": "4", "rushing_lngtd": 0, "receiving_tds": 0, "receiving_twopta": 0, "receiving_lng": 6, "rushing_tds": 0, "rushing_twopta": 0, "active": "true", "receiving_rec": 2, "rushing_lng": 25, "rushing_yds": 101, "receiving_lngtd": 0, "receiving_yds": 11, "rushing_att": 23, "receiving_twoptm": 0, "rushing_twoptm": 0}, {"week": "5", "rushing_lngtd": 1, "receiving_tds": 0, "receiving_twopta": 0, "receiving_lng": 9, "rushing_tds": 1, "rushing_twopta": 0, "active": "true", "receiving_rec": 3, "rushing_lng": 21, "rushing_yds": 51, "receiving_lngtd": 0, "receiving_yds": 14, "rushing_att": 14, "receiving_twoptm": 0, "rushing_twoptm": 0}, {"week": "6", "receiving_tds": 0, "receiving_lng": 41, "active": "true", "receiving_rec": 7, "receiving_twopta": 1, "receiving_yds": 113, "receiving_lngtd": 0, "receiving_twoptm": 0}, {"week": "7", "fumbles_tot": 1, "rushing_lngtd": 0, "receiving_tds": 0, "fumbles_yds": 0, "receiving_twopta": 0, "fumbles_trcv": 1, "receiving_lng": 17, "rushing_tds": 0, "fumbles_rcv": 1, "rushing_twopta": 0, "fumbles_lost": 0, "receiving_rec": 6, "rushing_lng": 3, "rushing_yds": 18, "receiving_lngtd": 0, "receiving_yds": 27, "rushing_att": 10, "receiving_twoptm": 0, "rushing_twoptm": 0, "active": "true"}, {"week": "8", "rushing_lngtd": 0, "receiving_tds": 0, "receiving_twopta": 0, "receiving_lng": 10, "rushing_tds": 0, "rushing_twopta": 0, "active": "true", "receiving_rec": 3, "rushing_lng": 11, "rushing_yds": 34, "receiving_lngtd": 0, "receiving_yds": 17, "rushing_att": 14, "receiving_twoptm": 0, "rushing_twoptm": 0}, {"week": "9", "rushing_lngtd": 0, "receiving_tds": 0, "receiving_twopta": 0, "receiving_lng": 21, "rushing_tds": 0, "rushing_twopta": 0, "active": "true", "receiving_rec": 4, "rushing_lng": 20, "rushing_yds": 64, "receiving_lngtd": 0, "receiving_yds": 46, "rushing_att": 14, "receiving_twoptm": 0, "rushing_twoptm": 0}, {"week": "10", "defense_sk": 0, "defense_tkl": 0, "defense_int": 0, "active": "true", "defense_ffum": 0, "defense_ast": 1}, {"week": "11", "rushing_lngtd": 0, "receiving_tds": 0, "receiving_twopta": 0, "receiving_lng": 6, "rushing_tds": 0, "rushing_twopta": 0, "active": "true", "receiving_rec": 3, "rushing_lng": 6, "rushing_yds": 13, "receiving_lngtd": 0, "receiving_yds": 15, "rushing_att": 12, "receiving_twoptm": 0, "rushing_twoptm": 0}, {"week": "12", "receiving_tds": 1, "receiving_lng": 23, "active": "true", "receiving_rec": 4, "receiving_twopta": 0, "receiving_yds": 49, "receiving_lngtd": 3, "receiving_twoptm": 0}, {"week": "13", "fumbles_tot": 1, "rushing_lngtd": 48, "receiving_tds": 0, "fumbles_yds": 0, "receiving_twopta": 0, "fumbles_trcv": 0, "receiving_lng": 4, "rushing_tds": 2, "fumbles_rcv": 0, "rushing_twopta": 0, "fumbles_lost": 0, "receiving_rec": 1, "rushing_lng": 48, "rushing_yds": 153, "receiving_lngtd": 0, "receiving_yds": 4, "rushing_att": 23, "receiving_twoptm": 0, "rushing_twoptm": 0, "active": "true"}, {"week": "14", "rushing_lngtd": 0, "receiving_tds": 0, "receiving_twopta": 0, "receiving_lng": 14, "rushing_tds": 0, "rushing_twopta": 0, "active": "true", "receiving_rec": 3, "rushing_lng": 11, "rushing_yds": 11, "receiving_lngtd": 0, "receiving_yds": 29, "rushing_att": 1, "receiving_twoptm": 0, "rushing_twoptm": 0}, {"week": "15", "rushing_lngtd": 0, "receiving_tds": 0, "receiving_twopta": 0, "receiving_lng": 19, "rushing_tds": 0, "rushing_twopta": 0, "active": "true", "receiving_rec": 8, "rushing_lng": 35, "rushing_yds": 55, "receiving_lngtd": 0, "receiving_yds": 54, "rushing_att": 15, "receiving_twoptm": 0, "rushing_twoptm": 0}, {"week": "16", "rushing_lngtd": 0, "rushing_tds": 0, "rushing_twopta": 0, "rushing_lng": 13, "rushing_yds": 56, "active": "true", "rushing_att": 15, "rushing_twoptm": 0}, {"week": "17", "rushing_lngtd": 0, "receiving_tds": 0, "receiving_twopta": 0, "receiving_lng": 20, "rushing_tds": 0, "rushing_twopta": 0, "active": "true", "receiving_rec": 4, "rushing_lng": 27, "rushing_yds": 61, "receiving_lngtd": 0, "receiving_yds": 49, "rushing_att": 15, "receiving_twoptm": 0, "rushing_twoptm": 0}], "2012": [{"week": "1", "rushing_lngtd": 0, "receiving_tds": 0, "receiving_twopta": 0, "receiving_lng": 16, "rushing_tds": 0, "rushing_twopta": 0, "active": "true", "receiving_rec": 6, "rushing_lng": 5, "rushing_yds": 4, "receiving_lngtd": 0, "receiving_yds": 47, "rushing_att": 11, "receiving_twoptm": 0, "rushing_twoptm": 0}, {"week": "2", "defense_sk": 0, "defense_tkl": 2, "defense_int": 0, "active": "true", "defense_ffum": 1, "defense_ast": 1}, {"week": "3", "defense_sk": 0, "defense_tkl": 1, "defense_int": 0, "active": "true", "defense_ffum": 0, "defense_ast": 2}, {"week": "4", "rushing_lngtd": 0, "receiving_tds": 0, "receiving_twopta": 0, "receiving_lng": 8, "rushing_tds": 0, "rushing_twopta": 0, "active": "true", "receiving_rec": 2, "rushing_lng": 19, "rushing_yds": 141, "receiving_lngtd": 0, "receiving_yds": 16, "rushing_att": 25, "receiving_twoptm": 0, "rushing_twoptm": 0}, {"week": "5", "fumbles_tot": 1, "rushing_lngtd": 0, "receiving_tds": 0, "fumbles_yds": 0, "receiving_twopta": 0, "fumbles_trcv": 0, "receiving_lng": 5, "rushing_tds": 0, "fumbles_rcv": 0, "rushing_twopta": 0, "fumbles_lost": 1, "receiving_rec": 1, "rushing_lng": 9, "rushing_yds": 24, "receiving_lngtd": 0, "receiving_yds": 5, "rushing_att": 15, "receiving_twoptm": 0, "rushing_twoptm": 0, "active": "true"}, {"week": "6", "rushing_lngtd": 0, "receiving_tds": 0, "receiving_twopta": 0, "receiving_lng": 12, "rushing_tds": 0, "rushing_twopta": 0, "active": "true", "receiving_rec": 4, "rushing_lng": 13, "rushing_yds": 91, "receiving_lngtd": 0, "receiving_yds": 23, "rushing_att": 19, "receiving_twoptm": 0, "rushing_twoptm": 0}, {"week": "7", "defense_sk": 0, "defense_tkl": 1, "defense_int": 0, "active": "true", "defense_ffum": 0, "defense_ast": 1}, {"week": "8", "rushing_lngtd": 0, "receiving_tds": 0, "receiving_twopta": 0, "receiving_lng": 11, "rushing_tds": 0, "rushing_twopta": 0, "active": "true", "receiving_rec": 2, "rushing_lng": 14, "rushing_yds": 99, "receiving_lngtd": 0, "receiving_yds": 18, "rushing_att": 21, "receiving_twoptm": 0, "rushing_twoptm": 0}, {"week": "9", "defense_sk": 2, "defense_tkl": 2, "defense_int": 0, "active": "true", "defense_ffum": 0, "defense_ast": 3}, {"week": "10", "defense_sk": 1, "defense_tkl": 4, "defense_int": 0, "active": "true", "defense_ffum": 2, "defense_ast": 0}, {"week": "11", "fumbles_tot": 1, "receiving_tds": 1, "fumbles_yds": 0, "fumbles_lost": 1, "fumbles_trcv": 0, "receiving_lng": 53, "fumbles_rcv": 0, "active": "true", "receiving_rec": 5, "receiving_twopta": 0, "receiving_yds": 143, "receiving_lngtd": 25, "receiving_twoptm": 0}, {"week": "12", "receiving_tds": 1, "receiving_lng": 35, "active": "true", "receiving_rec": 8, "receiving_twopta": 0, "receiving_yds": 140, "receiving_lngtd": 22, "receiving_twoptm": 0}, {"week": "13", "defense_sk": 0, "defense_tkl": 1, "defense_int": 0, "active": "true", "defense_ffum": 0, "defense_ast": 0}, {"week": "14", "defense_sk": 0, "defense_tkl": 3, "defense_int": 0, "active": "true", "defense_ffum": 0, "defense_ast": 0}, {"week": "15", "defense_sk": 0, "defense_tkl": 1, "defense_int": 0, "active": "true", "defense_ffum": 0, "defense_ast": 0}, {"week": "16", "fumbles_tot": 1, "receiving_tds": 0, "fumbles_yds": 0, "fumbles_lost": 1, "fumbles_trcv": 0, "receiving_lng": 49, "fumbles_rcv": 0, "active": "true", "receiving_rec": 11, "receiving_twopta": 0, "receiving_yds": 225, "receiving_lngtd": 0, "receiving_twoptm": 0}, {"week": "17", "defense_sk": 0, "defense_tkl": 2, "defense_int": 0, "active": "true", "defense_ffum": 0, "defense_ast": 0}], "2013": [{"week": "1", "fumbles_tot": 0, "fumbles_yds": 0, "fumbles_lost": 0, "fumbles_trcv": 1, "fumbles_rcv": 0, "defense_sk": 1, "defense_tkl": 1, "defense_int": 0, "active": "true", "defense_ffum": 1, "defense_ast": 0}, {"week": "2", "defense_sk": 0, "defense_tkl": 6, "defense_int": 0, "active": "true", "defense_ffum": 0, "defense_ast": 0}, {"week": "3", "rushing_lngtd": 0, "receiving_tds": 0, "receiving_twopta": 0, "receiving_lng": 1, "rushing_tds": 0, "rushing_twopta": 0, "active": "true", "receiving_rec": 1, "rushing_lng": 23, "rushing_yds": 90, "receiving_lngtd": 0, "receiving_yds": 1, "rushing_att": 19, "receiving_twoptm": 0, "rushing_twoptm": 0}, {"week": "4", "fumbles_tot": 0, "receiving_tds": 1, "fumbles_yds": 1, "fumbles_lost": 0, "fumbles_trcv": 1, "receiving_lng": 19, "fumbles_rcv": 1, "active": "true", "receiving_rec": 4, "receiving_twopta": 0, "receiving_yds": 44, "receiving_lngtd": 2, "receiving_twoptm": 0}, {"week": "5", "defense_sk": 0, "defense_tkl": 1, "defense_int": 0, "active": "true", "defense_ffum": 0, "defense_ast": 0}, {"week": "6", "receiving_tds": 0, "receiving_lng": 10, "active": "true", "receiving_rec": 3, "receiving_twopta": 0, "receiving_yds": 25, "receiving_lngtd": 0, "receiving_twoptm": 0}, {"week": "7", "defense_sk": 1, "defense_tkl": 2, "defense_int": 0, "active": "true", "defense_ffum": 0, "defense_ast": 0}, {"week": "8", "defense_sk": 2, "defense_tkl": 2, "defense_int": 0, "active": "true", "defense_ffum": 0, "defense_ast": 0}, {"week": "9", "defense_sk": 1, "defense_tkl": 1, "defense_int": 0, "active": "true", "defense_ffum": 0, "defense_ast": 0}, {"week": "10", "receiving_tds": 2, "receiving_lng": 19, "active": "true", "receiving_rec": 6, "receiving_twopta": 0, "receiving_yds": 83, "receiving_lngtd": 14, "receiving_twoptm": 0}, {"week": "11", "rushing_lngtd": 30, "receiving_tds": 0, "receiving_twopta": 0, "receiving_lng": -2, "rushing_tds": 2, "rushing_twopta": 0, "active": "true", "receiving_rec": 1, "rushing_lng": 30, "rushing_yds": 86, "receiving_lngtd": 0, "receiving_yds": -2, "rushing_att": 17, "receiving_twoptm": 0, "rushing_twoptm": 0}, {"week": "12", "receiving_tds": 0, "receiving_lng": 21, "active": "true", "receiving_rec": 7, "receiving_twopta": 0, "receiving_yds": 115, "receiving_lngtd": 0, "receiving_twoptm": 0}, {"week": "13", "receiving_tds": 1, "receiving_lng": 20, "active": "true", "receiving_rec": 6, "receiving_twopta": 0, "receiving_yds": 101, "receiving_lngtd": 20, "receiving_twoptm": 0}, {"week": "14", "defense_sk": 0, "defense_tkl": 2, "defense_int": 0, "active": "true", "defense_ffum": 0, "defense_ast": 0}, {"week": "15", "rushing_lngtd": 0, "receiving_tds": 1, "receiving_twopta": 0, "receiving_lng": 25, "rushing_tds": 0, "rushing_twopta": 0, "active": "true", "receiving_rec": 3, "rushing_lng": 15, "rushing_yds": 40, "receiving_lngtd": 25, "receiving_yds": 51, "rushing_att": 13, "receiving_twoptm": 0, "rushing_twoptm": 0}, {"week": "16", "defense_sk": 0, "defense_tkl": 1, "defense_int": 0, "active": "true", "defense_ffum": 0, "defense_ast": 0}, {"week": "17", "defense_sk": 2, "defense_tkl": 2, "defense_int": 0, "active": "true", "defense_ffum": 0, "defense_ast": 0}], "2014": [{"week": "1", "rushing_lngtd": 0, "receiving_tds": 1, "receiving_twopta": 0, "receiving_lng": 12, "rushing_tds": 0, "rushing_twopta": 0, "active": "true", "receiving_rec": 5, "rushing_lng": 11, "rushing_yds": 68, "receiving_lngtd": 5, "receiving_yds": 23, "rushing_att": 13, "receiving_twoptm": 0, "rushing_twoptm": 0}, {"week": "2", "defense_sk": 0, "defense_tkl": 0, "defense_int": 0, "active": "true", "defense_ffum": 0, "defense_ast": 1}, {"week": "3", "receiving_tds": 0, "receiving_lng": 26, "active": "true", "receiving_rec": 6, "receiving_twopta": 0, "receiving_yds": 82, "receiving_lngtd": 0, "receiving_twoptm": 0}, {"week": "4", "rushing_lngtd": 35, "receiving_tds": 0, "receiving_twopta": 0, "receiving_lng": 10, "rushing_tds": 1, "rushing_twopta": 0, "active": "true", "receiving_rec": 2, "rushing_lng": 35, "rushing_yds": 44, "receiving_lngtd": 0, "receiving_yds": 17, "rushing_att": 6, "receiving_twoptm": 0, "rushing_twoptm": 0}, {"week": "5", "fumbles_tot": 0, "fumbles_yds": 0, "fumbles_lost": 0, "fumbles_trcv": 1, "fumbles_rcv": 0, "defense_sk": 1, "defense_tkl": 1, "defense_int": 0, "active": "true", "defense_ffum": 0, "defense_ast": 1}, {"week": "6", "defense_sk": 1, "defense_tkl": 2, "defense_int": 0, "active": "true", "defense_ffum": 0, "defense_ast": 1}, {"week": "7", "rushing_lngtd": 0, "receiving_tds": 0, "receiving_twopta": 0, "receiving_lng": 11, "rushing_tds": 0, "rushing_twopta": 0, "active": "true", "receiving_rec": 2, "rushing_lng": 15, "rushing_yds": 61, "receiving_lngtd": 0, "receiving_yds": 19, "rushing_att": 13, "receiving_twoptm": 0, "rushing_twoptm": 0}, {"week": "8", "defense_sk": 0, "defense_tkl": 3, "defense_int": 0, "active": "true", "defense_ffum": 0, "defense_ast": 4}, {"week": "9", "defense_sk": 1, "defense_tkl": 1, "defense_int": 0, "active": "true", "defense_ffum": 1, "defense_ast": 1}, {"week": "10", "receiving_tds": 1, "receiving_lng": 49, "active": "true", "receiving_rec": 7, "receiving_twopta": 0, "receiving_yds": 113, "receiving_lngtd": 49, "receiving_twoptm": 0}, {"week": "11", "defense_sk": 1, "defense_tkl": 4, "defense_int": 0, "active": "true", "defense_ffum": 0, "defense_ast": 2}, {"week": "12", "rushing_lngtd": 0, "receiving_tds": 0, "receiving_twopta": 0, "receiving_lng": 9, "rushing_tds": 0, "rushing_twopta": 0, "active": "true", "receiving_rec": 3, "rushing_lng": 15, "rushing_yds": 40, "receiving_lngtd": 0, "receiving_yds": 22, "rushing_att": 7, "receiving_twoptm": 0, "rushing_twoptm": 0}, {"week": "13", "receiving_tds": 2, "receiving_lng": 25, "active": "true", "receiving_rec": 11, "receiving_twopta": 0, "receiving_yds": 146, "receiving_lngtd": 25, "receiving_twoptm": 0}, {"week": "14", "receiving_tds": 1, "receiving_lng": 53, "active": "true", "receiving_rec": 8, "receiving_twopta": 0, "receiving_yds": 158, "receiving_lngtd": 6, "receiving_twoptm": 0}]}}