{"C.Munnerlyn": {"2009": [{"week": "1", "puntret_tds": 0, "puntret_ret": 2, "puntret_avg": 16, "puntret_lng": 26, "defense_tkl": 1, "defense_int": 0, "active": "true", "defense_sk": 0, "defense_ffum": 0, "defense_ast": 0}, {"week": "2", "puntret_tds": 0, "puntret_ret": 2, "puntret_avg": 8, "puntret_lng": 10, "defense_tkl": 4, "defense_int": 0, "active": "true", "defense_sk": 0, "defense_ffum": 0, "defense_ast": 0}, {"week": "3", "puntret_tds": 0, "puntret_ret": 1, "puntret_avg": 2, "puntret_lng": 2, "defense_tkl": 5, "defense_int": 0, "active": "true", "defense_sk": 0, "defense_ffum": 0, "defense_ast": 0}, {"week": "4", "active": "false"}, {"week": "5", "fumbles_tot": 1, "puntret_ret": 2, "puntret_avg": 5, "fumbles_yds": 0, "fumbles_lost": 0, "fumbles_trcv": 0, "fumbles_rcv": 0, "puntret_tds": 0, "defense_sk": 0, "defense_tkl": 2, "defense_int": 0, "active": "true", "puntret_lng": 10, "defense_ffum": 0, "defense_ast": 0}, {"week": "6", "puntret_tds": 0, "puntret_ret": 1, "puntret_avg": 34, "puntret_lng": 34, "active": "true"}, {"week": "7", "puntret_tds": 0, "puntret_ret": 5, "kickret_lng": 15, "puntret_avg": 2, "kickret_avg": 7, "puntret_lng": 7, "defense_tkl": 1, "defense_int": 0, "kickret_tds": 0, "active": "true", "defense_sk": 0, "kickret_ret": 2, "defense_ffum": 0, "defense_ast": 1}, {"week": "8", "puntret_tds": 0, "puntret_ret": 3, "puntret_avg": 15, "puntret_lng": 19, "defense_tkl": 7, "defense_int": 0, "active": "true", "defense_sk": 0, "defense_ffum": 0, "defense_ast": 0}, {"week": "9", "defense_sk": 0, "defense_tkl": 1, "defense_int": 0, "active": "true", "defense_ffum": 0, "defense_ast": 1}, {"week": "10", "defense_sk": 0, "defense_tkl": 3, "defense_int": 0, "active": "true", "defense_ffum": 0, "defense_ast": 0}, {"week": "11", "puntret_tds": 0, "puntret_ret": 3, "puntret_avg": 6, "puntret_lng": 8, "active": "true"}, {"week": "12", "puntret_tds": 0, "puntret_ret": 2, "puntret_avg": 25, "puntret_lng": 37, "active": "true"}, {"week": "13", "active": "false"}, {"week": "14", "fumbles_tot": 0, "fumbles_yds": 0, "fumbles_lost": 0, "fumbles_trcv": 1, "fumbles_rcv": 0, "defense_sk": 0, "defense_tkl": 2, "defense_int": 0, "active": "true", "defense_ffum": 0, "defense_ast": 1}, {"week": "15", "puntret_tds": 0, "puntret_ret": 3, "puntret_avg": 2, "puntret_lng": 7, "defense_tkl": 4, "defense_int": 0, "active": "true", "defense_sk": 0, "defense_ffum": 0, "defense_ast": 1}, {"week": "16", "fumbles_tot": 1, "puntret_ret": 3, "puntret_avg": 3, "fumbles_yds": 0, "fumbles_lost": 0, "fumbles_trcv": 1, "fumbles_rcv": 1, "puntret_tds": 0, "defense_sk": 0, "defense_tkl": 6, "defense_int": 0, "active": "true", "puntret_lng": 11, "defense_ffum": 1, "defense_ast": 0}, {"week": "17", "puntret_tds": 0, "puntret_ret": 4, "puntret_avg": 9, "puntret_lng": 31, "defense_tkl": 1, "defense_int": 0, "active": "true", "defense_sk": 0, "defense_ffum": 0, "defense_ast": 0}], "2010": [{"week": "1", "puntret_tds": 0, "kickret_lngtd": 0, "puntret_ret": 2, "kickret_lng": 23, "puntret_avg": 19, "puntret_lngtd": 0, "kickret_avg": 23, "puntret_lng": 28, "defense_tkl": 2, "defense_int": 0, "kickret_tds": 0, "active": "true", "defense_sk": 0, "kickret_ret": 1, "defense_ffum": 0, "defense_ast": 0}, {"week": "2", "puntret_tds": 0, "puntret_ret": 3, "puntret_avg": 2, "puntret_lngtd": 0, "puntret_lng": 4, "defense_tkl": 2, "defense_int": 0, "active": "true", "defense_sk": 0, "defense_ffum": 0, "defense_ast": 0}, {"week": "3", "defense_sk": 0, "defense_tkl": 0, "defense_int": 1, "active": "true", "defense_ffum": 0, "defense_ast": 1}, {"week": "4", "fumbles_tot": 1, "defense_ast": 0, "puntret_ret": 2, "puntret_avg": 9, "fumbles_yds": 0, "fumbles_lost": 1, "fumbles_trcv": 0, "fumbles_rcv": 0, "puntret_tds": 0, "defense_sk": 0, "defense_tkl": 2, "defense_int": 0, "active": "true", "puntret_lng": 13, "defense_ffum": 0, "puntret_lngtd": 0}, {"week": "5", "fumbles_tot": 1, "puntret_ret": 3, "puntret_avg": 3, "fumbles_yds": 0, "fumbles_lost": 0, "fumbles_trcv": 1, "fumbles_rcv": 1, "puntret_tds": 0, "active": "true", "puntret_lng": 4, "puntret_lngtd": 0}, {"week": "6", "active": "false"}, {"week": "7", "puntret_tds": 0, "puntret_ret": 1, "puntret_avg": 6, "puntret_lngtd": 0, "puntret_lng": 6, "active": "true"}, {"week": "8", "puntret_tds": 0, "puntret_ret": 1, "puntret_avg": 31, "puntret_lngtd": 0, "puntret_lng": 31, "defense_tkl": 2, "defense_int": 0, "active": "true", "defense_sk": 0, "defense_ffum": 0, "defense_ast": 0}, {"week": "9", "puntret_tds": 0, "puntret_ret": 2, "puntret_avg": 9, "puntret_lngtd": 0, "puntret_lng": 18, "defense_tkl": 2, "defense_int": 0, "active": "true", "defense_sk": 0, "defense_ffum": 0, "defense_ast": 0}, {"week": "10", "puntret_tds": 0, "puntret_ret": 3, "puntret_avg": 15, "puntret_lngtd": 0, "puntret_lng": 37, "defense_tkl": 2, "defense_int": 0, "active": "true", "defense_sk": 0, "defense_ffum": 0, "defense_ast": 0}, {"week": "11", "puntret_tds": 0, "kickret_lngtd": 0, "puntret_ret": 3, "kickret_lng": 64, "puntret_avg": 9, "puntret_lngtd": 0, "kickret_avg": 64, "puntret_lng": 13, "kickret_tds": 0, "active": "true", "kickret_ret": 1}, {"week": "12", "puntret_tds": 0, "puntret_ret": 1, "puntret_avg": 32, "puntret_lngtd": 0, "puntret_lng": 32, "defense_tkl": 6, "defense_int": 1, "active": "true", "defense_sk": 0, "defense_ffum": 0, "defense_ast": 0}, {"week": "13", "puntret_tds": 0, "puntret_ret": 3, "puntret_avg": 3, "puntret_lngtd": 0, "puntret_lng": 6, "defense_tkl": 6, "defense_int": 1, "active": "true", "defense_sk": 0, "defense_ffum": 0, "defense_ast": 1}, {"week": "14", "puntret_tds": 0, "puntret_ret": 2, "puntret_avg": 6, "puntret_lngtd": 0, "puntret_lng": 12, "defense_tkl": 5, "defense_int": 0, "active": "true", "defense_sk": 0, "defense_ffum": 0, "defense_ast": 1}, {"week": "15", "puntret_tds": 0, "puntret_ret": 2, "puntret_avg": 26, "puntret_lngtd": 0, "puntret_lng": 26, "defense_tkl": 7, "defense_int": 0, "active": "true", "defense_sk": 0, "defense_ffum": 0, "defense_ast": 0}, {"week": "16", "puntret_tds": 0, "puntret_ret": 2, "puntret_avg": 9, "puntret_lngtd": 0, "puntret_lng": 19, "defense_tkl": 2, "defense_int": 0, "active": "true", "defense_sk": 0, "defense_ffum": 0, "defense_ast": 1}, {"week": "17", "defense_sk": 0, "defense_tkl": 3, "defense_int": 0, "active": "true", "defense_ffum": 0, "defense_ast": 0}], "2011": [{"week": "1", "defense_sk": 0, "defense_tkl": 3, "defense_int": 0, "active": "true", "defense_ffum": 0, "defense_ast": 1}, {"week": "2", "active": "false"}, {"week": "3", "defense_sk": 0, "defense_tkl": 1, "defense_int": 0, "active": "true", "defense_ffum": 0, "defense_ast": 4}, {"week": "4", "defense_sk": 0, "defense_tkl": 3, "defense_int": 0, "active": "true", "defense_ffum": 0, "defense_ast": 1}, {"week": "5", "defense_sk": 1, "defense_tkl": 6, "defense_int": 0, "active": "true", "defense_ffum": 0, "defense_ast": 0}, {"week": "6", "defense_sk": 0, "defense_tkl": 2, "defense_int": 0, "active": "true", "defense_ffum": 0, "defense_ast": 0}, {"week": "7", "defense_sk": 0, "defense_tkl": 4, "defense_int": 0, "active": "true", "defense_ffum": 1, "defense_ast": 0}, {"week": "8", "fumbles_tot": 0, "fumbles_yds": 0, "fumbles_lost": 0, "fumbles_trcv": 1, "fumbles_rcv": 0, "defense_sk": 1, "defense_tkl": 5, "defense_int": 0, "active": "true", "defense_ffum": 1, "defense_ast": 2}, {"week": "9", "active": "false"}, {"week": "10", "defense_sk": 0, "defense_tkl": 1, "defense_int": 0, "active": "true", "defense_ffum": 0, "defense_ast": 3}, {"week": "11", "defense_sk": 0, "defense_tkl": 3, "defense_int": 0, "active": "true", "defense_ffum": 0, "defense_ast": 0}, {"week": "12", "defense_sk": 0, "defense_tkl": 1, "defense_int": 0, "active": "true", "defense_ffum": 0, "defense_ast": 1}, {"week": "13", "defense_sk": 0, "defense_tkl": 4, "defense_int": 0, "active": "true", "defense_ffum": 0, "defense_ast": 0}, {"week": "14", "defense_sk": 0, "defense_tkl": 4, "defense_int": 0, "active": "true", "defense_ffum": 0, "defense_ast": 2}, {"week": "15", "defense_sk": 0, "defense_tkl": 0, "defense_int": 0, "active": "true", "defense_ffum": 0, "defense_ast": 1}, {"week": "16", "active": "false"}, {"week": "17", "active": "false"}], "2012": [{"week": "1", "defense_sk": 0, "defense_tkl": 0, "defense_int": 0, "active": "true", "defense_ffum": 0, "defense_ast": 1}, {"week": "2", "defense_sk": 0, "defense_tkl": 2, "defense_int": 0, "active": "true", "defense_ffum": 0, "defense_ast": 1}, {"week": "3", "defense_sk": 0, "defense_tkl": 1, "defense_int": 0, "active": "true", "defense_ffum": 0, "defense_ast": 1}, {"week": "4", "puntret_tds": 0, "puntret_ret": 3, "puntret_avg": 7, "puntret_lngtd": 0, "puntret_lng": 20, "defense_tkl": 4, "defense_int": 0, "active": "true", "defense_sk": 0, "defense_ffum": 0, "defense_ast": 0}, {"week": "5", "puntret_tds": 0, "kickret_lngtd": 0, "puntret_ret": 1, "kickret_lng": 17, "puntret_avg": 13, "puntret_lngtd": 0, "kickret_avg": 17, "puntret_lng": 13, "defense_tkl": 2, "defense_int": 1, "kickret_tds": 0, "active": "true", "defense_sk": 0, "kickret_ret": 1, "defense_ffum": 0, "defense_ast": 1}, {"week": "6", "active": "false"}, {"week": "7", "puntret_tds": 0, "puntret_ret": 4, "puntret_avg": 1, "puntret_lngtd": 0, "puntret_lng": 4, "defense_tkl": 1, "defense_int": 0, "active": "true", "defense_sk": 0, "defense_ffum": 0, "defense_ast": 0}, {"week": "8", "defense_sk": 0, "defense_tkl": 4, "defense_int": 0, "active": "true", "defense_ffum": 0, "defense_ast": 0}, {"week": "9", "puntret_tds": 0, "puntret_ret": 2, "puntret_avg": 4, "puntret_lngtd": 0, "puntret_lng": 8, "defense_tkl": 4, "defense_int": 0, "active": "true", "defense_sk": 0, "defense_ffum": 0, "defense_ast": 5}, {"week": "10", "puntret_tds": 0, "puntret_ret": 3, "puntret_avg": 3, "puntret_lngtd": 0, "puntret_lng": 6, "defense_tkl": 3, "defense_int": 0, "active": "true", "defense_sk": 0, "defense_ffum": 0, "defense_ast": 1}, {"week": "11", "fumbles_tot": 1, "defense_ast": 0, "puntret_ret": 1, "puntret_avg": 14, "fumbles_yds": 0, "fumbles_lost": 1, "fumbles_trcv": 0, "fumbles_rcv": 0, "puntret_tds": 0, "defense_sk": 0, "defense_tkl": 2, "defense_int": 1, "active": "true", "puntret_lng": 14, "defense_ffum": 0, "puntret_lngtd": 0}, {"week": "12", "defense_sk": 0, "defense_tkl": 3, "defense_int": 0, "active": "true", "defense_ffum": 0, "defense_ast": 0}, {"week": "13", "defense_sk": 0, "defense_tkl": 3, "defense_int": 0, "active": "true", "defense_ffum": 0, "defense_ast": 0}, {"week": "14", "defense_sk": 0, "defense_tkl": 5, "defense_int": 0, "active": "true", "defense_ffum": 0, "defense_ast": 0}, {"week": "15", "defense_sk": 0, "defense_tkl": 1, "defense_int": 0, "active": "true", "defense_ffum": 0, "defense_ast": 2}, {"week": "16", "defense_sk": 0, "defense_tkl": 4, "defense_int": 0, "active": "true", "defense_ffum": 0, "defense_ast": 1}, {"week": "17", "defense_sk": 0, "defense_tkl": 7, "defense_int": 0, "active": "true", "defense_ffum": 0, "defense_ast": 0}], "2013": [{"week": "1", "defense_sk": 0, "defense_tkl": 3, "defense_int": 0, "active": "true", "defense_ffum": 0, "defense_ast": 1}, {"week": "2", "defense_sk": 0, "defense_tkl": 5, "defense_int": 0, "active": "true", "defense_ffum": 0, "defense_ast": 2}, {"week": "3", "defense_sk": 0, "defense_tkl": 2, "defense_int": 0, "active": "true", "defense_ffum": 0, "defense_ast": 1}, {"week": "4", "active": "false"}, {"week": "5", "defense_sk": 0, "defense_tkl": 3, "defense_int": 0, "active": "true", "defense_ffum": 0, "defense_ast": 1}, {"week": "6", "defense_sk": 0, "defense_tkl": 3, "defense_int": 0, "active": "true", "defense_ffum": 1, "defense_ast": 0}, {"week": "7", "fumbles_tot": 0, "fumbles_yds": 0, "fumbles_lost": 0, "fumbles_trcv": 1, "fumbles_rcv": 0, "defense_sk": 0, "defense_tkl": 2, "defense_int": 1, "active": "true", "defense_ffum": 0, "defense_ast": 3}, {"week": "8", "defense_sk": 0, "defense_tkl": 5, "defense_int": 0, "active": "true", "defense_ffum": 0, "defense_ast": 1}, {"week": "9", "defense_sk": 0, "defense_tkl": 0, "defense_int": 0, "active": "true", "defense_ffum": 0, "defense_ast": 2}, {"week": "10", "defense_sk": 0, "defense_tkl": 3, "defense_int": 0, "active": "true", "defense_ffum": 0, "defense_ast": 0}, {"week": "11", "defense_sk": 0, "defense_tkl": 0, "defense_int": 0, "active": "true", "defense_ffum": 0, "defense_ast": 3}, {"week": "12", "defense_sk": 0, "defense_tkl": 8, "defense_int": 0, "active": "true", "defense_ffum": 0, "defense_ast": 1}, {"week": "13", "defense_sk": 0, "defense_tkl": 2, "defense_int": 0, "active": "true", "defense_ffum": 0, "defense_ast": 2}, {"week": "14", "defense_sk": 0, "defense_tkl": 1, "defense_int": 0, "active": "true", "defense_ffum": 0, "defense_ast": 0}, {"week": "15", "defense_sk": 2, "defense_tkl": 4, "defense_int": 1, "active": "true", "defense_ffum": 0, "defense_ast": 0}, {"week": "16", "defense_sk": 1, "defense_tkl": 3, "defense_int": 0, "active": "true", "defense_ffum": 0, "defense_ast": 5}, {"week": "17", "defense_sk": 0, "defense_tkl": 4, "defense_int": 0, "active": "true", "defense_ffum": 0, "defense_ast": 3}], "2014": [{"week": "1", "defense_sk": 0, "defense_tkl": 3, "defense_int": 0, "active": "true", "defense_ffum": 0, "defense_ast": 1}, {"week": "2", "defense_sk": 0, "defense_tkl": 3, "defense_int": 0, "active": "true", "defense_ffum": 0, "defense_ast": 0}, {"week": "3", "defense_sk": 0, "defense_tkl": 5, "defense_int": 0, "active": "true", "defense_ffum": 0, "defense_ast": 1}, {"week": "4", "defense_sk": 0, "defense_tkl": 6, "defense_int": 0, "active": "true", "defense_ffum": 0, "defense_ast": 0}, {"week": "5", "defense_sk": 0, "defense_tkl": 3, "defense_int": 0, "active": "true", "defense_ffum": 0, "defense_ast": 0}, {"week": "6", "defense_sk": 0, "defense_tkl": 3, "defense_int": 0, "active": "true", "defense_ffum": 0, "defense_ast": 1}, {"week": "7", "defense_sk": 0, "defense_tkl": 4, "defense_int": 0, "active": "true", "defense_ffum": 0, "defense_ast": 1}, {"week": "8", "defense_sk": 0, "defense_tkl": 4, "defense_int": 1, "active": "true", "defense_ffum": 0, "defense_ast": 0}, {"week": "9", "defense_sk": 0, "defense_tkl": 1, "defense_int": 1, "active": "true", "defense_ffum": 0, "defense_ast": 0}, {"week": "10", "active": "false"}, {"week": "11", "defense_sk": 0, "defense_tkl": 6, "defense_int": 0, "active": "true", "defense_ffum": 0, "defense_ast": 1}, {"week": "12", "defense_sk": 0, "defense_tkl": 1, "defense_int": 0, "active": "true", "defense_ffum": 0, "defense_ast": 3}, {"week": "13", "defense_sk": 0, "defense_tkl": 5, "defense_int": 0, "active": "true", "defense_ffum": 0, "defense_ast": 0}, {"week": "14", "fumbles_tot": 0, "fumbles_yds": 0, "fumbles_lost": 0, "fumbles_trcv": 1, "fumbles_rcv": 0, "defense_sk": 0, "defense_tkl": 1, "defense_int": 0, "active": "true", "defense_ffum": 0, "defense_ast": 0}]}}