{"C.Palmer": {"2009": [{"week": "1", "passing_att": 33, "passing_twoptm": 0, "passing_twopta": 0, "rushing_tds": 0, "passing_yds": 247, "rushing_yds": 2, "passing_cmp": 21, "rushing_twopta": 0, "active": "true", "rushing_lng": 2, "passing_ints": 2, "passing_tds": 0, "rushing_att": 1, "rushing_twoptm": 0}, {"week": "2", "fumbles_tot": 1, "passing_att": 23, "fumbles_rcv": 0, "passing_twoptm": 0, "fumbles_yds": -2, "fumbles_lost": 0, "fumbles_trcv": 0, "passing_twopta": 0, "rushing_tds": 1, "passing_yds": 185, "rushing_yds": 1, "passing_cmp": 15, "rushing_twopta": 0, "active": "true", "rushing_lng": 1, "passing_ints": 2, "passing_tds": 3, "rushing_att": 2, "rushing_twoptm": 0}, {"week": "3", "passing_att": 37, "passing_twoptm": 1, "passing_twopta": 2, "rushing_tds": 0, "passing_yds": 183, "rushing_yds": 1, "passing_cmp": 20, "rushing_twopta": 0, "active": "true", "rushing_lng": 1, "passing_ints": 0, "passing_tds": 1, "rushing_att": 1, "rushing_twoptm": 0}, {"week": "4", "passing_att": 44, "passing_twoptm": 0, "passing_twopta": 0, "rushing_tds": 0, "passing_yds": 230, "rushing_yds": 20, "passing_cmp": 23, "rushing_twopta": 0, "active": "true", "rushing_lng": 15, "passing_ints": 1, "passing_tds": 2, "rushing_att": 3, "rushing_twoptm": 0}, {"week": "5", "fumbles_tot": 1, "passing_att": 31, "fumbles_rcv": 0, "passing_twoptm": 0, "fumbles_yds": -6, "fumbles_lost": 0, "fumbles_trcv": 0, "passing_twopta": 0, "rushing_tds": 0, "passing_yds": 271, "rushing_yds": 18, "passing_cmp": 18, "rushing_twopta": 0, "active": "true", "rushing_lng": 8, "passing_ints": 1, "passing_tds": 1, "rushing_att": 5, "rushing_twoptm": 0}, {"week": "6", "passing_att": 35, "passing_twoptm": 0, "passing_twopta": 0, "rushing_tds": 0, "passing_yds": 259, "rushing_yds": 2, "passing_cmp": 23, "rushing_twopta": 0, "active": "true", "rushing_lng": 2, "passing_ints": 1, "passing_tds": 1, "rushing_att": 1, "rushing_twoptm": 0}, {"week": "7", "passing_att": 24, "passing_twoptm": 0, "passing_twopta": 0, "passing_yds": 233, "passing_cmp": 20, "active": "true", "passing_ints": 0, "passing_tds": 5}, {"week": "8", "active": "false"}, {"week": "9", "passing_att": 33, "passing_twoptm": 0, "passing_twopta": 0, "rushing_tds": 0, "passing_yds": 224, "rushing_yds": 10, "passing_cmp": 20, "rushing_twopta": 0, "active": "true", "rushing_lng": 10, "passing_ints": 0, "passing_tds": 1, "rushing_att": 1, "rushing_twoptm": 0}, {"week": "10", "passing_att": 30, "passing_twoptm": 0, "passing_twopta": 0, "rushing_tds": 0, "passing_yds": 178, "rushing_yds": -2, "passing_cmp": 18, "rushing_twopta": 0, "active": "true", "rushing_lng": 3, "passing_ints": 0, "passing_tds": 0, "rushing_att": 5, "rushing_twoptm": 0}, {"week": "11", "fumbles_tot": 2, "passing_att": 22, "fumbles_rcv": 1, "passing_twoptm": 0, "fumbles_yds": -4, "fumbles_lost": 1, "fumbles_trcv": 1, "passing_twopta": 0, "rushing_tds": 2, "passing_yds": 207, "rushing_yds": 7, "passing_cmp": 14, "rushing_twopta": 0, "active": "true", "rushing_lng": 5, "passing_ints": 1, "passing_tds": 0, "rushing_att": 4, "rushing_twoptm": 0}, {"week": "12", "passing_att": 24, "passing_twoptm": 0, "passing_twopta": 0, "rushing_tds": 0, "passing_yds": 110, "rushing_yds": 15, "passing_cmp": 13, "rushing_twopta": 0, "active": "true", "rushing_lng": 12, "passing_ints": 0, "passing_tds": 1, "rushing_att": 4, "rushing_twoptm": 0}, {"week": "13", "fumbles_tot": 1, "passing_att": 29, "fumbles_rcv": 0, "passing_twoptm": 0, "fumbles_yds": 0, "fumbles_lost": 1, "fumbles_trcv": 0, "passing_twopta": 0, "rushing_tds": 0, "passing_yds": 220, "rushing_yds": 7, "passing_cmp": 17, "rushing_twopta": 0, "active": "true", "rushing_lng": 8, "passing_ints": 2, "passing_tds": 1, "rushing_att": 5, "rushing_twoptm": 0}, {"week": "14", "passing_att": 25, "passing_twoptm": 0, "passing_twopta": 0, "rushing_tds": 0, "passing_yds": 94, "rushing_yds": 10, "passing_cmp": 15, "rushing_twopta": 0, "active": "true", "rushing_lng": 4, "passing_ints": 0, "passing_tds": 1, "rushing_att": 4, "rushing_twoptm": 0}, {"week": "15", "fumbles_tot": 1, "passing_att": 40, "fumbles_rcv": 1, "passing_twoptm": 0, "fumbles_yds": 0, "fumbles_lost": 0, "fumbles_trcv": 1, "passing_twopta": 0, "rushing_tds": 0, "passing_yds": 314, "rushing_yds": 0, "passing_cmp": 27, "rushing_twopta": 1, "active": "true", "rushing_lng": 0, "passing_ints": 1, "passing_tds": 2, "rushing_att": 1, "rushing_twoptm": 1}, {"week": "16", "passing_att": 25, "passing_twoptm": 0, "passing_twopta": 0, "rushing_tds": 0, "passing_yds": 139, "rushing_yds": 2, "passing_cmp": 17, "rushing_twopta": 0, "active": "true", "rushing_lng": 2, "passing_ints": 1, "passing_tds": 2, "rushing_att": 2, "rushing_twoptm": 0}, {"week": "17", "passing_att": 11, "passing_twoptm": 0, "passing_twopta": 0, "passing_yds": 0, "passing_cmp": 1, "active": "true", "passing_ints": 1, "passing_tds": 0}], "2010": [{"week": "1", "fumbles_tot": 1, "passing_att": 50, "rushing_lngtd": 0, "passing_twoptm": 0, "fumbles_yds": -2, "fumbles_rcv": 1, "fumbles_trcv": 1, "passing_twopta": 0, "rushing_tds": 0, "passing_yds": 345, "rushing_yds": 9, "passing_cmp": 34, "rushing_twopta": 0, "fumbles_lost": 0, "rushing_lng": 7, "passing_ints": 1, "passing_tds": 2, "rushing_att": 4, "rushing_twoptm": 0, "active": "true"}, {"week": "2", "fumbles_tot": 1, "passing_att": 35, "rushing_lngtd": 0, "passing_twoptm": 0, "fumbles_yds": 0, "fumbles_rcv": 1, "fumbles_trcv": 1, "passing_twopta": 0, "rushing_tds": 0, "passing_yds": 167, "rushing_yds": -1, "passing_cmp": 16, "rushing_twopta": 0, "fumbles_lost": 0, "rushing_lng": 1, "passing_ints": 0, "passing_tds": 0, "rushing_att": 3, "rushing_twoptm": 0, "active": "true"}, {"week": "3", "passing_att": 37, "rushing_lngtd": 0, "passing_twoptm": 0, "passing_twopta": 0, "rushing_tds": 0, "passing_yds": 195, "rushing_yds": 8, "passing_cmp": 19, "rushing_twopta": 0, "active": "true", "rushing_lng": 9, "passing_ints": 2, "passing_tds": 1, "rushing_att": 5, "rushing_twoptm": 0}, {"week": "4", "fumbles_tot": 2, "passing_att": 36, "rushing_lngtd": 0, "passing_twoptm": 0, "fumbles_yds": -1, "fumbles_rcv": 0, "fumbles_trcv": 0, "passing_twopta": 0, "rushing_tds": 0, "passing_yds": 371, "rushing_yds": 0, "passing_cmp": 25, "rushing_twopta": 0, "fumbles_lost": 2, "rushing_lng": 0, "passing_ints": 0, "passing_tds": 2, "rushing_att": 1, "rushing_twoptm": 0, "active": "true"}, {"week": "5", "passing_att": 36, "rushing_lngtd": 0, "passing_twoptm": 0, "passing_twopta": 0, "rushing_tds": 0, "passing_yds": 209, "rushing_yds": 3, "passing_cmp": 21, "rushing_twopta": 0, "active": "true", "rushing_lng": 3, "passing_ints": 3, "passing_tds": 2, "rushing_att": 1, "rushing_twoptm": 0}, {"week": "6", "active": "false"}, {"week": "7", "passing_att": 50, "passing_twoptm": 0, "passing_twopta": 2, "passing_yds": 412, "passing_cmp": 36, "active": "true", "passing_ints": 0, "passing_tds": 3}, {"week": "8", "passing_att": 38, "rushing_lngtd": 0, "passing_twoptm": 0, "passing_twopta": 0, "rushing_tds": 0, "passing_yds": 156, "rushing_yds": 13, "passing_cmp": 17, "rushing_twopta": 0, "active": "true", "rushing_lng": 8, "passing_ints": 1, "passing_tds": 2, "rushing_att": 3, "rushing_twoptm": 0}, {"week": "9", "fumbles_tot": 1, "passing_att": 36, "fumbles_rcv": 0, "passing_twoptm": 0, "fumbles_yds": 0, "fumbles_lost": 0, "fumbles_trcv": 0, "passing_twopta": 0, "passing_yds": 248, "passing_cmp": 22, "active": "true", "passing_ints": 1, "passing_tds": 2}, {"week": "10", "passing_att": 42, "passing_twoptm": 0, "passing_twopta": 0, "passing_yds": 292, "passing_cmp": 31, "active": "true", "passing_ints": 3, "passing_tds": 2}, {"week": "11", "passing_att": 34, "rushing_lngtd": 0, "passing_twoptm": 0, "passing_twopta": 0, "rushing_tds": 0, "passing_yds": 230, "rushing_yds": 12, "passing_cmp": 19, "rushing_twopta": 0, "active": "true", "rushing_lng": 9, "passing_ints": 2, "passing_tds": 2, "rushing_att": 2, "rushing_twoptm": 0}, {"week": "12", "passing_att": 38, "rushing_lngtd": 0, "passing_twoptm": 0, "passing_twopta": 0, "rushing_tds": 0, "passing_yds": 135, "rushing_yds": 5, "passing_cmp": 17, "rushing_twopta": 0, "active": "true", "rushing_lng": 6, "passing_ints": 2, "passing_tds": 1, "rushing_att": 2, "rushing_twoptm": 0}, {"week": "13", "passing_att": 33, "passing_twoptm": 1, "passing_twopta": 1, "passing_yds": 249, "passing_cmp": 23, "active": "true", "passing_ints": 0, "passing_tds": 1}, {"week": "14", "passing_att": 32, "rushing_lngtd": 0, "passing_twoptm": 0, "passing_twopta": 0, "rushing_tds": 0, "passing_yds": 178, "rushing_yds": 0, "passing_cmp": 20, "rushing_twopta": 0, "active": "true", "rushing_lng": 1, "passing_ints": 3, "passing_tds": 1, "rushing_att": 2, "rushing_twoptm": 0}, {"week": "15", "passing_att": 23, "rushing_lngtd": 0, "passing_twoptm": 0, "passing_twopta": 0, "rushing_tds": 0, "passing_yds": 209, "rushing_yds": -1, "passing_cmp": 14, "rushing_twopta": 0, "active": "true", "rushing_lng": 2, "passing_ints": 0, "passing_tds": 0, "rushing_att": 5, "rushing_twoptm": 0}, {"week": "16", "passing_att": 21, "rushing_lngtd": 0, "passing_twoptm": 0, "passing_twopta": 0, "rushing_tds": 0, "passing_yds": 269, "rushing_yds": -1, "passing_cmp": 16, "rushing_twopta": 0, "active": "true", "rushing_lng": 0, "passing_ints": 0, "passing_tds": 4, "rushing_att": 2, "rushing_twoptm": 0}, {"week": "17", "fumbles_tot": 2, "passing_att": 45, "rushing_lngtd": 0, "passing_twoptm": 0, "fumbles_yds": -2, "fumbles_rcv": 1, "fumbles_trcv": 1, "passing_twopta": 0, "rushing_tds": 0, "passing_yds": 305, "rushing_yds": 3, "passing_cmp": 32, "rushing_twopta": 0, "fumbles_lost": 1, "rushing_lng": 3, "passing_ints": 2, "passing_tds": 1, "rushing_att": 2, "rushing_twoptm": 0, "active": "true"}], "2011": [{"week": "1", "active": "false"}, {"week": "2", "active": "false"}, {"week": "3", "active": "false"}, {"week": "4", "active": "false"}, {"week": "5", "active": "false"}, {"week": "6", "active": "false"}, {"week": "7", "passing_att": 21, "passing_twoptm": 0, "passing_twopta": 0, "passing_yds": 116, "passing_cmp": 8, "active": "true", "passing_ints": 3, "passing_tds": 0}, {"week": "8", "active": "false"}, {"week": "9", "fumbles_tot": 1, "passing_att": 35, "rushing_lngtd": 0, "passing_twoptm": 0, "fumbles_yds": -1, "fumbles_rcv": 1, "fumbles_trcv": 1, "passing_twopta": 0, "rushing_tds": 0, "passing_yds": 332, "rushing_yds": 3, "passing_cmp": 19, "rushing_twopta": 0, "fumbles_lost": 0, "rushing_lng": 3, "passing_ints": 3, "passing_tds": 3, "rushing_att": 5, "rushing_twoptm": 0, "active": "true"}, {"week": "10", "fumbles_tot": 1, "passing_att": 20, "rushing_lngtd": 0, "passing_twoptm": 0, "fumbles_yds": 0, "fumbles_rcv": 0, "fumbles_trcv": 0, "passing_twopta": 0, "rushing_tds": 0, "passing_yds": 299, "rushing_yds": -8, "passing_cmp": 14, "rushing_twopta": 0, "fumbles_lost": 1, "rushing_lng": -1, "passing_ints": 1, "passing_tds": 2, "rushing_att": 3, "rushing_twoptm": 0, "active": "true"}, {"week": "11", "passing_att": 23, "rushing_lngtd": 1, "passing_twoptm": 0, "passing_twopta": 0, "rushing_tds": 1, "passing_yds": 164, "rushing_yds": 5, "passing_cmp": 17, "rushing_twopta": 0, "active": "true", "rushing_lng": 4, "passing_ints": 0, "passing_tds": 1, "rushing_att": 3, "rushing_twoptm": 0}, {"week": "12", "passing_att": 37, "passing_twoptm": 0, "passing_twopta": 0, "passing_yds": 301, "passing_cmp": 21, "active": "true", "passing_ints": 1, "passing_tds": 0}, {"week": "13", "passing_att": 41, "rushing_lngtd": 0, "passing_twoptm": 0, "passing_twopta": 0, "rushing_tds": 0, "passing_yds": 273, "rushing_yds": 2, "passing_cmp": 20, "rushing_twopta": 0, "active": "true", "rushing_lng": 2, "passing_ints": 1, "passing_tds": 2, "rushing_att": 1, "rushing_twoptm": 0}, {"week": "14", "passing_att": 42, "rushing_lngtd": 0, "passing_twoptm": 0, "passing_twopta": 0, "rushing_tds": 0, "passing_yds": 245, "rushing_yds": 12, "passing_cmp": 24, "rushing_twopta": 0, "active": "true", "rushing_lng": 10, "passing_ints": 4, "passing_tds": 1, "rushing_att": 2, "rushing_twoptm": 0}, {"week": "15", "passing_att": 40, "passing_twoptm": 0, "passing_twopta": 0, "passing_yds": 367, "passing_cmp": 32, "active": "true", "passing_ints": 0, "passing_tds": 1}, {"week": "16", "passing_att": 26, "passing_twoptm": 0, "passing_twopta": 0, "passing_yds": 237, "passing_cmp": 16, "active": "true", "passing_ints": 2, "passing_tds": 1}, {"week": "17", "passing_att": 43, "rushing_lngtd": 0, "passing_twoptm": 0, "passing_twopta": 0, "rushing_tds": 0, "passing_yds": 417, "rushing_yds": 6, "passing_cmp": 28, "rushing_twopta": 0, "active": "true", "rushing_lng": 4, "passing_ints": 1, "passing_tds": 2, "rushing_att": 2, "rushing_twoptm": 0}], "2012": [{"week": "1", "passing_att": 46, "passing_twoptm": 1, "passing_twopta": 1, "passing_yds": 297, "passing_cmp": 32, "active": "true", "passing_ints": 0, "passing_tds": 1}, {"week": "2", "fumbles_tot": 0, "passing_att": 48, "rushing_lngtd": 0, "passing_twoptm": 0, "fumbles_yds": 0, "fumbles_rcv": 1, "fumbles_trcv": 1, "passing_twopta": 0, "rushing_tds": 0, "passing_yds": 373, "rushing_yds": 7, "passing_cmp": 24, "rushing_twopta": 0, "fumbles_lost": 0, "rushing_lng": 7, "passing_ints": 1, "passing_tds": 1, "rushing_att": 2, "rushing_twoptm": 0, "active": "true"}, {"week": "3", "passing_att": 33, "rushing_lngtd": 0, "passing_twoptm": 0, "passing_twopta": 0, "rushing_tds": 0, "passing_yds": 209, "rushing_yds": 5, "passing_cmp": 23, "rushing_twopta": 0, "active": "true", "rushing_lng": 6, "passing_ints": 1, "passing_tds": 3, "rushing_att": 2, "rushing_twoptm": 0}, {"week": "4", "fumbles_tot": 1, "passing_att": 34, "fumbles_rcv": 0, "passing_twoptm": 0, "fumbles_yds": 0, "fumbles_lost": 0, "fumbles_trcv": 0, "passing_twopta": 0, "passing_yds": 202, "passing_cmp": 19, "active": "true", "passing_ints": 0, "passing_tds": 0}, {"week": "5", "active": "false"}, {"week": "6", "fumbles_tot": 1, "passing_att": 33, "fumbles_rcv": 0, "passing_twoptm": 0, "fumbles_yds": 0, "fumbles_lost": 1, "fumbles_trcv": 0, "passing_twopta": 0, "passing_yds": 353, "passing_cmp": 23, "active": "true", "passing_ints": 1, "passing_tds": 1}, {"week": "7", "fumbles_tot": 2, "passing_att": 46, "rushing_lngtd": 1, "passing_twoptm": 0, "fumbles_yds": 0, "fumbles_rcv": 1, "fumbles_trcv": 1, "passing_twopta": 0, "rushing_tds": 1, "passing_yds": 298, "rushing_yds": 14, "passing_cmp": 26, "rushing_twopta": 0, "fumbles_lost": 1, "rushing_lng": 9, "passing_ints": 1, "passing_tds": 1, "rushing_att": 6, "rushing_twoptm": 0, "active": "true"}, {"week": "8", "passing_att": 28, "rushing_lngtd": 0, "passing_twoptm": 0, "passing_twopta": 0, "rushing_tds": 0, "passing_yds": 209, "rushing_yds": -1, "passing_cmp": 14, "rushing_twopta": 0, "active": "true", "rushing_lng": -1, "passing_ints": 1, "passing_tds": 2, "rushing_att": 1, "rushing_twoptm": 0}, {"week": "9", "passing_att": 61, "rushing_lngtd": 0, "passing_twoptm": 1, "passing_twopta": 1, "rushing_tds": 0, "passing_yds": 414, "rushing_yds": 3, "passing_cmp": 39, "rushing_twopta": 0, "active": "true", "rushing_lng": 3, "passing_ints": 3, "passing_tds": 4, "rushing_att": 1, "rushing_twoptm": 0}, {"week": "10", "fumbles_tot": 1, "passing_att": 45, "rushing_lngtd": 0, "passing_twoptm": 0, "fumbles_yds": -3, "fumbles_rcv": 0, "fumbles_trcv": 0, "passing_twopta": 0, "rushing_tds": 0, "passing_yds": 368, "rushing_yds": 0, "passing_cmp": 29, "rushing_twopta": 0, "fumbles_lost": 1, "rushing_lng": 0, "passing_ints": 1, "passing_tds": 2, "rushing_att": 1, "rushing_twoptm": 0, "active": "true"}, {"week": "11", "passing_att": 40, "rushing_lngtd": 0, "passing_twoptm": 0, "passing_twopta": 0, "rushing_tds": 0, "passing_yds": 312, "rushing_yds": 2, "passing_cmp": 22, "rushing_twopta": 0, "active": "true", "rushing_lng": 2, "passing_ints": 2, "passing_tds": 2, "rushing_att": 1, "rushing_twoptm": 0}, {"week": "12", "fumbles_tot": 1, "passing_att": 34, "fumbles_rcv": 0, "passing_twoptm": 0, "fumbles_yds": 0, "fumbles_lost": 1, "fumbles_trcv": 0, "passing_twopta": 0, "passing_yds": 146, "passing_cmp": 19, "active": "true", "passing_ints": 1, "passing_tds": 1}, {"week": "13", "passing_att": 54, "rushing_lngtd": 0, "passing_twoptm": 0, "passing_twopta": 0, "rushing_tds": 0, "passing_yds": 351, "rushing_yds": 3, "passing_cmp": 34, "rushing_twopta": 0, "active": "true", "rushing_lng": 3, "passing_ints": 1, "passing_tds": 2, "rushing_att": 1, "rushing_twoptm": 0}, {"week": "14", "fumbles_tot": 1, "passing_att": 30, "rushing_lngtd": 0, "passing_twoptm": 0, "fumbles_yds": 0, "fumbles_rcv": 0, "fumbles_trcv": 0, "passing_twopta": 1, "rushing_tds": 0, "passing_yds": 273, "rushing_yds": -1, "passing_cmp": 19, "rushing_twopta": 0, "fumbles_lost": 1, "rushing_lng": -1, "passing_ints": 1, "passing_tds": 2, "rushing_att": 1, "rushing_twoptm": 0, "active": "true"}, {"week": "15", "passing_att": 29, "rushing_lngtd": 0, "passing_twoptm": 0, "passing_twopta": 0, "rushing_tds": 0, "passing_yds": 182, "rushing_yds": 4, "passing_cmp": 18, "rushing_twopta": 0, "active": "true", "rushing_lng": 2, "passing_ints": 0, "passing_tds": 0, "rushing_att": 2, "rushing_twoptm": 0}, {"week": "16", "passing_att": 3, "passing_twoptm": 0, "passing_twopta": 0, "passing_yds": 31, "passing_cmp": 3, "active": "true", "passing_ints": 0, "passing_tds": 0}, {"week": "17", "active": "false"}], "2013": [{"week": "1", "fumbles_tot": 2, "passing_att": 40, "fumbles_rcv": 0, "passing_twoptm": 0, "fumbles_yds": 0, "fumbles_lost": 1, "fumbles_trcv": 0, "passing_twopta": 0, "passing_yds": 327, "passing_cmp": 26, "active": "true", "passing_ints": 1, "passing_tds": 2}, {"week": "2", "passing_att": 39, "rushing_lngtd": 0, "passing_twoptm": 0, "passing_twopta": 1, "rushing_tds": 0, "passing_yds": 248, "rushing_yds": -2, "passing_cmp": 22, "rushing_twopta": 0, "active": "true", "rushing_lng": -1, "passing_ints": 1, "passing_tds": 1, "rushing_att": 2, "rushing_twoptm": 0}, {"week": "3", "passing_att": 35, "passing_twoptm": 0, "passing_twopta": 0, "passing_yds": 187, "passing_cmp": 18, "active": "true", "passing_ints": 2, "passing_tds": 0}, {"week": "4", "passing_att": 38, "rushing_lngtd": 0, "passing_twoptm": 0, "passing_twopta": 0, "rushing_tds": 0, "passing_yds": 248, "rushing_yds": 6, "passing_cmp": 21, "rushing_twopta": 0, "active": "true", "rushing_lng": 10, "passing_ints": 2, "passing_tds": 1, "rushing_att": 4, "rushing_twoptm": 0}, {"week": "5", "passing_att": 28, "rushing_lngtd": 0, "passing_twoptm": 0, "passing_twopta": 0, "rushing_tds": 0, "passing_yds": 175, "rushing_yds": -3, "passing_cmp": 19, "rushing_twopta": 0, "active": "true", "rushing_lng": -1, "passing_ints": 3, "passing_tds": 1, "rushing_att": 3, "rushing_twoptm": 0}, {"week": "6", "passing_att": 41, "passing_twoptm": 0, "passing_twopta": 0, "passing_yds": 298, "passing_cmp": 25, "active": "true", "passing_ints": 2, "passing_tds": 2}, {"week": "7", "fumbles_tot": 1, "passing_att": 45, "rushing_lngtd": 0, "passing_twoptm": 0, "fumbles_yds": 0, "fumbles_rcv": 0, "fumbles_trcv": 0, "passing_twopta": 1, "rushing_tds": 0, "passing_yds": 258, "rushing_yds": 5, "passing_cmp": 30, "rushing_twopta": 0, "fumbles_lost": 0, "rushing_lng": 3, "passing_ints": 2, "passing_tds": 1, "rushing_att": 2, "rushing_twoptm": 0, "active": "true"}, {"week": "8", "passing_att": 18, "rushing_lngtd": 0, "passing_twoptm": 0, "passing_twopta": 0, "rushing_tds": 0, "passing_yds": 172, "rushing_yds": 9, "passing_cmp": 13, "rushing_twopta": 0, "active": "true", "rushing_lng": 9, "passing_ints": 1, "passing_tds": 2, "rushing_att": 1, "rushing_twoptm": 0}, {"week": "9", "active": "false"}, {"week": "10", "fumbles_tot": 1, "passing_att": 32, "rushing_lngtd": 0, "passing_twoptm": 0, "fumbles_yds": 0, "fumbles_rcv": 0, "fumbles_trcv": 0, "passing_twopta": 0, "rushing_tds": 0, "passing_yds": 241, "rushing_yds": -2, "passing_cmp": 20, "rushing_twopta": 0, "fumbles_lost": 1, "rushing_lng": -1, "passing_ints": 1, "passing_tds": 2, "rushing_att": 2, "rushing_twoptm": 0, "active": "true"}, {"week": "11", "passing_att": 42, "rushing_lngtd": 0, "passing_twoptm": 0, "passing_twopta": 0, "rushing_tds": 0, "passing_yds": 419, "rushing_yds": -3, "passing_cmp": 30, "rushing_twopta": 0, "active": "true", "rushing_lng": -1, "passing_ints": 0, "passing_tds": 2, "rushing_att": 3, "rushing_twoptm": 0}, {"week": "12", "fumbles_tot": 1, "passing_att": 37, "fumbles_rcv": 0, "passing_twoptm": 0, "fumbles_yds": 0, "fumbles_lost": 0, "fumbles_trcv": 0, "passing_twopta": 0, "passing_yds": 314, "passing_cmp": 26, "active": "true", "passing_ints": 0, "passing_tds": 2}, {"week": "13", "fumbles_tot": 1, "passing_att": 41, "rushing_lngtd": 0, "passing_twoptm": 0, "fumbles_yds": 0, "fumbles_rcv": 0, "fumbles_trcv": 0, "passing_twopta": 0, "rushing_tds": 0, "passing_yds": 302, "rushing_yds": -1, "passing_cmp": 24, "rushing_twopta": 0, "fumbles_lost": 1, "rushing_lng": -1, "passing_ints": 2, "passing_tds": 3, "rushing_att": 1, "rushing_twoptm": 0, "active": "true"}, {"week": "14", "passing_att": 32, "rushing_lngtd": 0, "passing_twoptm": 0, "passing_twopta": 0, "rushing_tds": 0, "passing_yds": 269, "rushing_yds": -1, "passing_cmp": 27, "rushing_twopta": 0, "active": "true", "rushing_lng": -1, "passing_ints": 0, "passing_tds": 1, "rushing_att": 1, "rushing_twoptm": 0}, {"week": "15", "fumbles_tot": 0, "passing_att": 30, "rushing_lngtd": 0, "passing_twoptm": 0, "fumbles_yds": 0, "fumbles_rcv": 1, "fumbles_trcv": 1, "passing_twopta": 0, "rushing_tds": 0, "passing_yds": 231, "rushing_yds": -1, "passing_cmp": 20, "rushing_twopta": 0, "fumbles_lost": 0, "rushing_lng": 0, "passing_ints": 0, "passing_tds": 1, "rushing_att": 2, "rushing_twoptm": 0, "active": "true"}, {"week": "16", "passing_att": 25, "rushing_lngtd": 0, "passing_twoptm": 0, "passing_twopta": 0, "rushing_tds": 0, "passing_yds": 178, "rushing_yds": -3, "passing_cmp": 13, "rushing_twopta": 0, "active": "true", "rushing_lng": 1, "passing_ints": 4, "passing_tds": 1, "rushing_att": 5, "rushing_twoptm": 0}, {"week": "17", "passing_att": 49, "rushing_lngtd": 0, "passing_twoptm": 0, "passing_twopta": 0, "rushing_tds": 0, "passing_yds": 407, "rushing_yds": -1, "passing_cmp": 28, "rushing_twopta": 0, "active": "true", "rushing_lng": -1, "passing_ints": 1, "passing_tds": 2, "rushing_att": 1, "rushing_twoptm": 0}], "2014": [{"week": "1", "fumbles_tot": 1, "passing_att": 37, "rushing_lngtd": 0, "passing_twoptm": 0, "fumbles_yds": 0, "fumbles_rcv": 0, "fumbles_trcv": 0, "passing_twopta": 1, "rushing_tds": 0, "passing_yds": 304, "rushing_yds": 29, "passing_cmp": 24, "rushing_twopta": 0, "fumbles_lost": 1, "rushing_lng": 12, "passing_ints": 0, "passing_tds": 2, "rushing_att": 4, "rushing_twoptm": 0, "active": "true"}, {"week": "2", "active": "false"}, {"week": "3", "active": "false"}, {"week": "4", "active": "false"}, {"week": "5", "active": "false"}, {"week": "6", "fumbles_tot": 1, "passing_att": 44, "rushing_lngtd": 0, "passing_twoptm": 0, "fumbles_yds": 0, "fumbles_rcv": 1, "fumbles_trcv": 1, "passing_twopta": 0, "rushing_tds": 0, "passing_yds": 250, "rushing_yds": -3, "passing_cmp": 28, "rushing_twopta": 0, "fumbles_lost": 0, "rushing_lng": -3, "passing_ints": 0, "passing_tds": 2, "rushing_att": 1, "rushing_twoptm": 0, "active": "true"}, {"week": "7", "passing_att": 31, "passing_twoptm": 0, "passing_twopta": 0, "passing_yds": 253, "passing_cmp": 22, "active": "true", "passing_ints": 1, "passing_tds": 2}, {"week": "8", "passing_att": 42, "passing_twoptm": 0, "passing_twopta": 0, "passing_yds": 329, "passing_cmp": 20, "active": "true", "passing_ints": 0, "passing_tds": 2}, {"week": "9", "passing_att": 34, "rushing_lngtd": 0, "passing_twoptm": 0, "passing_twopta": 0, "rushing_tds": 0, "passing_yds": 249, "rushing_yds": -2, "passing_cmp": 22, "rushing_twopta": 0, "active": "true", "rushing_lng": -1, "passing_ints": 1, "passing_tds": 3, "rushing_att": 2, "rushing_twoptm": 0}, {"week": "10", "fumbles_tot": 1, "passing_att": 36, "rushing_lngtd": 0, "passing_twoptm": 0, "fumbles_yds": 0, "fumbles_rcv": 1, "fumbles_trcv": 1, "passing_twopta": 0, "rushing_tds": 0, "passing_yds": 241, "rushing_yds": 1, "passing_cmp": 25, "rushing_twopta": 0, "fumbles_lost": 0, "rushing_lng": 1, "passing_ints": 1, "passing_tds": 0, "rushing_att": 1, "rushing_twoptm": 0, "active": "true"}, {"week": "11", "active": "false"}, {"week": "12", "active": "false"}, {"week": "13", "active": "false"}, {"week": "14", "active": "false"}]}}