{"C.Benson": {"2009": [{"week": "1", "receiving_lng": 19, "receiving_tds": 0, "receiving_twopta": 0, "rushing_tds": 1, "rushing_twopta": 0, "active": "true", "receiving_rec": 4, "rushing_lng": 20, "rushing_yds": 76, "receiving_yds": 32, "rushing_att": 21, "receiving_twoptm": 0, "rushing_twoptm": 0}, {"week": "2", "fumbles_tot": 0, "fumbles_yds": 0, "fumbles_lost": 0, "fumbles_trcv": 1, "rushing_tds": 0, "fumbles_rcv": 1, "rushing_twopta": 0, "rushing_lng": 14, "rushing_yds": 141, "active": "true", "rushing_att": 29, "rushing_twoptm": 0}, {"week": "3", "receiving_lng": 5, "receiving_tds": 0, "receiving_twopta": 0, "rushing_tds": 1, "rushing_twopta": 0, "active": "true", "receiving_rec": 1, "rushing_lng": 23, "rushing_yds": 76, "receiving_yds": 5, "rushing_att": 16, "receiving_twoptm": 0, "rushing_twoptm": 0}, {"week": "4", "fumbles_tot": 1, "receiving_lng": 12, "receiving_tds": 0, "fumbles_yds": 0, "receiving_twopta": 0, "fumbles_trcv": 0, "rushing_tds": 0, "fumbles_rcv": 0, "rushing_twopta": 0, "fumbles_lost": 0, "receiving_rec": 1, "rushing_lng": 21, "rushing_yds": 74, "receiving_yds": 12, "rushing_att": 18, "receiving_twoptm": 0, "rushing_twoptm": 0, "active": "true"}, {"week": "5", "receiving_lng": 11, "receiving_tds": 0, "receiving_twopta": 0, "rushing_tds": 1, "rushing_twopta": 0, "active": "true", "receiving_rec": 2, "rushing_lng": 28, "rushing_yds": 120, "receiving_yds": 16, "rushing_att": 27, "receiving_twoptm": 0, "rushing_twoptm": 0}, {"week": "6", "receiving_lng": 6, "receiving_tds": 0, "receiving_twopta": 0, "rushing_tds": 1, "rushing_twopta": 0, "active": "true", "receiving_rec": 2, "rushing_lng": 10, "rushing_yds": 44, "receiving_yds": 1, "rushing_att": 16, "receiving_twoptm": 0, "rushing_twoptm": 0}, {"week": "7", "rushing_tds": 1, "rushing_twopta": 0, "rushing_lng": 26, "rushing_yds": 189, "active": "true", "rushing_att": 37, "rushing_twoptm": 0}, {"week": "8", "active": "false"}, {"week": "9", "rushing_tds": 1, "rushing_twopta": 0, "rushing_lng": 21, "rushing_yds": 117, "active": "true", "rushing_att": 34, "rushing_twoptm": 0}, {"week": "10", "rushing_tds": 0, "rushing_twopta": 0, "rushing_lng": 9, "rushing_yds": 22, "active": "true", "rushing_att": 7, "rushing_twoptm": 0}, {"week": "11", "active": "false"}, {"week": "12", "active": "false"}, {"week": "13", "receiving_lng": 10, "receiving_tds": 0, "receiving_twopta": 0, "rushing_tds": 0, "rushing_twopta": 0, "active": "true", "receiving_rec": 2, "rushing_lng": 11, "rushing_yds": 110, "receiving_yds": 15, "rushing_att": 36, "receiving_twoptm": 0, "rushing_twoptm": 0}, {"week": "14", "receiving_lng": 4, "receiving_tds": 0, "receiving_twopta": 0, "rushing_tds": 0, "defense_sk": 0, "rushing_twopta": 0, "active": "true", "defense_tkl": 1, "receiving_rec": 1, "rushing_lng": 42, "rushing_yds": 96, "receiving_yds": 4, "rushing_att": 16, "receiving_twoptm": 0, "rushing_twoptm": 0, "defense_ffum": 0, "defense_ast": 0, "defense_int": 0}, {"week": "15", "receiving_lng": 11, "receiving_tds": 0, "receiving_twopta": 0, "rushing_tds": 0, "rushing_twopta": 0, "active": "true", "receiving_rec": 2, "rushing_lng": 12, "rushing_yds": 53, "receiving_yds": 19, "rushing_att": 15, "receiving_twoptm": 0, "rushing_twoptm": 0}, {"week": "16", "receiving_lng": 6, "receiving_tds": 0, "receiving_twopta": 0, "rushing_tds": 0, "rushing_twopta": 0, "active": "true", "receiving_rec": 2, "rushing_lng": 32, "rushing_yds": 133, "receiving_yds": 7, "rushing_att": 29, "receiving_twoptm": 0, "rushing_twoptm": 0}, {"week": "17", "active": "false"}], "2010": [{"week": "1", "fumbles_tot": 1, "rushing_lngtd": 1, "receiving_tds": 0, "fumbles_yds": 0, "receiving_twopta": 0, "fumbles_trcv": 0, "receiving_lng": 11, "rushing_tds": 1, "fumbles_rcv": 0, "rushing_twopta": 0, "fumbles_lost": 1, "receiving_rec": 1, "rushing_lng": 10, "rushing_yds": 43, "receiving_lngtd": 0, "receiving_yds": 11, "rushing_att": 15, "receiving_twoptm": 0, "rushing_twoptm": 0, "active": "true"}, {"week": "2", "rushing_lngtd": 0, "rushing_tds": 0, "rushing_twopta": 0, "rushing_lng": 13, "rushing_yds": 78, "active": "true", "rushing_att": 23, "rushing_twoptm": 0}, {"week": "3", "fumbles_tot": 1, "rushing_lngtd": 1, "receiving_tds": 1, "fumbles_yds": 0, "receiving_twopta": 0, "fumbles_trcv": 1, "receiving_lng": 7, "rushing_tds": 1, "fumbles_rcv": 1, "rushing_twopta": 0, "fumbles_lost": 0, "receiving_rec": 2, "rushing_lng": 11, "rushing_yds": 81, "receiving_lngtd": 7, "receiving_yds": 9, "rushing_att": 27, "receiving_twoptm": 0, "rushing_twoptm": 0, "active": "true"}, {"week": "4", "rushing_lngtd": 0, "rushing_tds": 0, "rushing_twopta": 0, "rushing_lng": 12, "rushing_yds": 60, "active": "true", "rushing_att": 15, "rushing_twoptm": 0}, {"week": "5", "rushing_lngtd": 0, "receiving_tds": 0, "receiving_twopta": 0, "receiving_lng": 12, "rushing_tds": 0, "rushing_twopta": 1, "active": "true", "receiving_rec": 2, "rushing_lng": 22, "rushing_yds": 144, "receiving_lngtd": 0, "receiving_yds": 19, "rushing_att": 23, "receiving_twoptm": 0, "rushing_twoptm": 1}, {"week": "6", "active": "false"}, {"week": "7", "fumbles_tot": 1, "rushing_lngtd": 0, "receiving_tds": 0, "fumbles_yds": 0, "receiving_twopta": 0, "fumbles_trcv": 0, "receiving_lng": 6, "rushing_tds": 0, "fumbles_rcv": 0, "rushing_twopta": 0, "fumbles_lost": 1, "receiving_rec": 1, "rushing_lng": 11, "rushing_yds": 70, "receiving_lngtd": 0, "receiving_yds": 6, "rushing_att": 20, "receiving_twoptm": 0, "rushing_twoptm": 0, "active": "true"}, {"week": "8", "rushing_lngtd": 0, "receiving_tds": 0, "receiving_twopta": 0, "receiving_lng": 8, "rushing_tds": 0, "rushing_twopta": 0, "active": "true", "receiving_rec": 3, "rushing_lng": 13, "rushing_yds": 69, "receiving_lngtd": 0, "receiving_yds": 12, "rushing_att": 20, "receiving_twoptm": 0, "rushing_twoptm": 0}, {"week": "9", "rushing_lngtd": 1, "receiving_tds": 0, "receiving_twopta": 0, "receiving_lng": 16, "rushing_tds": 1, "rushing_twopta": 0, "active": "true", "receiving_rec": 2, "rushing_lng": 8, "rushing_yds": 54, "receiving_lngtd": 0, "receiving_yds": 20, "rushing_att": 18, "receiving_twoptm": 0, "rushing_twoptm": 0}, {"week": "10", "fumbles_tot": 1, "rushing_lngtd": 0, "receiving_tds": 0, "fumbles_yds": 0, "receiving_twopta": 0, "fumbles_trcv": 0, "receiving_lng": 8, "rushing_tds": 0, "fumbles_rcv": 0, "rushing_twopta": 0, "fumbles_lost": 1, "receiving_rec": 5, "rushing_lng": 6, "rushing_yds": 24, "receiving_lngtd": 0, "receiving_yds": 27, "rushing_att": 14, "receiving_twoptm": 0, "rushing_twoptm": 0, "active": "true"}, {"week": "11", "fumbles_tot": 1, "rushing_lngtd": 1, "receiving_tds": 0, "fumbles_yds": 0, "receiving_twopta": 0, "fumbles_trcv": 0, "receiving_lng": 11, "rushing_tds": 1, "fumbles_rcv": 0, "rushing_twopta": 0, "fumbles_lost": 1, "receiving_rec": 3, "rushing_lng": 26, "rushing_yds": 124, "receiving_lngtd": 0, "receiving_yds": 22, "rushing_att": 25, "receiving_twoptm": 0, "rushing_twoptm": 0, "active": "true"}, {"week": "12", "rushing_lngtd": 0, "receiving_tds": 0, "receiving_twopta": 0, "receiving_lng": 0, "rushing_tds": 0, "rushing_twopta": 0, "active": "true", "receiving_rec": 1, "rushing_lng": 14, "rushing_yds": 41, "receiving_lngtd": 0, "receiving_yds": 0, "rushing_att": 18, "receiving_twoptm": 0, "rushing_twoptm": 0}, {"week": "13", "fumbles_tot": 1, "rushing_lngtd": 4, "receiving_tds": 0, "fumbles_yds": 0, "receiving_twopta": 0, "fumbles_trcv": 0, "receiving_lng": 11, "rushing_tds": 2, "fumbles_rcv": 0, "rushing_twopta": 0, "fumbles_lost": 0, "receiving_rec": 2, "rushing_lng": 7, "rushing_yds": 49, "receiving_lngtd": 0, "receiving_yds": 14, "rushing_att": 19, "receiving_twoptm": 0, "rushing_twoptm": 0, "active": "true"}, {"week": "14", "rushing_lngtd": 0, "receiving_tds": 0, "receiving_twopta": 0, "receiving_lng": 24, "rushing_tds": 0, "rushing_twopta": 0, "active": "true", "receiving_rec": 3, "rushing_lng": 7, "rushing_yds": 19, "receiving_lngtd": 0, "receiving_yds": 26, "rushing_att": 8, "receiving_twoptm": 0, "rushing_twoptm": 0}, {"week": "15", "rushing_lngtd": 18, "rushing_tds": 1, "rushing_twopta": 0, "rushing_lng": 18, "rushing_yds": 150, "active": "true", "rushing_att": 31, "rushing_twoptm": 0}, {"week": "16", "fumbles_tot": 1, "rushing_lngtd": 0, "fumbles_yds": 0, "fumbles_lost": 1, "fumbles_trcv": 0, "rushing_tds": 0, "fumbles_rcv": 0, "rushing_twopta": 0, "rushing_lng": 11, "rushing_yds": 52, "active": "true", "rushing_att": 24, "rushing_twoptm": 0}, {"week": "17", "rushing_lngtd": 0, "receiving_tds": 0, "receiving_twopta": 0, "receiving_lng": 8, "rushing_tds": 0, "rushing_twopta": 0, "active": "true", "receiving_rec": 3, "rushing_lng": 9, "rushing_yds": 53, "receiving_lngtd": 0, "receiving_yds": 12, "rushing_att": 21, "receiving_twoptm": 0, "rushing_twoptm": 0}], "2011": [{"week": "1", "rushing_lngtd": 39, "receiving_tds": 0, "receiving_twopta": 0, "receiving_lng": 2, "rushing_tds": 1, "rushing_twopta": 0, "active": "true", "receiving_rec": 1, "rushing_lng": 39, "rushing_yds": 121, "receiving_lngtd": 0, "receiving_yds": 2, "rushing_att": 25, "receiving_twoptm": 0, "rushing_twoptm": 0}, {"week": "2", "rushing_lngtd": 0, "receiving_tds": 0, "receiving_twopta": 0, "receiving_lng": 10, "rushing_tds": 0, "rushing_twopta": 0, "active": "true", "receiving_rec": 3, "rushing_lng": 14, "rushing_yds": 59, "receiving_lngtd": 0, "receiving_yds": 17, "rushing_att": 16, "receiving_twoptm": 0, "rushing_twoptm": 0}, {"week": "3", "rushing_lngtd": 0, "rushing_tds": 0, "rushing_twopta": 0, "rushing_lng": 10, "rushing_yds": 64, "active": "true", "rushing_att": 17, "rushing_twoptm": 0}, {"week": "4", "rushing_lngtd": 0, "rushing_tds": 0, "rushing_twopta": 0, "rushing_lng": 28, "rushing_yds": 104, "active": "true", "rushing_att": 19, "rushing_twoptm": 0}, {"week": "5", "rushing_lngtd": 0, "rushing_tds": 0, "rushing_twopta": 0, "rushing_lng": 8, "rushing_yds": 53, "active": "true", "rushing_att": 24, "rushing_twoptm": 0}, {"week": "6", "rushing_lngtd": 1, "receiving_tds": 0, "receiving_twopta": 0, "receiving_lng": 5, "rushing_tds": 1, "rushing_twopta": 0, "active": "true", "receiving_rec": 1, "rushing_lng": 9, "rushing_yds": 57, "receiving_lngtd": 0, "receiving_yds": 5, "rushing_att": 16, "receiving_twoptm": 0, "rushing_twoptm": 0}, {"week": "7", "active": "false"}, {"week": "8", "active": "false"}, {"week": "9", "rushing_lngtd": 0, "rushing_tds": 0, "rushing_twopta": 0, "rushing_lng": 16, "rushing_yds": 78, "active": "true", "rushing_att": 20, "rushing_twoptm": 0}, {"week": "10", "rushing_lngtd": 0, "receiving_tds": 0, "receiving_twopta": 0, "receiving_lng": 5, "rushing_tds": 0, "rushing_twopta": 0, "active": "true", "receiving_rec": 1, "rushing_lng": 16, "rushing_yds": 57, "receiving_lngtd": 0, "receiving_yds": 5, "rushing_att": 15, "receiving_twoptm": 0, "rushing_twoptm": 0}, {"week": "11", "rushing_lngtd": 7, "rushing_tds": 2, "rushing_twopta": 0, "rushing_lng": 9, "rushing_yds": 41, "active": "true", "rushing_att": 15, "rushing_twoptm": 0}, {"week": "12", "rushing_lngtd": 16, "receiving_tds": 0, "receiving_twopta": 0, "receiving_lng": 10, "rushing_tds": 1, "rushing_twopta": 0, "active": "true", "receiving_rec": 4, "rushing_lng": 33, "rushing_yds": 106, "receiving_lngtd": 0, "receiving_yds": 24, "rushing_att": 21, "receiving_twoptm": 0, "rushing_twoptm": 0}, {"week": "13", "rushing_lngtd": 0, "rushing_tds": 0, "rushing_twopta": 0, "rushing_lng": 14, "rushing_yds": 52, "active": "true", "rushing_att": 13, "rushing_twoptm": 0}, {"week": "14", "rushing_lngtd": 0, "receiving_tds": 0, "receiving_twopta": 0, "receiving_lng": 0, "rushing_tds": 0, "rushing_twopta": 0, "active": "true", "receiving_rec": 1, "rushing_lng": 42, "rushing_yds": 91, "receiving_lngtd": 0, "receiving_yds": 0, "rushing_att": 21, "receiving_twoptm": 0, "rushing_twoptm": 0}, {"week": "15", "fumbles_tot": 3, "rushing_lngtd": 4, "receiving_tds": 0, "fumbles_yds": 0, "receiving_twopta": 0, "fumbles_trcv": 2, "receiving_lng": 11, "rushing_tds": 1, "fumbles_rcv": 2, "rushing_twopta": 0, "fumbles_lost": 0, "receiving_rec": 1, "rushing_lng": 15, "rushing_yds": 76, "receiving_lngtd": 0, "receiving_yds": 11, "rushing_att": 22, "receiving_twoptm": 0, "rushing_twoptm": 0, "active": "true"}, {"week": "16", "fumbles_tot": 2, "rushing_lngtd": 0, "receiving_tds": 0, "fumbles_yds": 0, "receiving_twopta": 0, "fumbles_trcv": 0, "receiving_lng": 8, "rushing_tds": 0, "fumbles_rcv": 0, "rushing_twopta": 0, "fumbles_lost": 2, "receiving_rec": 1, "rushing_lng": 9, "rushing_yds": 57, "receiving_lngtd": 0, "receiving_yds": 8, "rushing_att": 16, "receiving_twoptm": 0, "rushing_twoptm": 0, "active": "true"}, {"week": "17", "rushing_lngtd": 0, "receiving_tds": 0, "receiving_twopta": 0, "receiving_lng": 6, "rushing_tds": 0, "rushing_twopta": 0, "active": "true", "receiving_rec": 2, "rushing_lng": 12, "rushing_yds": 51, "receiving_lngtd": 0, "receiving_yds": 10, "rushing_att": 13, "receiving_twoptm": 0, "rushing_twoptm": 0}], "2012": [{"week": "1", "rushing_lngtd": 0, "rushing_tds": 0, "rushing_twopta": 0, "rushing_lng": 4, "rushing_yds": 18, "active": "true", "rushing_att": 9, "rushing_twoptm": 0}, {"week": "2", "rushing_lngtd": 0, "receiving_tds": 0, "receiving_twopta": 0, "receiving_lng": 17, "rushing_tds": 0, "rushing_twopta": 0, "active": "true", "receiving_rec": 4, "rushing_lng": 11, "rushing_yds": 81, "receiving_lngtd": 0, "receiving_yds": 35, "rushing_att": 20, "receiving_twoptm": 0, "rushing_twoptm": 0}, {"week": "3", "fumbles_tot": 1, "rushing_lngtd": 1, "receiving_tds": 0, "fumbles_yds": 0, "receiving_twopta": 0, "fumbles_trcv": 0, "receiving_lng": 8, "rushing_tds": 1, "fumbles_rcv": 0, "rushing_twopta": 0, "fumbles_lost": 0, "receiving_rec": 4, "rushing_lng": 9, "rushing_yds": 45, "receiving_lngtd": 0, "receiving_yds": 19, "rushing_att": 17, "receiving_twoptm": 0, "rushing_twoptm": 0, "active": "true"}, {"week": "4", "rushing_lngtd": 0, "receiving_tds": 0, "receiving_twopta": 0, "receiving_lng": 11, "rushing_tds": 0, "rushing_twopta": 0, "active": "true", "receiving_rec": 4, "rushing_lng": 9, "rushing_yds": 84, "receiving_lngtd": 0, "receiving_yds": 22, "rushing_att": 18, "receiving_twoptm": 0, "rushing_twoptm": 0}, {"week": "5", "rushing_lngtd": 0, "receiving_tds": 0, "receiving_twopta": 0, "receiving_lng": 18, "rushing_tds": 0, "rushing_twopta": 0, "active": "true", "receiving_rec": 2, "rushing_lng": 9, "rushing_yds": 20, "receiving_lngtd": 0, "receiving_yds": 21, "rushing_att": 7, "receiving_twoptm": 0, "rushing_twoptm": 0}, {"week": "6", "active": "false"}, {"week": "7", "active": "false"}, {"week": "8", "active": "false"}, {"week": "9", "active": "false"}, {"week": "10", "active": "false"}, {"week": "11", "active": "false"}, {"week": "12", "active": "false"}, {"week": "13", "active": "false"}, {"week": "14", "active": "false"}, {"week": "15", "active": "false"}, {"week": "16", "active": "false"}, {"week": "17", "active": "false"}], "2013": [{"week": "1", "active": "false"}, {"week": "2", "active": "false"}, {"week": "3", "active": "false"}, {"week": "4", "active": "false"}, {"week": "5", "active": "false"}, {"week": "6", "active": "false"}, {"week": "7", "active": "false"}, {"week": "8", "active": "false"}, {"week": "9", "active": "false"}, {"week": "10", "active": "false"}, {"week": "11", "active": "false"}, {"week": "12", "active": "false"}, {"week": "13", "active": "false"}, {"week": "14", "active": "false"}, {"week": "15", "active": "false"}, {"week": "16", "active": "false"}, {"week": "17", "active": "false"}], "2014": [{"week": "1", "active": "false"}, {"week": "2", "active": "false"}, {"week": "3", "active": "false"}, {"week": "4", "active": "false"}, {"week": "5", "active": "false"}, {"week": "6", "active": "false"}, {"week": "7", "active": "false"}, {"week": "8", "active": "false"}, {"week": "9", "active": "false"}, {"week": "10", "active": "false"}, {"week": "11", "active": "false"}, {"week": "12", "active": "false"}, {"week": "13", "active": "false"}, {"week": "14", "active": "false"}]}}