{"C.Henne": {"2009": [{"week": "1", "active": "false"}, {"week": "2", "active": "false"}, {"week": "3", "passing_att": 19, "passing_twoptm": 0, "passing_twopta": 0, "rushing_tds": 0, "passing_yds": 92, "rushing_yds": 2, "passing_cmp": 10, "rushing_twopta": 0, "active": "true", "rushing_lng": 2, "passing_ints": 1, "passing_tds": 0, "rushing_att": 1, "rushing_twoptm": 0}, {"week": "4", "fumbles_tot": 2, "passing_att": 22, "fumbles_rcv": 1, "passing_twoptm": 0, "fumbles_yds": 0, "fumbles_lost": 0, "fumbles_trcv": 1, "passing_twopta": 0, "rushing_tds": 0, "passing_yds": 115, "rushing_yds": 14, "passing_cmp": 14, "rushing_twopta": 0, "active": "true", "rushing_lng": 12, "passing_ints": 0, "passing_tds": 1, "rushing_att": 2, "rushing_twoptm": 0}, {"week": "5", "passing_att": 26, "passing_twoptm": 0, "passing_twopta": 0, "passing_yds": 241, "passing_cmp": 20, "active": "true", "passing_ints": 0, "passing_tds": 2}, {"week": "6", "active": "false"}, {"week": "7", "passing_att": 36, "passing_twoptm": 0, "passing_twopta": 0, "passing_yds": 211, "passing_cmp": 18, "active": "true", "passing_ints": 2, "passing_tds": 0}, {"week": "8", "passing_att": 21, "passing_twoptm": 0, "passing_twopta": 1, "rushing_tds": 0, "passing_yds": 112, "rushing_yds": -5, "passing_cmp": 12, "rushing_twopta": 0, "active": "true", "rushing_lng": -1, "passing_ints": 0, "passing_tds": 1, "rushing_att": 3, "rushing_twoptm": 0}, {"week": "9", "passing_att": 34, "passing_twoptm": 0, "passing_twopta": 0, "passing_yds": 219, "passing_cmp": 19, "active": "true", "passing_ints": 0, "passing_tds": 0}, {"week": "10", "passing_att": 31, "passing_twoptm": 0, "passing_twopta": 0, "passing_yds": 175, "passing_cmp": 17, "active": "true", "passing_ints": 1, "passing_tds": 1}, {"week": "11", "fumbles_tot": 1, "passing_att": 29, "fumbles_rcv": 1, "passing_twoptm": 0, "fumbles_yds": -1, "fumbles_lost": 0, "fumbles_trcv": 1, "passing_twopta": 0, "rushing_tds": 0, "passing_yds": 172, "rushing_yds": 0, "passing_cmp": 17, "rushing_twopta": 0, "active": "true", "rushing_lng": 0, "passing_ints": 0, "passing_tds": 1, "rushing_att": 1, "rushing_twoptm": 0}, {"week": "12", "passing_att": 31, "passing_twoptm": 0, "passing_twopta": 0, "passing_yds": 175, "passing_cmp": 17, "active": "true", "passing_ints": 3, "passing_tds": 1}, {"week": "13", "passing_att": 52, "passing_twoptm": 0, "passing_twopta": 1, "rushing_tds": 0, "passing_yds": 335, "rushing_yds": -1, "passing_cmp": 29, "rushing_twopta": 0, "active": "true", "rushing_lng": -1, "passing_ints": 1, "passing_tds": 2, "rushing_att": 1, "rushing_twoptm": 0}, {"week": "14", "passing_att": 29, "passing_twoptm": 0, "passing_twopta": 0, "rushing_tds": 1, "passing_yds": 220, "rushing_yds": 1, "passing_cmp": 21, "rushing_twopta": 0, "active": "true", "rushing_lng": 3, "passing_ints": 1, "passing_tds": 0, "rushing_att": 4, "rushing_twoptm": 0}, {"week": "15", "passing_att": 46, "passing_twoptm": 0, "passing_twopta": 0, "rushing_tds": 0, "passing_yds": 349, "rushing_yds": 11, "passing_cmp": 29, "rushing_twopta": 0, "active": "true", "rushing_lng": 8, "passing_ints": 3, "passing_tds": 1, "rushing_att": 2, "rushing_twoptm": 0}, {"week": "16", "passing_att": 55, "passing_twoptm": 0, "passing_twopta": 0, "rushing_tds": 0, "passing_yds": 322, "rushing_yds": 10, "passing_cmp": 35, "rushing_twopta": 0, "active": "true", "rushing_lng": 10, "passing_ints": 1, "passing_tds": 1, "rushing_att": 1, "rushing_twoptm": 0}, {"week": "17", "fumbles_tot": 1, "passing_att": 20, "fumbles_rcv": 0, "passing_twoptm": 0, "fumbles_yds": -5, "fumbles_lost": 0, "fumbles_trcv": 0, "passing_twopta": 0, "rushing_tds": 0, "passing_yds": 140, "rushing_yds": 0, "passing_cmp": 16, "rushing_twopta": 0, "active": "true", "rushing_lng": 0, "passing_ints": 1, "passing_tds": 1, "rushing_att": 1, "rushing_twoptm": 0}], "2010": [{"week": "1", "passing_att": 34, "rushing_lngtd": 0, "passing_twoptm": 0, "passing_twopta": 0, "rushing_tds": 0, "passing_yds": 182, "rushing_yds": -1, "passing_cmp": 21, "rushing_twopta": 0, "active": "true", "rushing_lng": 3, "passing_ints": 0, "passing_tds": 0, "rushing_att": 2, "rushing_twoptm": 0}, {"week": "2", "passing_att": 15, "rushing_lngtd": 0, "passing_twoptm": 0, "passing_twopta": 0, "rushing_tds": 0, "passing_yds": 114, "rushing_yds": 0, "passing_cmp": 9, "rushing_twopta": 0, "active": "true", "rushing_lng": 1, "passing_ints": 0, "passing_tds": 1, "rushing_att": 2, "rushing_twoptm": 0}, {"week": "3", "passing_att": 44, "rushing_lngtd": 0, "passing_twoptm": 0, "passing_twopta": 0, "rushing_tds": 0, "passing_yds": 363, "rushing_yds": 1, "passing_cmp": 26, "rushing_twopta": 0, "active": "true", "rushing_lng": 1, "passing_ints": 1, "passing_tds": 2, "rushing_att": 1, "rushing_twoptm": 0}, {"week": "4", "passing_att": 39, "passing_twoptm": 0, "passing_twopta": 0, "passing_yds": 302, "passing_cmp": 29, "active": "true", "passing_ints": 3, "passing_tds": 2}, {"week": "5", "active": "false"}, {"week": "6", "passing_att": 39, "rushing_lngtd": 0, "passing_twoptm": 0, "passing_twopta": 0, "rushing_tds": 0, "passing_yds": 231, "rushing_yds": 9, "passing_cmp": 23, "rushing_twopta": 0, "active": "true", "rushing_lng": 10, "passing_ints": 1, "passing_tds": 2, "rushing_att": 2, "rushing_twoptm": 0}, {"week": "7", "passing_att": 36, "passing_twoptm": 0, "passing_twopta": 0, "passing_yds": 257, "passing_cmp": 23, "active": "true", "passing_ints": 0, "passing_tds": 1}, {"week": "8", "passing_att": 37, "rushing_lngtd": 0, "passing_twoptm": 0, "passing_twopta": 0, "rushing_tds": 0, "passing_yds": 217, "rushing_yds": -7, "passing_cmp": 24, "rushing_twopta": 0, "active": "true", "rushing_lng": -2, "passing_ints": 1, "passing_tds": 0, "rushing_att": 3, "rushing_twoptm": 0}, {"week": "9", "fumbles_tot": 2, "passing_att": 34, "rushing_lngtd": 0, "passing_twoptm": 0, "fumbles_yds": -3, "fumbles_rcv": 2, "fumbles_trcv": 2, "passing_twopta": 0, "rushing_tds": 0, "passing_yds": 231, "rushing_yds": 13, "passing_cmp": 22, "rushing_twopta": 0, "fumbles_lost": 0, "rushing_lng": 7, "passing_ints": 3, "passing_tds": 0, "rushing_att": 6, "rushing_twoptm": 0, "active": "true"}, {"week": "10", "passing_att": 28, "rushing_lngtd": 0, "passing_twoptm": 0, "passing_twopta": 0, "rushing_tds": 0, "passing_yds": 240, "rushing_yds": 3, "passing_cmp": 19, "rushing_twopta": 0, "active": "true", "rushing_lng": 2, "passing_ints": 1, "passing_tds": 1, "rushing_att": 2, "rushing_twoptm": 0}, {"week": "11", "active": "false"}, {"week": "12", "passing_att": 30, "rushing_lngtd": 0, "passing_twoptm": 0, "passing_twopta": 0, "rushing_tds": 0, "passing_yds": 307, "rushing_yds": -4, "passing_cmp": 17, "rushing_twopta": 0, "active": "true", "rushing_lng": -1, "passing_ints": 1, "passing_tds": 2, "rushing_att": 3, "rushing_twoptm": 0}, {"week": "13", "passing_att": 32, "rushing_lngtd": 0, "passing_twoptm": 0, "passing_twopta": 0, "rushing_tds": 0, "passing_yds": 174, "rushing_yds": 17, "passing_cmp": 16, "rushing_twopta": 0, "active": "true", "rushing_lng": 10, "passing_ints": 3, "passing_tds": 1, "rushing_att": 5, "rushing_twoptm": 0}, {"week": "14", "fumbles_tot": 2, "passing_att": 18, "rushing_lngtd": 0, "passing_twoptm": 0, "fumbles_yds": -19, "fumbles_rcv": 0, "fumbles_trcv": 0, "passing_twopta": 0, "rushing_tds": 0, "passing_yds": 55, "rushing_yds": 7, "passing_cmp": 5, "rushing_twopta": 0, "fumbles_lost": 2, "rushing_lng": 10, "passing_ints": 0, "passing_tds": 1, "rushing_att": 4, "rushing_twoptm": 0, "active": "true"}, {"week": "15", "passing_att": 45, "passing_twoptm": 0, "passing_twopta": 0, "passing_yds": 276, "passing_cmp": 33, "active": "true", "passing_ints": 1, "passing_tds": 1}, {"week": "16", "fumbles_tot": 1, "passing_att": 44, "rushing_lngtd": 0, "passing_twoptm": 0, "fumbles_yds": 0, "fumbles_rcv": 1, "fumbles_trcv": 1, "passing_twopta": 0, "rushing_tds": 0, "passing_yds": 278, "rushing_yds": 14, "passing_cmp": 29, "rushing_twopta": 0, "fumbles_lost": 0, "rushing_lng": 10, "passing_ints": 2, "passing_tds": 1, "rushing_att": 5, "rushing_twoptm": 0, "active": "true"}, {"week": "17", "passing_att": 16, "passing_twoptm": 0, "passing_twopta": 0, "passing_yds": 71, "passing_cmp": 6, "active": "true", "passing_ints": 1, "passing_tds": 0}], "2011": [{"week": "1", "fumbles_tot": 1, "passing_att": 49, "rushing_lngtd": 9, "passing_twoptm": 0, "fumbles_yds": -4, "fumbles_rcv": 0, "fumbles_trcv": 0, "passing_twopta": 0, "rushing_tds": 1, "passing_yds": 416, "rushing_yds": 59, "passing_cmp": 30, "rushing_twopta": 0, "fumbles_lost": 0, "rushing_lng": 19, "passing_ints": 1, "passing_tds": 2, "rushing_att": 7, "rushing_twoptm": 0, "active": "true"}, {"week": "2", "passing_att": 30, "rushing_lngtd": 0, "passing_twoptm": 0, "passing_twopta": 0, "rushing_tds": 0, "passing_yds": 170, "rushing_yds": 26, "passing_cmp": 12, "rushing_twopta": 0, "active": "true", "rushing_lng": 20, "passing_ints": 1, "passing_tds": 1, "rushing_att": 3, "rushing_twoptm": 0}, {"week": "3", "passing_att": 29, "rushing_lngtd": 0, "passing_twoptm": 0, "passing_twopta": 0, "rushing_tds": 0, "passing_yds": 255, "rushing_yds": 15, "passing_cmp": 19, "rushing_twopta": 0, "active": "true", "rushing_lng": 7, "passing_ints": 1, "passing_tds": 1, "rushing_att": 3, "rushing_twoptm": 0}, {"week": "4", "passing_att": 4, "rushing_lngtd": 0, "passing_twoptm": 0, "passing_twopta": 0, "rushing_tds": 0, "passing_yds": 27, "rushing_yds": 1, "passing_cmp": 3, "rushing_twopta": 0, "active": "true", "rushing_lng": 1, "passing_ints": 1, "passing_tds": 0, "rushing_att": 1, "rushing_twoptm": 0}, {"week": "5", "active": "false"}, {"week": "6", "active": "false"}, {"week": "7", "active": "false"}, {"week": "8", "active": "false"}, {"week": "9", "active": "false"}, {"week": "10", "active": "false"}, {"week": "11", "active": "false"}, {"week": "12", "active": "false"}, {"week": "13", "active": "false"}, {"week": "14", "active": "false"}, {"week": "15", "active": "false"}, {"week": "16", "active": "false"}, {"week": "17", "active": "false"}], "2012": [{"week": "1", "active": "false"}, {"week": "2", "fumbles_tot": 1, "passing_att": 2, "rushing_lngtd": 0, "passing_twoptm": 0, "fumbles_yds": -2, "fumbles_rcv": 0, "fumbles_trcv": 0, "passing_twopta": 0, "rushing_tds": 0, "passing_yds": 23, "rushing_yds": 0, "passing_cmp": 2, "rushing_twopta": 0, "fumbles_lost": 1, "rushing_lng": 0, "passing_ints": 0, "passing_tds": 0, "rushing_att": 1, "rushing_twoptm": 0, "active": "true"}, {"week": "3", "active": "false"}, {"week": "4", "active": "false"}, {"week": "5", "active": "false"}, {"week": "6", "active": "false"}, {"week": "7", "passing_att": 20, "rushing_lngtd": 0, "passing_twoptm": 0, "passing_twopta": 0, "rushing_tds": 0, "passing_yds": 73, "rushing_yds": 4, "passing_cmp": 9, "rushing_twopta": 0, "active": "true", "rushing_lng": 3, "passing_ints": 0, "passing_tds": 0, "rushing_att": 3, "rushing_twoptm": 0}, {"week": "8", "active": "false"}, {"week": "9", "active": "false"}, {"week": "10", "passing_att": 16, "passing_twoptm": 0, "passing_twopta": 0, "passing_yds": 121, "passing_cmp": 10, "active": "true", "passing_ints": 1, "passing_tds": 1}, {"week": "11", "passing_att": 33, "rushing_lngtd": 0, "passing_twoptm": 0, "passing_twopta": 0, "rushing_tds": 0, "passing_yds": 354, "rushing_yds": 7, "passing_cmp": 16, "rushing_twopta": 0, "active": "true", "rushing_lng": 4, "passing_ints": 0, "passing_tds": 4, "rushing_att": 2, "rushing_twoptm": 0}, {"week": "12", "passing_att": 26, "rushing_lngtd": 0, "passing_twoptm": 0, "passing_twopta": 0, "rushing_tds": 0, "passing_yds": 261, "rushing_yds": 0, "passing_cmp": 17, "rushing_twopta": 0, "active": "true", "rushing_lng": 1, "passing_ints": 1, "passing_tds": 2, "rushing_att": 2, "rushing_twoptm": 0}, {"week": "13", "fumbles_tot": 1, "passing_att": 41, "rushing_lngtd": 1, "passing_twoptm": 0, "fumbles_yds": 0, "fumbles_rcv": 0, "fumbles_trcv": 0, "passing_twopta": 0, "rushing_tds": 1, "passing_yds": 208, "rushing_yds": 1, "passing_cmp": 18, "rushing_twopta": 0, "fumbles_lost": 1, "rushing_lng": 1, "passing_ints": 1, "passing_tds": 1, "rushing_att": 3, "rushing_twoptm": 0, "active": "true"}, {"week": "14", "passing_att": 43, "rushing_lngtd": 0, "passing_twoptm": 0, "passing_twopta": 0, "rushing_tds": 0, "passing_yds": 185, "rushing_yds": 1, "passing_cmp": 21, "rushing_twopta": 0, "active": "true", "rushing_lng": 1, "passing_ints": 2, "passing_tds": 0, "rushing_att": 1, "rushing_twoptm": 0}, {"week": "15", "fumbles_tot": 2, "passing_att": 34, "rushing_lngtd": 0, "passing_twoptm": 0, "fumbles_yds": 0, "fumbles_rcv": 2, "fumbles_trcv": 2, "passing_twopta": 0, "rushing_tds": 0, "passing_yds": 221, "rushing_yds": 16, "passing_cmp": 18, "rushing_twopta": 0, "fumbles_lost": 0, "rushing_lng": 8, "passing_ints": 0, "passing_tds": 0, "rushing_att": 3, "rushing_twoptm": 0, "active": "true"}, {"week": "16", "passing_att": 51, "rushing_lngtd": 0, "passing_twoptm": 0, "passing_twopta": 0, "rushing_tds": 0, "passing_yds": 348, "rushing_yds": 22, "passing_cmp": 29, "rushing_twopta": 0, "active": "true", "rushing_lng": 15, "passing_ints": 3, "passing_tds": 1, "rushing_att": 2, "rushing_twoptm": 0}, {"week": "17", "passing_att": 41, "rushing_lngtd": 0, "passing_twoptm": 0, "passing_twopta": 1, "rushing_tds": 0, "passing_yds": 298, "rushing_yds": 13, "passing_cmp": 25, "rushing_twopta": 0, "active": "true", "rushing_lng": 9, "passing_ints": 3, "passing_tds": 2, "rushing_att": 2, "rushing_twoptm": 0}], "2013": [{"week": "1", "passing_att": 6, "passing_twoptm": 0, "passing_twopta": 0, "passing_yds": 36, "passing_cmp": 3, "active": "true", "passing_ints": 0, "passing_tds": 0}, {"week": "2", "passing_att": 38, "rushing_lngtd": 0, "passing_twoptm": 0, "passing_twopta": 1, "rushing_tds": 0, "passing_yds": 241, "rushing_yds": 9, "passing_cmp": 25, "rushing_twopta": 0, "active": "true", "rushing_lng": 9, "passing_ints": 0, "passing_tds": 1, "rushing_att": 2, "rushing_twoptm": 0}, {"week": "3", "fumbles_tot": 1, "passing_att": 38, "rushing_lngtd": 0, "passing_twoptm": 0, "fumbles_yds": -1, "fumbles_rcv": 1, "fumbles_trcv": 1, "passing_twopta": 0, "rushing_tds": 0, "passing_yds": 235, "rushing_yds": 5, "passing_cmp": 18, "rushing_twopta": 0, "fumbles_lost": 0, "rushing_lng": 5, "passing_ints": 2, "passing_tds": 0, "rushing_att": 2, "rushing_twoptm": 0, "active": "true"}, {"week": "4", "active": "false"}, {"week": "5", "passing_att": 13, "rushing_lngtd": 0, "passing_twoptm": 0, "passing_twopta": 0, "rushing_tds": 0, "passing_yds": 89, "rushing_yds": 2, "passing_cmp": 7, "rushing_twopta": 0, "active": "true", "rushing_lng": 2, "passing_ints": 0, "passing_tds": 1, "rushing_att": 1, "rushing_twoptm": 0}, {"week": "6", "passing_att": 42, "rushing_lngtd": 0, "passing_twoptm": 0, "passing_twopta": 1, "rushing_tds": 0, "passing_yds": 303, "rushing_yds": -3, "passing_cmp": 27, "rushing_twopta": 0, "active": "true", "rushing_lng": 1, "passing_ints": 2, "passing_tds": 0, "rushing_att": 2, "rushing_twoptm": 0}, {"week": "7", "passing_att": 36, "rushing_lngtd": 0, "passing_twoptm": 0, "passing_twopta": 0, "rushing_tds": 0, "passing_yds": 318, "rushing_yds": 5, "passing_cmp": 23, "rushing_twopta": 0, "active": "true", "rushing_lng": 4, "passing_ints": 1, "passing_tds": 0, "rushing_att": 4, "rushing_twoptm": 0}, {"week": "8", "passing_att": 45, "rushing_lngtd": 0, "passing_twoptm": 0, "passing_twopta": 0, "rushing_tds": 0, "passing_yds": 228, "rushing_yds": 1, "passing_cmp": 29, "rushing_twopta": 0, "active": "true", "rushing_lng": 1, "passing_ints": 0, "passing_tds": 1, "rushing_att": 1, "rushing_twoptm": 0}, {"week": "9", "active": "false"}, {"week": "10", "passing_att": 23, "rushing_lngtd": 0, "passing_twoptm": 0, "passing_twopta": 0, "rushing_tds": 0, "passing_yds": 180, "rushing_yds": -1, "passing_cmp": 14, "rushing_twopta": 0, "active": "true", "defense_tkl": 0, "rushing_lng": -1, "passing_ints": 2, "passing_tds": 0, "rushing_att": 1, "defense_sk": 0, "rushing_twoptm": 0, "defense_ffum": 0, "defense_ast": 1, "defense_int": 0}, {"week": "11", "passing_att": 42, "passing_twoptm": 0, "passing_twopta": 0, "passing_yds": 255, "passing_cmp": 27, "active": "true", "passing_ints": 2, "passing_tds": 1}, {"week": "12", "fumbles_tot": 1, "passing_att": 32, "rushing_lngtd": 0, "passing_twoptm": 0, "fumbles_yds": 0, "fumbles_rcv": 1, "fumbles_trcv": 1, "passing_twopta": 0, "rushing_tds": 0, "passing_yds": 239, "rushing_yds": 3, "passing_cmp": 23, "rushing_twopta": 0, "fumbles_lost": 0, "rushing_lng": 5, "passing_ints": 0, "passing_tds": 0, "rushing_att": 3, "rushing_twoptm": 0, "active": "true"}, {"week": "13", "passing_att": 40, "passing_twoptm": 0, "passing_twopta": 0, "passing_yds": 195, "passing_cmp": 22, "active": "true", "passing_ints": 1, "passing_tds": 2}, {"week": "14", "passing_att": 27, "rushing_lngtd": 0, "passing_twoptm": 0, "passing_twopta": 0, "rushing_tds": 0, "passing_yds": 117, "rushing_yds": 33, "passing_cmp": 12, "rushing_twopta": 0, "active": "true", "rushing_lng": 14, "passing_ints": 0, "passing_tds": 2, "rushing_att": 4, "rushing_twoptm": 0}, {"week": "15", "passing_att": 36, "rushing_lngtd": 0, "passing_twoptm": 0, "passing_twopta": 0, "rushing_tds": 0, "passing_yds": 237, "rushing_yds": 22, "passing_cmp": 21, "rushing_twopta": 0, "active": "true", "rushing_lng": 11, "passing_ints": 2, "passing_tds": 2, "rushing_att": 4, "rushing_twoptm": 0}, {"week": "16", "passing_att": 34, "rushing_lngtd": 0, "passing_twoptm": 0, "passing_twopta": 0, "rushing_tds": 0, "passing_yds": 237, "rushing_yds": 1, "passing_cmp": 24, "rushing_twopta": 0, "active": "true", "rushing_lng": 1, "passing_ints": 1, "passing_tds": 2, "rushing_att": 1, "rushing_twoptm": 0}, {"week": "17", "passing_att": 51, "rushing_lngtd": 0, "passing_twoptm": 0, "passing_twopta": 0, "rushing_tds": 0, "passing_yds": 331, "rushing_yds": 0, "passing_cmp": 30, "rushing_twopta": 0, "active": "true", "rushing_lng": 0, "passing_ints": 1, "passing_tds": 1, "rushing_att": 1, "rushing_twoptm": 0}], "2014": [{"week": "1", "fumbles_tot": 1, "passing_att": 43, "rushing_lngtd": 0, "passing_twoptm": 0, "fumbles_yds": 0, "fumbles_rcv": 0, "fumbles_trcv": 0, "passing_twopta": 0, "rushing_tds": 0, "passing_yds": 266, "rushing_yds": 8, "passing_cmp": 24, "rushing_twopta": 0, "fumbles_lost": 1, "rushing_lng": 8, "passing_ints": 0, "passing_tds": 2, "rushing_att": 1, "rushing_twoptm": 0, "active": "true"}, {"week": "2", "passing_att": 28, "rushing_lngtd": 0, "passing_twoptm": 0, "passing_twopta": 0, "rushing_tds": 0, "passing_yds": 193, "rushing_yds": 17, "passing_cmp": 14, "rushing_twopta": 0, "active": "true", "rushing_lng": 12, "passing_ints": 1, "passing_tds": 1, "rushing_att": 3, "rushing_twoptm": 0}, {"week": "3", "passing_att": 7, "passing_twoptm": 0, "passing_twopta": 0, "passing_yds": 33, "passing_cmp": 4, "active": "true", "passing_ints": 0, "passing_tds": 0}, {"week": "4", "active": "false"}, {"week": "5", "active": "false"}, {"week": "6", "active": "false"}, {"week": "7", "active": "false"}, {"week": "8", "active": "false"}, {"week": "9", "active": "false"}, {"week": "10", "active": "false"}, {"week": "11", "active": "false"}, {"week": "12", "active": "false"}, {"week": "13", "active": "false"}, {"week": "14", "active": "false"}]}}