{"C.Simpson": {"2009": [{"week": "1", "kickret_lng": 39, "kickret_avg": 27, "kickret_tds": 0, "active": "true", "kickret_ret": 3}, {"week": "2", "kickret_lng": 22, "kickret_avg": 18, "kickret_tds": 0, "active": "true", "kickret_ret": 5}, {"week": "3", "defense_sk": 0, "defense_tkl": 1, "defense_int": 0, "active": "true", "defense_ffum": 0, "defense_ast": 0}, {"week": "4", "active": "false"}, {"week": "5", "rushing_tds": 0, "rushing_twopta": 0, "rushing_lng": 7, "rushing_yds": 9, "active": "true", "rushing_att": 3, "rushing_twoptm": 0}, {"week": "6", "active": "false"}, {"week": "7", "receiving_lng": 2, "kickret_lng": 33, "receiving_tds": 0, "receiving_twopta": 0, "kickret_ret": 2, "rushing_tds": 1, "kickret_avg": 29, "rushing_twopta": 0, "active": "true", "receiving_rec": 1, "rushing_lng": 31, "rushing_yds": 35, "receiving_yds": 2, "rushing_att": 3, "receiving_twoptm": 0, "rushing_twoptm": 0, "kickret_tds": 0}, {"week": "8", "kickret_lng": 26, "kickret_tds": 0, "kickret_ret": 3, "rushing_tds": 0, "kickret_avg": 21, "rushing_twopta": 0, "rushing_lng": -1, "rushing_yds": -1, "active": "true", "rushing_att": 1, "rushing_twoptm": 0}, {"week": "9", "rushing_tds": 0, "rushing_twopta": 0, "rushing_lng": 2, "rushing_yds": 3, "active": "true", "rushing_att": 2, "rushing_twoptm": 0}, {"week": "10", "kickret_lng": 25, "kickret_tds": 0, "kickret_ret": 4, "rushing_tds": 0, "kickret_avg": 22, "rushing_twopta": 0, "rushing_lng": 16, "rushing_yds": 36, "active": "true", "rushing_att": 4, "rushing_twoptm": 0}, {"week": "11", "kickret_lng": 34, "kickret_avg": 20, "kickret_tds": 0, "active": "true", "kickret_ret": 4}, {"week": "12", "kickret_lng": 26, "kickret_tds": 0, "kickret_ret": 4, "rushing_tds": 1, "kickret_avg": 17, "rushing_twopta": 0, "rushing_lng": 23, "rushing_yds": 20, "active": "true", "rushing_att": 2, "rushing_twoptm": 0}, {"week": "13", "kickret_lng": 33, "receiving_tds": 0, "kickret_tds": 0, "receiving_lng": 5, "kickret_avg": 29, "active": "true", "receiving_rec": 2, "receiving_twopta": 0, "receiving_yds": -1, "receiving_twoptm": 0, "kickret_ret": 2}, {"week": "14", "kickret_lng": 20, "kickret_avg": 18, "kickret_tds": 0, "active": "true", "kickret_ret": 2}, {"week": "15", "kickret_lng": 93, "kickret_avg": 42, "kickret_tds": 1, "active": "true", "kickret_ret": 3}, {"week": "16", "kickret_lng": 38, "kickret_avg": 24, "kickret_tds": 0, "active": "true", "kickret_ret": 5}, {"week": "17", "active": "false"}], "2010": [{"week": "1", "active": "false"}, {"week": "2", "active": "false"}, {"week": "3", "active": "false"}, {"week": "4", "active": "false"}, {"week": "5", "kickret_lngtd": 0, "kickret_lng": 27, "kickret_avg": 27, "kickret_tds": 0, "active": "true", "kickret_ret": 1}, {"week": "6", "kickret_lngtd": 0, "kickret_lng": 32, "kickret_avg": 32, "kickret_tds": 0, "active": "true", "kickret_ret": 1}, {"week": "7", "active": "false"}, {"week": "8", "active": "false"}, {"week": "9", "active": "false"}, {"week": "10", "active": "false"}, {"week": "11", "active": "false"}, {"week": "12", "active": "false"}, {"week": "13", "active": "false"}, {"week": "14", "active": "false"}, {"week": "15", "active": "false"}, {"week": "16", "active": "false"}, {"week": "17", "active": "false"}], "2011": [{"week": "1", "active": "false"}, {"week": "2", "active": "false"}, {"week": "3", "active": "false"}, {"week": "4", "active": "false"}, {"week": "5", "active": "false"}, {"week": "6", "active": "false"}, {"week": "7", "active": "false"}, {"week": "8", "active": "false"}, {"week": "9", "active": "false"}, {"week": "10", "active": "false"}, {"week": "11", "active": "false"}, {"week": "12", "active": "false"}, {"week": "13", "active": "false"}, {"week": "14", "active": "false"}, {"week": "15", "active": "false"}, {"week": "16", "active": "false"}, {"week": "17", "active": "false"}], "2012": [{"week": "1", "active": "false"}, {"week": "2", "active": "false"}, {"week": "3", "active": "false"}, {"week": "4", "active": "false"}, {"week": "5", "active": "false"}, {"week": "6", "active": "false"}, {"week": "7", "active": "false"}, {"week": "8", "active": "false"}, {"week": "9", "active": "false"}, {"week": "10", "active": "false"}, {"week": "11", "active": "false"}, {"week": "12", "active": "false"}, {"week": "13", "active": "false"}, {"week": "14", "active": "false"}, {"week": "15", "active": "false"}, {"week": "16", "active": "false"}, {"week": "17", "active": "false"}], "2013": [{"week": "1", "active": "false"}, {"week": "2", "active": "false"}, {"week": "3", "active": "false"}, {"week": "4", "active": "false"}, {"week": "5", "active": "false"}, {"week": "6", "active": "false"}, {"week": "7", "active": "false"}, {"week": "8", "active": "false"}, {"week": "9", "active": "false"}, {"week": "10", "active": "false"}, {"week": "11", "active": "false"}, {"week": "12", "active": "false"}, {"week": "13", "active": "false"}, {"week": "14", "active": "false"}, {"week": "15", "active": "false"}, {"week": "16", "active": "false"}, {"week": "17", "active": "false"}], "2014": [{"week": "1", "active": "false"}, {"week": "2", "active": "false"}, {"week": "3", "active": "false"}, {"week": "4", "active": "false"}, {"week": "5", "active": "false"}, {"week": "6", "active": "false"}, {"week": "7", "active": "false"}, {"week": "8", "active": "false"}, {"week": "9", "active": "false"}, {"week": "10", "active": "false"}, {"week": "11", "active": "false"}, {"week": "12", "active": "false"}, {"week": "13", "active": "false"}, {"week": "14", "active": "false"}]}}