{"C.Henry": {"2009": [{"week": "1", "receiving_tds": 0, "receiving_lng": 18, "active": "true", "receiving_rec": 1, "receiving_twopta": 0, "receiving_yds": 18, "receiving_twoptm": 0}, {"week": "2", "receiving_tds": 1, "receiving_lng": 5, "active": "true", "receiving_rec": 1, "receiving_twopta": 0, "receiving_yds": 5, "receiving_twoptm": 0}, {"week": "3", "receiving_tds": 0, "receiving_lng": 19, "active": "true", "receiving_rec": 1, "receiving_twopta": 0, "receiving_yds": 19, "receiving_twoptm": 0}, {"week": "4", "receiving_tds": 0, "receiving_lng": 20, "active": "true", "receiving_rec": 2, "receiving_twopta": 0, "receiving_yds": 36, "receiving_twoptm": 0}, {"week": "5", "receiving_tds": 0, "receiving_lng": 73, "active": "true", "receiving_rec": 3, "receiving_twopta": 0, "receiving_yds": 92, "receiving_twoptm": 0}, {"week": "6", "receiving_tds": 0, "receiving_lng": 20, "active": "true", "receiving_rec": 1, "receiving_twopta": 0, "receiving_yds": 20, "receiving_twoptm": 0}, {"week": "7", "receiving_tds": 1, "receiving_lng": 17, "active": "true", "receiving_rec": 2, "receiving_twopta": 0, "receiving_yds": 26, "receiving_twoptm": 0}, {"week": "8", "active": "false"}, {"week": "9", "receiving_tds": 0, "receiving_lng": 20, "active": "true", "receiving_rec": 1, "receiving_twopta": 0, "receiving_yds": 20, "receiving_twoptm": 0}, {"week": "10", "active": "false"}, {"week": "11", "active": "false"}, {"week": "12", "active": "false"}, {"week": "13", "active": "false"}, {"week": "14", "active": "false"}, {"week": "15", "active": "false"}, {"week": "16", "active": "false"}, {"week": "17", "active": "false"}], "2010": [{"week": "1", "active": "false"}, {"week": "2", "active": "false"}, {"week": "3", "active": "false"}, {"week": "4", "active": "false"}, {"week": "5", "active": "false"}, {"week": "6", "active": "false"}, {"week": "7", "active": "false"}, {"week": "8", "active": "false"}, {"week": "9", "active": "false"}, {"week": "10", "active": "false"}, {"week": "11", "active": "false"}, {"week": "12", "active": "false"}, {"week": "13", "active": "false"}, {"week": "14", "active": "false"}, {"week": "15", "active": "false"}, {"week": "16", "active": "false"}, {"week": "17", "active": "false"}], "2011": [{"week": "1", "punting_pts": 3, "punting_avg": 36, "punting_lng": 39, "active": "true", "punting_yds": 109, "punting_i20": 0}, {"week": "2", "punting_pts": 4, "punting_avg": 35, "punting_lng": 52, "active": "true", "punting_yds": 179, "punting_i20": 2}, {"week": "3", "punting_pts": 2, "punting_avg": 45, "punting_lng": 49, "active": "true", "punting_yds": 90, "punting_i20": 1}, {"week": "4", "punting_pts": 2, "punting_avg": 47, "punting_lng": 45, "active": "true", "punting_yds": 87, "punting_i20": 0}, {"week": "5", "punting_pts": 2, "punting_avg": 26, "punting_lng": 37, "active": "true", "punting_yds": 72, "punting_i20": 0}, {"week": "6", "punting_pts": 3, "punting_avg": 36, "punting_lng": 50, "active": "true", "punting_yds": 131, "punting_i20": 0}, {"week": "7", "active": "false"}, {"week": "8", "punting_pts": 2, "punting_avg": 29, "punting_lng": 52, "active": "true", "punting_yds": 92, "punting_i20": 0}, {"week": "9", "passing_att": 1, "passing_twoptm": 0, "punting_pts": 2, "passing_twopta": 0, "punting_lng": 44, "passing_yds": 0, "passing_cmp": 0, "active": "true", "passing_ints": 0, "passing_tds": 0, "punting_yds": 71, "punting_avg": 26, "punting_i20": 1}, {"week": "10", "punting_pts": 8, "punting_avg": 39, "punting_lng": 52, "active": "true", "punting_yds": 342, "punting_i20": 4}, {"week": "11", "punting_pts": 6, "punting_avg": 40, "punting_lng": 60, "active": "true", "punting_yds": 261, "punting_i20": 2}, {"week": "12", "punting_pts": 5, "punting_avg": 37, "punting_lng": 51, "active": "true", "punting_yds": 199, "punting_i20": 1}, {"week": "13", "punting_pts": 4, "punting_avg": 41, "punting_lng": 54, "active": "true", "punting_yds": 185, "punting_i20": 1}, {"week": "14", "punting_pts": 9, "punting_avg": 35, "punting_lng": 58, "active": "true", "punting_yds": 419, "punting_i20": 4}, {"week": "15", "punting_pts": 4, "punting_avg": 30, "punting_lng": 45, "active": "true", "punting_yds": 136, "punting_i20": 2}, {"week": "16", "punting_pts": 6, "punting_avg": 36, "punting_lng": 56, "active": "true", "punting_yds": 256, "punting_i20": 0}, {"week": "17", "punting_pts": 4, "punting_avg": 46, "punting_lng": 56, "active": "true", "punting_yds": 201, "punting_i20": 1}], "2012": [{"week": "1", "punting_pts": 6, "punting_avg": 42, "punting_lng": 62, "active": "true", "punting_yds": 330, "punting_i20": 1}, {"week": "2", "punting_pts": 5, "punting_avg": 32, "punting_lng": 56, "active": "true", "punting_yds": 196, "punting_i20": 0}, {"week": "3", "punting_pts": 5, "punting_avg": 39, "punting_lng": 62, "active": "true", "punting_yds": 246, "punting_i20": 1}, {"week": "4", "active": "false"}, {"week": "5", "active": "false"}, {"week": "6", "active": "false"}, {"week": "7", "active": "false"}, {"week": "8", "active": "false"}, {"week": "9", "active": "false"}, {"week": "10", "active": "false"}, {"week": "11", "active": "false"}, {"week": "12", "active": "false"}, {"week": "13", "active": "false"}, {"week": "14", "active": "false"}, {"week": "15", "active": "false"}, {"week": "16", "active": "false"}, {"week": "17", "active": "false"}], "2013": [{"week": "1", "active": "false"}, {"week": "2", "active": "false"}, {"week": "3", "active": "false"}, {"week": "4", "active": "false"}, {"week": "5", "active": "false"}, {"week": "6", "active": "false"}, {"week": "7", "active": "false"}, {"week": "8", "active": "false"}, {"week": "9", "active": "false"}, {"week": "10", "active": "false"}, {"week": "11", "active": "false"}, {"week": "12", "active": "false"}, {"week": "13", "active": "false"}, {"week": "14", "active": "false"}, {"week": "15", "active": "false"}, {"week": "16", "active": "false"}, {"week": "17", "active": "false"}], "2014": [{"week": "1", "active": "false"}, {"week": "2", "active": "false"}, {"week": "3", "active": "false"}, {"week": "4", "active": "false"}, {"week": "5", "active": "false"}, {"week": "6", "active": "false"}, {"week": "7", "active": "false"}, {"week": "8", "active": "false"}, {"week": "9", "active": "false"}, {"week": "10", "active": "false"}, {"week": "11", "active": "false"}, {"week": "12", "active": "false"}, {"week": "13", "active": "false"}, {"week": "14", "active": "false"}]}}