{"C.Kluwe": {"2009": [{"week": "1", "punting_pts": 6, "punting_avg": 24, "punting_lng": 51, "active": "true", "punting_yds": 232, "punting_i20": 0}, {"week": "2", "punting_pts": 4, "punting_avg": 40, "punting_lng": 48, "active": "true", "punting_yds": 168, "punting_i20": 1}, {"week": "3", "punting_pts": 6, "punting_avg": 40, "punting_lng": 60, "active": "true", "punting_yds": 276, "punting_i20": 2}, {"week": "4", "punting_pts": 5, "punting_avg": 42, "punting_lng": 50, "active": "true", "punting_yds": 212, "punting_i20": 4}, {"week": "5", "punting_pts": 2, "punting_avg": 49, "punting_lng": 57, "active": "true", "punting_yds": 103, "punting_i20": 2}, {"week": "6", "punting_pts": 5, "punting_avg": 43, "punting_lng": 52, "active": "true", "punting_yds": 227, "punting_i20": 3}, {"week": "7", "punting_pts": 6, "punting_avg": 39, "punting_lng": 54, "active": "true", "punting_yds": 250, "punting_i20": 1}, {"week": "8", "punting_pts": 3, "punting_avg": 36, "punting_lng": 59, "active": "true", "punting_yds": 137, "punting_i20": 2}, {"week": "9", "active": "false"}, {"week": "10", "punting_pts": 4, "punting_avg": 43, "punting_lng": 58, "active": "true", "punting_yds": 192, "punting_i20": 2}, {"week": "11", "punting_pts": 5, "punting_avg": 37, "punting_lng": 54, "active": "true", "punting_yds": 216, "punting_i20": 0}, {"week": "12", "punting_pts": 2, "punting_avg": 37, "punting_lng": 44, "active": "true", "punting_yds": 78, "punting_i20": 0}, {"week": "13", "punting_pts": 6, "punting_avg": 34, "punting_lng": 56, "active": "true", "punting_yds": 315, "punting_i20": 2}, {"week": "14", "punting_pts": 3, "punting_avg": 43, "punting_lng": 51, "active": "true", "punting_yds": 134, "punting_i20": 1}, {"week": "15", "punting_pts": 8, "punting_avg": 38, "punting_lng": 57, "active": "true", "punting_yds": 373, "punting_i20": 1}, {"week": "16", "punting_pts": 6, "punting_avg": 35, "punting_lng": 43, "active": "true", "punting_yds": 213, "punting_i20": 2}, {"week": "17", "punting_pts": 2, "punting_avg": 38, "punting_lng": 50, "active": "true", "punting_yds": 76, "punting_i20": 1}], "2010": [{"week": "1", "punting_pts": 7, "punting_avg": 43, "punting_lng": 49, "active": "true", "punting_yds": 310, "punting_i20": 2}, {"week": "2", "punting_pts": 2, "punting_avg": 34, "punting_lng": 50, "active": "true", "punting_yds": 88, "punting_i20": 0}, {"week": "3", "punting_pts": 5, "punting_avg": 43, "punting_lng": 49, "active": "true", "punting_yds": 216, "punting_i20": 4}, {"week": "4", "active": "false"}, {"week": "5", "punting_pts": 7, "punting_avg": 40, "punting_lng": 59, "active": "true", "punting_yds": 297, "punting_i20": 1}, {"week": "6", "punting_pts": 5, "punting_avg": 42, "punting_lng": 53, "active": "true", "punting_yds": 212, "punting_i20": 4}, {"week": "7", "punting_pts": 2, "punting_avg": 45, "punting_lng": 50, "active": "true", "punting_yds": 100, "punting_i20": 0}, {"week": "8", "punting_pts": 4, "punting_avg": 41, "punting_lng": 58, "active": "true", "punting_yds": 189, "punting_i20": 3}, {"week": "9", "punting_pts": 4, "punting_avg": 46, "punting_lng": 56, "active": "true", "punting_yds": 191, "punting_i20": 4}, {"week": "10", "punting_pts": 4, "punting_avg": 32, "punting_lng": 56, "active": "true", "punting_yds": 176, "punting_i20": 1}, {"week": "11", "punting_pts": 5, "punting_avg": 39, "punting_lng": 47, "active": "true", "punting_yds": 208, "punting_i20": 1}, {"week": "12", "punting_pts": 7, "punting_avg": 41, "punting_lng": 49, "active": "true", "punting_yds": 306, "punting_i20": 3}, {"week": "13", "punting_pts": 4, "punting_avg": 36, "punting_lng": 55, "active": "true", "punting_yds": 175, "punting_i20": 2}, {"week": "14", "punting_pts": 10, "punting_avg": 42, "punting_lng": 59, "active": "true", "punting_yds": 458, "punting_i20": 4}, {"week": "15", "punting_pts": 6, "punting_avg": 22, "punting_lng": 37, "active": "true", "punting_yds": 196, "punting_i20": 0}, {"week": "16", "punting_pts": 6, "punting_avg": 34, "punting_lng": 46, "active": "true", "punting_yds": 232, "punting_i20": 1}, {"week": "17", "punting_pts": 5, "punting_avg": 40, "punting_lng": 51, "active": "true", "punting_yds": 215, "punting_i20": 2}], "2011": [{"week": "1", "punting_pts": 6, "punting_avg": 42, "punting_lng": 56, "active": "true", "punting_yds": 289, "punting_i20": 3}, {"week": "2", "punting_pts": 4, "punting_avg": 35, "punting_lng": 52, "active": "true", "punting_yds": 165, "punting_i20": 1}, {"week": "3", "punting_pts": 6, "punting_avg": 38, "punting_lng": 54, "active": "true", "punting_yds": 267, "punting_i20": 1}, {"week": "4", "punting_pts": 4, "punting_avg": 31, "punting_lng": 58, "active": "true", "punting_yds": 213, "punting_i20": 0}, {"week": "5", "punting_pts": 4, "punting_avg": 48, "punting_lng": 51, "active": "true", "punting_yds": 190, "punting_i20": 2}, {"week": "6", "punting_pts": 5, "punting_avg": 32, "punting_lng": 55, "active": "true", "punting_yds": 186, "punting_i20": 0}, {"week": "7", "punting_pts": 4, "punting_avg": 30, "punting_lng": 49, "active": "true", "punting_yds": 161, "punting_i20": 1}, {"week": "8", "punting_pts": 4, "punting_avg": 40, "punting_lng": 53, "active": "true", "punting_yds": 179, "punting_i20": 1}, {"week": "9", "active": "false"}, {"week": "10", "punting_pts": 6, "punting_avg": 31, "punting_lng": 53, "active": "true", "punting_yds": 263, "punting_i20": 3}, {"week": "11", "rushing_lngtd": 0, "punting_lng": 50, "punting_pts": 3, "punting_i20": 2, "rushing_tds": 0, "punting_avg": 33, "rushing_twopta": 0, "rushing_lng": -12, "rushing_yds": -12, "punting_yds": 133, "active": "true", "rushing_att": 1, "rushing_twoptm": 0}, {"week": "12", "punting_pts": 7, "punting_avg": 40, "punting_lng": 51, "active": "true", "punting_yds": 331, "punting_i20": 1}, {"week": "13", "punting_pts": 6, "punting_avg": 44, "punting_lng": 60, "active": "true", "punting_yds": 297, "punting_i20": 1}, {"week": "14", "punting_pts": 2, "punting_avg": 25, "punting_lng": 53, "active": "true", "punting_yds": 97, "punting_i20": 0}, {"week": "15", "punting_pts": 7, "punting_avg": 42, "punting_lng": 59, "active": "true", "punting_yds": 337, "punting_i20": 3}, {"week": "16", "punting_pts": 3, "punting_avg": 40, "punting_lng": 49, "active": "true", "punting_yds": 133, "punting_i20": 1}, {"week": "17", "fumbles_tot": 1, "rushing_lngtd": 0, "punting_lng": 52, "fumbles_yds": -6, "fumbles_lost": 0, "fumbles_trcv": 0, "punting_i20": 2, "rushing_tds": 0, "fumbles_rcv": 0, "punting_avg": 45, "rushing_twopta": 0, "punting_pts": 6, "rushing_lng": 0, "rushing_yds": 0, "punting_yds": 276, "active": "true", "rushing_att": 1, "rushing_twoptm": 0}], "2012": [{"week": "1", "punting_pts": 5, "punting_avg": 44, "punting_lng": 59, "active": "true", "punting_yds": 242, "punting_i20": 1}, {"week": "2", "punting_pts": 4, "punting_avg": 45, "punting_lng": 55, "active": "true", "punting_yds": 192, "punting_i20": 2}, {"week": "3", "punting_pts": 4, "punting_avg": 34, "punting_lng": 53, "active": "true", "punting_yds": 181, "punting_i20": 1}, {"week": "4", "punting_pts": 6, "punting_avg": 37, "punting_lng": 52, "active": "true", "punting_yds": 259, "punting_i20": 2}, {"week": "5", "punting_pts": 3, "punting_avg": 38, "punting_lng": 52, "active": "true", "punting_yds": 138, "punting_i20": 1}, {"week": "6", "punting_pts": 2, "punting_avg": 50, "punting_lng": 56, "active": "true", "punting_yds": 101, "punting_i20": 2}, {"week": "7", "punting_pts": 7, "punting_avg": 39, "punting_lng": 51, "active": "true", "punting_yds": 280, "punting_i20": 1}, {"week": "8", "punting_pts": 6, "punting_avg": 38, "punting_lng": 55, "active": "true", "punting_yds": 227, "punting_i20": 0}, {"week": "9", "punting_pts": 3, "punting_avg": 41, "punting_lng": 57, "active": "true", "punting_yds": 145, "punting_i20": 0}, {"week": "10", "punting_pts": 5, "punting_avg": 35, "punting_lng": 57, "active": "true", "punting_yds": 243, "punting_i20": 2}, {"week": "11", "active": "false"}, {"week": "12", "punting_pts": 4, "punting_avg": 39, "punting_lng": 53, "active": "true", "punting_yds": 162, "punting_i20": 0}, {"week": "13", "punting_pts": 5, "punting_avg": 45, "punting_lng": 58, "active": "true", "punting_yds": 235, "punting_i20": 1}, {"week": "14", "punting_pts": 7, "punting_avg": 37, "punting_lng": 56, "active": "true", "punting_yds": 320, "punting_i20": 2}, {"week": "15", "punting_pts": 4, "punting_avg": 42, "punting_lng": 50, "active": "true", "punting_yds": 182, "punting_i20": 2}, {"week": "16", "punting_pts": 4, "punting_avg": 42, "punting_lng": 51, "active": "true", "punting_yds": 182, "punting_i20": 1}, {"week": "17", "punting_pts": 3, "punting_avg": 36, "punting_lng": 56, "active": "true", "punting_yds": 148, "punting_i20": 0}], "2013": [{"week": "1", "active": "false"}, {"week": "2", "active": "false"}, {"week": "3", "active": "false"}, {"week": "4", "active": "false"}, {"week": "5", "active": "false"}, {"week": "6", "active": "false"}, {"week": "7", "active": "false"}, {"week": "8", "active": "false"}, {"week": "9", "active": "false"}, {"week": "10", "active": "false"}, {"week": "11", "active": "false"}, {"week": "12", "active": "false"}, {"week": "13", "active": "false"}, {"week": "14", "active": "false"}, {"week": "15", "active": "false"}, {"week": "16", "active": "false"}, {"week": "17", "active": "false"}], "2014": [{"week": "1", "active": "false"}, {"week": "2", "active": "false"}, {"week": "3", "active": "false"}, {"week": "4", "active": "false"}, {"week": "5", "active": "false"}, {"week": "6", "active": "false"}, {"week": "7", "active": "false"}, {"week": "8", "active": "false"}, {"week": "9", "active": "false"}, {"week": "10", "active": "false"}, {"week": "11", "active": "false"}, {"week": "12", "active": "false"}, {"week": "13", "active": "false"}, {"week": "14", "active": "false"}]}}