{"C.Hanson": {"2009": [{"week": "1", "punting_pts": 1, "punting_avg": 37, "punting_lng": 42, "active": "true", "punting_yds": 42, "punting_i20": 0}, {"week": "2", "punting_pts": 6, "punting_avg": 29, "punting_lng": 45, "active": "true", "punting_yds": 221, "punting_i20": 2}, {"week": "3", "punting_pts": 2, "punting_avg": 44, "punting_lng": 51, "active": "true", "punting_yds": 87, "punting_i20": 0}, {"week": "4", "punting_pts": 3, "punting_avg": 25, "punting_lng": 40, "active": "true", "punting_yds": 115, "punting_i20": 1}, {"week": "5", "punting_pts": 5, "punting_avg": 42, "punting_lng": 49, "active": "true", "punting_yds": 222, "punting_i20": 2}, {"week": "6", "punting_pts": 1, "punting_avg": 36, "punting_lng": 36, "active": "true", "punting_yds": 36, "punting_i20": 1}, {"week": "7", "punting_pts": 6, "punting_avg": 29, "punting_lng": 53, "active": "true", "punting_yds": 224, "punting_i20": 0}, {"week": "8", "active": "false"}, {"week": "9", "punting_pts": 3, "punting_avg": 35, "punting_lng": 38, "active": "true", "punting_yds": 104, "punting_i20": 3}, {"week": "10", "punting_pts": 4, "punting_avg": 44, "punting_lng": 55, "active": "true", "punting_yds": 176, "punting_i20": 2}, {"week": "11", "punting_pts": 5, "punting_avg": 29, "punting_lng": 48, "active": "true", "punting_yds": 201, "punting_i20": 2}, {"week": "12", "punting_pts": 3, "punting_avg": 44, "punting_lng": 50, "active": "true", "punting_yds": 138, "punting_i20": 0}, {"week": "13", "punting_pts": 5, "punting_avg": 40, "punting_lng": 56, "active": "true", "punting_yds": 250, "punting_i20": 1}, {"week": "14", "punting_pts": 3, "punting_avg": 28, "punting_lng": 34, "active": "true", "punting_yds": 85, "punting_i20": 1}, {"week": "15", "punting_pts": 5, "punting_avg": 30, "punting_lng": 45, "active": "true", "punting_yds": 169, "punting_i20": 1}, {"week": "16", "punting_pts": 1, "punting_avg": 42, "punting_lng": 42, "active": "true", "punting_yds": 42, "punting_i20": 0}, {"week": "17", "punting_pts": 3, "punting_avg": 26, "punting_lng": 40, "active": "true", "punting_yds": 109, "punting_i20": 2}], "2010": [{"week": "1", "active": "false"}, {"week": "2", "active": "false"}, {"week": "3", "active": "false"}, {"week": "4", "active": "false"}, {"week": "5", "active": "false"}, {"week": "6", "active": "false"}, {"week": "7", "active": "false"}, {"week": "8", "active": "false"}, {"week": "9", "active": "false"}, {"week": "10", "active": "false"}, {"week": "11", "active": "false"}, {"week": "12", "active": "false"}, {"week": "13", "active": "false"}, {"week": "14", "active": "false"}, {"week": "15", "active": "false"}, {"week": "16", "active": "false"}, {"week": "17", "active": "false"}], "2011": [{"week": "1", "active": "false"}, {"week": "2", "active": "false"}, {"week": "3", "active": "false"}, {"week": "4", "active": "false"}, {"week": "5", "active": "false"}, {"week": "6", "active": "false"}, {"week": "7", "active": "false"}, {"week": "8", "active": "false"}, {"week": "9", "active": "false"}, {"week": "10", "active": "false"}, {"week": "11", "active": "false"}, {"week": "12", "active": "false"}, {"week": "13", "active": "false"}, {"week": "14", "active": "false"}, {"week": "15", "active": "false"}, {"week": "16", "active": "false"}, {"week": "17", "active": "false"}], "2012": [{"week": "1", "active": "false"}, {"week": "2", "active": "false"}, {"week": "3", "active": "false"}, {"week": "4", "active": "false"}, {"week": "5", "active": "false"}, {"week": "6", "active": "false"}, {"week": "7", "active": "false"}, {"week": "8", "active": "false"}, {"week": "9", "active": "false"}, {"week": "10", "active": "false"}, {"week": "11", "active": "false"}, {"week": "12", "active": "false"}, {"week": "13", "active": "false"}, {"week": "14", "active": "false"}, {"week": "15", "active": "false"}, {"week": "16", "active": "false"}, {"week": "17", "active": "false"}], "2013": [{"week": "1", "active": "false"}, {"week": "2", "active": "false"}, {"week": "3", "active": "false"}, {"week": "4", "active": "false"}, {"week": "5", "active": "false"}, {"week": "6", "active": "false"}, {"week": "7", "active": "false"}, {"week": "8", "active": "false"}, {"week": "9", "active": "false"}, {"week": "10", "active": "false"}, {"week": "11", "active": "false"}, {"week": "12", "active": "false"}, {"week": "13", "active": "false"}, {"week": "14", "active": "false"}, {"week": "15", "active": "false"}, {"week": "16", "active": "false"}, {"week": "17", "active": "false"}], "2014": [{"week": "1", "active": "false"}, {"week": "2", "active": "false"}, {"week": "3", "active": "false"}, {"week": "4", "active": "false"}, {"week": "5", "active": "false"}, {"week": "6", "active": "false"}, {"week": "7", "active": "false"}, {"week": "8", "active": "false"}, {"week": "9", "active": "false"}, {"week": "10", "active": "false"}, {"week": "11", "active": "false"}, {"week": "12", "active": "false"}, {"week": "13", "active": "false"}, {"week": "14", "active": "false"}]}}