{"C.Cooley": {"2009": [{"week": "1", "fumbles_tot": 1, "receiving_tds": 1, "fumbles_yds": 0, "fumbles_lost": 0, "fumbles_trcv": 0, "receiving_lng": 17, "fumbles_rcv": 0, "active": "true", "receiving_rec": 7, "receiving_twopta": 0, "receiving_yds": 68, "receiving_twoptm": 0}, {"week": "2", "receiving_tds": 0, "receiving_lng": 18, "active": "true", "receiving_rec": 7, "receiving_twopta": 0, "receiving_yds": 83, "receiving_twoptm": 0}, {"week": "3", "receiving_tds": 0, "receiving_lng": 15, "active": "true", "receiving_rec": 3, "receiving_twopta": 0, "receiving_yds": 38, "receiving_twoptm": 0}, {"week": "4", "receiving_tds": 1, "receiving_lng": 17, "active": "true", "receiving_rec": 5, "receiving_twopta": 0, "receiving_yds": 65, "receiving_twoptm": 0}, {"week": "5", "fumbles_tot": 0, "fumbles_yds": 0, "fumbles_lost": 0, "fumbles_trcv": 1, "fumbles_rcv": 1, "active": "true"}, {"week": "6", "receiving_tds": 0, "receiving_lng": 25, "active": "true", "receiving_rec": 5, "receiving_twopta": 0, "receiving_yds": 57, "receiving_twoptm": 0}, {"week": "7", "receiving_tds": 0, "receiving_lng": 18, "active": "true", "receiving_rec": 2, "receiving_twopta": 0, "receiving_yds": 21, "receiving_twoptm": 0}, {"week": "8", "active": "false"}, {"week": "9", "active": "false"}, {"week": "10", "active": "false"}, {"week": "11", "active": "false"}, {"week": "12", "active": "false"}, {"week": "13", "active": "false"}, {"week": "14", "active": "false"}, {"week": "15", "active": "false"}, {"week": "16", "active": "false"}, {"week": "17", "active": "false"}], "2010": [{"week": "1", "fumbles_tot": 1, "receiving_tds": 0, "fumbles_yds": 0, "fumbles_lost": 0, "fumbles_trcv": 0, "receiving_lng": 24, "fumbles_rcv": 0, "active": "true", "receiving_rec": 6, "receiving_twopta": 0, "receiving_yds": 80, "receiving_lngtd": 0, "receiving_twoptm": 0}, {"week": "2", "receiving_tds": 1, "receiving_lng": 35, "active": "true", "receiving_rec": 3, "receiving_twopta": 0, "receiving_yds": 64, "receiving_lngtd": 22, "receiving_twoptm": 0}, {"week": "3", "receiving_tds": 0, "receiving_lng": 19, "active": "true", "receiving_rec": 5, "receiving_twopta": 0, "receiving_yds": 53, "receiving_lngtd": 0, "receiving_twoptm": 0}, {"week": "4", "receiving_tds": 1, "receiving_lng": 31, "active": "true", "receiving_rec": 2, "receiving_twopta": 0, "receiving_yds": 37, "receiving_lngtd": 31, "receiving_twoptm": 0}, {"week": "5", "receiving_tds": 0, "receiving_lng": 30, "active": "true", "receiving_rec": 7, "receiving_twopta": 0, "receiving_yds": 69, "receiving_lngtd": 0, "receiving_twoptm": 0}, {"week": "6", "receiving_tds": 0, "receiving_lng": 11, "active": "true", "receiving_rec": 5, "receiving_twopta": 0, "receiving_yds": 37, "receiving_lngtd": 0, "receiving_twoptm": 0}, {"week": "7", "fumbles_tot": 1, "receiving_tds": 0, "fumbles_yds": 0, "fumbles_lost": 0, "fumbles_trcv": 0, "receiving_lng": 14, "fumbles_rcv": 0, "active": "true", "receiving_rec": 7, "receiving_twopta": 0, "receiving_yds": 52, "receiving_lngtd": 0, "receiving_twoptm": 0}, {"week": "8", "receiving_tds": 0, "receiving_lng": 19, "active": "true", "receiving_rec": 4, "receiving_twopta": 0, "receiving_yds": 48, "receiving_lngtd": 0, "receiving_twoptm": 0}, {"week": "9", "active": "false"}, {"week": "10", "receiving_tds": 0, "receiving_lng": 11, "active": "true", "receiving_rec": 3, "receiving_twopta": 0, "receiving_yds": 23, "receiving_lngtd": 0, "receiving_twoptm": 0}, {"week": "11", "receiving_tds": 0, "receiving_lng": 26, "active": "true", "receiving_rec": 7, "receiving_twopta": 0, "receiving_yds": 91, "receiving_lngtd": 0, "receiving_twoptm": 0}, {"week": "12", "receiving_tds": 0, "receiving_lng": 19, "active": "true", "receiving_rec": 5, "receiving_twopta": 0, "receiving_yds": 49, "receiving_lngtd": 0, "receiving_twoptm": 0}, {"week": "13", "fumbles_tot": 1, "receiving_tds": 0, "fumbles_yds": 0, "fumbles_lost": 1, "fumbles_trcv": 0, "receiving_lng": 21, "fumbles_rcv": 0, "active": "true", "receiving_rec": 6, "receiving_twopta": 0, "receiving_yds": 61, "receiving_lngtd": 0, "receiving_twoptm": 0}, {"week": "14", "receiving_tds": 0, "receiving_lng": 15, "active": "true", "receiving_rec": 2, "receiving_twopta": 0, "receiving_yds": 22, "receiving_lngtd": 0, "receiving_twoptm": 0}, {"week": "15", "receiving_tds": 1, "receiving_lng": 27, "active": "true", "receiving_rec": 5, "receiving_twopta": 1, "receiving_yds": 62, "receiving_lngtd": 5, "receiving_twoptm": 1}, {"week": "16", "receiving_tds": 0, "receiving_lng": 12, "active": "true", "receiving_rec": 5, "receiving_twopta": 0, "receiving_yds": 48, "receiving_lngtd": 0, "receiving_twoptm": 0}, {"week": "17", "receiving_tds": 0, "receiving_lng": 16, "active": "true", "receiving_rec": 5, "receiving_twopta": 0, "receiving_yds": 53, "receiving_lngtd": 0, "receiving_twoptm": 0}], "2011": [{"week": "1", "receiving_tds": 0, "receiving_lng": 15, "active": "true", "receiving_rec": 2, "receiving_twopta": 0, "receiving_yds": 21, "receiving_lngtd": 0, "receiving_twoptm": 0}, {"week": "2", "active": "false"}, {"week": "3", "rushing_lngtd": 0, "receiving_tds": 0, "receiving_twopta": 0, "receiving_lng": 17, "rushing_tds": 0, "rushing_twopta": 0, "active": "true", "receiving_rec": 4, "rushing_lng": 3, "rushing_yds": 3, "receiving_lngtd": 0, "receiving_yds": 41, "rushing_att": 2, "receiving_twoptm": 0, "rushing_twoptm": 0}, {"week": "4", "receiving_tds": 0, "receiving_lng": 4, "active": "true", "receiving_rec": 1, "receiving_twopta": 0, "receiving_yds": 4, "receiving_lngtd": 0, "receiving_twoptm": 0}, {"week": "5", "active": "false"}, {"week": "6", "receiving_tds": 0, "receiving_lng": -1, "active": "true", "receiving_rec": 1, "receiving_twopta": 0, "receiving_yds": -1, "receiving_lngtd": 0, "receiving_twoptm": 0}, {"week": "7", "active": "false"}, {"week": "8", "active": "false"}, {"week": "9", "active": "false"}, {"week": "10", "active": "false"}, {"week": "11", "active": "false"}, {"week": "12", "active": "false"}, {"week": "13", "active": "false"}, {"week": "14", "active": "false"}, {"week": "15", "active": "false"}, {"week": "16", "active": "false"}, {"week": "17", "active": "false"}], "2012": [{"week": "1", "active": "false"}, {"week": "2", "active": "false"}, {"week": "3", "active": "false"}, {"week": "4", "active": "false"}, {"week": "5", "active": "false"}, {"week": "6", "active": "false"}, {"week": "7", "active": "false"}, {"week": "8", "active": "false"}, {"week": "9", "active": "false"}, {"week": "10", "active": "false"}, {"week": "11", "active": "false"}, {"week": "12", "active": "false"}, {"week": "13", "active": "false"}, {"week": "14", "active": "false"}, {"week": "15", "active": "false"}, {"week": "16", "receiving_tds": 0, "receiving_lng": 8, "active": "true", "receiving_rec": 1, "receiving_twopta": 0, "receiving_yds": 8, "receiving_lngtd": 0, "receiving_twoptm": 0}, {"week": "17", "active": "false"}], "2013": [{"week": "1", "active": "false"}, {"week": "2", "active": "false"}, {"week": "3", "active": "false"}, {"week": "4", "active": "false"}, {"week": "5", "active": "false"}, {"week": "6", "active": "false"}, {"week": "7", "active": "false"}, {"week": "8", "active": "false"}, {"week": "9", "active": "false"}, {"week": "10", "active": "false"}, {"week": "11", "active": "false"}, {"week": "12", "active": "false"}, {"week": "13", "active": "false"}, {"week": "14", "active": "false"}, {"week": "15", "active": "false"}, {"week": "16", "active": "false"}, {"week": "17", "active": "false"}], "2014": [{"week": "1", "active": "false"}, {"week": "2", "active": "false"}, {"week": "3", "active": "false"}, {"week": "4", "active": "false"}, {"week": "5", "active": "false"}, {"week": "6", "active": "false"}, {"week": "7", "active": "false"}, {"week": "8", "active": "false"}, {"week": "9", "active": "false"}, {"week": "10", "active": "false"}, {"week": "11", "active": "false"}, {"week": "12", "active": "false"}, {"week": "13", "active": "false"}, {"week": "14", "active": "false"}]}}