{"C.Carr": {"2009": [{"week": "1", "puntret_tds": 0, "puntret_ret": 2, "kickret_lng": 25, "puntret_avg": 3, "kickret_avg": 21, "puntret_lng": 7, "defense_tkl": 3, "defense_int": 0, "kickret_tds": 0, "active": "true", "defense_sk": 0, "kickret_ret": 3, "defense_ffum": 0, "defense_ast": 1}, {"week": "2", "fumbles_tot": 1, "kickret_lng": 41, "fumbles_yds": 0, "fumbles_lost": 0, "fumbles_trcv": 0, "fumbles_rcv": 0, "kickret_avg": 27, "defense_tkl": 1, "defense_int": 0, "kickret_tds": 0, "active": "true", "defense_sk": 0, "kickret_ret": 5, "defense_ffum": 0, "defense_ast": 0}, {"week": "3", "puntret_tds": 0, "puntret_ret": 3, "kickret_lng": 28, "puntret_avg": 9, "kickret_avg": 28, "puntret_lng": 15, "kickret_tds": 0, "active": "true", "kickret_ret": 1}, {"week": "4", "fumbles_tot": 1, "kickret_lng": 27, "fumbles_yds": 0, "fumbles_lost": 1, "fumbles_trcv": 0, "fumbles_rcv": 0, "kickret_avg": 21, "kickret_tds": 0, "active": "true", "kickret_ret": 3}, {"week": "5", "puntret_tds": 0, "puntret_ret": 2, "kickret_lng": 21, "puntret_avg": 1, "kickret_avg": 21, "puntret_lng": 3, "defense_tkl": 3, "defense_int": 0, "kickret_tds": 0, "active": "true", "defense_sk": 0, "kickret_ret": 2, "defense_ffum": 0, "defense_ast": 0}, {"week": "6", "puntret_tds": 0, "puntret_ret": 2, "puntret_avg": 0, "puntret_lng": 3, "defense_tkl": 1, "defense_int": 0, "active": "true", "defense_sk": 0, "defense_ffum": 0, "defense_ast": 1}, {"week": "7", "active": "false"}, {"week": "8", "puntret_tds": 0, "puntret_ret": 2, "puntret_avg": 7, "puntret_lng": 14, "defense_tkl": 2, "defense_int": 0, "active": "true", "defense_sk": 1, "defense_ffum": 0, "defense_ast": 0}, {"week": "9", "fumbles_tot": 0, "puntret_ret": 2, "puntret_avg": 4, "fumbles_yds": 4, "fumbles_lost": 0, "fumbles_trcv": 0, "fumbles_rcv": 0, "puntret_tds": 0, "defense_sk": 0, "defense_tkl": 2, "defense_int": 0, "active": "true", "puntret_lng": 10, "defense_ffum": 0, "defense_ast": 0}, {"week": "10", "puntret_tds": 0, "puntret_ret": 3, "puntret_avg": 1, "puntret_lng": 4, "defense_tkl": 2, "defense_int": 1, "active": "true", "defense_sk": 0, "defense_ffum": 0, "defense_ast": 0}, {"week": "11", "active": "false"}, {"week": "12", "puntret_tds": 0, "puntret_ret": 5, "puntret_avg": 14, "puntret_lng": 34, "active": "true"}, {"week": "13", "puntret_tds": 0, "puntret_ret": 1, "puntret_avg": 6, "puntret_lng": 6, "defense_tkl": 3, "defense_int": 0, "active": "true", "defense_sk": 0, "defense_ffum": 1, "defense_ast": 0}, {"week": "14", "puntret_tds": 0, "puntret_ret": 2, "puntret_avg": 15, "puntret_lng": 19, "defense_tkl": 1, "defense_int": 1, "active": "true", "defense_sk": 0, "defense_ffum": 0, "defense_ast": 0}, {"week": "15", "puntret_tds": 0, "puntret_ret": 4, "puntret_avg": 7, "puntret_lng": 21, "defense_tkl": 2, "defense_int": 0, "active": "true", "defense_sk": 0, "defense_ffum": 0, "defense_ast": 0}, {"week": "16", "puntret_tds": 0, "puntret_ret": 2, "puntret_avg": 12, "puntret_lng": 14, "defense_tkl": 5, "defense_int": 0, "active": "true", "defense_sk": 0.5, "defense_ffum": 1, "defense_ast": 4}, {"week": "17", "puntret_tds": 0, "puntret_ret": 2, "puntret_avg": 16, "puntret_lng": 27, "defense_tkl": 6, "defense_int": 0, "active": "true", "defense_sk": 0, "defense_ffum": 0, "defense_ast": 0}], "2010": [{"week": "1", "defense_sk": 0, "defense_tkl": 3, "defense_int": 0, "active": "true", "defense_ffum": 0, "defense_ast": 0}, {"week": "2", "defense_sk": 0, "defense_tkl": 6, "defense_int": 0, "active": "true", "defense_ffum": 0, "defense_ast": 1}, {"week": "3", "puntret_tds": 0, "puntret_ret": 1, "puntret_avg": -1, "puntret_lngtd": 0, "puntret_lng": -1, "defense_tkl": 4, "defense_int": 0, "active": "true", "defense_sk": 0, "defense_ffum": 0, "defense_ast": 1}, {"week": "4", "defense_sk": 0, "defense_tkl": 0, "defense_int": 0, "active": "true", "defense_ffum": 0, "defense_ast": 1}, {"week": "5", "puntret_tds": 0, "puntret_ret": 1, "puntret_avg": 10, "puntret_lngtd": 0, "puntret_lng": 10, "defense_tkl": 3, "defense_int": 0, "active": "true", "defense_sk": 0, "defense_ffum": 0, "defense_ast": 0}, {"week": "6", "puntret_tds": 0, "puntret_ret": 1, "puntret_avg": -1, "puntret_lngtd": 0, "puntret_lng": -1, "defense_tkl": 3, "defense_int": 1, "active": "true", "defense_sk": 0, "defense_ffum": 0, "defense_ast": 0}, {"week": "7", "defense_sk": 0, "defense_tkl": 4, "defense_int": 0, "active": "true", "defense_ffum": 0, "defense_ast": 0}, {"week": "8", "active": "false"}, {"week": "9", "defense_sk": 0, "defense_tkl": 4, "defense_int": 0, "active": "true", "defense_ffum": 0, "defense_ast": 1}, {"week": "10", "defense_sk": 0, "defense_tkl": 4, "defense_int": 0, "active": "true", "defense_ffum": 0, "defense_ast": 0}, {"week": "11", "defense_sk": 0, "defense_tkl": 4, "defense_int": 0, "active": "true", "defense_ffum": 0, "defense_ast": 1}, {"week": "12", "kickret_lngtd": 0, "kickret_lng": 14, "kickret_avg": 14, "kickret_tds": 0, "active": "true", "kickret_ret": 1}, {"week": "13", "defense_sk": 0, "defense_tkl": 2, "defense_int": 0, "active": "true", "defense_ffum": 0, "defense_ast": 0}, {"week": "14", "defense_sk": 0, "defense_tkl": 6, "defense_int": 1, "active": "true", "defense_ffum": 0, "defense_ast": 0}, {"week": "15", "defense_sk": 0, "defense_tkl": 3, "defense_int": 0, "active": "true", "defense_ffum": 0, "defense_ast": 1}, {"week": "16", "defense_sk": 0, "defense_tkl": 3, "defense_int": 0, "active": "true", "defense_ffum": 1, "defense_ast": 0}, {"week": "17", "defense_sk": 0, "defense_tkl": 5, "defense_int": 0, "active": "true", "defense_ffum": 2, "defense_ast": 0}], "2011": [{"week": "1", "defense_sk": 0, "defense_tkl": 1, "defense_int": 0, "active": "true", "defense_ffum": 0, "defense_ast": 0}, {"week": "2", "active": "false"}, {"week": "3", "defense_sk": 0, "defense_tkl": 3, "defense_int": 0, "active": "true", "defense_ffum": 0, "defense_ast": 0}, {"week": "4", "active": "false"}, {"week": "5", "active": "false"}, {"week": "6", "active": "false"}, {"week": "7", "active": "false"}, {"week": "8", "puntret_tds": 0, "puntret_ret": 2, "puntret_avg": 7, "puntret_lngtd": 0, "puntret_lng": 8, "defense_tkl": 2, "defense_int": 0, "active": "true", "defense_sk": 1, "defense_ffum": 0, "defense_ast": 1}, {"week": "9", "defense_sk": 0, "defense_tkl": 2, "defense_int": 0, "active": "true", "defense_ffum": 0, "defense_ast": 0}, {"week": "10", "kickret_lngtd": 0, "kickret_lng": 20, "kickret_avg": 20, "defense_sk": 0, "defense_tkl": 4, "defense_int": 0, "kickret_tds": 0, "active": "true", "kickret_ret": 1, "defense_ffum": 0, "defense_ast": 1}, {"week": "11", "active": "false"}, {"week": "12", "active": "false"}, {"week": "13", "active": "false"}, {"week": "14", "active": "false"}, {"week": "15", "active": "false"}, {"week": "16", "defense_sk": 0, "defense_tkl": 1, "defense_int": 0, "active": "true", "defense_ffum": 0, "defense_ast": 1}, {"week": "17", "defense_sk": 0, "defense_tkl": 3, "defense_int": 0, "active": "true", "defense_ffum": 0, "defense_ast": 0}], "2012": [{"week": "1", "active": "false"}, {"week": "2", "active": "false"}, {"week": "3", "active": "false"}, {"week": "4", "active": "false"}, {"week": "5", "active": "false"}, {"week": "6", "active": "false"}, {"week": "7", "active": "false"}, {"week": "8", "kickret_lngtd": 0, "kickret_lng": 11, "kickret_avg": 11, "kickret_tds": 0, "active": "true", "kickret_ret": 1}, {"week": "9", "active": "false"}, {"week": "10", "active": "false"}, {"week": "11", "active": "false"}, {"week": "12", "puntret_tds": 0, "kickret_lngtd": 0, "puntret_ret": 2, "kickret_lng": 25, "puntret_avg": 5, "puntret_lngtd": 0, "kickret_avg": 25, "puntret_lng": 11, "kickret_tds": 0, "active": "true", "kickret_ret": 1}, {"week": "13", "kickret_lngtd": 0, "kickret_lng": 26, "kickret_avg": 21, "kickret_tds": 0, "active": "true", "kickret_ret": 3}, {"week": "14", "active": "false"}, {"week": "15", "active": "false"}, {"week": "16", "active": "false"}, {"week": "17", "active": "false"}], "2013": [{"week": "1", "active": "false"}, {"week": "2", "active": "false"}, {"week": "3", "defense_sk": 0, "defense_tkl": 0, "defense_int": 0, "active": "true", "defense_ffum": 0, "defense_ast": 1}, {"week": "4", "defense_sk": 0, "defense_tkl": 1, "defense_int": 1, "active": "true", "defense_ffum": 0, "defense_ast": 2}, {"week": "5", "defense_sk": 0, "defense_tkl": 1, "defense_int": 0, "active": "true", "defense_ffum": 0, "defense_ast": 0}, {"week": "6", "defense_sk": 0, "defense_tkl": 1, "defense_int": 0, "active": "true", "defense_ffum": 0, "defense_ast": 0}, {"week": "7", "active": "false"}, {"week": "8", "active": "false"}, {"week": "9", "active": "false"}, {"week": "10", "defense_sk": 0, "defense_tkl": 0, "defense_int": 0, "active": "true", "defense_ffum": 0, "defense_ast": 1}, {"week": "11", "defense_sk": 0, "defense_tkl": 4, "defense_int": 0, "active": "true", "defense_ffum": 0, "defense_ast": 0}, {"week": "12", "defense_sk": 0, "defense_tkl": 1, "defense_int": 0, "active": "true", "defense_ffum": 0, "defense_ast": 0}, {"week": "13", "defense_sk": 0, "defense_tkl": 1, "defense_int": 0, "active": "true", "defense_ffum": 0, "defense_ast": 0}, {"week": "14", "active": "false"}, {"week": "15", "active": "false"}, {"week": "16", "active": "false"}, {"week": "17", "active": "false"}], "2014": [{"week": "1", "active": "false"}, {"week": "2", "active": "false"}, {"week": "3", "active": "false"}, {"week": "4", "active": "false"}, {"week": "5", "active": "false"}, {"week": "6", "active": "false"}, {"week": "7", "active": "false"}, {"week": "8", "active": "false"}, {"week": "9", "active": "false"}, {"week": "10", "active": "false"}, {"week": "11", "active": "false"}, {"week": "12", "active": "false"}, {"week": "13", "active": "false"}, {"week": "14", "active": "false"}]}}