{"C.Smith": {"2009": [{"fumbles_tot": 1, "receiving_tds": 0, "fumbles_rcv": 1, "rushing_yds": 4, "puntret_ret": 3, "puntret_avg": 9, "fumbles_lost": 0, "rushing_tds": 0, "rushing_twopta": 0, "receiving_rec": 1, "receiving_twopta": 0, "receiving_yds": 3, "rushing_att": 1, "receiving_twoptm": 0, "rushing_twoptm": 0, "week": "1", "fumbles_yds": 0, "receiving_lng": 3, "puntret_lng": 14, "active": "true", "puntret_tds": 0, "kickret_lng": 36, "fumbles_trcv": 1, "kickret_avg": 25, "rushing_lng": 4, "kickret_tds": 0, "kickret_ret": 4}, {"week": "2", "puntret_tds": 0, "puntret_ret": 1, "kickret_lng": 30, "receiving_tds": 0, "puntret_avg": 5, "kickret_tds": 0, "receiving_lng": 1, "kickret_avg": 27, "puntret_lng": 5, "active": "true", "receiving_rec": 1, "receiving_twopta": 0, "receiving_yds": 1, "receiving_twoptm": 0, "kickret_ret": 4}, {"week": "3", "puntret_tds": 0, "puntret_ret": 3, "kickret_lng": 30, "puntret_avg": 13, "kickret_avg": 28, "puntret_lng": 20, "kickret_tds": 0, "active": "true", "kickret_ret": 2}, {"week": "4", "fumbles_tot": 1, "puntret_ret": 2, "kickret_lng": 36, "kickret_tds": 0, "fumbles_yds": 0, "fumbles_lost": 1, "fumbles_trcv": 0, "kickret_ret": 2, "rushing_tds": 0, "fumbles_rcv": 0, "puntret_tds": 0, "kickret_avg": 31, "rushing_twopta": 0, "puntret_avg": 4, "rushing_lng": 2, "rushing_yds": 3, "active": "true", "rushing_att": 2, "puntret_lng": 5, "rushing_twoptm": 0}, {"week": "5", "puntret_tds": 0, "puntret_ret": 3, "kickret_lng": 38, "puntret_avg": 9, "kickret_avg": 30, "puntret_lng": 11, "kickret_tds": 0, "active": "true", "kickret_ret": 4}, {"week": "6", "puntret_tds": 0, "puntret_ret": 1, "kickret_lng": 25, "puntret_avg": 6, "kickret_avg": 25, "puntret_lng": 6, "kickret_tds": 0, "active": "true", "kickret_ret": 1}, {"week": "7", "active": "false"}, {"week": "8", "active": "false"}, {"week": "9", "fumbles_tot": 1, "puntret_ret": 4, "kickret_lng": 83, "kickret_tds": 0, "fumbles_yds": -6, "fumbles_lost": 0, "fumbles_trcv": 0, "kickret_ret": 2, "rushing_tds": 0, "fumbles_rcv": 0, "puntret_tds": 0, "kickret_avg": 53, "rushing_twopta": 0, "puntret_avg": 13, "rushing_lng": 0, "rushing_yds": 0, "active": "true", "rushing_att": 1, "puntret_lng": 19, "rushing_twoptm": 0}, {"week": "10", "puntret_tds": 0, "puntret_ret": 4, "kickret_lng": 36, "puntret_avg": 7, "kickret_avg": 28, "puntret_lng": 12, "kickret_tds": 0, "active": "true", "kickret_ret": 6}, {"week": "11", "puntret_tds": 0, "puntret_ret": 1, "kickret_lng": 35, "puntret_avg": 11, "kickret_avg": 26, "puntret_lng": 11, "kickret_tds": 0, "active": "true", "kickret_ret": 4}, {"week": "12", "puntret_tds": 0, "puntret_ret": 1, "kickret_lng": 22, "puntret_avg": 21, "kickret_avg": 21, "puntret_lng": 21, "kickret_tds": 0, "active": "true", "kickret_ret": 2}, {"week": "13", "active": "false"}, {"week": "14", "active": "false"}, {"week": "15", "active": "false"}, {"week": "16", "active": "false"}, {"week": "17", "active": "false"}], "2010": [{"week": "1", "puntret_tds": 0, "kickret_lngtd": 0, "puntret_ret": 2, "kickret_lng": 15, "puntret_avg": 4, "puntret_lngtd": 0, "kickret_avg": 15, "puntret_lng": 6, "kickret_tds": 0, "active": "true", "kickret_ret": 1}, {"week": "2", "kickret_lngtd": 0, "kickret_lng": 19, "kickret_avg": 18, "kickret_tds": 0, "active": "true", "kickret_ret": 2}, {"week": "3", "active": "false"}, {"week": "4", "active": "false"}, {"week": "5", "active": "false"}, {"week": "6", "active": "false"}, {"week": "7", "active": "false"}, {"week": "8", "active": "false"}, {"week": "9", "active": "false"}, {"week": "10", "active": "false"}, {"week": "11", "kickret_lngtd": 0, "kickret_lng": 20, "kickret_avg": 15, "kickret_tds": 0, "active": "true", "kickret_ret": 3}, {"week": "12", "fumbles_tot": 1, "kickret_lngtd": 0, "kickret_lng": 26, "fumbles_yds": 0, "fumbles_lost": 0, "fumbles_trcv": 1, "fumbles_rcv": 1, "kickret_avg": 23, "kickret_tds": 0, "active": "true", "kickret_ret": 2}, {"week": "13", "active": "false"}, {"week": "14", "active": "false"}, {"week": "15", "active": "false"}, {"week": "16", "active": "false"}, {"week": "17", "active": "false"}], "2011": [{"week": "1", "active": "false"}, {"week": "2", "active": "false"}, {"week": "3", "active": "false"}, {"week": "4", "active": "false"}, {"week": "5", "active": "false"}, {"week": "6", "active": "false"}, {"week": "7", "active": "false"}, {"week": "8", "active": "false"}, {"week": "9", "active": "false"}, {"week": "10", "active": "false"}, {"week": "11", "active": "false"}, {"week": "12", "active": "false"}, {"week": "13", "active": "false"}, {"week": "14", "defense_sk": 0, "defense_tkl": 1, "defense_int": 0, "active": "true", "defense_ffum": 0, "defense_ast": 0}, {"week": "15", "active": "false"}, {"week": "16", "active": "false"}, {"week": "17", "active": "false"}], "2012": [{"week": "1", "active": "false"}, {"week": "2", "active": "false"}, {"week": "3", "active": "false"}, {"week": "4", "active": "false"}, {"week": "5", "active": "false"}, {"week": "6", "active": "false"}, {"week": "7", "active": "false"}, {"week": "8", "active": "false"}, {"week": "9", "active": "false"}, {"week": "10", "active": "false"}, {"week": "11", "active": "false"}, {"week": "12", "active": "false"}, {"week": "13", "active": "false"}, {"week": "14", "active": "false"}, {"week": "15", "active": "false"}, {"week": "16", "active": "false"}, {"week": "17", "active": "false"}], "2013": [{"week": "1", "active": "false"}, {"week": "2", "active": "false"}, {"week": "3", "active": "false"}, {"week": "4", "active": "false"}, {"week": "5", "active": "false"}, {"week": "6", "active": "false"}, {"week": "7", "active": "false"}, {"week": "8", "active": "false"}, {"week": "9", "active": "false"}, {"week": "10", "active": "false"}, {"week": "11", "active": "false"}, {"week": "12", "active": "false"}, {"week": "13", "active": "false"}, {"week": "14", "active": "false"}, {"week": "15", "active": "false"}, {"week": "16", "active": "false"}, {"week": "17", "active": "false"}], "2014": [{"week": "1", "active": "false"}, {"week": "2", "active": "false"}, {"week": "3", "active": "false"}, {"week": "4", "active": "false"}, {"week": "5", "active": "false"}, {"week": "6", "active": "false"}, {"week": "7", "active": "false"}, {"week": "8", "active": "false"}, {"week": "9", "defense_sk": 0.5, "defense_tkl": 0, "defense_int": 0, "active": "true", "defense_ffum": 0, "defense_ast": 1}, {"week": "10", "defense_sk": 0, "defense_tkl": 1, "defense_int": 0, "active": "true", "defense_ffum": 0, "defense_ast": 0}, {"week": "11", "active": "false"}, {"week": "12", "defense_sk": 1, "defense_tkl": 1, "defense_int": 0, "active": "true", "defense_ffum": 1, "defense_ast": 0}, {"week": "13", "active": "false"}, {"week": "14", "defense_sk": 0.5, "defense_tkl": 0, "defense_int": 0, "active": "true", "defense_ffum": 0, "defense_ast": 1}]}}