{"C.Portis": {"2009": [{"week": "1", "receiving_lng": 10, "receiving_tds": 0, "receiving_twopta": 0, "rushing_tds": 0, "rushing_twopta": 0, "active": "true", "receiving_rec": 1, "rushing_lng": 34, "rushing_yds": 62, "receiving_yds": 10, "rushing_att": 16, "receiving_twoptm": 0, "rushing_twoptm": 0}, {"fumbles_tot": 0, "passing_att": 1, "receiving_tds": 0, "passing_yds": 0, "rushing_yds": 79, "fumbles_rcv": 1, "fumbles_lost": 0, "rushing_tds": 0, "rushing_twopta": 0, "receiving_rec": 2, "receiving_twopta": 0, "receiving_yds": 9, "rushing_att": 19, "receiving_twoptm": 0, "rushing_twoptm": 0, "week": "2", "passing_twoptm": 0, "fumbles_yds": 0, "passing_twopta": 0, "receiving_lng": 5, "passing_cmp": 0, "passing_ints": 0, "active": "true", "fumbles_trcv": 1, "rushing_lng": 12, "passing_tds": 0}, {"week": "3", "receiving_lng": 6, "receiving_tds": 0, "receiving_twopta": 0, "rushing_tds": 0, "rushing_twopta": 0, "active": "true", "receiving_rec": 1, "rushing_lng": 14, "rushing_yds": 42, "receiving_yds": 6, "rushing_att": 12, "receiving_twoptm": 0, "rushing_twoptm": 0}, {"week": "4", "rushing_tds": 0, "rushing_twopta": 0, "rushing_lng": 10, "rushing_yds": 98, "active": "true", "rushing_att": 25, "rushing_twoptm": 0}, {"week": "5", "receiving_lng": 10, "receiving_tds": 1, "receiving_twopta": 0, "rushing_tds": 1, "rushing_twopta": 0, "active": "true", "receiving_rec": 2, "rushing_lng": 7, "rushing_yds": 57, "receiving_yds": 17, "rushing_att": 19, "receiving_twoptm": 0, "rushing_twoptm": 0}, {"week": "6", "fumbles_tot": 1, "receiving_lng": 9, "receiving_tds": 0, "fumbles_yds": 0, "receiving_twopta": 0, "fumbles_trcv": 0, "rushing_tds": 0, "fumbles_rcv": 0, "rushing_twopta": 0, "fumbles_lost": 1, "receiving_rec": 3, "rushing_lng": 78, "rushing_yds": 109, "receiving_yds": 15, "rushing_att": 15, "receiving_twoptm": 0, "rushing_twoptm": 0, "active": "true"}, {"week": "7", "rushing_tds": 0, "rushing_twopta": 0, "rushing_lng": 9, "rushing_yds": 43, "active": "true", "rushing_att": 14, "rushing_twoptm": 0}, {"week": "8", "active": "false"}, {"week": "9", "rushing_tds": 0, "rushing_twopta": 0, "rushing_lng": 5, "rushing_yds": 4, "active": "true", "rushing_att": 4, "rushing_twoptm": 0}, {"week": "10", "active": "false"}, {"week": "11", "active": "false"}, {"week": "12", "active": "false"}, {"week": "13", "active": "false"}, {"week": "14", "active": "false"}, {"week": "15", "active": "false"}, {"week": "16", "active": "false"}, {"week": "17", "active": "false"}], "2010": [{"week": "1", "rushing_lngtd": 0, "receiving_tds": 0, "receiving_twopta": 0, "receiving_lng": 1, "rushing_tds": 0, "rushing_twopta": 0, "active": "true", "receiving_rec": 1, "rushing_lng": 18, "rushing_yds": 63, "receiving_lngtd": 0, "receiving_yds": 1, "rushing_att": 18, "receiving_twoptm": 0, "rushing_twoptm": 0}, {"week": "2", "rushing_lngtd": 1, "rushing_tds": 2, "rushing_twopta": 0, "rushing_lng": 12, "rushing_yds": 33, "active": "true", "rushing_att": 13, "rushing_twoptm": 0}, {"week": "3", "rushing_lngtd": 0, "receiving_tds": 0, "receiving_twopta": 0, "receiving_lng": 14, "rushing_tds": 0, "rushing_twopta": 0, "active": "true", "receiving_rec": 1, "rushing_lng": 27, "rushing_yds": 44, "receiving_lngtd": 0, "receiving_yds": 14, "rushing_att": 7, "receiving_twoptm": 0, "rushing_twoptm": 0}, {"week": "4", "rushing_lngtd": 0, "receiving_tds": 0, "receiving_twopta": 0, "receiving_lng": 14, "rushing_tds": 0, "rushing_twopta": 0, "active": "true", "receiving_rec": 2, "rushing_lng": 11, "rushing_yds": 55, "receiving_lngtd": 0, "receiving_yds": 26, "rushing_att": 11, "receiving_twoptm": 0, "rushing_twoptm": 0}, {"week": "5", "active": "false"}, {"week": "6", "active": "false"}, {"week": "7", "active": "false"}, {"week": "8", "active": "false"}, {"week": "9", "active": "false"}, {"week": "10", "active": "false"}, {"week": "11", "rushing_lngtd": 0, "receiving_tds": 0, "receiving_twopta": 0, "receiving_lng": 14, "rushing_tds": 0, "rushing_twopta": 0, "active": "true", "receiving_rec": 1, "rushing_lng": 11, "rushing_yds": 32, "receiving_lngtd": 0, "receiving_yds": 14, "rushing_att": 5, "receiving_twoptm": 0, "rushing_twoptm": 0}, {"week": "12", "active": "false"}, {"week": "13", "active": "false"}, {"week": "14", "active": "false"}, {"week": "15", "active": "false"}, {"week": "16", "active": "false"}, {"week": "17", "active": "false"}], "2011": [{"week": "1", "active": "false"}, {"week": "2", "active": "false"}, {"week": "3", "active": "false"}, {"week": "4", "active": "false"}, {"week": "5", "active": "false"}, {"week": "6", "active": "false"}, {"week": "7", "active": "false"}, {"week": "8", "active": "false"}, {"week": "9", "active": "false"}, {"week": "10", "active": "false"}, {"week": "11", "active": "false"}, {"week": "12", "active": "false"}, {"week": "13", "active": "false"}, {"week": "14", "active": "false"}, {"week": "15", "active": "false"}, {"week": "16", "active": "false"}, {"week": "17", "active": "false"}], "2012": [{"week": "1", "active": "false"}, {"week": "2", "active": "false"}, {"week": "3", "active": "false"}, {"week": "4", "active": "false"}, {"week": "5", "active": "false"}, {"week": "6", "active": "false"}, {"week": "7", "active": "false"}, {"week": "8", "active": "false"}, {"week": "9", "active": "false"}, {"week": "10", "active": "false"}, {"week": "11", "active": "false"}, {"week": "12", "active": "false"}, {"week": "13", "active": "false"}, {"week": "14", "active": "false"}, {"week": "15", "active": "false"}, {"week": "16", "active": "false"}, {"week": "17", "active": "false"}], "2013": [{"week": "1", "active": "false"}, {"week": "2", "active": "false"}, {"week": "3", "active": "false"}, {"week": "4", "active": "false"}, {"week": "5", "active": "false"}, {"week": "6", "active": "false"}, {"week": "7", "active": "false"}, {"week": "8", "active": "false"}, {"week": "9", "active": "false"}, {"week": "10", "active": "false"}, {"week": "11", "active": "false"}, {"week": "12", "active": "false"}, {"week": "13", "active": "false"}, {"week": "14", "active": "false"}, {"week": "15", "active": "false"}, {"week": "16", "active": "false"}, {"week": "17", "active": "false"}], "2014": [{"week": "1", "active": "false"}, {"week": "2", "active": "false"}, {"week": "3", "active": "false"}, {"week": "4", "active": "false"}, {"week": "5", "active": "false"}, {"week": "6", "active": "false"}, {"week": "7", "active": "false"}, {"week": "8", "active": "false"}, {"week": "9", "active": "false"}, {"week": "10", "active": "false"}, {"week": "11", "active": "false"}, {"week": "12", "active": "false"}, {"week": "13", "active": "false"}, {"week": "14", "active": "false"}]}}