{"C.Buckhalter": {"2009": [{"week": "1", "fumbles_tot": 0, "receiving_lng": 7, "receiving_tds": 0, "fumbles_yds": 0, "receiving_twopta": 0, "fumbles_trcv": 1, "rushing_tds": 0, "fumbles_rcv": 1, "rushing_twopta": 0, "fumbles_lost": 0, "receiving_rec": 2, "rushing_lng": 14, "rushing_yds": 46, "receiving_yds": 11, "rushing_att": 8, "receiving_twoptm": 0, "rushing_twoptm": 0, "active": "true"}, {"week": "2", "receiving_lng": 30, "receiving_tds": 0, "receiving_twopta": 0, "rushing_tds": 1, "rushing_twopta": 0, "active": "true", "receiving_rec": 1, "rushing_lng": 45, "rushing_yds": 76, "receiving_yds": 30, "rushing_att": 9, "receiving_twoptm": 0, "rushing_twoptm": 0}, {"week": "3", "fumbles_tot": 1, "fumbles_yds": 0, "fumbles_lost": 1, "fumbles_trcv": 0, "rushing_tds": 0, "fumbles_rcv": 0, "rushing_twopta": 0, "rushing_lng": 34, "rushing_yds": 108, "active": "true", "rushing_att": 14, "rushing_twoptm": 0}, {"week": "4", "receiving_lng": 23, "receiving_tds": 0, "receiving_twopta": 0, "rushing_tds": 0, "rushing_twopta": 0, "active": "true", "receiving_rec": 5, "rushing_lng": 10, "rushing_yds": 37, "receiving_yds": 55, "rushing_att": 6, "receiving_twoptm": 0, "rushing_twoptm": 0}, {"week": "5", "active": "false"}, {"week": "6", "fumbles_tot": 1, "receiving_lng": 11, "receiving_tds": 0, "fumbles_yds": 0, "receiving_twopta": 0, "fumbles_trcv": 0, "rushing_tds": 0, "fumbles_rcv": 0, "rushing_twopta": 0, "fumbles_lost": 0, "receiving_rec": 4, "rushing_lng": 15, "rushing_yds": 46, "receiving_yds": 29, "rushing_att": 10, "receiving_twoptm": 0, "rushing_twoptm": 0, "active": "true"}, {"week": "7", "active": "false"}, {"week": "8", "receiving_lng": 11, "receiving_tds": 0, "receiving_twopta": 0, "rushing_tds": 0, "rushing_twopta": 0, "active": "true", "receiving_rec": 6, "rushing_lng": 5, "rushing_yds": 16, "receiving_yds": 30, "rushing_att": 8, "receiving_twoptm": 0, "rushing_twoptm": 0}, {"week": "9", "receiving_lng": 5, "receiving_tds": 0, "receiving_twopta": 0, "rushing_tds": 0, "rushing_twopta": 0, "active": "true", "receiving_rec": 2, "rushing_lng": 7, "rushing_yds": 24, "receiving_yds": 4, "rushing_att": 9, "receiving_twoptm": 0, "rushing_twoptm": 0}, {"week": "10", "fumbles_tot": 1, "fumbles_yds": 0, "fumbles_lost": 1, "fumbles_trcv": 0, "rushing_tds": 0, "fumbles_rcv": 0, "rushing_twopta": 0, "rushing_lng": 8, "rushing_yds": 11, "active": "true", "rushing_att": 2, "rushing_twoptm": 0}, {"week": "11", "receiving_lng": 25, "receiving_tds": 0, "receiving_twopta": 0, "rushing_tds": 0, "rushing_twopta": 0, "active": "true", "receiving_rec": 3, "rushing_lng": 9, "rushing_yds": 35, "receiving_yds": 46, "rushing_att": 7, "receiving_twoptm": 0, "rushing_twoptm": 0}, {"week": "12", "receiving_lng": 5, "kickret_lng": 41, "receiving_tds": 0, "receiving_twopta": 0, "kickret_ret": 3, "rushing_tds": 0, "kickret_avg": 29, "rushing_twopta": 0, "active": "true", "receiving_rec": 1, "rushing_lng": 10, "rushing_yds": 51, "receiving_yds": 5, "rushing_att": 20, "receiving_twoptm": 0, "rushing_twoptm": 0, "kickret_tds": 0}, {"week": "13", "receiving_lng": 6, "kickret_lng": 14, "receiving_tds": 0, "receiving_twopta": 0, "kickret_ret": 1, "rushing_tds": 0, "kickret_avg": 14, "rushing_twopta": 0, "active": "true", "receiving_rec": 3, "rushing_lng": 26, "rushing_yds": 113, "receiving_yds": 15, "rushing_att": 12, "receiving_twoptm": 0, "rushing_twoptm": 0, "kickret_tds": 0}, {"week": "14", "rushing_tds": 0, "rushing_twopta": 0, "rushing_lng": 10, "rushing_yds": 19, "active": "true", "rushing_att": 4, "rushing_twoptm": 0}, {"week": "15", "active": "false"}, {"week": "16", "receiving_lng": 7, "kickret_lng": 25, "receiving_tds": 0, "receiving_twopta": 0, "kickret_ret": 3, "rushing_tds": 0, "kickret_avg": 21, "rushing_twopta": 0, "active": "true", "receiving_rec": 2, "rushing_lng": 33, "rushing_yds": 42, "receiving_yds": 12, "rushing_att": 5, "receiving_twoptm": 0, "rushing_twoptm": 0, "kickret_tds": 0}, {"week": "17", "receiving_lng": 5, "kickret_lng": 20, "receiving_tds": 0, "receiving_twopta": 0, "kickret_ret": 1, "rushing_tds": 0, "kickret_avg": 20, "rushing_twopta": 0, "active": "true", "receiving_rec": 2, "rushing_lng": 11, "rushing_yds": 18, "receiving_yds": 3, "rushing_att": 6, "receiving_twoptm": 0, "rushing_twoptm": 0, "kickret_tds": 0}], "2010": [{"week": "1", "fumbles_tot": 1, "rushing_lngtd": 0, "fumbles_yds": 0, "fumbles_lost": 1, "fumbles_trcv": 0, "rushing_tds": 0, "fumbles_rcv": 0, "rushing_twopta": 0, "rushing_lng": 7, "rushing_yds": 15, "active": "true", "rushing_att": 6, "rushing_twoptm": 0}, {"week": "2", "rushing_lngtd": 1, "rushing_tds": 1, "rushing_twopta": 0, "rushing_lng": 4, "rushing_yds": 19, "active": "true", "rushing_att": 11, "rushing_twoptm": 0}, {"week": "3", "rushing_lngtd": 0, "receiving_tds": 0, "receiving_twopta": 0, "receiving_lng": 9, "rushing_tds": 0, "rushing_twopta": 0, "active": "true", "receiving_rec": 6, "rushing_lng": 7, "rushing_yds": 12, "receiving_lngtd": 0, "receiving_yds": 33, "rushing_att": 4, "receiving_twoptm": 0, "rushing_twoptm": 0}, {"week": "4", "rushing_lngtd": 0, "receiving_tds": 1, "receiving_twopta": 0, "receiving_lng": 12, "rushing_tds": 0, "rushing_twopta": 0, "active": "true", "receiving_rec": 5, "rushing_lng": 5, "rushing_yds": 3, "receiving_lngtd": 6, "receiving_yds": 38, "rushing_att": 6, "receiving_twoptm": 0, "rushing_twoptm": 0}, {"week": "5", "rushing_lngtd": 0, "receiving_tds": 0, "receiving_twopta": 0, "receiving_lng": 12, "rushing_tds": 0, "rushing_twopta": 0, "active": "true", "receiving_rec": 1, "rushing_lng": 8, "rushing_yds": 13, "receiving_lngtd": 0, "receiving_yds": 12, "rushing_att": 5, "receiving_twoptm": 0, "rushing_twoptm": 0}, {"week": "6", "rushing_lngtd": 0, "rushing_tds": 0, "rushing_twopta": 0, "rushing_lng": 13, "rushing_yds": 20, "active": "true", "rushing_att": 6, "rushing_twoptm": 0}, {"week": "7", "active": "false"}, {"week": "8", "receiving_tds": 0, "receiving_lng": 10, "active": "true", "receiving_rec": 4, "receiving_twopta": 0, "receiving_yds": 23, "receiving_lngtd": 0, "receiving_twoptm": 0}, {"week": "9", "active": "false"}, {"week": "10", "receiving_tds": 0, "receiving_lng": 7, "active": "true", "receiving_rec": 2, "receiving_twopta": 0, "receiving_yds": 9, "receiving_lngtd": 0, "receiving_twoptm": 0}, {"week": "11", "receiving_tds": 0, "receiving_lng": 9, "active": "true", "receiving_rec": 1, "receiving_twopta": 0, "receiving_yds": 9, "receiving_lngtd": 0, "receiving_twoptm": 0}, {"week": "12", "rushing_lngtd": 0, "rushing_tds": 0, "rushing_twopta": 0, "rushing_lng": 12, "rushing_yds": 12, "active": "true", "rushing_att": 1, "rushing_twoptm": 0}, {"week": "13", "active": "false"}, {"week": "14", "receiving_tds": 0, "receiving_lng": 0, "active": "true", "receiving_rec": 1, "receiving_twopta": 0, "receiving_yds": 0, "receiving_lngtd": 0, "receiving_twoptm": 0}, {"week": "15", "rushing_lngtd": 0, "receiving_tds": 0, "receiving_twopta": 0, "receiving_lng": 17, "rushing_tds": 0, "rushing_twopta": 0, "active": "true", "receiving_rec": 1, "rushing_lng": 6, "rushing_yds": 3, "receiving_lngtd": 0, "receiving_yds": 17, "rushing_att": 6, "receiving_twoptm": 0, "rushing_twoptm": 0}, {"week": "16", "rushing_lngtd": 6, "receiving_tds": 1, "receiving_twopta": 0, "receiving_lng": 23, "rushing_tds": 1, "rushing_twopta": 0, "active": "true", "receiving_rec": 3, "rushing_lng": 10, "rushing_yds": 42, "receiving_lngtd": 23, "receiving_yds": 50, "rushing_att": 11, "receiving_twoptm": 0, "rushing_twoptm": 0}, {"week": "17", "rushing_lngtd": 0, "receiving_tds": 0, "receiving_twopta": 0, "receiving_lng": 17, "rushing_tds": 0, "rushing_twopta": 0, "active": "true", "receiving_rec": 4, "rushing_lng": 4, "rushing_yds": 8, "receiving_lngtd": 0, "receiving_yds": 49, "rushing_att": 3, "receiving_twoptm": 0, "rushing_twoptm": 0}], "2011": [{"week": "1", "active": "false"}, {"week": "2", "active": "false"}, {"week": "3", "active": "false"}, {"week": "4", "active": "false"}, {"week": "5", "active": "false"}, {"week": "6", "active": "false"}, {"week": "7", "active": "false"}, {"week": "8", "active": "false"}, {"week": "9", "active": "false"}, {"week": "10", "active": "false"}, {"week": "11", "active": "false"}, {"week": "12", "active": "false"}, {"week": "13", "active": "false"}, {"week": "14", "active": "false"}, {"week": "15", "active": "false"}, {"week": "16", "active": "false"}, {"week": "17", "active": "false"}], "2012": [{"week": "1", "active": "false"}, {"week": "2", "active": "false"}, {"week": "3", "active": "false"}, {"week": "4", "active": "false"}, {"week": "5", "active": "false"}, {"week": "6", "active": "false"}, {"week": "7", "active": "false"}, {"week": "8", "active": "false"}, {"week": "9", "active": "false"}, {"week": "10", "active": "false"}, {"week": "11", "active": "false"}, {"week": "12", "active": "false"}, {"week": "13", "active": "false"}, {"week": "14", "active": "false"}, {"week": "15", "active": "false"}, {"week": "16", "active": "false"}, {"week": "17", "active": "false"}], "2013": [{"week": "1", "active": "false"}, {"week": "2", "active": "false"}, {"week": "3", "active": "false"}, {"week": "4", "active": "false"}, {"week": "5", "active": "false"}, {"week": "6", "active": "false"}, {"week": "7", "active": "false"}, {"week": "8", "active": "false"}, {"week": "9", "active": "false"}, {"week": "10", "active": "false"}, {"week": "11", "active": "false"}, {"week": "12", "active": "false"}, {"week": "13", "active": "false"}, {"week": "14", "active": "false"}, {"week": "15", "active": "false"}, {"week": "16", "active": "false"}, {"week": "17", "active": "false"}], "2014": [{"week": "1", "active": "false"}, {"week": "2", "active": "false"}, {"week": "3", "active": "false"}, {"week": "4", "active": "false"}, {"week": "5", "active": "false"}, {"week": "6", "active": "false"}, {"week": "7", "active": "false"}, {"week": "8", "active": "false"}, {"week": "9", "active": "false"}, {"week": "10", "active": "false"}, {"week": "11", "active": "false"}, {"week": "12", "active": "false"}, {"week": "13", "active": "false"}, {"week": "14", "active": "false"}]}}