{"C.Roby": {"2009": [{"week": "1", "active": "false"}, {"week": "2", "kickret_lng": 27, "kickret_avg": 24, "kickret_tds": 0, "active": "true", "kickret_ret": 3}, {"week": "3", "kickret_lng": 16, "kickret_avg": 16, "kickret_tds": 0, "active": "true", "kickret_ret": 1}, {"week": "4", "kickret_lng": 26, "kickret_avg": 26, "kickret_tds": 0, "active": "true", "kickret_ret": 1}, {"week": "5", "active": "false"}, {"week": "6", "kickret_lng": 29, "kickret_avg": 22, "kickret_tds": 0, "active": "true", "kickret_ret": 4}, {"week": "7", "kickret_lng": 87, "kickret_avg": 30, "kickret_tds": 0, "active": "true", "kickret_ret": 6}, {"week": "8", "kickret_lng": 35, "kickret_avg": 29, "kickret_tds": 0, "active": "true", "kickret_ret": 3}, {"week": "9", "kickret_lng": 25, "kickret_avg": 23, "kickret_tds": 0, "active": "true", "kickret_ret": 2}, {"week": "10", "kickret_lng": 97, "kickret_avg": 48, "kickret_tds": 1, "active": "true", "kickret_ret": 3}, {"week": "11", "kickret_lng": 27, "receiving_tds": 0, "kickret_tds": 0, "receiving_lng": 6, "kickret_avg": 25, "active": "true", "receiving_rec": 1, "receiving_twopta": 0, "receiving_yds": 6, "receiving_twoptm": 0, "kickret_ret": 2}, {"week": "12", "kickret_lng": 28, "kickret_avg": 23, "kickret_tds": 0, "active": "true", "kickret_ret": 4}, {"week": "13", "fumbles_tot": 1, "kickret_lng": 37, "fumbles_yds": 0, "fumbles_lost": 0, "fumbles_trcv": 0, "fumbles_rcv": 0, "kickret_avg": 24, "kickret_tds": 0, "active": "true", "kickret_ret": 6}, {"week": "14", "kickret_lng": 24, "kickret_avg": 19, "kickret_tds": 0, "active": "true", "kickret_ret": 2}, {"week": "15", "kickret_lng": 67, "kickret_avg": 67, "kickret_tds": 0, "active": "true", "kickret_ret": 1}, {"week": "16", "kickret_lng": 24, "kickret_avg": 21, "kickret_tds": 0, "active": "true", "kickret_ret": 3}, {"week": "17", "fumbles_tot": 1, "kickret_lng": 22, "fumbles_yds": 0, "fumbles_lost": 1, "fumbles_trcv": 0, "fumbles_rcv": 0, "kickret_avg": 22, "kickret_tds": 0, "active": "true", "kickret_ret": 1}], "2010": [{"week": "1", "kickret_lngtd": 0, "kickret_lng": 25, "kickret_avg": 23, "kickret_tds": 0, "active": "true", "kickret_ret": 3}, {"week": "2", "fumbles_tot": 0, "kickret_lngtd": 0, "kickret_lng": 35, "fumbles_yds": 0, "fumbles_lost": 0, "fumbles_trcv": 1, "fumbles_rcv": 0, "kickret_avg": 27, "kickret_tds": 0, "active": "true", "kickret_ret": 3}, {"week": "3", "kickret_lngtd": 0, "kickret_lng": 39, "kickret_avg": 27, "kickret_tds": 0, "active": "true", "kickret_ret": 3}, {"week": "4", "fumbles_tot": 0, "kickret_lngtd": 0, "kickret_lng": 29, "fumbles_yds": 0, "fumbles_lost": 0, "fumbles_trcv": 1, "fumbles_rcv": 0, "kickret_avg": 25, "kickret_tds": 0, "active": "true", "kickret_ret": 2}, {"week": "5", "kickret_lngtd": 0, "kickret_lng": 32, "kickret_avg": 27, "kickret_tds": 0, "active": "true", "kickret_ret": 4}, {"week": "6", "kickret_lngtd": 0, "kickret_lng": 8, "kickret_avg": 8, "kickret_tds": 0, "active": "true", "kickret_ret": 1}, {"week": "7", "kickret_lngtd": 0, "kickret_lng": 26, "kickret_avg": 20, "kickret_tds": 0, "active": "true", "kickret_ret": 4}, {"week": "8", "kickret_lngtd": 0, "kickret_lng": 39, "kickret_avg": 27, "kickret_tds": 0, "active": "true", "kickret_ret": 3}, {"week": "9", "kickret_lngtd": 0, "kickret_lng": 21, "kickret_avg": 21, "kickret_tds": 0, "active": "true", "kickret_ret": 1}, {"week": "10", "active": "false"}, {"week": "11", "kickret_lngtd": 0, "kickret_lng": 25, "kickret_avg": 25, "kickret_tds": 0, "active": "true", "kickret_ret": 1}, {"week": "12", "kickret_lngtd": 0, "kickret_lng": 22, "kickret_avg": 22, "kickret_tds": 0, "active": "true", "kickret_ret": 1}, {"week": "13", "kickret_lngtd": 0, "kickret_lng": 25, "kickret_avg": 20, "kickret_tds": 0, "active": "true", "kickret_ret": 4}, {"week": "14", "fumbles_tot": 1, "kickret_lngtd": 0, "kickret_lng": 26, "fumbles_yds": 0, "fumbles_lost": 1, "fumbles_trcv": 0, "fumbles_rcv": 0, "kickret_avg": 23, "kickret_tds": 0, "active": "true", "kickret_ret": 3}, {"week": "15", "active": "false"}, {"week": "16", "active": "false"}, {"week": "17", "active": "false"}], "2011": [{"week": "1", "active": "false"}, {"week": "2", "active": "false"}, {"week": "3", "active": "false"}, {"week": "4", "active": "false"}, {"week": "5", "active": "false"}, {"week": "6", "active": "false"}, {"week": "7", "active": "false"}, {"week": "8", "active": "false"}, {"week": "9", "active": "false"}, {"week": "10", "active": "false"}, {"week": "11", "active": "false"}, {"week": "12", "active": "false"}, {"week": "13", "active": "false"}, {"week": "14", "active": "false"}, {"week": "15", "active": "false"}, {"week": "16", "active": "false"}, {"week": "17", "active": "false"}], "2012": [{"week": "1", "active": "false"}, {"week": "2", "receiving_tds": 0, "receiving_lng": 9, "active": "true", "receiving_rec": 1, "receiving_twopta": 0, "receiving_yds": 9, "receiving_lngtd": 0, "receiving_twoptm": 0}, {"week": "3", "active": "false"}, {"week": "4", "active": "false"}, {"week": "5", "active": "false"}, {"week": "6", "active": "false"}, {"week": "7", "active": "false"}, {"week": "8", "active": "false"}, {"week": "9", "active": "false"}, {"week": "10", "active": "false"}, {"week": "11", "active": "false"}, {"week": "12", "active": "false"}, {"week": "13", "active": "false"}, {"week": "14", "active": "false"}, {"week": "15", "active": "false"}, {"week": "16", "active": "false"}, {"week": "17", "active": "false"}], "2013": [{"week": "1", "active": "false"}, {"week": "2", "active": "false"}, {"week": "3", "active": "false"}, {"week": "4", "active": "false"}, {"week": "5", "active": "false"}, {"week": "6", "active": "false"}, {"week": "7", "active": "false"}, {"week": "8", "active": "false"}, {"week": "9", "active": "false"}, {"week": "10", "active": "false"}, {"week": "11", "active": "false"}, {"week": "12", "active": "false"}, {"week": "13", "active": "false"}, {"week": "14", "active": "false"}, {"week": "15", "active": "false"}, {"week": "16", "active": "false"}, {"week": "17", "active": "false"}], "2014": [{"week": "1", "active": "false"}, {"week": "2", "active": "false"}, {"week": "3", "receiving_tds": 0, "receiving_lng": 11, "active": "true", "receiving_rec": 1, "receiving_twopta": 0, "receiving_yds": 11, "receiving_lngtd": 0, "receiving_twoptm": 0}, {"week": "4", "active": "false"}, {"week": "5", "active": "false"}, {"week": "6", "active": "false"}, {"week": "7", "active": "false"}, {"week": "8", "active": "false"}, {"week": "9", "active": "false"}, {"week": "10", "active": "false"}, {"week": "11", "active": "false"}, {"week": "12", "active": "false"}, {"week": "13", "active": "false"}, {"week": "14", "active": "false"}]}}