{"C.Painter": {"2009": [{"week": "1", "active": "false"}, {"week": "2", "active": "false"}, {"week": "3", "active": "false"}, {"week": "4", "active": "false"}, {"week": "5", "active": "false"}, {"week": "6", "active": "false"}, {"week": "7", "active": "false"}, {"week": "8", "active": "false"}, {"week": "9", "active": "false"}, {"week": "10", "active": "false"}, {"week": "11", "active": "false"}, {"week": "12", "active": "false"}, {"week": "13", "active": "false"}, {"week": "14", "active": "false"}, {"week": "15", "active": "false"}, {"week": "16", "fumbles_tot": 1, "passing_att": 11, "fumbles_rcv": 0, "passing_twoptm": 0, "fumbles_yds": 0, "fumbles_lost": 1, "fumbles_trcv": 0, "passing_twopta": 0, "rushing_tds": 0, "passing_yds": 44, "rushing_yds": 3, "passing_cmp": 4, "rushing_twopta": 0, "active": "true", "rushing_lng": 3, "passing_ints": 1, "passing_tds": 0, "rushing_att": 1, "rushing_twoptm": 0}, {"week": "17", "fumbles_tot": 1, "passing_att": 17, "fumbles_rcv": 0, "passing_twoptm": 0, "fumbles_yds": 0, "fumbles_lost": 1, "fumbles_trcv": 0, "passing_twopta": 0, "rushing_tds": 0, "passing_yds": 39, "rushing_yds": 1, "passing_cmp": 4, "rushing_twopta": 0, "active": "true", "rushing_lng": 10, "passing_ints": 1, "passing_tds": 0, "rushing_att": 2, "rushing_twoptm": 0}], "2010": [{"week": "1", "active": "false"}, {"week": "2", "active": "false"}, {"week": "3", "active": "false"}, {"week": "4", "active": "false"}, {"week": "5", "active": "false"}, {"week": "6", "active": "false"}, {"week": "7", "active": "false"}, {"week": "8", "active": "false"}, {"week": "9", "active": "false"}, {"week": "10", "active": "false"}, {"week": "11", "active": "false"}, {"week": "12", "active": "false"}, {"week": "13", "active": "false"}, {"week": "14", "active": "false"}, {"week": "15", "active": "false"}, {"week": "16", "active": "false"}, {"week": "17", "active": "false"}], "2011": [{"week": "1", "active": "false"}, {"week": "2", "active": "false"}, {"week": "3", "fumbles_tot": 1, "passing_att": 11, "fumbles_rcv": 0, "passing_twoptm": 0, "fumbles_yds": 0, "fumbles_lost": 1, "fumbles_trcv": 0, "passing_twopta": 0, "passing_yds": 60, "passing_cmp": 5, "active": "true", "passing_ints": 0, "passing_tds": 0}, {"week": "4", "fumbles_tot": 1, "passing_att": 30, "fumbles_rcv": 0, "passing_twoptm": 0, "fumbles_yds": 0, "fumbles_lost": 1, "fumbles_trcv": 0, "passing_twopta": 0, "passing_yds": 281, "passing_cmp": 13, "active": "true", "passing_ints": 0, "passing_tds": 2}, {"week": "5", "passing_att": 27, "rushing_lngtd": 0, "passing_twoptm": 0, "passing_twopta": 0, "rushing_tds": 0, "passing_yds": 277, "rushing_yds": -1, "passing_cmp": 15, "rushing_twopta": 0, "active": "true", "rushing_lng": -1, "passing_ints": 0, "passing_tds": 2, "rushing_att": 1, "rushing_twoptm": 0}, {"week": "6", "passing_att": 34, "rushing_lngtd": 0, "passing_twoptm": 0, "passing_twopta": 0, "rushing_tds": 0, "passing_yds": 188, "rushing_yds": 14, "passing_cmp": 23, "rushing_twopta": 0, "active": "true", "rushing_lng": 12, "passing_ints": 1, "passing_tds": 1, "rushing_att": 4, "rushing_twoptm": 0}, {"week": "7", "fumbles_tot": 1, "passing_att": 17, "rushing_lngtd": 0, "passing_twoptm": 0, "fumbles_yds": 0, "fumbles_rcv": 0, "fumbles_trcv": 0, "passing_twopta": 0, "rushing_tds": 0, "passing_yds": 67, "rushing_yds": 11, "passing_cmp": 9, "rushing_twopta": 0, "fumbles_lost": 1, "rushing_lng": 11, "passing_ints": 1, "passing_tds": 0, "rushing_att": 2, "rushing_twoptm": 0, "active": "true"}, {"week": "8", "passing_att": 49, "rushing_lngtd": 0, "passing_twoptm": 0, "passing_twopta": 0, "rushing_tds": 0, "passing_yds": 250, "rushing_yds": 79, "passing_cmp": 26, "rushing_twopta": 0, "active": "true", "rushing_lng": 24, "passing_ints": 2, "passing_tds": 0, "rushing_att": 7, "rushing_twoptm": 0}, {"week": "9", "passing_att": 27, "rushing_lngtd": 0, "passing_twoptm": 0, "passing_twopta": 0, "rushing_tds": 0, "passing_yds": 98, "rushing_yds": 5, "passing_cmp": 13, "rushing_twopta": 0, "active": "true", "rushing_lng": 5, "passing_ints": 1, "passing_tds": 0, "rushing_att": 1, "rushing_twoptm": 0}, {"week": "10", "fumbles_tot": 1, "passing_att": 19, "rushing_lngtd": 0, "passing_twoptm": 0, "fumbles_yds": -17, "fumbles_rcv": 1, "fumbles_trcv": 1, "passing_twopta": 0, "rushing_tds": 0, "passing_yds": 94, "rushing_yds": -1, "passing_cmp": 13, "rushing_twopta": 0, "fumbles_lost": 0, "rushing_lng": 0, "passing_ints": 2, "passing_tds": 0, "rushing_att": 2, "rushing_twoptm": 0, "active": "true"}, {"week": "11", "active": "false"}, {"week": "12", "fumbles_tot": 1, "passing_att": 29, "fumbles_rcv": 0, "passing_twoptm": 0, "fumbles_yds": 0, "fumbles_lost": 0, "fumbles_trcv": 0, "passing_twopta": 1, "passing_yds": 226, "passing_cmp": 15, "active": "true", "passing_ints": 2, "passing_tds": 1}, {"week": "13", "active": "false"}, {"week": "14", "active": "false"}, {"week": "15", "active": "false"}, {"week": "16", "active": "false"}, {"week": "17", "active": "false"}], "2012": [{"week": "1", "active": "false"}, {"week": "2", "active": "false"}, {"week": "3", "active": "false"}, {"week": "4", "active": "false"}, {"week": "5", "active": "false"}, {"week": "6", "active": "false"}, {"week": "7", "active": "false"}, {"week": "8", "active": "false"}, {"week": "9", "active": "false"}, {"week": "10", "active": "false"}, {"week": "11", "active": "false"}, {"week": "12", "active": "false"}, {"week": "13", "active": "false"}, {"week": "14", "active": "false"}, {"week": "15", "active": "false"}, {"week": "16", "active": "false"}, {"week": "17", "active": "false"}], "2013": [{"week": "1", "active": "false"}, {"week": "2", "active": "false"}, {"week": "3", "passing_att": 4, "passing_twoptm": 0, "passing_twopta": 0, "passing_yds": 16, "passing_cmp": 2, "active": "true", "passing_ints": 1, "passing_tds": 0}, {"week": "4", "active": "false"}, {"week": "5", "active": "false"}, {"week": "6", "active": "false"}, {"week": "7", "active": "false"}, {"week": "8", "active": "false"}, {"week": "9", "active": "false"}, {"week": "10", "active": "false"}, {"week": "11", "active": "false"}, {"week": "12", "active": "false"}, {"week": "13", "active": "false"}, {"week": "14", "active": "false"}, {"week": "15", "passing_att": 4, "passing_twoptm": 0, "passing_twopta": 0, "passing_yds": 30, "passing_cmp": 4, "active": "true", "passing_ints": 0, "passing_tds": 0}, {"week": "16", "active": "false"}, {"week": "17", "fumbles_tot": 2, "passing_att": 8, "rushing_lngtd": 0, "passing_twoptm": 0, "fumbles_yds": -6, "fumbles_rcv": 2, "fumbles_trcv": 2, "passing_twopta": 0, "rushing_tds": 0, "passing_yds": 11, "rushing_yds": -2, "passing_cmp": 2, "rushing_twopta": 0, "fumbles_lost": 0, "rushing_lng": 0, "passing_ints": 1, "passing_tds": 0, "rushing_att": 3, "rushing_twoptm": 0, "active": "true"}], "2014": [{"week": "1", "active": "false"}, {"week": "2", "active": "false"}, {"week": "3", "active": "false"}, {"week": "4", "active": "false"}, {"week": "5", "active": "false"}, {"week": "6", "active": "false"}, {"week": "7", "active": "false"}, {"week": "8", "active": "false"}, {"week": "9", "active": "false"}, {"week": "10", "active": "false"}, {"week": "11", "active": "false"}, {"week": "12", "active": "false"}, {"week": "13", "active": "false"}, {"week": "14", "active": "false"}]}}