{"D.Lewis": {"2009": [{"week": "1", "fumbles_tot": 0, "fumbles_yds": 0, "fumbles_lost": 0, "fumbles_trcv": 1, "fumbles_rcv": 0, "defense_sk": 0, "defense_tkl": 2, "defense_int": 0, "active": "true", "defense_ffum": 0, "defense_ast": 0}, {"week": "2", "defense_sk": 0, "defense_tkl": 2, "defense_int": 0, "active": "true", "defense_ffum": 0, "defense_ast": 0}, {"week": "3", "defense_sk": 0, "defense_tkl": 1, "defense_int": 0, "active": "true", "defense_ffum": 0, "defense_ast": 1}, {"week": "4", "active": "false"}, {"week": "5", "defense_sk": 0, "defense_tkl": 2, "defense_int": 0, "active": "true", "defense_ffum": 0, "defense_ast": 1}, {"week": "6", "active": "false"}, {"week": "7", "defense_sk": 0, "defense_tkl": 5, "defense_int": 0, "active": "true", "defense_ffum": 0, "defense_ast": 1}, {"week": "8", "defense_sk": 0, "defense_tkl": 1, "defense_int": 0, "active": "true", "defense_ffum": 0, "defense_ast": 0}, {"week": "9", "defense_sk": 0, "defense_tkl": 1, "defense_int": 0, "active": "true", "defense_ffum": 0, "defense_ast": 0}, {"week": "10", "defense_sk": 0, "defense_tkl": 2, "defense_int": 0, "active": "true", "defense_ffum": 0, "defense_ast": 1}, {"week": "11", "defense_sk": 0, "defense_tkl": 1, "defense_int": 0, "active": "true", "defense_ffum": 0, "defense_ast": 0}, {"week": "12", "defense_sk": 0.5, "defense_tkl": 1, "defense_int": 0, "active": "true", "defense_ffum": 0, "defense_ast": 4}, {"week": "13", "defense_sk": 0, "defense_tkl": 4, "defense_int": 0, "active": "true", "defense_ffum": 0, "defense_ast": 0}, {"week": "14", "defense_sk": 0, "defense_tkl": 5, "defense_int": 0, "active": "true", "defense_ffum": 0, "defense_ast": 3}, {"week": "15", "defense_sk": 0, "defense_tkl": 1, "defense_int": 0, "active": "true", "defense_ffum": 0, "defense_ast": 1}, {"week": "16", "defense_sk": 0, "defense_tkl": 1, "defense_int": 0, "active": "true", "defense_ffum": 0, "defense_ast": 0}, {"week": "17", "active": "false"}], "2010": [{"week": "1", "active": "false"}, {"week": "2", "active": "false"}, {"week": "3", "active": "false"}, {"week": "4", "active": "false"}, {"week": "5", "active": "false"}, {"week": "6", "active": "false"}, {"week": "7", "active": "false"}, {"week": "8", "defense_sk": 0, "defense_tkl": 1, "defense_int": 0, "active": "true", "defense_ffum": 0, "defense_ast": 0}, {"week": "9", "defense_sk": 0, "defense_tkl": 0, "defense_int": 0, "active": "true", "defense_ffum": 0, "defense_ast": 1}, {"week": "10", "active": "false"}, {"week": "11", "defense_sk": 1, "defense_tkl": 1, "defense_int": 0, "active": "true", "defense_ffum": 0, "defense_ast": 0}, {"week": "12", "active": "false"}, {"week": "13", "defense_sk": 0, "defense_tkl": 1, "defense_int": 0, "active": "true", "defense_ffum": 0, "defense_ast": 0}, {"week": "14", "defense_sk": 0, "defense_tkl": 2, "defense_int": 0, "active": "true", "defense_ffum": 0, "defense_ast": 2}, {"week": "15", "defense_sk": 0, "defense_tkl": 3, "defense_int": 0, "active": "true", "defense_ffum": 0, "defense_ast": 0}, {"week": "16", "defense_sk": 0, "defense_tkl": 2, "defense_int": 0, "active": "true", "defense_ffum": 0, "defense_ast": 1}, {"week": "17", "defense_sk": 0, "defense_tkl": 3, "defense_int": 0, "active": "true", "defense_ffum": 0, "defense_ast": 0}], "2011": [{"week": "1", "kickret_lngtd": 0, "rushing_lngtd": 0, "kickret_lng": 18, "receiving_tds": 0, "receiving_twopta": 0, "kickret_ret": 2, "receiving_lng": -3, "rushing_tds": 0, "kickret_avg": 18, "rushing_twopta": 0, "active": "true", "receiving_rec": 1, "rushing_lng": 6, "rushing_yds": 10, "receiving_lngtd": 0, "receiving_yds": -3, "rushing_att": 2, "receiving_twoptm": 0, "rushing_twoptm": 0, "kickret_tds": 0}, {"week": "2", "kickret_lngtd": 0, "kickret_lng": 30, "kickret_avg": 22, "kickret_tds": 0, "active": "true", "kickret_ret": 5}, {"week": "3", "kickret_lngtd": 0, "rushing_lngtd": 0, "kickret_lng": 25, "kickret_tds": 0, "kickret_ret": 2, "rushing_tds": 0, "kickret_avg": 22, "rushing_twopta": 0, "rushing_lng": 3, "rushing_yds": 3, "active": "true", "rushing_att": 1, "rushing_twoptm": 0}, {"week": "4", "kickret_lngtd": 0, "kickret_lng": 21, "kickret_avg": 20, "kickret_tds": 0, "active": "true", "kickret_ret": 2}, {"week": "5", "kickret_lngtd": 0, "rushing_lngtd": 0, "kickret_lng": 22, "kickret_tds": 0, "kickret_ret": 3, "rushing_tds": 0, "kickret_avg": 20, "rushing_twopta": 0, "rushing_lng": 6, "rushing_yds": 8, "active": "true", "rushing_att": 2, "rushing_twoptm": 0}, {"week": "6", "rushing_lngtd": 0, "rushing_tds": 0, "rushing_twopta": 0, "rushing_lng": 7, "rushing_yds": 10, "active": "true", "rushing_att": 2, "rushing_twoptm": 0}, {"week": "7", "active": "false"}, {"week": "8", "active": "false"}, {"week": "9", "kickret_lngtd": 0, "kickret_lng": 32, "kickret_avg": 23, "kickret_tds": 0, "active": "true", "kickret_ret": 4}, {"week": "10", "kickret_lngtd": 0, "rushing_lngtd": 0, "kickret_lng": 33, "kickret_tds": 0, "kickret_ret": 2, "rushing_tds": 0, "kickret_avg": 27, "rushing_twopta": 0, "rushing_lng": 2, "rushing_yds": 2, "active": "true", "rushing_att": 1, "rushing_twoptm": 0}, {"week": "11", "kickret_lngtd": 0, "rushing_lngtd": 0, "kickret_lng": 26, "kickret_tds": 0, "kickret_ret": 1, "rushing_tds": 0, "kickret_avg": 26, "rushing_twopta": 0, "rushing_lng": 1, "rushing_yds": 1, "active": "true", "rushing_att": 1, "rushing_twoptm": 0}, {"week": "12", "kickret_lngtd": 0, "kickret_lng": 20, "kickret_avg": 19, "kickret_tds": 0, "active": "true", "kickret_ret": 2}, {"week": "13", "kickret_lngtd": 0, "kickret_lng": 30, "kickret_avg": 23, "kickret_tds": 0, "active": "true", "kickret_ret": 4}, {"week": "14", "active": "false"}, {"week": "15", "fumbles_tot": 1, "kickret_lngtd": 0, "rushing_lngtd": 0, "kickret_lng": 21, "kickret_tds": 0, "fumbles_yds": 0, "fumbles_lost": 1, "fumbles_trcv": 0, "kickret_ret": 4, "rushing_tds": 0, "fumbles_rcv": 0, "kickret_avg": 17, "rushing_twopta": 0, "rushing_lng": 7, "rushing_yds": 10, "active": "true", "rushing_att": 2, "rushing_twoptm": 0}, {"week": "16", "active": "false"}, {"week": "17", "rushing_lngtd": 9, "rushing_tds": 1, "rushing_twopta": 0, "rushing_lng": 20, "rushing_yds": 58, "active": "true", "rushing_att": 12, "rushing_twoptm": 0}], "2012": [{"week": "1", "active": "false"}, {"week": "2", "active": "false"}, {"week": "3", "active": "false"}, {"week": "4", "active": "false"}, {"week": "5", "active": "false"}, {"week": "6", "active": "false"}, {"week": "7", "active": "false"}, {"week": "8", "active": "false"}, {"week": "9", "active": "false"}, {"week": "10", "active": "false"}, {"week": "11", "active": "false"}, {"week": "12", "rushing_lngtd": 0, "rushing_tds": 0, "rushing_twopta": 0, "rushing_lng": 11, "rushing_yds": 24, "active": "true", "rushing_att": 5, "rushing_twoptm": 0}, {"week": "13", "rushing_lngtd": 0, "rushing_tds": 0, "rushing_twopta": 0, "rushing_lng": 11, "rushing_yds": 14, "active": "true", "rushing_att": 2, "rushing_twoptm": 0}, {"week": "14", "kickret_lngtd": 0, "rushing_lngtd": 0, "kickret_lng": 33, "receiving_tds": 0, "receiving_twopta": 1, "kickret_ret": 1, "receiving_lng": 28, "rushing_tds": 0, "kickret_avg": 33, "rushing_twopta": 0, "active": "true", "receiving_rec": 1, "rushing_lng": -4, "rushing_yds": -4, "receiving_lngtd": 0, "receiving_yds": 28, "rushing_att": 1, "receiving_twoptm": 0, "rushing_twoptm": 0, "kickret_tds": 0}, {"week": "15", "rushing_lngtd": 0, "receiving_tds": 0, "receiving_twopta": 0, "receiving_lng": -4, "rushing_tds": 0, "rushing_twopta": 0, "active": "true", "receiving_rec": 1, "rushing_lng": 3, "rushing_yds": 3, "receiving_lngtd": 0, "receiving_yds": -4, "rushing_att": 1, "receiving_twoptm": 0, "rushing_twoptm": 0}, {"week": "16", "rushing_lngtd": 17, "rushing_tds": 1, "rushing_twopta": 0, "rushing_lng": 17, "rushing_yds": 17, "active": "true", "rushing_att": 1, "rushing_twoptm": 0}, {"week": "17", "rushing_lngtd": 0, "rushing_tds": 0, "rushing_twopta": 0, "rushing_lng": 8, "rushing_yds": 15, "active": "true", "rushing_att": 3, "rushing_twoptm": 0}], "2013": [{"week": "1", "active": "false"}, {"week": "2", "active": "false"}, {"week": "3", "active": "false"}, {"week": "4", "active": "false"}, {"week": "5", "active": "false"}, {"week": "6", "active": "false"}, {"week": "7", "active": "false"}, {"week": "8", "active": "false"}, {"week": "9", "active": "false"}, {"week": "10", "active": "false"}, {"week": "11", "active": "false"}, {"week": "12", "active": "false"}, {"week": "13", "active": "false"}, {"week": "14", "active": "false"}, {"week": "15", "active": "false"}, {"week": "16", "active": "false"}, {"week": "17", "active": "false"}], "2014": [{"week": "1", "active": "false"}, {"week": "2", "active": "false"}, {"week": "3", "active": "false"}, {"week": "4", "active": "false"}, {"week": "5", "active": "false"}, {"week": "6", "active": "false"}, {"week": "7", "active": "false"}, {"week": "8", "active": "false"}, {"week": "9", "active": "false"}, {"week": "10", "active": "false"}, {"week": "11", "active": "false"}, {"week": "12", "active": "false"}, {"week": "13", "active": "false"}, {"week": "14", "active": "false"}]}}