{"D.Carpenter": {"2009": [{"week": "1", "kicking_xpmissed": 0, "kicking_totpfg": 0, "kicking_xptot": 1, "kicking_xpmade": 1, "kicking_fga": 0, "active": "true", "kicking_fgm": 0, "kicking_xpa": 1, "kicking_xpb": 0, "kicking_fgyds": 0}, {"week": "2", "kicking_xpmissed": 0, "kicking_totpfg": 9, "kicking_xptot": 2, "kicking_xpmade": 2, "kicking_fga": 4, "active": "true", "kicking_fgm": 3, "kicking_xpa": 2, "kicking_xpb": 0, "kicking_fgyds": 45}, {"week": "3", "kicking_xpmissed": 0, "kicking_totpfg": 6, "kicking_xptot": 1, "kicking_xpmade": 1, "kicking_fga": 2, "active": "true", "kicking_fgm": 2, "kicking_xpa": 1, "kicking_xpb": 0, "kicking_fgyds": 24}, {"week": "4", "kicking_xpmissed": 0, "kicking_totpfg": 3, "kicking_xptot": 5, "kicking_xpmade": 5, "kicking_fga": 1, "active": "true", "kicking_fgm": 1, "kicking_xpa": 5, "kicking_xpb": 0, "kicking_fgyds": 33}, {"week": "5", "kicking_xpmissed": 0, "kicking_totpfg": 3, "kicking_xptot": 4, "kicking_xpmade": 4, "kicking_fga": 1, "active": "true", "kicking_fgm": 1, "kicking_xpa": 4, "kicking_xpb": 0, "kicking_fgyds": 35}, {"week": "6", "active": "false"}, {"week": "7", "kicking_xpmissed": 0, "kicking_totpfg": 6, "kicking_xptot": 4, "kicking_xpmade": 4, "kicking_fga": 2, "active": "true", "kicking_fgm": 2, "kicking_xpa": 4, "kicking_xpb": 0, "kicking_fgyds": 33}, {"week": "8", "kicking_xpmissed": 0, "kicking_totpfg": 3, "kicking_xptot": 3, "kicking_xpmade": 3, "kicking_fga": 1, "active": "true", "kicking_fgm": 1, "kicking_xpa": 3, "kicking_xpb": 0, "kicking_fgyds": 48}, {"week": "9", "kicking_xpmissed": 0, "kicking_totpfg": 3, "kicking_xptot": 2, "kicking_xpmade": 2, "kicking_fga": 1, "active": "true", "kicking_fgm": 1, "kicking_xpa": 2, "kicking_xpb": 0, "kicking_fgyds": 52}, {"week": "10", "kicking_xpmissed": 0, "kicking_totpfg": 12, "kicking_xptot": 1, "kicking_xpmade": 1, "kicking_fga": 4, "active": "true", "kicking_fgm": 4, "kicking_xpa": 1, "kicking_xpb": 1, "kicking_fgyds": 49}, {"week": "11", "kicking_xpmissed": 0, "kicking_totpfg": 3, "kicking_xptot": 3, "kicking_xpmade": 3, "kicking_fga": 1, "active": "true", "kicking_fgm": 1, "kicking_xpa": 3, "kicking_xpb": 0, "kicking_fgyds": 37}, {"week": "12", "kicking_xpmissed": 0, "kicking_totpfg": 0, "kicking_xptot": 2, "kicking_xpmade": 2, "kicking_fga": 0, "active": "true", "kicking_fgm": 0, "kicking_xpa": 2, "kicking_xpb": 0, "kicking_fgyds": 0}, {"week": "13", "kicking_xpmissed": 0, "kicking_totpfg": 9, "kicking_xptot": 1, "kicking_xpmade": 1, "kicking_fga": 3, "active": "true", "kicking_fgm": 3, "kicking_xpa": 1, "kicking_xpb": 0, "kicking_fgyds": 41}, {"week": "14", "kicking_xpmissed": 0, "kicking_totpfg": 0, "kicking_xptot": 2, "kicking_xpmade": 2, "kicking_fga": 1, "active": "true", "kicking_fgm": 0, "kicking_xpa": 2, "kicking_xpb": 0, "kicking_fgyds": 0}, {"week": "15", "kicking_xpmissed": 0, "kicking_totpfg": 9, "kicking_xptot": 1, "kicking_xpmade": 1, "kicking_fga": 3, "active": "true", "kicking_fgm": 3, "kicking_xpa": 1, "kicking_xpb": 0, "kicking_fgyds": 45}, {"week": "16", "kicking_xpmissed": 0, "kicking_totpfg": 6, "kicking_xptot": 2, "kicking_xpmade": 2, "kicking_fga": 3, "active": "true", "kicking_fgm": 2, "kicking_xpa": 2, "kicking_xpb": 0, "kicking_fgyds": 38}, {"week": "17", "kicking_xpmissed": 0, "kicking_totpfg": 3, "kicking_xptot": 3, "kicking_xpmade": 3, "kicking_fga": 1, "active": "true", "kicking_fgm": 1, "kicking_xpa": 3, "kicking_xpb": 0, "kicking_fgyds": 25}], "2010": [{"week": "1", "kicking_xpmissed": 0, "kicking_totpfg": 6, "kicking_xptot": 1, "kicking_xpmade": 1, "kicking_fga": 3, "active": "true", "kicking_fgm": 2, "kicking_xpa": 1, "kicking_xpb": 0, "kicking_fgyds": 43}, {"week": "2", "kicking_xpmissed": 0, "kicking_totpfg": 0, "kicking_xptot": 2, "kicking_xpmade": 2, "kicking_fga": 0, "active": "true", "kicking_fgm": 0, "kicking_xpa": 2, "kicking_xpb": 0, "kicking_fgyds": 0}, {"week": "3", "kicking_xpmissed": 0, "kicking_totpfg": 9, "kicking_xptot": 2, "kicking_xpmade": 2, "kicking_fga": 3, "active": "true", "kicking_fgm": 3, "kicking_xpa": 2, "kicking_xpb": 0, "kicking_fgyds": 50}, {"week": "4", "kicking_xpmissed": 0, "kicking_totpfg": 0, "kicking_xptot": 2, "kicking_xpmade": 2, "kicking_fga": 0, "active": "true", "kicking_fgm": 0, "kicking_xpa": 2, "kicking_xpb": 0, "kicking_fgyds": 0}, {"week": "5", "active": "false"}, {"week": "6", "kicking_xpmissed": 0, "kicking_totpfg": 9, "kicking_xptot": 2, "kicking_xpmade": 2, "kicking_fga": 3, "active": "true", "kicking_fgm": 3, "kicking_xpa": 2, "kicking_xpb": 0, "kicking_fgyds": 53}, {"week": "7", "kicking_xpmissed": 0, "kicking_totpfg": 15, "kicking_xptot": 1, "kicking_xpmade": 1, "kicking_fga": 5, "active": "true", "kicking_fgm": 5, "kicking_xpa": 1, "kicking_xpb": 0, "kicking_fgyds": 40}, {"week": "8", "kicking_xpmissed": 0, "kicking_totpfg": 15, "kicking_xptot": 1, "kicking_xpmade": 1, "kicking_fga": 5, "active": "true", "kicking_fgm": 5, "kicking_xpa": 1, "kicking_xpb": 0, "kicking_fgyds": 54}, {"week": "9", "kicking_xpmissed": 0, "kicking_totpfg": 3, "kicking_xptot": 1, "kicking_xpmade": 1, "kicking_fga": 2, "active": "true", "kicking_fgm": 1, "kicking_xpa": 1, "kicking_xpb": 0, "kicking_fgyds": 19}, {"week": "10", "kicking_xpmissed": 0, "kicking_totpfg": 9, "kicking_xptot": 2, "kicking_xpmade": 2, "kicking_fga": 3, "active": "true", "kicking_fgm": 3, "kicking_xpa": 2, "kicking_xpb": 0, "kicking_fgyds": 42}, {"week": "11", "active": "false"}, {"week": "12", "kicking_xpmissed": 0, "kicking_totpfg": 12, "kicking_xptot": 3, "kicking_xpmade": 3, "kicking_fga": 6, "active": "true", "kicking_fgm": 4, "kicking_xpa": 3, "kicking_xpb": 0, "kicking_fgyds": 49}, {"week": "13", "kicking_xpmissed": 0, "kicking_totpfg": 3, "kicking_xptot": 1, "kicking_xpmade": 1, "kicking_fga": 1, "active": "true", "kicking_fgm": 1, "kicking_xpa": 1, "kicking_xpb": 0, "kicking_fgyds": 60}, {"week": "14", "kicking_xpmissed": 0, "kicking_totpfg": 3, "kicking_xptot": 1, "kicking_xpmade": 1, "kicking_fga": 1, "active": "true", "kicking_fgm": 1, "kicking_xpa": 1, "kicking_xpb": 0, "kicking_fgyds": 47}, {"week": "15", "kicking_xpmissed": 0, "kicking_totpfg": 0, "kicking_xptot": 2, "kicking_xpmade": 2, "kicking_fga": 4, "active": "true", "kicking_fgm": 0, "kicking_xpa": 2, "kicking_xpb": 0, "kicking_fgyds": 0}, {"week": "16", "kicking_xpmissed": 0, "kicking_totpfg": 6, "kicking_xptot": 3, "kicking_xpmade": 3, "kicking_fga": 2, "active": "true", "kicking_fgm": 2, "kicking_xpa": 3, "kicking_xpb": 0, "kicking_fgyds": 40}, {"week": "17", "kicking_xpmissed": 0, "kicking_totpfg": 0, "kicking_xptot": 1, "kicking_xpmade": 1, "kicking_fga": 1, "active": "true", "kicking_fgm": 0, "kicking_xpa": 1, "kicking_xpb": 0, "kicking_fgyds": 0}], "2011": [{"week": "1", "kicking_xpmissed": 0, "kicking_totpfg": 3, "kicking_xptot": 3, "kicking_xpmade": 3, "kicking_fga": 1, "active": "true", "kicking_fgm": 1, "kicking_xpa": 3, "kicking_xpb": 0, "kicking_fgyds": 20}, {"week": "2", "kicking_xpmissed": 0, "kicking_totpfg": 6, "kicking_xptot": 1, "kicking_xpmade": 1, "kicking_fga": 3, "active": "true", "kicking_fgm": 2, "kicking_xpa": 1, "kicking_xpb": 0, "kicking_fgyds": 42}, {"week": "3", "kicking_xpmissed": 0, "kicking_totpfg": 9, "kicking_xptot": 1, "kicking_xpmade": 1, "kicking_fga": 4, "active": "true", "kicking_fgm": 3, "kicking_xpa": 1, "kicking_xpb": 0, "kicking_fgyds": 41}, {"week": "4", "kicking_xpmissed": 0, "kicking_totpfg": 9, "kicking_xptot": 1, "kicking_xpmade": 1, "kicking_fga": 3, "active": "true", "kicking_fgm": 3, "kicking_xpa": 1, "kicking_xpb": 0, "kicking_fgyds": 51}, {"week": "5", "active": "false"}, {"week": "6", "kicking_xpmissed": 0, "kicking_totpfg": 6, "kicking_xptot": 0, "kicking_xpmade": 0, "kicking_fga": 2, "active": "true", "kicking_fgm": 2, "kicking_xpa": 0, "kicking_xpb": 0, "kicking_fgyds": 23}, {"week": "7", "kicking_xpmissed": 0, "kicking_totpfg": 9, "kicking_xptot": 0, "kicking_xpmade": 0, "kicking_fga": 3, "active": "true", "kicking_fgm": 3, "kicking_xpa": 0, "kicking_xpb": 0, "kicking_fgyds": 43}, {"week": "8", "kicking_xpmissed": 0, "kicking_totpfg": 3, "kicking_xptot": 2, "kicking_xpmade": 2, "kicking_fga": 1, "active": "true", "kicking_fgm": 1, "kicking_xpa": 2, "kicking_xpb": 0, "kicking_fgyds": 40}, {"week": "9", "kicking_xpmissed": 0, "kicking_totpfg": 3, "kicking_xptot": 4, "kicking_xpmade": 4, "kicking_fga": 1, "active": "true", "kicking_fgm": 1, "kicking_xpa": 4, "kicking_xpb": 0, "kicking_fgyds": 42}, {"week": "10", "kicking_xpmissed": 0, "kicking_totpfg": 6, "kicking_xptot": 2, "kicking_xpmade": 2, "kicking_fga": 3, "active": "true", "kicking_fgm": 2, "kicking_xpa": 2, "kicking_xpb": 0, "kicking_fgyds": 28}, {"week": "11", "active": "false"}, {"week": "12", "active": "false"}, {"week": "13", "kicking_xpmissed": 0, "kicking_totpfg": 6, "kicking_xptot": 4, "kicking_xpmade": 4, "kicking_fga": 2, "active": "true", "kicking_fgm": 2, "kicking_xpa": 4, "kicking_xpb": 0, "kicking_fgyds": 48}, {"week": "14", "kicking_xpmissed": 0, "kicking_totpfg": 3, "kicking_xptot": 1, "kicking_xpmade": 1, "kicking_fga": 2, "active": "true", "kicking_fgm": 1, "kicking_xpa": 1, "kicking_xpb": 0, "kicking_fgyds": 22}, {"week": "15", "kicking_xpmissed": 0, "kicking_totpfg": 9, "kicking_xptot": 3, "kicking_xpmade": 3, "kicking_fga": 3, "active": "true", "kicking_fgm": 3, "kicking_xpa": 3, "kicking_xpb": 0, "kicking_fgyds": 26}, {"week": "16", "kicking_xpmissed": 0, "kicking_totpfg": 3, "kicking_xptot": 3, "kicking_xpmade": 3, "kicking_fga": 1, "active": "true", "kicking_fgm": 1, "kicking_xpa": 3, "kicking_xpb": 0, "kicking_fgyds": 47}, {"week": "17", "kicking_xpmissed": 0, "kicking_totpfg": 12, "kicking_xptot": 1, "kicking_xpmade": 1, "kicking_fga": 4, "active": "true", "kicking_fgm": 4, "kicking_xpa": 1, "kicking_xpb": 0, "kicking_fgyds": 58}], "2012": [{"week": "1", "kicking_xpmissed": 0, "kicking_totpfg": 3, "kicking_xptot": 1, "kicking_xpmade": 1, "kicking_fga": 1, "active": "true", "kicking_fgm": 1, "kicking_xpa": 1, "kicking_xpb": 0, "kicking_fgyds": 39}, {"week": "2", "punting_lng": 29, "kicking_xpmissed": 0, "punting_pts": 1, "kicking_totpfg": 0, "kicking_xptot": 5, "punting_avg": 29, "kicking_xpmade": 5, "kicking_fga": 0, "active": "true", "punting_yds": 29, "kicking_fgm": 0, "punting_i20": 1, "kicking_xpa": 5, "kicking_xpb": 0, "kicking_fgyds": 0}, {"week": "3", "kicking_xpmissed": 0, "kicking_totpfg": 6, "kicking_xptot": 2, "kicking_xpmade": 2, "kicking_fga": 4, "active": "true", "kicking_fgm": 2, "kicking_xpa": 2, "kicking_xpb": 0, "kicking_fgyds": 41}, {"week": "4", "kicking_xpmissed": 0, "kicking_totpfg": 6, "kicking_xptot": 1, "kicking_xpmade": 1, "kicking_fga": 3, "active": "true", "kicking_fgm": 2, "kicking_xpa": 1, "kicking_xpb": 0, "kicking_fgyds": 32}, {"week": "5", "kicking_xpmissed": 0, "kicking_totpfg": 3, "kicking_xptot": 2, "kicking_xpmade": 2, "kicking_fga": 2, "active": "true", "kicking_fgm": 1, "kicking_xpa": 2, "kicking_xpb": 0, "kicking_fgyds": 46}, {"week": "6", "kicking_xpmissed": 0, "kicking_totpfg": 3, "kicking_xptot": 2, "kicking_xpmade": 2, "kicking_fga": 1, "active": "true", "kicking_fgm": 1, "kicking_xpa": 2, "kicking_xpb": 0, "kicking_fgyds": 42}, {"week": "7", "active": "false"}, {"week": "8", "kicking_xpmissed": 0, "kicking_totpfg": 9, "kicking_xptot": 3, "kicking_xpmade": 3, "kicking_fga": 3, "active": "true", "kicking_fgm": 3, "kicking_xpa": 3, "kicking_xpb": 0, "kicking_fgyds": 42}, {"week": "9", "kicking_xpmissed": 0, "kicking_totpfg": 6, "kicking_xptot": 2, "kicking_xpmade": 2, "kicking_fga": 2, "active": "true", "kicking_fgm": 2, "kicking_xpa": 2, "kicking_xpb": 0, "kicking_fgyds": 37}, {"week": "10", "kicking_xpmissed": 0, "kicking_totpfg": 3, "kicking_xptot": 0, "kicking_xpmade": 0, "kicking_fga": 1, "active": "true", "kicking_fgm": 1, "kicking_xpa": 0, "kicking_xpb": 0, "kicking_fgyds": 40}, {"week": "11", "kicking_xpmissed": 0, "kicking_totpfg": 0, "kicking_xptot": 2, "kicking_xpmade": 2, "kicking_fga": 1, "active": "true", "kicking_fgm": 0, "kicking_xpa": 2, "kicking_xpb": 0, "kicking_fgyds": 0}, {"week": "12", "kicking_xpmissed": 0, "kicking_totpfg": 3, "kicking_xptot": 3, "kicking_xpmade": 3, "kicking_fga": 1, "active": "true", "kicking_fgm": 1, "kicking_xpa": 3, "kicking_xpb": 0, "kicking_fgyds": 43}, {"week": "13", "kicking_xpmissed": 0, "kicking_totpfg": 9, "kicking_xptot": 1, "kicking_xpmade": 1, "kicking_fga": 3, "active": "true", "kicking_fgm": 3, "kicking_xpa": 1, "kicking_xpb": 0, "kicking_fgyds": 44}, {"week": "14", "kicking_xpmissed": 0, "kicking_totpfg": 6, "kicking_xptot": 1, "kicking_xpmade": 1, "kicking_fga": 2, "active": "true", "kicking_fgm": 2, "kicking_xpa": 1, "kicking_xpb": 0, "kicking_fgyds": 53}, {"week": "15", "kicking_xpmissed": 0, "kicking_totpfg": 9, "kicking_xptot": 1, "kicking_xpmade": 1, "kicking_fga": 3, "active": "true", "kicking_fgm": 3, "kicking_xpa": 1, "kicking_xpb": 0, "kicking_fgyds": 53}, {"week": "16", "active": "false"}, {"week": "17", "active": "false"}], "2013": [{"week": "1", "kicking_xpmissed": 0, "kicking_totpfg": 0, "kicking_xptot": 3, "kicking_xpmade": 3, "kicking_fga": 0, "active": "true", "kicking_fgm": 0, "kicking_xpa": 3, "kicking_xpb": 0, "kicking_fgyds": 0}, {"week": "2", "kicking_xpmissed": 0, "kicking_totpfg": 9, "kicking_xptot": 1, "kicking_xpmade": 1, "kicking_fga": 4, "active": "true", "kicking_fgm": 3, "kicking_xpa": 1, "kicking_xpb": 0, "kicking_fgyds": 55}, {"week": "3", "kicking_xpmissed": 0, "kicking_totpfg": 12, "kicking_xptot": 0, "kicking_xpmade": 0, "kicking_fga": 4, "active": "true", "kicking_fgm": 4, "kicking_xpa": 0, "kicking_xpb": 0, "kicking_fgyds": 43}, {"week": "4", "kicking_xpmissed": 0, "kicking_totpfg": 9, "kicking_xptot": 2, "kicking_xpmade": 2, "kicking_fga": 3, "active": "true", "kicking_fgm": 3, "kicking_xpa": 2, "kicking_xpb": 0, "kicking_fgyds": 27}, {"week": "5", "kicking_xpmissed": 0, "kicking_totpfg": 3, "kicking_xptot": 3, "kicking_xpmade": 3, "kicking_fga": 1, "active": "true", "kicking_fgm": 1, "kicking_xpa": 3, "kicking_xpb": 0, "kicking_fgyds": 52}, {"week": "6", "kicking_xpmissed": 0, "kicking_totpfg": 3, "kicking_xptot": 3, "kicking_xpmade": 3, "kicking_fga": 1, "active": "true", "kicking_fgm": 1, "kicking_xpa": 3, "kicking_xpb": 0, "kicking_fgyds": 51}, {"week": "7", "kicking_xpmissed": 0, "kicking_totpfg": 9, "kicking_xptot": 2, "kicking_xpmade": 2, "kicking_fga": 3, "active": "true", "kicking_fgm": 3, "kicking_xpa": 2, "kicking_xpb": 0, "kicking_fgyds": 39}, {"week": "8", "kicking_xpmissed": 0, "kicking_totpfg": 3, "kicking_xptot": 2, "kicking_xpmade": 2, "kicking_fga": 2, "active": "true", "kicking_fgm": 1, "kicking_xpa": 2, "kicking_xpb": 0, "kicking_fgyds": 37}, {"week": "9", "kicking_xpmissed": 0, "kicking_totpfg": 6, "kicking_xptot": 1, "kicking_xpmade": 1, "kicking_fga": 2, "active": "true", "kicking_fgm": 2, "kicking_xpa": 1, "kicking_xpb": 0, "kicking_fgyds": 30}, {"week": "10", "kicking_xpmissed": 0, "kicking_totpfg": 3, "kicking_xptot": 1, "kicking_xpmade": 1, "kicking_fga": 1, "active": "true", "kicking_fgm": 1, "kicking_xpa": 1, "kicking_xpb": 0, "kicking_fgyds": 20}, {"week": "11", "kicking_xpmissed": 0, "kicking_totpfg": 9, "kicking_xptot": 4, "kicking_xpmade": 4, "kicking_fga": 3, "active": "true", "kicking_fgm": 3, "kicking_xpa": 4, "kicking_xpb": 0, "kicking_fgyds": 43}, {"week": "12", "active": "false"}, {"week": "13", "kicking_xpmissed": 0, "kicking_totpfg": 3, "kicking_xptot": 4, "kicking_xpmade": 4, "kicking_fga": 1, "active": "true", "kicking_fgm": 1, "kicking_xpa": 4, "kicking_xpb": 0, "kicking_fgyds": 29}, {"week": "14", "kicking_xpmissed": 0, "kicking_totpfg": 6, "kicking_xptot": 0, "kicking_xpmade": 0, "kicking_fga": 2, "active": "true", "kicking_fgm": 2, "kicking_xpa": 0, "kicking_xpb": 0, "kicking_fgyds": 46}, {"week": "15", "kicking_xpmissed": 0, "kicking_totpfg": 6, "kicking_xptot": 3, "kicking_xpmade": 3, "kicking_fga": 3, "active": "true", "kicking_fgm": 2, "kicking_xpa": 3, "kicking_xpb": 0, "kicking_fgyds": 42}, {"week": "16", "kicking_xpmissed": 0, "kicking_totpfg": 12, "kicking_xptot": 1, "kicking_xpmade": 1, "kicking_fga": 4, "active": "true", "kicking_fgm": 4, "kicking_xpa": 1, "kicking_xpb": 0, "kicking_fgyds": 45}, {"week": "17", "kicking_xpmissed": 0, "kicking_totpfg": 6, "kicking_xptot": 2, "kicking_xpmade": 2, "kicking_fga": 2, "active": "true", "kicking_fgm": 2, "kicking_xpa": 2, "kicking_xpb": 0, "kicking_fgyds": 51}], "2014": [{"week": "1", "kicking_xpmissed": 0, "kicking_totpfg": 9, "kicking_xptot": 2, "kicking_xpmade": 2, "kicking_fga": 3, "active": "true", "kicking_fgm": 3, "kicking_xpa": 2, "kicking_xpb": 0, "kicking_fgyds": 50}, {"week": "2", "kicking_xpmissed": 0, "kicking_totpfg": 15, "kicking_xptot": 2, "kicking_xpmade": 2, "kicking_fga": 6, "active": "true", "kicking_fgm": 5, "kicking_xpa": 2, "kicking_xpb": 0, "kicking_fgyds": 38}, {"week": "3", "kicking_xpmissed": 0, "kicking_totpfg": 3, "kicking_xptot": 1, "kicking_xpmade": 1, "kicking_fga": 1, "active": "true", "kicking_fgm": 1, "kicking_xpa": 1, "kicking_xpb": 0, "kicking_fgyds": 45}, {"week": "4", "kicking_xpmissed": 0, "kicking_totpfg": 3, "kicking_xptot": 2, "kicking_xpmade": 2, "kicking_fga": 1, "active": "true", "kicking_fgm": 1, "kicking_xpa": 2, "kicking_xpb": 0, "kicking_fgyds": 31}, {"week": "5", "kicking_xpmissed": 0, "kicking_totpfg": 9, "kicking_xptot": 0, "kicking_xpmade": 0, "kicking_fga": 4, "active": "true", "kicking_fgm": 3, "kicking_xpa": 0, "kicking_xpb": 0, "kicking_fgyds": 58}, {"week": "6", "kicking_xpmissed": 0, "kicking_totpfg": 0, "kicking_xptot": 2, "kicking_xpmade": 2, "kicking_fga": 0, "active": "true", "kicking_fgm": 0, "kicking_xpa": 2, "kicking_xpb": 0, "kicking_fgyds": 0}, {"week": "7", "kicking_xpmissed": 0, "kicking_totpfg": 3, "kicking_xptot": 2, "kicking_xpmade": 2, "kicking_fga": 1, "active": "true", "kicking_fgm": 1, "kicking_xpa": 2, "kicking_xpb": 0, "kicking_fgyds": 31}, {"week": "8", "kicking_xpmissed": 1, "kicking_totpfg": 9, "kicking_xptot": 4, "kicking_xpmade": 4, "kicking_fga": 3, "active": "true", "kicking_fgm": 3, "kicking_xpa": 5, "kicking_xpb": 0, "kicking_fgyds": 53}, {"week": "9", "active": "false"}, {"week": "10", "kicking_xpmissed": 0, "kicking_totpfg": 6, "kicking_xptot": 1, "kicking_xpmade": 1, "kicking_fga": 2, "active": "true", "kicking_fgm": 2, "kicking_xpa": 1, "kicking_xpb": 0, "kicking_fgyds": 26}, {"week": "11", "kicking_xpmissed": 0, "kicking_totpfg": 9, "kicking_xptot": 0, "kicking_xpmade": 0, "kicking_fga": 4, "active": "true", "kicking_fgm": 3, "kicking_xpa": 0, "kicking_xpb": 0, "kicking_fgyds": 46}, {"week": "12", "kicking_xpmissed": 0, "kicking_totpfg": 3, "kicking_xptot": 5, "kicking_xpmade": 5, "kicking_fga": 1, "active": "true", "kicking_fgm": 1, "kicking_xpa": 5, "kicking_xpb": 0, "kicking_fgyds": 53}, {"week": "13", "kicking_xpmissed": 0, "kicking_totpfg": 12, "kicking_xptot": 2, "kicking_xpmade": 2, "kicking_fga": 4, "active": "true", "kicking_fgm": 4, "kicking_xpa": 2, "kicking_xpb": 0, "kicking_fgyds": 49}, {"week": "14", "kicking_xpmissed": 0, "kicking_totpfg": 3, "kicking_xptot": 0, "kicking_xpmade": 0, "kicking_fga": 1, "active": "true", "kicking_fgm": 1, "kicking_xpa": 0, "kicking_xpb": 0, "kicking_fgyds": 44}]}}