{"D.Sepulveda": {"2009": [{"week": "1", "punting_pts": 7, "punting_avg": 41, "punting_lng": 54, "active": "true", "punting_yds": 299, "punting_i20": 4}, {"week": "2", "punting_pts": 3, "punting_avg": 50, "punting_lng": 58, "active": "true", "punting_yds": 163, "punting_i20": 1}, {"week": "3", "punting_pts": 2, "punting_avg": 34, "punting_lng": 51, "active": "true", "punting_yds": 85, "punting_i20": 1}, {"week": "4", "punting_pts": 2, "punting_avg": 42, "punting_lng": 55, "active": "true", "punting_yds": 84, "punting_i20": 1}, {"week": "5", "punting_pts": 4, "punting_avg": 43, "punting_lng": 51, "active": "true", "punting_yds": 194, "punting_i20": 1}, {"week": "6", "punting_pts": 2, "punting_avg": 23, "punting_lng": 50, "active": "true", "punting_yds": 91, "punting_i20": 0}, {"week": "7", "punting_pts": 6, "punting_avg": 40, "punting_lng": 45, "active": "true", "punting_yds": 248, "punting_i20": 2}, {"week": "8", "active": "false"}, {"week": "9", "punting_pts": 5, "punting_avg": 40, "punting_lng": 55, "active": "true", "punting_yds": 221, "punting_i20": 3}, {"week": "10", "punting_pts": 5, "punting_avg": 39, "punting_lng": 55, "active": "true", "punting_yds": 217, "punting_i20": 2}, {"week": "11", "punting_pts": 6, "punting_avg": 36, "punting_lng": 43, "active": "true", "punting_yds": 235, "punting_i20": 2}, {"week": "12", "punting_pts": 8, "punting_avg": 33, "punting_lng": 58, "active": "true", "punting_yds": 357, "punting_i20": 3}, {"week": "13", "punting_pts": 3, "punting_avg": 43, "punting_lng": 53, "active": "true", "punting_yds": 130, "punting_i20": 2}, {"week": "14", "punting_pts": 8, "punting_avg": 35, "punting_lng": 60, "active": "true", "punting_yds": 342, "punting_i20": 3}, {"week": "15", "punting_pts": 5, "punting_avg": 33, "punting_lng": 45, "active": "true", "punting_yds": 191, "punting_i20": 2}, {"week": "16", "punting_pts": 4, "punting_avg": 26, "punting_lng": 41, "active": "true", "punting_yds": 146, "punting_i20": 1}, {"week": "17", "punting_pts": 2, "punting_avg": 34, "punting_lng": 41, "active": "true", "punting_yds": 71, "punting_i20": 1}], "2010": [{"week": "1", "punting_pts": 5, "punting_avg": 47, "punting_lng": 55, "active": "true", "punting_yds": 254, "punting_i20": 0}, {"week": "2", "punting_pts": 8, "punting_avg": 31, "punting_lng": 59, "active": "true", "punting_yds": 348, "punting_i20": 0}, {"week": "3", "punting_pts": 1, "punting_avg": 62, "punting_lng": 62, "active": "true", "punting_yds": 62, "punting_i20": 1}, {"week": "4", "punting_pts": 5, "punting_avg": 46, "punting_lng": 57, "active": "true", "punting_yds": 247, "punting_i20": 1}, {"week": "5", "active": "false"}, {"week": "6", "punting_pts": 6, "punting_avg": 40, "punting_lng": 60, "active": "true", "punting_yds": 257, "punting_i20": 4}, {"week": "7", "punting_pts": 3, "punting_avg": 38, "punting_lng": 51, "active": "true", "punting_yds": 142, "punting_i20": 1}, {"week": "8", "punting_pts": 4, "punting_avg": 44, "punting_lng": 54, "active": "true", "punting_yds": 192, "punting_i20": 2}, {"week": "9", "punting_pts": 5, "punting_avg": 35, "punting_lng": 48, "active": "true", "punting_yds": 203, "punting_i20": 2}, {"week": "10", "punting_pts": 5, "punting_avg": 39, "punting_lng": 53, "active": "true", "punting_yds": 226, "punting_i20": 0}, {"week": "11", "punting_pts": 7, "punting_avg": 40, "punting_lng": 54, "active": "true", "punting_yds": 315, "punting_i20": 4}, {"week": "12", "punting_pts": 4, "punting_avg": 43, "punting_lng": 55, "active": "true", "punting_yds": 171, "punting_i20": 0}, {"week": "13", "punting_pts": 3, "punting_avg": 26, "punting_lng": 53, "active": "true", "punting_yds": 133, "punting_i20": 1}, {"week": "14", "active": "false"}, {"week": "15", "active": "false"}, {"week": "16", "active": "false"}, {"week": "17", "active": "false"}], "2011": [{"week": "1", "punting_pts": 4, "punting_avg": 48, "punting_lng": 64, "active": "true", "punting_yds": 211, "punting_i20": 2}, {"week": "2", "punting_pts": 3, "punting_avg": 45, "punting_lng": 66, "active": "true", "punting_yds": 175, "punting_i20": 0}, {"week": "3", "punting_pts": 3, "punting_avg": 30, "punting_lng": 45, "active": "true", "punting_yds": 112, "punting_i20": 1}, {"week": "4", "punting_pts": 4, "punting_avg": 46, "punting_lng": 58, "active": "true", "punting_yds": 202, "punting_i20": 1}, {"week": "5", "passing_att": 1, "passing_twoptm": 0, "punting_pts": 1, "passing_twopta": 0, "punting_lng": 48, "passing_yds": 33, "passing_cmp": 1, "active": "true", "passing_ints": 0, "passing_tds": 0, "punting_yds": 48, "punting_avg": 19, "punting_i20": 1}, {"week": "6", "punting_pts": 6, "punting_avg": 38, "punting_lng": 55, "active": "true", "punting_yds": 256, "punting_i20": 1}, {"week": "7", "punting_pts": 3, "punting_avg": 39, "punting_lng": 49, "active": "true", "punting_yds": 118, "punting_i20": 2}, {"week": "8", "punting_pts": 1, "punting_avg": 30, "punting_lng": 31, "active": "true", "punting_yds": 31, "punting_i20": 0}, {"week": "9", "active": "false"}, {"week": "10", "active": "false"}, {"week": "11", "active": "false"}, {"week": "12", "active": "false"}, {"week": "13", "active": "false"}, {"week": "14", "active": "false"}, {"week": "15", "active": "false"}, {"week": "16", "active": "false"}, {"week": "17", "active": "false"}], "2012": [{"week": "1", "active": "false"}, {"week": "2", "active": "false"}, {"week": "3", "active": "false"}, {"week": "4", "active": "false"}, {"week": "5", "active": "false"}, {"week": "6", "active": "false"}, {"week": "7", "active": "false"}, {"week": "8", "active": "false"}, {"week": "9", "active": "false"}, {"week": "10", "active": "false"}, {"week": "11", "active": "false"}, {"week": "12", "active": "false"}, {"week": "13", "active": "false"}, {"week": "14", "active": "false"}, {"week": "15", "active": "false"}, {"week": "16", "active": "false"}, {"week": "17", "active": "false"}], "2013": [{"week": "1", "active": "false"}, {"week": "2", "active": "false"}, {"week": "3", "active": "false"}, {"week": "4", "active": "false"}, {"week": "5", "active": "false"}, {"week": "6", "active": "false"}, {"week": "7", "active": "false"}, {"week": "8", "active": "false"}, {"week": "9", "active": "false"}, {"week": "10", "active": "false"}, {"week": "11", "active": "false"}, {"week": "12", "active": "false"}, {"week": "13", "active": "false"}, {"week": "14", "active": "false"}, {"week": "15", "active": "false"}, {"week": "16", "active": "false"}, {"week": "17", "active": "false"}], "2014": [{"week": "1", "active": "false"}, {"week": "2", "active": "false"}, {"week": "3", "active": "false"}, {"week": "4", "active": "false"}, {"week": "5", "active": "false"}, {"week": "6", "active": "false"}, {"week": "7", "active": "false"}, {"week": "8", "active": "false"}, {"week": "9", "active": "false"}, {"week": "10", "active": "false"}, {"week": "11", "active": "false"}, {"week": "12", "active": "false"}, {"week": "13", "active": "false"}, {"week": "14", "active": "false"}]}}