{"D.Manning": {"2009": [{"week": "1", "kickret_lng": 27, "kickret_avg": 26, "defense_sk": 1, "defense_tkl": 6, "defense_int": 0, "kickret_tds": 0, "active": "true", "kickret_ret": 3, "defense_ffum": 0, "defense_ast": 0}, {"week": "2", "defense_sk": 0, "defense_tkl": 6, "defense_int": 0, "active": "true", "defense_ffum": 0, "defense_ast": 2}, {"week": "3", "defense_sk": 0, "defense_tkl": 7, "defense_int": 0, "active": "true", "defense_ffum": 1, "defense_ast": 0}, {"week": "4", "kickret_lng": 43, "kickret_avg": 43, "defense_sk": 0, "defense_tkl": 9, "defense_int": 0, "kickret_tds": 0, "active": "true", "kickret_ret": 1, "defense_ffum": 0, "defense_ast": 0}, {"week": "5", "active": "false"}, {"week": "6", "fumbles_tot": 0, "kickret_lng": 20, "fumbles_yds": 0, "fumbles_lost": 0, "fumbles_trcv": 1, "fumbles_rcv": 1, "kickret_avg": 10, "defense_tkl": 2, "defense_int": 0, "kickret_tds": 0, "active": "true", "defense_sk": 0, "kickret_ret": 2, "defense_ffum": 0, "defense_ast": 0}, {"week": "7", "defense_sk": 0, "defense_tkl": 7, "defense_int": 0, "active": "true", "defense_ffum": 0, "defense_ast": 3}, {"week": "8", "fumbles_tot": 0, "kickret_lng": 16, "fumbles_yds": 5, "fumbles_lost": 0, "fumbles_trcv": 1, "fumbles_rcv": 0, "kickret_avg": 16, "defense_tkl": 4, "defense_int": 1, "kickret_tds": 0, "active": "true", "defense_sk": 0, "kickret_ret": 1, "defense_ffum": 1, "defense_ast": 2}, {"week": "9", "kickret_lng": 35, "kickret_avg": 28, "defense_sk": 0, "defense_tkl": 10, "defense_int": 0, "kickret_tds": 0, "active": "true", "kickret_ret": 2, "defense_ffum": 0, "defense_ast": 2}, {"week": "10", "kickret_lng": 15, "kickret_avg": 15, "defense_sk": 0, "defense_tkl": 4, "defense_int": 0, "kickret_tds": 0, "active": "true", "kickret_ret": 2, "defense_ffum": 0, "defense_ast": 4}, {"week": "11", "kickret_lng": 29, "kickret_avg": 28, "defense_sk": 0, "defense_tkl": 2, "defense_int": 0, "kickret_tds": 0, "active": "true", "kickret_ret": 2, "defense_ffum": 0, "defense_ast": 2}, {"week": "12", "kickret_lng": 44, "kickret_avg": 24, "defense_sk": 0, "defense_tkl": 2, "defense_int": 0, "kickret_tds": 0, "active": "true", "kickret_ret": 5, "defense_ffum": 0, "defense_ast": 1}, {"week": "13", "kickret_lng": 26, "kickret_avg": 24, "defense_sk": 0, "defense_tkl": 0, "defense_int": 0, "kickret_tds": 0, "active": "true", "kickret_ret": 2, "defense_ffum": 0, "defense_ast": 1}, {"week": "14", "fumbles_tot": 0, "kickret_lng": 26, "fumbles_yds": -1, "fumbles_lost": 0, "fumbles_trcv": 1, "fumbles_rcv": 0, "kickret_avg": 26, "defense_tkl": 2, "defense_int": 0, "kickret_tds": 0, "active": "true", "defense_sk": 0, "kickret_ret": 1, "defense_ffum": 0, "defense_ast": 0}, {"week": "15", "kickret_lng": 36, "kickret_avg": 22, "defense_sk": 0, "defense_tkl": 3, "defense_int": 0, "kickret_tds": 0, "active": "true", "kickret_ret": 3, "defense_ffum": 0, "defense_ast": 0}, {"week": "16", "kickret_lng": 59, "kickret_avg": 44, "defense_sk": 0, "defense_tkl": 6, "defense_int": 0, "kickret_tds": 0, "active": "true", "kickret_ret": 3, "defense_ffum": 0, "defense_ast": 2}, {"week": "17", "active": "false"}], "2010": [{"week": "1", "kickret_lngtd": 0, "kickret_lng": 30, "kickret_avg": 23, "defense_sk": 0, "defense_tkl": 3, "defense_int": 0, "kickret_tds": 0, "active": "true", "kickret_ret": 3, "defense_ffum": 0, "defense_ast": 1}, {"week": "2", "kickret_lngtd": 0, "kickret_lng": 22, "kickret_avg": 21, "defense_sk": 0, "defense_tkl": 6, "defense_int": 0, "kickret_tds": 0, "active": "true", "kickret_ret": 2, "defense_ffum": 0, "defense_ast": 1}, {"week": "3", "kickret_lngtd": 0, "kickret_lng": 44, "kickret_avg": 44, "defense_sk": 0, "defense_tkl": 3, "defense_int": 0, "kickret_tds": 0, "active": "true", "kickret_ret": 1, "defense_ffum": 0, "defense_ast": 0}, {"week": "4", "kickret_lngtd": 0, "kickret_lng": 23, "kickret_avg": 17, "defense_sk": 0, "defense_tkl": 8, "defense_int": 0, "kickret_tds": 0, "active": "true", "kickret_ret": 3, "defense_ffum": 0, "defense_ast": 3}, {"week": "5", "kickret_lngtd": 0, "kickret_lng": 62, "kickret_avg": 44, "defense_sk": 0, "defense_tkl": 3, "defense_int": 0, "kickret_tds": 0, "active": "true", "kickret_ret": 3, "defense_ffum": 0, "defense_ast": 1}, {"week": "6", "kickret_lngtd": 0, "kickret_lng": 21, "kickret_avg": 13, "defense_sk": 0, "defense_tkl": 3, "defense_int": 0, "kickret_tds": 0, "active": "true", "kickret_ret": 2, "defense_ffum": 0, "defense_ast": 1}, {"week": "7", "kickret_lngtd": 0, "kickret_lng": 26, "kickret_avg": 19, "defense_sk": 0, "defense_tkl": 3, "defense_int": 1, "kickret_tds": 0, "active": "true", "kickret_ret": 4, "defense_ffum": 0, "defense_ast": 1}, {"week": "8", "active": "false"}, {"week": "9", "kickret_lngtd": 0, "kickret_lng": 15, "kickret_avg": 15, "defense_sk": 0, "defense_tkl": 6, "defense_int": 0, "kickret_tds": 0, "active": "true", "kickret_ret": 1, "defense_ffum": 0, "defense_ast": 2}, {"week": "10", "defense_sk": 0, "defense_tkl": 3, "defense_int": 0, "active": "true", "defense_ffum": 0, "defense_ast": 0}, {"week": "11", "active": "false"}, {"week": "12", "kickret_lngtd": 0, "kickret_lng": 44, "kickret_avg": 29, "defense_sk": 0, "defense_tkl": 2, "defense_int": 0, "kickret_tds": 0, "active": "true", "kickret_ret": 3, "defense_ffum": 0, "defense_ast": 0}, {"week": "13", "kickret_lngtd": 0, "kickret_lng": 26, "kickret_avg": 22, "defense_sk": 0, "defense_tkl": 2, "defense_int": 0, "kickret_tds": 0, "active": "true", "kickret_ret": 2, "defense_ffum": 0, "defense_ast": 1}, {"week": "14", "kickret_lngtd": 0, "kickret_lng": 40, "kickret_avg": 31, "defense_sk": 0, "defense_tkl": 7, "defense_int": 0, "kickret_tds": 0, "active": "true", "kickret_ret": 4, "defense_ffum": 0, "defense_ast": 1}, {"week": "15", "kickret_lngtd": 0, "kickret_lng": 30, "kickret_avg": 24, "defense_sk": 0, "defense_tkl": 1, "defense_int": 0, "kickret_tds": 0, "active": "true", "kickret_ret": 2, "defense_ffum": 0, "defense_ast": 1}, {"week": "16", "kickret_lngtd": 0, "kickret_lng": 26, "kickret_avg": 15, "defense_sk": 0, "defense_tkl": 4, "defense_int": 0, "kickret_tds": 0, "active": "true", "kickret_ret": 2, "defense_ffum": 0, "defense_ast": 0}, {"week": "17", "kickret_lngtd": 0, "kickret_lng": 28, "kickret_avg": 15, "defense_sk": 0, "defense_tkl": 5, "defense_int": 0, "kickret_tds": 0, "active": "true", "kickret_ret": 2, "defense_ffum": 0, "defense_ast": 0}], "2011": [{"week": "1", "kickret_lngtd": 0, "kickret_lng": 46, "kickret_avg": 46, "defense_sk": 0, "defense_tkl": 2, "defense_int": 0, "kickret_tds": 0, "active": "true", "kickret_ret": 1, "defense_ffum": 0, "defense_ast": 0}, {"week": "2", "kickret_lngtd": 0, "kickret_lng": 43, "kickret_avg": 38, "defense_sk": 0, "defense_tkl": 2, "defense_int": 0, "kickret_tds": 0, "active": "true", "kickret_ret": 2, "defense_ffum": 0, "defense_ast": 5}, {"week": "3", "kickret_lngtd": 0, "kickret_lng": 38, "kickret_avg": 27, "defense_sk": 0, "defense_tkl": 2, "defense_int": 1, "kickret_tds": 0, "active": "true", "kickret_ret": 3, "defense_ffum": 0, "defense_ast": 1}, {"week": "4", "fumbles_tot": 1, "kickret_lngtd": 0, "kickret_lng": 21, "fumbles_yds": 0, "fumbles_lost": 0, "fumbles_trcv": 0, "fumbles_rcv": 0, "kickret_avg": 17, "defense_tkl": 5, "defense_int": 0, "kickret_tds": 0, "active": "true", "defense_sk": 0, "kickret_ret": 2, "defense_ffum": 0, "defense_ast": 0}, {"week": "5", "kickret_lngtd": 0, "kickret_lng": 36, "kickret_avg": 22, "defense_sk": 0, "defense_tkl": 3, "defense_int": 0, "kickret_tds": 0, "active": "true", "kickret_ret": 4, "defense_ffum": 0, "defense_ast": 0}, {"week": "6", "kickret_lngtd": 0, "kickret_lng": 26, "kickret_avg": 26, "defense_sk": 0, "defense_tkl": 9, "defense_int": 0, "kickret_tds": 0, "active": "true", "kickret_ret": 1, "defense_ffum": 0, "defense_ast": 2}, {"week": "7", "defense_sk": 0, "defense_tkl": 1, "defense_int": 1, "active": "true", "defense_ffum": 0, "defense_ast": 0}, {"week": "8", "active": "false"}, {"week": "9", "active": "false"}, {"week": "10", "active": "false"}, {"week": "11", "active": "false"}, {"week": "12", "defense_sk": 0, "defense_tkl": 1, "defense_int": 0, "active": "true", "defense_ffum": 0, "defense_ast": 0}, {"week": "13", "defense_sk": 0, "defense_tkl": 3, "defense_int": 0, "active": "true", "defense_ffum": 0, "defense_ast": 0}, {"week": "14", "defense_sk": 0, "defense_tkl": 8, "defense_int": 0, "active": "true", "defense_ffum": 0, "defense_ast": 3}, {"week": "15", "defense_sk": 0, "defense_tkl": 4, "defense_int": 0, "active": "true", "defense_ffum": 0, "defense_ast": 0}, {"week": "16", "defense_sk": 0, "defense_tkl": 2, "defense_int": 0, "active": "true", "defense_ffum": 0, "defense_ast": 2}, {"week": "17", "defense_sk": 0, "defense_tkl": 2, "defense_int": 0, "active": "true", "defense_ffum": 0, "defense_ast": 2}], "2012": [{"week": "1", "fumbles_tot": 0, "fumbles_yds": 1, "fumbles_lost": 0, "fumbles_trcv": 1, "fumbles_rcv": 0, "defense_sk": 0, "defense_tkl": 4, "defense_int": 0, "active": "true", "defense_ffum": 0, "defense_ast": 1}, {"week": "2", "defense_sk": 0, "defense_tkl": 3, "defense_int": 0, "active": "true", "defense_ffum": 0, "defense_ast": 0}, {"week": "3", "defense_sk": 0, "defense_tkl": 2, "defense_int": 0, "active": "true", "defense_ffum": 0, "defense_ast": 1}, {"week": "4", "defense_sk": 0, "defense_tkl": 5, "defense_int": 1, "active": "true", "defense_ffum": 0, "defense_ast": 0}, {"week": "5", "defense_sk": 0, "defense_tkl": 2, "defense_int": 0, "active": "true", "defense_ffum": 0, "defense_ast": 1}, {"week": "6", "defense_sk": 0, "defense_tkl": 5, "defense_int": 0, "active": "true", "defense_ffum": 0, "defense_ast": 1}, {"week": "7", "defense_sk": 0, "defense_tkl": 3, "defense_int": 0, "active": "true", "defense_ffum": 0, "defense_ast": 0}, {"week": "8", "active": "false"}, {"week": "9", "defense_sk": 0, "defense_tkl": 3, "defense_int": 0, "active": "true", "defense_ffum": 0, "defense_ast": 1}, {"week": "10", "defense_sk": 0, "defense_tkl": 2, "defense_int": 1, "active": "true", "defense_ffum": 1, "defense_ast": 1}, {"week": "11", "defense_sk": 1, "defense_tkl": 6, "defense_int": 0, "active": "true", "defense_ffum": 1, "defense_ast": 2}, {"week": "12", "defense_sk": 0, "defense_tkl": 8, "defense_int": 0, "active": "true", "defense_ffum": 1, "defense_ast": 1}, {"week": "13", "defense_sk": 0, "defense_tkl": 2, "defense_int": 0, "active": "true", "defense_ffum": 0, "defense_ast": 1}, {"week": "14", "defense_sk": 0, "defense_tkl": 3, "defense_int": 0, "active": "true", "defense_ffum": 0, "defense_ast": 4}, {"week": "15", "defense_sk": 0, "defense_tkl": 6, "defense_int": 0, "active": "true", "defense_ffum": 0, "defense_ast": 1}, {"week": "16", "defense_sk": 0, "defense_tkl": 4, "defense_int": 0, "active": "true", "defense_ffum": 0, "defense_ast": 1}, {"week": "17", "kickret_lngtd": 0, "kickret_lng": 18, "kickret_avg": 18, "defense_sk": 0, "defense_tkl": 1, "defense_int": 0, "kickret_tds": 0, "active": "true", "kickret_ret": 1, "defense_ffum": 0, "defense_ast": 2}], "2013": [{"week": "1", "defense_sk": 1, "defense_tkl": 5, "defense_int": 0, "active": "true", "defense_ffum": 0, "defense_ast": 0}, {"week": "2", "defense_sk": 0, "defense_tkl": 3, "defense_int": 0, "active": "true", "defense_ffum": 0, "defense_ast": 1}, {"week": "3", "defense_sk": 0, "defense_tkl": 1, "defense_int": 0, "active": "true", "defense_ffum": 0, "defense_ast": 2}, {"week": "4", "defense_sk": 0, "defense_tkl": 3, "defense_int": 0, "active": "true", "defense_ffum": 0, "defense_ast": 0}, {"week": "5", "defense_sk": 0, "defense_tkl": 5, "defense_int": 0, "active": "true", "defense_ffum": 0, "defense_ast": 0}, {"week": "6", "kickret_lngtd": 0, "kickret_lng": 18, "kickret_avg": 18, "defense_sk": 0, "defense_tkl": 4, "defense_int": 0, "kickret_tds": 0, "active": "true", "kickret_ret": 1, "defense_ffum": 0, "defense_ast": 0}, {"week": "7", "active": "false"}, {"week": "8", "active": "false"}, {"week": "9", "active": "false"}, {"week": "10", "active": "false"}, {"week": "11", "active": "false"}, {"week": "12", "active": "false"}, {"week": "13", "active": "false"}, {"week": "14", "active": "false"}, {"week": "15", "active": "false"}, {"week": "16", "active": "false"}, {"week": "17", "active": "false"}], "2014": [{"week": "1", "defense_sk": 0, "defense_tkl": 3, "defense_int": 0, "active": "true", "defense_ffum": 0, "defense_ast": 0}, {"week": "2", "defense_sk": 0, "defense_tkl": 2, "defense_int": 0, "active": "true", "defense_ffum": 0, "defense_ast": 0}, {"week": "3", "defense_sk": 0, "defense_tkl": 3, "defense_int": 0, "active": "true", "defense_ffum": 0, "defense_ast": 2}, {"week": "4", "kickret_lngtd": 0, "kickret_lng": 41, "kickret_avg": 41, "kickret_tds": 0, "active": "true", "kickret_ret": 1}, {"week": "5", "kickret_lngtd": 0, "kickret_lng": 21, "kickret_avg": 21, "kickret_tds": 0, "active": "true", "kickret_ret": 1}, {"week": "6", "active": "false"}, {"week": "7", "fumbles_tot": 1, "kickret_lngtd": 0, "kickret_lng": 25, "fumbles_yds": 0, "fumbles_lost": 0, "fumbles_trcv": 1, "fumbles_rcv": 1, "kickret_avg": 14, "defense_tkl": 2, "defense_int": 0, "kickret_tds": 0, "active": "true", "defense_sk": 0, "kickret_ret": 4, "defense_ffum": 0, "defense_ast": 0}, {"week": "8", "active": "false"}, {"week": "9", "kickret_lngtd": 0, "kickret_lng": 21, "kickret_avg": 18, "defense_sk": 0, "defense_tkl": 2, "defense_int": 0, "kickret_tds": 0, "active": "true", "kickret_ret": 2, "defense_ffum": 0, "defense_ast": 3}, {"week": "10", "active": "false"}, {"week": "11", "kickret_lngtd": 0, "kickret_lng": 28, "kickret_avg": 28, "defense_sk": 0, "defense_tkl": 3, "defense_int": 0, "kickret_tds": 0, "active": "true", "kickret_ret": 1, "defense_ffum": 0, "defense_ast": 1}, {"week": "12", "kickret_lngtd": 0, "kickret_lng": 23, "kickret_avg": 23, "defense_sk": 0, "defense_tkl": 3, "defense_int": 0, "kickret_tds": 0, "active": "true", "kickret_ret": 1, "defense_ffum": 0, "defense_ast": 2}, {"week": "13", "kickret_lngtd": 0, "kickret_lng": 7, "kickret_avg": 7, "defense_sk": 0, "defense_tkl": 1, "defense_int": 0, "kickret_tds": 0, "active": "true", "kickret_ret": 1, "defense_ffum": 0, "defense_ast": 1}, {"week": "14", "defense_sk": 0, "defense_tkl": 1, "defense_int": 0, "active": "true", "defense_ffum": 0, "defense_ast": 0}]}}