{"D.Woodhead": {"2009": [{"week": "1", "active": "false"}, {"week": "2", "active": "false"}, {"week": "3", "active": "false"}, {"week": "4", "active": "false"}, {"week": "5", "active": "false"}, {"week": "6", "active": "false"}, {"week": "7", "rushing_tds": 0, "rushing_twopta": 0, "rushing_lng": 16, "rushing_yds": 24, "active": "true", "rushing_att": 3, "rushing_twoptm": 0}, {"week": "8", "active": "false"}, {"week": "9", "active": "false"}, {"week": "10", "active": "false"}, {"week": "11", "active": "false"}, {"week": "12", "receiving_lng": 16, "receiving_tds": 0, "receiving_twopta": 0, "rushing_tds": 0, "rushing_twopta": 0, "active": "true", "receiving_rec": 2, "rushing_lng": 1, "rushing_yds": 1, "receiving_yds": 23, "rushing_att": 1, "receiving_twoptm": 0, "rushing_twoptm": 0}, {"week": "13", "active": "false"}, {"week": "14", "receiving_lng": 24, "receiving_tds": 0, "receiving_twopta": 0, "rushing_tds": 0, "rushing_twopta": 0, "active": "true", "receiving_rec": 3, "rushing_lng": 8, "rushing_yds": 17, "receiving_yds": 35, "rushing_att": 4, "receiving_twoptm": 0, "rushing_twoptm": 0}, {"week": "15", "receiving_lng": 13, "kickret_lng": 16, "receiving_tds": 0, "receiving_twopta": 0, "kickret_ret": 1, "rushing_tds": 0, "kickret_avg": 16, "rushing_twopta": 0, "active": "true", "receiving_rec": 2, "rushing_lng": 2, "rushing_yds": 2, "receiving_yds": 21, "rushing_att": 1, "receiving_twoptm": 0, "rushing_twoptm": 0, "kickret_tds": 0}, {"week": "16", "receiving_tds": 0, "receiving_lng": 8, "active": "true", "receiving_rec": 1, "receiving_twopta": 0, "receiving_yds": 8, "receiving_twoptm": 0}, {"week": "17", "rushing_tds": 0, "rushing_twopta": 0, "rushing_lng": 6, "rushing_yds": 20, "active": "true", "rushing_att": 6, "rushing_twoptm": 0}], "2010": [{"week": "1", "active": "false"}, {"week": "2", "active": "false"}, {"week": "3", "rushing_lngtd": 22, "rushing_tds": 1, "rushing_twopta": 0, "rushing_lng": 22, "rushing_yds": 42, "active": "true", "rushing_att": 3, "rushing_twoptm": 0}, {"week": "4", "rushing_lngtd": 0, "receiving_tds": 1, "receiving_twopta": 0, "receiving_lng": 11, "rushing_tds": 0, "rushing_twopta": 0, "active": "true", "receiving_rec": 1, "rushing_lng": 9, "rushing_yds": 36, "receiving_lngtd": 11, "receiving_yds": 11, "rushing_att": 8, "receiving_twoptm": 0, "rushing_twoptm": 0}, {"week": "5", "active": "false"}, {"week": "6", "rushing_lngtd": 0, "receiving_tds": 0, "receiving_twopta": 0, "receiving_lng": 19, "rushing_tds": 0, "rushing_twopta": 0, "active": "true", "receiving_rec": 5, "rushing_lng": 14, "rushing_yds": 63, "receiving_lngtd": 0, "receiving_yds": 52, "rushing_att": 11, "receiving_twoptm": 0, "rushing_twoptm": 0}, {"week": "7", "rushing_lngtd": 0, "receiving_tds": 0, "receiving_twopta": 0, "receiving_lng": 16, "rushing_tds": 0, "rushing_twopta": 0, "active": "true", "receiving_rec": 3, "rushing_lng": 7, "rushing_yds": 24, "receiving_lngtd": 0, "receiving_yds": 28, "rushing_att": 8, "receiving_twoptm": 0, "rushing_twoptm": 0}, {"week": "8", "rushing_lngtd": 3, "receiving_tds": 0, "receiving_twopta": 0, "receiving_lng": 16, "rushing_tds": 1, "rushing_twopta": 0, "active": "true", "receiving_rec": 5, "rushing_lng": 5, "rushing_yds": 13, "receiving_lngtd": 0, "receiving_yds": 45, "rushing_att": 6, "receiving_twoptm": 0, "rushing_twoptm": 0}, {"week": "9", "rushing_lngtd": 0, "receiving_tds": 0, "receiving_twopta": 0, "receiving_lng": 26, "rushing_tds": 0, "rushing_twopta": 0, "active": "true", "receiving_rec": 2, "rushing_lng": 12, "rushing_yds": 54, "receiving_lngtd": 0, "receiving_yds": 38, "rushing_att": 9, "receiving_twoptm": 0, "rushing_twoptm": 0}, {"week": "10", "rushing_lngtd": 0, "receiving_tds": 0, "receiving_twopta": 0, "receiving_lng": 12, "rushing_tds": 0, "rushing_twopta": 0, "active": "true", "receiving_rec": 2, "rushing_lng": 5, "rushing_yds": 11, "receiving_lngtd": 0, "receiving_yds": 22, "rushing_att": 4, "receiving_twoptm": 0, "rushing_twoptm": 0}, {"week": "11", "rushing_lngtd": 36, "receiving_tds": 0, "receiving_twopta": 0, "receiving_lng": 9, "rushing_tds": 1, "rushing_twopta": 0, "active": "true", "receiving_rec": 4, "rushing_lng": 36, "rushing_yds": 69, "receiving_lngtd": 0, "receiving_yds": 21, "rushing_att": 7, "receiving_twoptm": 0, "rushing_twoptm": 0}, {"week": "12", "rushing_lngtd": 0, "receiving_tds": 0, "receiving_twopta": 0, "receiving_lng": 8, "rushing_tds": 0, "rushing_twopta": 0, "active": "true", "receiving_rec": 2, "rushing_lng": 9, "rushing_yds": 32, "receiving_lngtd": 0, "receiving_yds": 13, "rushing_att": 8, "receiving_twoptm": 0, "rushing_twoptm": 0}, {"week": "13", "rushing_lngtd": 0, "receiving_tds": 0, "receiving_twopta": 0, "receiving_lng": 50, "rushing_tds": 0, "rushing_twopta": 0, "active": "true", "receiving_rec": 4, "rushing_lng": 7, "rushing_yds": 11, "receiving_lngtd": 0, "receiving_yds": 104, "rushing_att": 2, "receiving_twoptm": 0, "rushing_twoptm": 0}, {"week": "14", "rushing_lngtd": 3, "receiving_tds": 0, "receiving_twopta": 0, "receiving_lng": 5, "rushing_tds": 1, "rushing_twopta": 0, "active": "true", "receiving_rec": 2, "rushing_lng": 5, "rushing_yds": 21, "receiving_lngtd": 0, "receiving_yds": 1, "rushing_att": 7, "receiving_twoptm": 0, "rushing_twoptm": 0}, {"week": "15", "rushing_lngtd": 0, "receiving_tds": 0, "receiving_twopta": 0, "receiving_lng": 12, "rushing_tds": 0, "rushing_twopta": 0, "active": "true", "receiving_rec": 1, "rushing_lng": 14, "rushing_yds": 59, "receiving_lngtd": 0, "receiving_yds": 12, "rushing_att": 9, "receiving_twoptm": 0, "rushing_twoptm": 0}, {"week": "16", "rushing_lngtd": 29, "receiving_tds": 0, "receiving_twopta": 0, "receiving_lng": 15, "rushing_tds": 1, "rushing_twopta": 0, "active": "true", "receiving_rec": 3, "rushing_lng": 29, "rushing_yds": 93, "receiving_lngtd": 0, "receiving_yds": 32, "rushing_att": 13, "receiving_twoptm": 0, "rushing_twoptm": 0}, {"week": "17", "fumbles_tot": 1, "rushing_lngtd": 0, "fumbles_yds": 0, "fumbles_lost": 1, "fumbles_trcv": 0, "rushing_tds": 0, "fumbles_rcv": 0, "rushing_twopta": 0, "rushing_lng": 19, "rushing_yds": 19, "active": "true", "rushing_att": 2, "rushing_twoptm": 0}], "2011": [{"week": "1", "rushing_lngtd": 0, "receiving_tds": 0, "receiving_twopta": 0, "receiving_lng": 6, "rushing_tds": 0, "rushing_twopta": 0, "active": "true", "receiving_rec": 1, "rushing_lng": 9, "rushing_yds": 69, "receiving_lngtd": 0, "receiving_yds": 6, "rushing_att": 14, "receiving_twoptm": 0, "rushing_twoptm": 0}, {"week": "2", "rushing_lngtd": 0, "receiving_tds": 0, "receiving_twopta": 0, "receiving_lng": 9, "rushing_tds": 0, "rushing_twopta": 1, "active": "true", "receiving_rec": 2, "rushing_lng": 5, "rushing_yds": 12, "receiving_lngtd": 0, "receiving_yds": 15, "rushing_att": 4, "receiving_twoptm": 0, "rushing_twoptm": 1}, {"week": "3", "rushing_lngtd": 0, "receiving_tds": 0, "receiving_twopta": 0, "receiving_lng": 13, "rushing_tds": 0, "rushing_twopta": 0, "active": "true", "receiving_rec": 3, "rushing_lng": 10, "rushing_yds": 21, "receiving_lngtd": 0, "receiving_yds": 20, "rushing_att": 6, "receiving_twoptm": 0, "rushing_twoptm": 0}, {"week": "4", "rushing_lngtd": 0, "rushing_tds": 0, "rushing_twopta": 0, "rushing_lng": 12, "rushing_yds": 13, "active": "true", "rushing_att": 2, "rushing_twoptm": 0}, {"week": "5", "active": "false"}, {"week": "6", "rushing_lngtd": 0, "receiving_tds": 0, "receiving_twopta": 0, "receiving_lng": 13, "rushing_tds": 0, "rushing_twopta": 0, "active": "true", "receiving_rec": 2, "rushing_lng": 5, "rushing_yds": 7, "receiving_lngtd": 0, "receiving_yds": 22, "rushing_att": 4, "receiving_twoptm": 0, "rushing_twoptm": 0}, {"week": "7", "active": "false"}, {"week": "8", "kickret_lngtd": 0, "kickret_lng": 21, "kickret_avg": 18, "kickret_tds": 0, "active": "true", "kickret_ret": 4}, {"week": "9", "kickret_lngtd": 0, "rushing_lngtd": 0, "kickret_lng": 24, "receiving_tds": 0, "receiving_twopta": 0, "kickret_ret": 2, "receiving_lng": 14, "rushing_tds": 0, "kickret_avg": 20, "rushing_twopta": 0, "active": "true", "receiving_rec": 3, "rushing_lng": 9, "rushing_yds": 26, "receiving_lngtd": 0, "receiving_yds": 34, "rushing_att": 7, "receiving_twoptm": 0, "rushing_twoptm": 0, "kickret_tds": 0}, {"week": "10", "kickret_lngtd": 0, "rushing_lngtd": 0, "kickret_lng": 22, "receiving_tds": 0, "receiving_twopta": 0, "kickret_ret": 2, "receiving_lng": 6, "rushing_tds": 0, "kickret_avg": 21, "rushing_twopta": 0, "active": "true", "receiving_rec": 1, "rushing_lng": 9, "rushing_yds": 38, "receiving_lngtd": 0, "receiving_yds": 6, "rushing_att": 7, "receiving_twoptm": 0, "rushing_twoptm": 0, "kickret_tds": 0}, {"week": "11", "kickret_lngtd": 0, "rushing_lngtd": 0, "kickret_lng": 18, "receiving_tds": 0, "receiving_twopta": 0, "kickret_ret": 1, "receiving_lng": 16, "rushing_tds": 0, "kickret_avg": 18, "rushing_twopta": 0, "active": "true", "receiving_rec": 2, "rushing_lng": 12, "rushing_yds": 27, "receiving_lngtd": 0, "receiving_yds": 28, "rushing_att": 5, "receiving_twoptm": 0, "rushing_twoptm": 0, "kickret_tds": 0}, {"week": "12", "kickret_lngtd": 0, "rushing_lngtd": 0, "kickret_lng": 34, "kickret_tds": 0, "kickret_ret": 3, "rushing_tds": 0, "kickret_avg": 25, "rushing_twopta": 0, "rushing_lng": 10, "rushing_yds": 20, "active": "true", "rushing_att": 4, "rushing_twoptm": 0}, {"week": "13", "rushing_lngtd": 0, "rushing_tds": 0, "rushing_twopta": 0, "rushing_lng": 5, "rushing_yds": 12, "active": "true", "rushing_att": 4, "rushing_twoptm": 0}, {"week": "14", "kickret_lngtd": 0, "rushing_lngtd": 0, "kickret_lng": 21, "receiving_tds": 0, "receiving_twopta": 0, "kickret_ret": 2, "receiving_lng": 4, "rushing_tds": 0, "kickret_avg": 19, "rushing_twopta": 0, "active": "true", "receiving_rec": 1, "rushing_lng": 12, "rushing_yds": 41, "receiving_lngtd": 0, "receiving_yds": 4, "rushing_att": 8, "receiving_twoptm": 0, "rushing_twoptm": 0, "kickret_tds": 0}, {"week": "15", "rushing_lngtd": 10, "receiving_tds": 0, "receiving_twopta": 0, "receiving_lng": 12, "rushing_tds": 1, "rushing_twopta": 0, "active": "true", "receiving_rec": 1, "rushing_lng": 10, "rushing_yds": 40, "receiving_lngtd": 0, "receiving_yds": 12, "rushing_att": 7, "receiving_twoptm": 0, "rushing_twoptm": 0}, {"week": "16", "kickret_lngtd": 0, "rushing_lngtd": 0, "kickret_lng": 37, "kickret_tds": 0, "kickret_ret": 3, "rushing_tds": 0, "kickret_avg": 27, "rushing_twopta": 0, "rushing_lng": 8, "rushing_yds": 20, "active": "true", "rushing_att": 4, "rushing_twoptm": 0}, {"week": "17", "kickret_lngtd": 0, "rushing_lngtd": 0, "kickret_lng": 23, "receiving_tds": 0, "receiving_twopta": 0, "kickret_ret": 3, "receiving_lng": 6, "rushing_tds": 0, "kickret_avg": 21, "rushing_twopta": 1, "active": "true", "receiving_rec": 2, "rushing_lng": 5, "rushing_yds": 5, "receiving_lngtd": 0, "receiving_yds": 10, "rushing_att": 1, "receiving_twoptm": 0, "rushing_twoptm": 1, "kickret_tds": 0}], "2012": [{"week": "1", "rushing_lngtd": 0, "rushing_tds": 0, "rushing_twopta": 0, "rushing_lng": 6, "rushing_yds": 20, "active": "true", "rushing_att": 6, "rushing_twoptm": 0}, {"week": "2", "rushing_lngtd": 0, "receiving_tds": 0, "receiving_twopta": 0, "receiving_lng": 12, "rushing_tds": 0, "rushing_twopta": 0, "active": "true", "receiving_rec": 1, "rushing_lng": 6, "rushing_yds": 8, "receiving_lngtd": 0, "receiving_yds": 12, "rushing_att": 7, "receiving_twoptm": 0, "rushing_twoptm": 0}, {"week": "3", "rushing_lngtd": 3, "receiving_tds": 0, "receiving_twopta": 0, "receiving_lng": 9, "rushing_tds": 1, "rushing_twopta": 0, "active": "true", "receiving_rec": 1, "rushing_lng": 6, "rushing_yds": 34, "receiving_lngtd": 0, "receiving_yds": 9, "rushing_att": 15, "receiving_twoptm": 0, "rushing_twoptm": 0}, {"week": "4", "receiving_tds": 1, "receiving_lng": 17, "active": "true", "receiving_rec": 2, "receiving_twopta": 0, "receiving_yds": 23, "receiving_lngtd": 17, "receiving_twoptm": 0}, {"week": "5", "rushing_lngtd": 0, "receiving_tds": 0, "receiving_twopta": 0, "receiving_lng": 25, "rushing_tds": 0, "rushing_twopta": 0, "active": "true", "receiving_rec": 1, "rushing_lng": 19, "rushing_yds": 47, "receiving_lngtd": 0, "receiving_yds": 25, "rushing_att": 7, "receiving_twoptm": 0, "rushing_twoptm": 0}, {"week": "6", "kickret_lngtd": 0, "rushing_lngtd": 0, "kickret_lng": 23, "receiving_tds": 0, "receiving_twopta": 0, "kickret_ret": 2, "receiving_lng": 22, "rushing_tds": 0, "kickret_avg": 21, "rushing_twopta": 0, "active": "true", "receiving_rec": 5, "rushing_lng": 9, "rushing_yds": 25, "receiving_lngtd": 0, "receiving_yds": 46, "rushing_att": 4, "receiving_twoptm": 0, "rushing_twoptm": 0, "kickret_tds": 0}, {"week": "7", "rushing_lngtd": 0, "receiving_tds": 0, "receiving_twopta": 0, "receiving_lng": 20, "rushing_tds": 0, "rushing_twopta": 0, "active": "true", "receiving_rec": 4, "rushing_lng": 8, "rushing_yds": 17, "receiving_lngtd": 0, "receiving_yds": 29, "rushing_att": 6, "receiving_twoptm": 0, "rushing_twoptm": 0}, {"week": "8", "rushing_lngtd": 0, "receiving_tds": 0, "receiving_twopta": 0, "receiving_lng": 24, "rushing_tds": 0, "rushing_twopta": 0, "active": "true", "receiving_rec": 5, "rushing_lng": 2, "rushing_yds": 3, "receiving_lngtd": 0, "receiving_yds": 56, "rushing_att": 2, "receiving_twoptm": 0, "rushing_twoptm": 0}, {"week": "9", "active": "false"}, {"week": "10", "rushing_lngtd": 15, "receiving_tds": 1, "receiving_twopta": 0, "receiving_lng": 18, "rushing_tds": 1, "rushing_twopta": 0, "active": "true", "receiving_rec": 4, "rushing_lng": 15, "rushing_yds": 15, "receiving_lngtd": 18, "receiving_yds": 46, "rushing_att": 1, "receiving_twoptm": 0, "rushing_twoptm": 0}, {"week": "11", "active": "false"}, {"week": "12", "rushing_lngtd": 0, "receiving_tds": 0, "receiving_twopta": 0, "receiving_lng": 11, "rushing_tds": 0, "rushing_twopta": 0, "active": "true", "receiving_rec": 1, "rushing_lng": 8, "rushing_yds": 8, "receiving_lngtd": 0, "receiving_yds": 11, "rushing_att": 2, "receiving_twoptm": 0, "rushing_twoptm": 0}, {"week": "13", "rushing_lngtd": 0, "receiving_tds": 0, "receiving_twopta": 0, "receiving_lng": 11, "rushing_tds": 0, "rushing_twopta": 0, "active": "true", "receiving_rec": 2, "rushing_lng": 13, "rushing_yds": 24, "receiving_lngtd": 0, "receiving_yds": 15, "rushing_att": 6, "receiving_twoptm": 0, "rushing_twoptm": 0}, {"week": "14", "fumbles_tot": 1, "rushing_lngtd": 0, "receiving_tds": 0, "fumbles_yds": 0, "receiving_twopta": 0, "fumbles_trcv": 0, "receiving_lng": 18, "rushing_tds": 0, "fumbles_rcv": 0, "rushing_twopta": 0, "fumbles_lost": 0, "receiving_rec": 2, "rushing_lng": 4, "rushing_yds": 4, "receiving_lngtd": 0, "receiving_yds": 34, "rushing_att": 1, "receiving_twoptm": 0, "rushing_twoptm": 0, "active": "true"}, {"week": "15", "rushing_lngtd": 6, "receiving_tds": 0, "receiving_twopta": 0, "receiving_lng": 7, "rushing_tds": 2, "rushing_twopta": 0, "active": "true", "receiving_rec": 5, "rushing_lng": 15, "rushing_yds": 61, "receiving_lngtd": 0, "receiving_yds": 23, "rushing_att": 12, "receiving_twoptm": 0, "rushing_twoptm": 0}, {"week": "16", "rushing_lngtd": 0, "receiving_tds": 1, "receiving_twopta": 0, "receiving_lng": 24, "rushing_tds": 0, "rushing_twopta": 0, "active": "true", "receiving_rec": 2, "rushing_lng": 4, "rushing_yds": 7, "receiving_lngtd": 14, "receiving_yds": 38, "rushing_att": 3, "receiving_twoptm": 0, "rushing_twoptm": 0}, {"week": "17", "rushing_lngtd": 0, "receiving_tds": 0, "receiving_twopta": 0, "receiving_lng": 25, "rushing_tds": 0, "rushing_twopta": 0, "active": "true", "receiving_rec": 5, "rushing_lng": 11, "rushing_yds": 18, "receiving_lngtd": 0, "receiving_yds": 79, "rushing_att": 3, "receiving_twoptm": 0, "rushing_twoptm": 0}], "2013": [{"week": "1", "receiving_tds": 0, "receiving_lng": 11, "active": "true", "receiving_rec": 2, "receiving_twopta": 0, "receiving_yds": 16, "receiving_lngtd": 0, "receiving_twoptm": 0}, {"week": "2", "rushing_lngtd": 0, "receiving_tds": 0, "receiving_twopta": 0, "receiving_lng": 8, "rushing_tds": 0, "rushing_twopta": 0, "active": "true", "receiving_rec": 8, "rushing_lng": 8, "rushing_yds": 27, "receiving_lngtd": 0, "receiving_yds": 37, "rushing_att": 9, "receiving_twoptm": 0, "rushing_twoptm": 0}, {"week": "3", "fumbles_tot": 1, "rushing_lngtd": 0, "receiving_tds": 0, "fumbles_yds": 0, "receiving_twopta": 0, "fumbles_trcv": 0, "receiving_lng": 13, "rushing_tds": 0, "fumbles_rcv": 0, "rushing_twopta": 0, "fumbles_lost": 1, "receiving_rec": 7, "rushing_lng": 11, "rushing_yds": 31, "receiving_lngtd": 0, "receiving_yds": 55, "rushing_att": 5, "receiving_twoptm": 0, "rushing_twoptm": 0, "active": "true"}, {"week": "4", "kickret_lngtd": 0, "rushing_lngtd": 0, "kickret_lng": 18, "receiving_tds": 2, "receiving_twopta": 0, "kickret_ret": 1, "receiving_lng": 26, "rushing_tds": 0, "kickret_avg": 18, "rushing_twopta": 0, "active": "true", "receiving_rec": 5, "rushing_lng": 14, "rushing_yds": 32, "receiving_lngtd": 26, "receiving_yds": 54, "rushing_att": 5, "receiving_twoptm": 0, "rushing_twoptm": 0, "kickret_tds": 0}, {"fumbles_tot": 1, "receiving_tds": 1, "fumbles_rcv": 0, "rushing_yds": 13, "receiving_lngtd": 5, "fumbles_lost": 1, "rushing_tds": 0, "rushing_twopta": 0, "receiving_rec": 9, "receiving_twopta": 0, "receiving_yds": 58, "rushing_att": 9, "receiving_twoptm": 0, "rushing_twoptm": 0, "week": "5", "kickret_lngtd": 0, "rushing_lngtd": 0, "fumbles_yds": 0, "receiving_lng": 17, "active": "true", "kickret_lng": 24, "fumbles_trcv": 0, "kickret_avg": 23, "rushing_lng": 5, "kickret_tds": 0, "kickret_ret": 2}, {"week": "6", "rushing_lngtd": 0, "receiving_tds": 0, "receiving_twopta": 0, "receiving_lng": 13, "rushing_tds": 0, "rushing_twopta": 0, "active": "true", "receiving_rec": 5, "rushing_lng": 10, "rushing_yds": 36, "receiving_lngtd": 0, "receiving_yds": 47, "rushing_att": 9, "receiving_twoptm": 0, "rushing_twoptm": 0}, {"week": "7", "rushing_lngtd": 2, "receiving_tds": 0, "receiving_twopta": 0, "receiving_lng": 26, "rushing_tds": 1, "rushing_twopta": 0, "active": "true", "receiving_rec": 4, "rushing_lng": 7, "rushing_yds": 29, "receiving_lngtd": 0, "receiving_yds": 47, "rushing_att": 9, "receiving_twoptm": 0, "rushing_twoptm": 0}, {"week": "8", "active": "false"}, {"week": "9", "rushing_lngtd": 0, "receiving_tds": 0, "receiving_twopta": 0, "receiving_lng": 20, "rushing_tds": 0, "rushing_twopta": 0, "active": "true", "receiving_rec": 9, "rushing_lng": 8, "rushing_yds": 21, "receiving_lngtd": 0, "receiving_yds": 77, "rushing_att": 7, "receiving_twoptm": 0, "rushing_twoptm": 0}, {"week": "10", "rushing_lngtd": 0, "receiving_tds": 1, "receiving_twopta": 0, "receiving_lng": 7, "rushing_tds": 0, "rushing_twopta": 0, "active": "true", "receiving_rec": 4, "rushing_lng": 8, "rushing_yds": 27, "receiving_lngtd": 7, "receiving_yds": 17, "rushing_att": 6, "receiving_twoptm": 0, "rushing_twoptm": 0}, {"week": "11", "kickret_lngtd": 0, "rushing_lngtd": 0, "kickret_lng": 22, "receiving_tds": 0, "receiving_twopta": 0, "kickret_ret": 2, "receiving_lng": 11, "rushing_tds": 0, "kickret_avg": 21, "rushing_twopta": 0, "active": "true", "receiving_rec": 2, "rushing_lng": 7, "rushing_yds": 21, "receiving_lngtd": 0, "receiving_yds": 16, "rushing_att": 5, "receiving_twoptm": 0, "rushing_twoptm": 0, "kickret_tds": 0}, {"week": "12", "kickret_lngtd": 0, "rushing_lngtd": 3, "kickret_lng": 37, "receiving_tds": 1, "receiving_twopta": 0, "kickret_ret": 5, "receiving_lng": 19, "rushing_tds": 1, "kickret_avg": 27, "rushing_twopta": 0, "active": "true", "receiving_rec": 4, "rushing_lng": 8, "rushing_yds": 25, "receiving_lngtd": 11, "receiving_yds": 45, "rushing_att": 6, "receiving_twoptm": 0, "rushing_twoptm": 0, "kickret_tds": 0}, {"week": "13", "kickret_lngtd": 0, "rushing_lngtd": 0, "kickret_lng": 16, "receiving_tds": 0, "receiving_twopta": 0, "kickret_ret": 1, "receiving_lng": 9, "rushing_tds": 0, "kickret_avg": 16, "rushing_twopta": 0, "active": "true", "receiving_rec": 2, "rushing_lng": 7, "rushing_yds": 22, "receiving_lngtd": 0, "receiving_yds": 13, "rushing_att": 7, "receiving_twoptm": 0, "rushing_twoptm": 0, "kickret_tds": 0}, {"week": "14", "rushing_lngtd": 0, "receiving_tds": 1, "receiving_twopta": 0, "receiving_lng": 39, "rushing_tds": 0, "rushing_twopta": 0, "active": "true", "receiving_rec": 4, "rushing_lng": 11, "rushing_yds": 42, "receiving_lngtd": 6, "receiving_yds": 52, "rushing_att": 7, "receiving_twoptm": 0, "rushing_twoptm": 0}, {"week": "15", "rushing_lngtd": 0, "receiving_tds": 0, "receiving_twopta": 0, "receiving_lng": 13, "rushing_tds": 0, "rushing_twopta": 0, "active": "true", "receiving_rec": 1, "rushing_lng": 8, "rushing_yds": 29, "receiving_lngtd": 0, "receiving_yds": 13, "rushing_att": 9, "receiving_twoptm": 0, "rushing_twoptm": 0}, {"week": "16", "kickret_lngtd": 0, "rushing_lngtd": 0, "kickret_lng": 2, "receiving_tds": 0, "receiving_twopta": 0, "kickret_ret": 1, "receiving_lng": 9, "rushing_tds": 0, "kickret_avg": 2, "rushing_twopta": 0, "active": "true", "receiving_rec": 3, "rushing_lng": 13, "rushing_yds": 52, "receiving_lngtd": 0, "receiving_yds": 16, "rushing_att": 8, "receiving_twoptm": 0, "rushing_twoptm": 0, "kickret_tds": 0}, {"week": "17", "rushing_lngtd": 0, "receiving_tds": 0, "receiving_twopta": 0, "receiving_lng": 9, "rushing_tds": 0, "rushing_twopta": 0, "active": "true", "receiving_rec": 7, "rushing_lng": 6, "rushing_yds": 18, "receiving_lngtd": 0, "receiving_yds": 42, "rushing_att": 5, "receiving_twoptm": 0, "rushing_twoptm": 0}], "2014": [{"week": "1", "rushing_lngtd": 0, "receiving_tds": 0, "receiving_twopta": 0, "receiving_lng": 6, "rushing_tds": 0, "rushing_twopta": 0, "active": "true", "receiving_rec": 1, "rushing_lng": 5, "rushing_yds": 5, "receiving_lngtd": 0, "receiving_yds": 6, "rushing_att": 6, "receiving_twoptm": 0, "rushing_twoptm": 0}, {"week": "2", "rushing_lngtd": 0, "receiving_tds": 0, "receiving_twopta": 0, "receiving_lng": 14, "rushing_tds": 0, "rushing_twopta": 0, "active": "true", "receiving_rec": 4, "rushing_lng": 13, "rushing_yds": 32, "receiving_lngtd": 0, "receiving_yds": 28, "rushing_att": 8, "receiving_twoptm": 0, "rushing_twoptm": 0}, {"week": "3", "rushing_lngtd": 0, "rushing_tds": 0, "rushing_twopta": 0, "rushing_lng": 1, "rushing_yds": 1, "active": "true", "rushing_att": 1, "rushing_twoptm": 0}, {"week": "4", "active": "false"}, {"week": "5", "active": "false"}, {"week": "6", "active": "false"}, {"week": "7", "active": "false"}, {"week": "8", "active": "false"}, {"week": "9", "active": "false"}, {"week": "10", "active": "false"}, {"week": "11", "active": "false"}, {"week": "12", "active": "false"}, {"week": "13", "active": "false"}, {"week": "14", "active": "false"}]}}