{"D.Amendola": {"2009": [{"week": "1", "active": "false"}, {"week": "2", "active": "false"}, {"week": "3", "puntret_tds": 0, "puntret_ret": 2, "kickret_lng": 42, "puntret_avg": 11, "kickret_avg": 23, "puntret_lng": 14, "kickret_tds": 0, "active": "true", "kickret_ret": 8}, {"week": "4", "puntret_tds": 0, "puntret_ret": 2, "kickret_lng": 27, "receiving_tds": 0, "puntret_avg": 4, "kickret_tds": 0, "receiving_lng": 8, "kickret_avg": 20, "puntret_lng": 6, "active": "true", "receiving_rec": 1, "receiving_twopta": 0, "receiving_yds": 8, "receiving_twoptm": 0, "kickret_ret": 4}, {"week": "5", "fumbles_tot": 1, "puntret_ret": 1, "kickret_lng": 30, "receiving_tds": 0, "fumbles_yds": 0, "fumbles_lost": 0, "fumbles_trcv": 0, "kickret_tds": 0, "receiving_lng": 14, "fumbles_rcv": 0, "puntret_tds": 0, "kickret_avg": 22, "active": "true", "puntret_avg": 6, "receiving_rec": 5, "receiving_twopta": 0, "receiving_yds": 43, "receiving_twoptm": 0, "puntret_lng": 6, "kickret_ret": 6}, {"week": "6", "puntret_tds": 0, "puntret_ret": 1, "kickret_lng": 58, "receiving_tds": 0, "puntret_avg": 11, "kickret_tds": 0, "receiving_lng": 13, "kickret_avg": 31, "puntret_lng": 11, "active": "true", "receiving_rec": 3, "receiving_twopta": 0, "receiving_yds": 25, "receiving_twoptm": 0, "kickret_ret": 4}, {"week": "7", "puntret_tds": 0, "puntret_ret": 2, "kickret_lng": 38, "receiving_tds": 0, "puntret_avg": 8, "kickret_tds": 0, "receiving_lng": 14, "kickret_avg": 25, "puntret_lng": 10, "active": "true", "receiving_rec": 5, "receiving_twopta": 0, "receiving_yds": 39, "receiving_twoptm": 0, "kickret_ret": 7}, {"receiving_tds": 0, "rushing_yds": 0, "puntret_ret": 3, "puntret_avg": 9, "rushing_tds": 0, "rushing_twopta": 0, "receiving_rec": 1, "receiving_twopta": 0, "receiving_yds": 13, "rushing_att": 1, "receiving_twoptm": 0, "rushing_twoptm": 0, "week": "8", "receiving_lng": 13, "puntret_lng": 12, "active": "true", "puntret_tds": 0, "kickret_lng": 23, "kickret_avg": 20, "rushing_lng": 0, "kickret_tds": 0, "kickret_ret": 2}, {"week": "9", "active": "false"}, {"week": "10", "puntret_tds": 0, "puntret_ret": 1, "kickret_lng": 30, "puntret_avg": 10, "kickret_avg": 21, "puntret_lng": 10, "kickret_tds": 0, "active": "true", "kickret_ret": 3}, {"week": "11", "puntret_tds": 0, "puntret_ret": 2, "kickret_lng": 40, "receiving_tds": 0, "puntret_avg": 9, "kickret_tds": 0, "receiving_lng": 25, "kickret_avg": 30, "puntret_lng": 12, "active": "true", "receiving_rec": 4, "receiving_twopta": 0, "receiving_yds": 61, "receiving_twoptm": 0, "kickret_ret": 3}, {"week": "12", "puntret_tds": 0, "puntret_ret": 2, "kickret_lng": 29, "receiving_tds": 0, "puntret_avg": 4, "kickret_tds": 0, "receiving_lng": 11, "kickret_avg": 25, "puntret_lng": 8, "active": "true", "receiving_rec": 7, "receiving_twopta": 0, "receiving_yds": 55, "receiving_twoptm": 0, "kickret_ret": 2}, {"fumbles_tot": 1, "receiving_tds": 0, "fumbles_rcv": 1, "rushing_yds": 8, "puntret_ret": 5, "puntret_avg": 12, "fumbles_lost": 0, "rushing_tds": 0, "rushing_twopta": 0, "receiving_rec": 1, "receiving_twopta": 0, "receiving_yds": 0, "rushing_att": 1, "receiving_twoptm": 0, "rushing_twoptm": 0, "week": "13", "fumbles_yds": 0, "receiving_lng": 0, "puntret_lng": 30, "active": "true", "puntret_tds": 0, "kickret_lng": 43, "fumbles_trcv": 1, "kickret_avg": 27, "rushing_lng": 8, "kickret_tds": 0, "kickret_ret": 4}, {"receiving_tds": 0, "rushing_yds": -10, "puntret_ret": 1, "puntret_avg": 6, "rushing_tds": 0, "rushing_twopta": 0, "receiving_rec": 5, "receiving_twopta": 0, "receiving_yds": 19, "rushing_att": 1, "receiving_twoptm": 0, "rushing_twoptm": 0, "week": "14", "receiving_lng": 8, "puntret_lng": 6, "active": "true", "puntret_tds": 0, "kickret_lng": 30, "kickret_avg": 24, "rushing_lng": -10, "kickret_tds": 0, "kickret_ret": 9}, {"week": "15", "puntret_tds": 0, "puntret_ret": 1, "kickret_lng": 55, "receiving_tds": 1, "puntret_avg": 12, "kickret_tds": 0, "receiving_lng": 5, "kickret_avg": 31, "puntret_lng": 12, "active": "true", "receiving_rec": 2, "receiving_twopta": 0, "receiving_yds": 7, "receiving_twoptm": 0, "kickret_ret": 5}, {"week": "16", "fumbles_tot": 2, "puntret_ret": 3, "kickret_lng": 25, "receiving_tds": 0, "fumbles_yds": 0, "fumbles_lost": 1, "fumbles_trcv": 0, "kickret_tds": 0, "receiving_lng": 12, "fumbles_rcv": 0, "puntret_tds": 0, "kickret_avg": 18, "active": "true", "puntret_avg": 26, "receiving_rec": 6, "receiving_twopta": 0, "receiving_yds": 38, "receiving_twoptm": 0, "puntret_lng": 34, "kickret_ret": 4}, {"week": "17", "puntret_tds": 0, "puntret_ret": 5, "kickret_lng": 24, "receiving_tds": 0, "puntret_avg": 14, "kickret_tds": 0, "receiving_lng": 9, "kickret_avg": 22, "puntret_lng": 56, "active": "true", "receiving_rec": 3, "receiving_twopta": 0, "receiving_yds": 18, "receiving_twoptm": 0, "kickret_ret": 5}], "2010": [{"week": "1", "puntret_tds": 0, "kickret_lngtd": 0, "puntret_ret": 3, "kickret_lng": 22, "receiving_tds": 0, "puntret_avg": 9, "puntret_lngtd": 0, "kickret_tds": 0, "receiving_lng": 36, "kickret_avg": 22, "puntret_lng": 17, "active": "true", "receiving_rec": 6, "receiving_twopta": 0, "receiving_yds": 67, "receiving_lngtd": 0, "receiving_twoptm": 0, "kickret_ret": 1}, {"week": "2", "puntret_tds": 0, "puntret_ret": 1, "receiving_tds": 0, "puntret_avg": 0, "puntret_lngtd": 0, "receiving_lng": 16, "puntret_lng": 0, "active": "true", "receiving_rec": 4, "receiving_twopta": 0, "receiving_yds": 39, "receiving_lngtd": 0, "receiving_twoptm": 0}, {"week": "3", "puntret_tds": 0, "puntret_ret": 2, "receiving_tds": 0, "puntret_avg": 10, "puntret_lngtd": 0, "receiving_lng": 18, "puntret_lng": 21, "active": "true", "receiving_rec": 6, "receiving_twopta": 0, "receiving_yds": 56, "receiving_lngtd": 0, "receiving_twoptm": 0}, {"week": "4", "puntret_tds": 0, "puntret_ret": 4, "receiving_tds": 0, "puntret_avg": 4, "puntret_lngtd": 0, "receiving_lng": 14, "puntret_lng": 9, "active": "true", "receiving_rec": 5, "receiving_twopta": 0, "receiving_yds": 46, "receiving_lngtd": 0, "receiving_twoptm": 0}, {"week": "5", "fumbles_tot": 1, "puntret_ret": 2, "receiving_tds": 0, "fumbles_yds": 0, "fumbles_lost": 1, "fumbles_trcv": 0, "receiving_lng": 18, "fumbles_rcv": 0, "puntret_tds": 0, "active": "true", "puntret_avg": 18, "receiving_rec": 12, "receiving_twopta": 0, "receiving_yds": 95, "receiving_lngtd": 0, "receiving_twoptm": 0, "puntret_lng": 24, "puntret_lngtd": 0}, {"week": "6", "puntret_tds": 0, "kickret_lngtd": 0, "puntret_ret": 4, "kickret_lng": 24, "receiving_tds": 0, "puntret_avg": 18, "puntret_lngtd": 0, "kickret_tds": 0, "receiving_lng": 11, "kickret_avg": 23, "puntret_lng": 42, "active": "true", "receiving_rec": 3, "receiving_twopta": 0, "receiving_yds": 19, "receiving_lngtd": 0, "receiving_twoptm": 0, "kickret_ret": 2}, {"receiving_tds": 1, "rushing_yds": 21, "receiving_lngtd": 5, "puntret_ret": 2, "puntret_avg": 9, "rushing_tds": 0, "rushing_twopta": 0, "receiving_rec": 3, "receiving_twopta": 0, "receiving_yds": 29, "rushing_att": 1, "receiving_twoptm": 0, "rushing_twoptm": 0, "week": "7", "puntret_lngtd": 0, "kickret_lngtd": 0, "rushing_lngtd": 0, "receiving_lng": 18, "puntret_lng": 14, "active": "true", "puntret_tds": 0, "kickret_lng": 36, "kickret_avg": 23, "rushing_lng": 21, "kickret_tds": 0, "kickret_ret": 6}, {"week": "8", "puntret_tds": 0, "kickret_lngtd": 0, "puntret_ret": 3, "kickret_lng": 23, "receiving_tds": 1, "puntret_avg": 4, "puntret_lngtd": 0, "kickret_tds": 0, "receiving_lng": 9, "kickret_avg": 22, "puntret_lng": 6, "active": "true", "receiving_rec": 6, "receiving_twopta": 0, "receiving_yds": 28, "receiving_lngtd": 2, "receiving_twoptm": 0, "kickret_ret": 2}, {"week": "9", "active": "false"}, {"receiving_tds": 1, "rushing_yds": 12, "receiving_lngtd": 5, "puntret_ret": 2, "puntret_avg": 11, "rushing_tds": 0, "rushing_twopta": 0, "receiving_rec": 7, "receiving_twopta": 0, "receiving_yds": 51, "rushing_att": 2, "receiving_twoptm": 0, "rushing_twoptm": 0, "week": "10", "puntret_lngtd": 0, "kickret_lngtd": 0, "rushing_lngtd": 0, "receiving_lng": 25, "puntret_lng": 12, "active": "true", "puntret_tds": 0, "kickret_lng": 25, "kickret_avg": 15, "rushing_lng": 10, "kickret_tds": 0, "kickret_ret": 5}, {"week": "11", "puntret_tds": 0, "kickret_lngtd": 0, "puntret_ret": 3, "kickret_lng": 24, "receiving_tds": 0, "puntret_avg": 14, "puntret_lngtd": 0, "kickret_tds": 0, "receiving_lng": 18, "kickret_avg": 18, "puntret_lng": 33, "active": "true", "receiving_rec": 8, "receiving_twopta": 0, "receiving_yds": 63, "receiving_lngtd": 0, "receiving_twoptm": 0, "kickret_ret": 7}, {"receiving_tds": 0, "rushing_yds": 48, "receiving_lngtd": 0, "puntret_ret": 3, "puntret_avg": 6, "rushing_tds": 0, "rushing_twopta": 0, "receiving_rec": 4, "receiving_twopta": 0, "receiving_yds": 41, "rushing_att": 3, "receiving_twoptm": 0, "rushing_twoptm": 0, "week": "12", "puntret_lngtd": 0, "kickret_lngtd": 0, "rushing_lngtd": 0, "receiving_lng": 17, "puntret_lng": 10, "active": "true", "puntret_tds": 0, "kickret_lng": 39, "kickret_avg": 29, "rushing_lng": 30, "kickret_tds": 0, "kickret_ret": 3}, {"receiving_tds": 0, "rushing_yds": 0, "receiving_lngtd": 0, "puntret_ret": 3, "puntret_avg": 27, "rushing_tds": 0, "rushing_twopta": 0, "receiving_rec": 1, "receiving_twopta": 0, "receiving_yds": 17, "rushing_att": 1, "receiving_twoptm": 0, "rushing_twoptm": 0, "week": "13", "puntret_lngtd": 0, "kickret_lngtd": 0, "rushing_lngtd": 0, "receiving_lng": 17, "puntret_lng": 39, "active": "true", "puntret_tds": 0, "kickret_lng": 32, "kickret_avg": 26, "rushing_lng": 0, "kickret_tds": 0, "kickret_ret": 3}, {"week": "14", "puntret_tds": 0, "kickret_lngtd": 0, "puntret_ret": 1, "kickret_lng": 28, "receiving_tds": 0, "puntret_avg": 10, "puntret_lngtd": 0, "kickret_tds": 0, "receiving_lng": 10, "kickret_avg": 22, "puntret_lng": 10, "active": "true", "receiving_rec": 3, "receiving_twopta": 0, "receiving_yds": 16, "receiving_lngtd": 0, "receiving_twoptm": 0, "kickret_ret": 6}, {"week": "15", "puntret_tds": 0, "kickret_lngtd": 0, "puntret_ret": 3, "kickret_lng": 30, "receiving_tds": 0, "puntret_avg": 16, "puntret_lngtd": 0, "kickret_tds": 0, "receiving_lng": 16, "kickret_avg": 24, "puntret_lng": 42, "active": "true", "receiving_rec": 7, "receiving_twopta": 0, "receiving_yds": 60, "receiving_lngtd": 0, "receiving_twoptm": 0, "kickret_ret": 6}, {"fumbles_tot": 1, "receiving_tds": 0, "fumbles_rcv": 0, "kickret_tds": 0, "receiving_lngtd": 0, "puntret_ret": 3, "puntret_avg": 3, "fumbles_lost": 0, "receiving_rec": 8, "receiving_twopta": 0, "receiving_yds": 53, "receiving_twoptm": 0, "week": "16", "puntret_lngtd": 0, "kickret_lngtd": 0, "fumbles_yds": 0, "receiving_lng": 10, "puntret_lng": 9, "active": "true", "puntret_tds": 0, "kickret_lng": 84, "fumbles_trcv": 0, "kickret_avg": 35, "kickret_ret": 5}, {"week": "17", "puntret_tds": 0, "kickret_lngtd": 0, "puntret_ret": 1, "kickret_lng": 19, "receiving_tds": 0, "puntret_avg": 9, "puntret_lngtd": 0, "kickret_tds": 0, "receiving_lng": 6, "kickret_avg": 15, "puntret_lng": 9, "active": "true", "receiving_rec": 2, "receiving_twopta": 0, "receiving_yds": 9, "receiving_lngtd": 0, "receiving_twoptm": 0, "kickret_ret": 4}], "2011": [{"week": "1", "fumbles_tot": 1, "puntret_ret": 1, "receiving_tds": 0, "fumbles_yds": 0, "fumbles_lost": 0, "fumbles_trcv": 1, "receiving_lng": 18, "fumbles_rcv": 1, "puntret_tds": 0, "active": "true", "puntret_avg": 0, "receiving_rec": 5, "receiving_twopta": 0, "receiving_yds": 45, "receiving_lngtd": 0, "receiving_twoptm": 0, "puntret_lng": 0, "puntret_lngtd": 0}, {"week": "2", "active": "false"}, {"week": "3", "active": "false"}, {"week": "4", "active": "false"}, {"week": "5", "active": "false"}, {"week": "6", "active": "false"}, {"week": "7", "active": "false"}, {"week": "8", "active": "false"}, {"week": "9", "active": "false"}, {"week": "10", "active": "false"}, {"week": "11", "active": "false"}, {"week": "12", "active": "false"}, {"week": "13", "active": "false"}, {"week": "14", "active": "false"}, {"week": "15", "active": "false"}, {"week": "16", "active": "false"}, {"week": "17", "active": "false"}], "2012": [{"week": "1", "puntret_tds": 0, "rushing_lngtd": 0, "receiving_tds": 0, "puntret_avg": 6, "receiving_twopta": 0, "receiving_lng": 17, "rushing_tds": 0, "puntret_lng": 6, "rushing_twopta": 0, "active": "true", "puntret_ret": 1, "receiving_rec": 5, "rushing_lng": 2, "rushing_yds": 2, "receiving_lngtd": 0, "receiving_yds": 70, "rushing_att": 1, "receiving_twoptm": 0, "rushing_twoptm": 0, "puntret_lngtd": 0}, {"week": "2", "fumbles_tot": 1, "puntret_ret": 4, "receiving_tds": 1, "fumbles_yds": 0, "fumbles_lost": 1, "fumbles_trcv": 0, "receiving_lng": 56, "fumbles_rcv": 0, "puntret_tds": 0, "active": "true", "puntret_avg": 7, "receiving_rec": 15, "receiving_twopta": 0, "receiving_yds": 160, "receiving_lngtd": 1, "receiving_twoptm": 0, "puntret_lng": 22, "puntret_lngtd": 0}, {"week": "3", "puntret_tds": 0, "puntret_ret": 2, "receiving_tds": 0, "puntret_avg": 10, "puntret_lngtd": 0, "receiving_lng": 30, "puntret_lng": 17, "active": "true", "receiving_rec": 5, "receiving_twopta": 0, "receiving_yds": 66, "receiving_lngtd": 0, "receiving_twoptm": 0}, {"receiving_tds": 1, "rushing_yds": 6, "receiving_lngtd": 2, "puntret_ret": 1, "puntret_avg": 18, "rushing_tds": 0, "rushing_twopta": 0, "receiving_rec": 6, "receiving_twopta": 0, "receiving_yds": 55, "rushing_att": 1, "receiving_twoptm": 0, "rushing_twoptm": 0, "week": "4", "puntret_lngtd": 0, "kickret_lngtd": 0, "rushing_lngtd": 0, "receiving_lng": 15, "puntret_lng": 18, "active": "true", "puntret_tds": 0, "kickret_lng": 12, "kickret_avg": 12, "rushing_lng": 6, "kickret_tds": 0, "kickret_ret": 1}, {"week": "5", "puntret_tds": 0, "puntret_ret": 1, "receiving_tds": 0, "puntret_avg": 14, "puntret_lngtd": 0, "receiving_lng": 44, "puntret_lng": 14, "active": "true", "receiving_rec": 1, "receiving_twopta": 0, "receiving_yds": 44, "receiving_lngtd": 0, "receiving_twoptm": 0}, {"week": "6", "active": "false"}, {"week": "7", "active": "false"}, {"week": "8", "active": "false"}, {"week": "9", "active": "false"}, {"week": "10", "puntret_tds": 0, "kickret_lngtd": 0, "puntret_ret": 3, "kickret_lng": 4, "receiving_tds": 0, "puntret_avg": 4, "puntret_lngtd": 0, "kickret_tds": 0, "receiving_lng": 16, "kickret_avg": 4, "puntret_lng": 6, "active": "true", "receiving_rec": 11, "receiving_twopta": 0, "receiving_yds": 102, "receiving_lngtd": 0, "receiving_twoptm": 0, "kickret_ret": 1}, {"week": "11", "receiving_tds": 0, "receiving_lng": 10, "active": "true", "receiving_rec": 7, "receiving_twopta": 0, "receiving_yds": 41, "receiving_lngtd": 0, "receiving_twoptm": 0}, {"week": "12", "receiving_tds": 0, "receiving_lng": 38, "active": "true", "receiving_rec": 1, "receiving_twopta": 0, "receiving_yds": 38, "receiving_lngtd": 0, "receiving_twoptm": 0}, {"week": "13", "active": "false"}, {"week": "14", "active": "false"}, {"week": "15", "puntret_tds": 0, "puntret_ret": 3, "receiving_tds": 1, "puntret_avg": 4, "puntret_lngtd": 0, "receiving_lng": 26, "puntret_lng": 17, "active": "true", "receiving_rec": 6, "receiving_twopta": 1, "receiving_yds": 58, "receiving_lngtd": 6, "receiving_twoptm": 1}, {"week": "16", "fumbles_tot": 1, "receiving_tds": 0, "fumbles_yds": 0, "fumbles_lost": 1, "fumbles_trcv": 0, "receiving_lng": 8, "fumbles_rcv": 0, "active": "true", "receiving_rec": 2, "receiving_twopta": 0, "receiving_yds": 5, "receiving_lngtd": 0, "receiving_twoptm": 0}, {"week": "17", "fumbles_tot": 1, "puntret_ret": 2, "receiving_tds": 0, "fumbles_yds": 0, "fumbles_lost": 0, "fumbles_trcv": 0, "receiving_lng": 9, "fumbles_rcv": 0, "puntret_tds": 0, "active": "true", "puntret_avg": 4, "receiving_rec": 4, "receiving_twopta": 0, "receiving_yds": 27, "receiving_lngtd": 0, "receiving_twoptm": 0, "puntret_lng": 8, "puntret_lngtd": 0}], "2013": [{"week": "1", "receiving_tds": 0, "receiving_lng": 24, "active": "true", "receiving_rec": 10, "receiving_twopta": 0, "receiving_yds": 104, "receiving_lngtd": 0, "receiving_twoptm": 0}, {"week": "2", "active": "false"}, {"week": "3", "active": "false"}, {"week": "4", "active": "false"}, {"week": "5", "receiving_tds": 0, "receiving_lng": 21, "active": "true", "receiving_rec": 4, "receiving_twopta": 0, "receiving_yds": 55, "receiving_lngtd": 0, "receiving_twoptm": 0}, {"week": "6", "rushing_lngtd": 0, "receiving_tds": 0, "receiving_twopta": 0, "receiving_lng": 1, "rushing_tds": 0, "rushing_twopta": 0, "active": "true", "receiving_rec": 2, "rushing_lng": 1, "rushing_yds": 1, "receiving_lngtd": 0, "receiving_yds": 0, "rushing_att": 1, "receiving_twoptm": 0, "rushing_twoptm": 0}, {"week": "7", "active": "false"}, {"week": "8", "receiving_tds": 0, "receiving_lng": 8, "active": "true", "receiving_rec": 3, "receiving_twopta": 0, "receiving_yds": 15, "receiving_lngtd": 0, "receiving_twoptm": 0}, {"week": "9", "receiving_tds": 1, "receiving_lng": 57, "active": "true", "receiving_rec": 4, "receiving_twopta": 0, "receiving_yds": 122, "receiving_lngtd": 34, "receiving_twoptm": 0}, {"week": "10", "active": "false"}, {"week": "11", "puntret_tds": 0, "puntret_ret": 1, "receiving_tds": 0, "puntret_avg": 13, "puntret_lngtd": 0, "receiving_lng": 13, "puntret_lng": 13, "active": "true", "receiving_rec": 6, "receiving_twopta": 0, "receiving_yds": 45, "receiving_lngtd": 0, "receiving_twoptm": 0}, {"week": "12", "receiving_tds": 0, "receiving_lng": 8, "active": "true", "receiving_rec": 3, "receiving_twopta": 0, "receiving_yds": 17, "receiving_lngtd": 0, "receiving_twoptm": 0}, {"week": "13", "receiving_tds": 0, "receiving_lng": 17, "active": "true", "receiving_rec": 5, "receiving_twopta": 0, "receiving_yds": 54, "receiving_lngtd": 0, "receiving_twoptm": 0}, {"week": "14", "receiving_tds": 1, "receiving_lng": 13, "active": "true", "receiving_rec": 4, "receiving_twopta": 0, "receiving_yds": 36, "receiving_lngtd": 1, "receiving_twoptm": 0}, {"week": "15", "receiving_tds": 0, "receiving_lng": 30, "active": "true", "receiving_rec": 10, "receiving_twopta": 0, "receiving_yds": 131, "receiving_lngtd": 0, "receiving_twoptm": 0}, {"week": "16", "receiving_tds": 0, "receiving_lng": 34, "active": "true", "receiving_rec": 2, "receiving_twopta": 0, "receiving_yds": 45, "receiving_lngtd": 0, "receiving_twoptm": 0}, {"week": "17", "receiving_tds": 0, "receiving_lng": 9, "active": "true", "receiving_rec": 1, "receiving_twopta": 0, "receiving_yds": 9, "receiving_lngtd": 0, "receiving_twoptm": 0}], "2014": [{"week": "1", "receiving_tds": 0, "receiving_lng": 8, "active": "true", "receiving_rec": 3, "receiving_twopta": 0, "receiving_yds": 16, "receiving_lngtd": 0, "receiving_twoptm": 0}, {"week": "2", "active": "false"}, {"week": "3", "active": "false"}, {"week": "4", "active": "false"}, {"week": "5", "receiving_tds": 0, "receiving_lng": 7, "active": "true", "receiving_rec": 1, "receiving_twopta": 0, "receiving_yds": 7, "receiving_lngtd": 0, "receiving_twoptm": 0}, {"week": "6", "active": "false"}, {"week": "7", "kickret_lngtd": 0, "kickret_lng": 31, "receiving_tds": 1, "kickret_tds": 0, "receiving_lng": 19, "kickret_avg": 26, "active": "true", "receiving_rec": 1, "receiving_twopta": 0, "receiving_yds": 19, "receiving_lngtd": 19, "receiving_twoptm": 0, "kickret_ret": 4}, {"week": "8", "puntret_tds": 0, "puntret_ret": 2, "receiving_tds": 0, "puntret_avg": 7, "puntret_lngtd": 0, "receiving_lng": 6, "puntret_lng": 11, "active": "true", "receiving_rec": 2, "receiving_twopta": 0, "receiving_yds": 5, "receiving_lngtd": 0, "receiving_twoptm": 0}, {"week": "9", "kickret_lngtd": 0, "kickret_lng": 22, "receiving_tds": 0, "kickret_tds": 0, "receiving_lng": 21, "kickret_avg": 22, "active": "true", "receiving_rec": 2, "receiving_twopta": 0, "receiving_yds": 35, "receiving_lngtd": 0, "receiving_twoptm": 0, "kickret_ret": 1}, {"week": "10", "active": "false"}, {"week": "11", "puntret_tds": 0, "kickret_lngtd": 0, "puntret_ret": 3, "kickret_lng": 21, "receiving_tds": 0, "puntret_avg": 2, "puntret_lngtd": 0, "kickret_tds": 0, "receiving_lng": 9, "kickret_avg": 21, "puntret_lng": 6, "active": "true", "receiving_rec": 2, "receiving_twopta": 0, "receiving_yds": 13, "receiving_lngtd": 0, "receiving_twoptm": 0, "kickret_ret": 1}, {"week": "12", "puntret_tds": 0, "kickret_lngtd": 0, "puntret_ret": 3, "kickret_lng": 81, "puntret_avg": 3, "puntret_lngtd": 0, "kickret_avg": 81, "puntret_lng": 5, "kickret_tds": 0, "active": "true", "kickret_ret": 1}, {"week": "13", "puntret_tds": 0, "kickret_lngtd": 0, "puntret_ret": 1, "kickret_lng": 28, "puntret_avg": 3, "puntret_lngtd": 0, "kickret_avg": 19, "puntret_lng": 3, "kickret_tds": 0, "active": "true", "kickret_ret": 4}, {"week": "14", "active": "false"}]}}