{"D.Reynaud": {"2009": [{"week": "1", "puntret_tds": 0, "puntret_ret": 2, "puntret_avg": 27, "puntret_lng": 36, "active": "true"}, {"week": "2", "puntret_tds": 0, "puntret_ret": 2, "puntret_avg": 11, "puntret_lng": 13, "active": "true"}, {"week": "3", "puntret_tds": 0, "puntret_ret": 3, "puntret_avg": 15, "puntret_lng": 32, "active": "true"}, {"week": "4", "active": "false"}, {"week": "5", "active": "false"}, {"week": "6", "active": "false"}, {"week": "7", "active": "false"}, {"week": "8", "active": "false"}, {"week": "9", "active": "false"}, {"week": "10", "puntret_tds": 0, "puntret_ret": 4, "puntret_avg": 2, "puntret_lng": 12, "active": "true"}, {"week": "11", "puntret_tds": 0, "puntret_ret": 3, "puntret_avg": 10, "puntret_lng": 14, "active": "true"}, {"week": "12", "active": "false"}, {"week": "13", "puntret_tds": 0, "puntret_ret": 1, "puntret_avg": 2, "puntret_lng": 2, "active": "true"}, {"week": "14", "fumbles_tot": 1, "puntret_ret": 5, "kickret_lng": 30, "puntret_avg": 12, "fumbles_yds": 0, "fumbles_lost": 0, "fumbles_trcv": 0, "fumbles_rcv": 0, "puntret_tds": 0, "kickret_avg": 27, "kickret_tds": 0, "active": "true", "puntret_lng": 19, "kickret_ret": 2}, {"week": "15", "puntret_tds": 0, "puntret_ret": 4, "kickret_lng": 15, "puntret_avg": 14, "kickret_avg": 15, "puntret_lng": 34, "kickret_tds": 0, "active": "true", "kickret_ret": 1}, {"week": "16", "puntret_tds": 0, "puntret_ret": 2, "puntret_avg": 1, "puntret_lng": 3, "active": "true"}, {"week": "17", "fumbles_tot": 2, "puntret_ret": 4, "kickret_lng": 21, "puntret_avg": 5, "fumbles_yds": 0, "fumbles_lost": 0, "fumbles_trcv": 2, "fumbles_rcv": 2, "puntret_tds": 0, "kickret_avg": 21, "kickret_tds": 0, "active": "true", "puntret_lng": 15, "kickret_ret": 1}], "2010": [{"week": "1", "puntret_tds": 0, "kickret_lngtd": 0, "puntret_ret": 4, "kickret_lng": 22, "puntret_avg": 6, "puntret_lngtd": 0, "kickret_avg": 16, "puntret_lng": 11, "kickret_tds": 0, "active": "true", "kickret_ret": 4}, {"week": "2", "puntret_tds": 0, "kickret_lngtd": 0, "puntret_ret": 1, "kickret_lng": 18, "puntret_avg": 3, "puntret_lngtd": 0, "kickret_avg": 12, "puntret_lng": 3, "kickret_tds": 0, "active": "true", "kickret_ret": 2}, {"week": "3", "puntret_tds": 0, "kickret_lngtd": 0, "puntret_ret": 2, "kickret_lng": 31, "puntret_avg": 5, "puntret_lngtd": 0, "kickret_avg": 22, "puntret_lng": 6, "kickret_tds": 0, "active": "true", "kickret_ret": 3}, {"week": "4", "puntret_tds": 0, "kickret_lngtd": 0, "puntret_ret": 5, "kickret_lng": 24, "puntret_avg": 2, "puntret_lngtd": 0, "kickret_avg": 22, "puntret_lng": 9, "kickret_tds": 0, "active": "true", "kickret_ret": 2}, {"week": "5", "fumbles_tot": 1, "kickret_lngtd": 0, "puntret_ret": 5, "kickret_lng": 30, "puntret_avg": 4, "fumbles_yds": 0, "fumbles_lost": 0, "fumbles_trcv": 0, "fumbles_rcv": 0, "puntret_tds": 0, "kickret_avg": 26, "kickret_tds": 0, "active": "true", "puntret_lng": 11, "kickret_ret": 3, "puntret_lngtd": 0}, {"week": "6", "puntret_tds": 0, "kickret_lngtd": 0, "puntret_ret": 2, "kickret_lng": 23, "puntret_avg": 18, "puntret_lngtd": 0, "kickret_avg": 16, "puntret_lng": 20, "kickret_tds": 0, "active": "true", "kickret_ret": 4}, {"week": "7", "puntret_tds": 0, "kickret_lngtd": 0, "puntret_ret": 3, "kickret_lng": 16, "puntret_avg": 5, "puntret_lngtd": 0, "kickret_avg": 13, "puntret_lng": 12, "kickret_tds": 0, "active": "true", "kickret_ret": 3}, {"week": "8", "active": "false"}, {"week": "9", "active": "false"}, {"week": "10", "active": "false"}, {"week": "11", "active": "false"}, {"week": "12", "active": "false"}, {"week": "13", "puntret_tds": 0, "puntret_ret": 1, "puntret_avg": 2, "puntret_lngtd": 0, "puntret_lng": 2, "active": "true"}, {"week": "14", "active": "false"}, {"week": "15", "active": "false"}, {"week": "16", "active": "false"}, {"week": "17", "active": "false"}], "2011": [{"week": "1", "active": "false"}, {"week": "2", "active": "false"}, {"week": "3", "active": "false"}, {"week": "4", "active": "false"}, {"week": "5", "active": "false"}, {"week": "6", "active": "false"}, {"week": "7", "active": "false"}, {"week": "8", "active": "false"}, {"week": "9", "active": "false"}, {"week": "10", "active": "false"}, {"week": "11", "active": "false"}, {"week": "12", "active": "false"}, {"week": "13", "active": "false"}, {"week": "14", "active": "false"}, {"week": "15", "active": "false"}, {"week": "16", "active": "false"}, {"week": "17", "active": "false"}], "2012": [{"week": "1", "kickret_lngtd": 0, "rushing_lngtd": 0, "kickret_lng": 30, "receiving_tds": 0, "receiving_twopta": 0, "kickret_ret": 4, "receiving_lng": 7, "rushing_tds": 0, "kickret_avg": 24, "rushing_twopta": 0, "active": "true", "receiving_rec": 3, "rushing_lng": 2, "rushing_yds": 2, "receiving_lngtd": 0, "receiving_yds": 17, "rushing_att": 2, "receiving_twoptm": 0, "rushing_twoptm": 0, "kickret_tds": 0}, {"week": "2", "puntret_tds": 0, "kickret_lngtd": 0, "puntret_ret": 3, "kickret_lng": 18, "puntret_avg": 10, "puntret_lngtd": 0, "kickret_avg": 15, "puntret_lng": 16, "kickret_tds": 0, "active": "true", "kickret_ret": 3}, {"rushing_yds": 0, "defense_tkl": 1, "kickret_tds": 1, "puntret_ret": 3, "puntret_avg": 2, "rushing_tds": 0, "defense_sk": 0, "rushing_twopta": 0, "defense_int": 0, "rushing_att": 1, "rushing_twoptm": 0, "week": "3", "puntret_lngtd": 0, "kickret_lngtd": 0, "rushing_lngtd": 0, "puntret_lng": 6, "active": "true", "defense_ffum": 0, "puntret_tds": 0, "kickret_lng": 105, "kickret_avg": 43, "rushing_lng": 0, "kickret_ret": 4, "defense_ast": 0}, {"week": "4", "fumbles_tot": 1, "kickret_lngtd": 0, "puntret_ret": 3, "kickret_lng": 23, "puntret_avg": 3, "fumbles_yds": 0, "fumbles_lost": 0, "fumbles_trcv": 0, "fumbles_rcv": 0, "puntret_tds": 0, "kickret_avg": 22, "kickret_tds": 0, "active": "true", "puntret_lng": 10, "kickret_ret": 4, "puntret_lngtd": 0}, {"receiving_tds": 0, "rushing_yds": 8, "receiving_lngtd": 0, "puntret_ret": 2, "puntret_avg": 12, "rushing_tds": 0, "rushing_twopta": 0, "receiving_rec": 1, "receiving_twopta": 0, "receiving_yds": 17, "rushing_att": 1, "receiving_twoptm": 0, "rushing_twoptm": 0, "week": "5", "puntret_lngtd": 0, "kickret_lngtd": 0, "rushing_lngtd": 0, "receiving_lng": 17, "puntret_lng": 14, "active": "true", "puntret_tds": 0, "kickret_lng": 31, "kickret_avg": 30, "rushing_lng": 8, "kickret_tds": 0, "kickret_ret": 2}, {"week": "6", "puntret_tds": 0, "kickret_lngtd": 0, "puntret_ret": 1, "kickret_lng": 32, "puntret_avg": 9, "puntret_lngtd": 0, "kickret_avg": 26, "puntret_lng": 9, "kickret_tds": 0, "active": "true", "kickret_ret": 5}, {"week": "7", "kickret_lngtd": 0, "rushing_lngtd": 0, "kickret_lng": 32, "receiving_tds": 0, "receiving_twopta": 0, "kickret_ret": 5, "receiving_lng": 9, "rushing_tds": 0, "kickret_avg": 23, "rushing_twopta": 0, "active": "true", "receiving_rec": 2, "rushing_lng": -4, "rushing_yds": -4, "receiving_lngtd": 0, "receiving_yds": 18, "rushing_att": 1, "receiving_twoptm": 0, "rushing_twoptm": 0, "kickret_tds": 0}, {"week": "8", "puntret_tds": 0, "kickret_lngtd": 0, "rushing_lngtd": 0, "kickret_lng": 7, "kickret_tds": 0, "puntret_avg": 19, "puntret_lngtd": 0, "kickret_ret": 1, "rushing_tds": 0, "kickret_avg": 7, "puntret_lng": 19, "rushing_twopta": 0, "puntret_ret": 1, "rushing_lng": 4, "rushing_yds": 4, "active": "true", "rushing_att": 1, "rushing_twoptm": 0}, {"week": "9", "kickret_lngtd": 0, "kickret_lng": 32, "kickret_avg": 20, "kickret_tds": 0, "active": "true", "kickret_ret": 7}, {"week": "10", "puntret_tds": 0, "kickret_lngtd": 0, "rushing_lngtd": 0, "kickret_lng": 19, "kickret_tds": 0, "puntret_avg": 14, "puntret_lngtd": 0, "kickret_ret": 1, "rushing_tds": 0, "kickret_avg": 19, "puntret_lng": 27, "rushing_twopta": 0, "puntret_ret": 4, "rushing_lng": 11, "rushing_yds": 15, "active": "true", "rushing_att": 4, "rushing_twoptm": 0}, {"week": "11", "active": "false"}, {"week": "12", "puntret_tds": 0, "kickret_lngtd": 0, "rushing_lngtd": 0, "kickret_lng": 29, "kickret_tds": 0, "puntret_avg": 0, "puntret_lngtd": 0, "kickret_ret": 4, "rushing_tds": 0, "kickret_avg": 22, "puntret_lng": 0, "rushing_twopta": 0, "puntret_ret": 1, "rushing_lng": 3, "rushing_yds": 5, "active": "true", "rushing_att": 2, "rushing_twoptm": 0}, {"week": "13", "puntret_tds": 0, "kickret_lngtd": 0, "puntret_ret": 6, "kickret_lng": 35, "puntret_avg": 10, "puntret_lngtd": 0, "kickret_avg": 28, "puntret_lng": 16, "kickret_tds": 0, "active": "true", "kickret_ret": 2}, {"week": "14", "puntret_tds": 0, "rushing_lngtd": 0, "puntret_avg": 14, "puntret_lngtd": 0, "rushing_tds": 0, "puntret_lng": 14, "rushing_twopta": 0, "puntret_ret": 1, "rushing_lng": 2, "rushing_yds": 2, "active": "true", "rushing_att": 1, "rushing_twoptm": 0}, {"week": "15", "puntret_tds": 0, "kickret_lngtd": 0, "puntret_ret": 2, "kickret_lng": 35, "puntret_avg": 1, "puntret_lngtd": 0, "kickret_avg": 25, "puntret_lng": 4, "kickret_tds": 0, "active": "true", "kickret_ret": 3}, {"week": "16", "puntret_tds": 0, "kickret_lngtd": 0, "puntret_ret": 1, "kickret_lng": 27, "puntret_avg": 12, "puntret_lngtd": 0, "kickret_avg": 19, "puntret_lng": 12, "kickret_tds": 0, "active": "true", "kickret_ret": 5}, {"week": "17", "puntret_tds": 2, "kickret_lngtd": 0, "rushing_lngtd": 0, "kickret_lng": 21, "kickret_tds": 0, "puntret_avg": 53, "puntret_lngtd": 81, "kickret_ret": 3, "rushing_tds": 0, "kickret_avg": 13, "puntret_lng": 81, "rushing_twopta": 0, "puntret_ret": 3, "rushing_lng": 3, "rushing_yds": 1, "active": "true", "rushing_att": 3, "rushing_twoptm": 0}], "2013": [{"week": "1", "puntret_tds": 0, "kickret_lngtd": 0, "puntret_ret": 5, "kickret_lng": -1, "puntret_avg": 11, "puntret_lngtd": 0, "kickret_avg": -1, "puntret_lng": 27, "kickret_tds": 0, "active": "true", "kickret_ret": 1}, {"week": "2", "puntret_tds": 0, "puntret_ret": 4, "puntret_avg": 4, "puntret_lngtd": 0, "puntret_lng": 8, "active": "true"}, {"week": "3", "puntret_tds": 0, "kickret_lngtd": 0, "puntret_ret": 2, "kickret_lng": 32, "puntret_avg": 3, "puntret_lngtd": 0, "kickret_avg": 28, "puntret_lng": 5, "kickret_tds": 0, "active": "true", "kickret_ret": 4}, {"week": "4", "puntret_tds": 0, "puntret_ret": 2, "puntret_avg": 18, "puntret_lngtd": 0, "puntret_lng": 35, "active": "true"}, {"week": "5", "puntret_tds": 0, "kickret_lngtd": 0, "puntret_ret": 3, "kickret_lng": 26, "puntret_avg": 6, "puntret_lngtd": 0, "kickret_avg": 24, "puntret_lng": 13, "kickret_tds": 0, "active": "true", "kickret_ret": 2}, {"week": "6", "kickret_lngtd": 0, "rushing_lngtd": 0, "kickret_lng": 40, "kickret_tds": 0, "kickret_ret": 4, "rushing_tds": 0, "kickret_avg": 30, "rushing_twopta": 0, "rushing_lng": 0, "rushing_yds": 0, "active": "true", "rushing_att": 1, "rushing_twoptm": 0}, {"fumbles_tot": 1, "receiving_tds": 0, "fumbles_rcv": 0, "kickret_tds": 0, "receiving_lngtd": 0, "puntret_ret": 2, "puntret_avg": 0, "fumbles_lost": 1, "receiving_rec": 1, "receiving_twopta": 0, "receiving_yds": 4, "receiving_twoptm": 0, "week": "7", "puntret_lngtd": 0, "kickret_lngtd": 0, "fumbles_yds": 0, "receiving_lng": 4, "puntret_lng": 0, "active": "true", "puntret_tds": 0, "kickret_lng": 39, "fumbles_trcv": 0, "kickret_avg": 18, "kickret_ret": 4}, {"week": "8", "active": "false"}, {"week": "9", "active": "false"}, {"week": "10", "active": "false"}, {"week": "11", "active": "false"}, {"week": "12", "active": "false"}, {"week": "13", "active": "false"}, {"week": "14", "kickret_lngtd": 0, "kickret_lng": 27, "kickret_avg": 25, "kickret_tds": 0, "active": "true", "kickret_ret": 3}, {"week": "15", "active": "false"}, {"week": "16", "active": "false"}, {"week": "17", "active": "false"}], "2014": [{"week": "1", "active": "false"}, {"week": "2", "active": "false"}, {"week": "3", "active": "false"}, {"week": "4", "active": "false"}, {"week": "5", "active": "false"}, {"week": "6", "active": "false"}, {"week": "7", "active": "false"}, {"week": "8", "active": "false"}, {"week": "9", "active": "false"}, {"week": "10", "active": "false"}, {"week": "11", "active": "false"}, {"week": "12", "active": "false"}, {"week": "13", "active": "false"}, {"week": "14", "active": "false"}]}}