{"D.McFadden": {"2009": [{"week": "1", "fumbles_tot": 1, "receiving_lng": 13, "receiving_tds": 0, "fumbles_yds": 0, "receiving_twopta": 0, "fumbles_trcv": 0, "rushing_tds": 0, "fumbles_rcv": 0, "rushing_twopta": 0, "fumbles_lost": 1, "receiving_rec": 2, "rushing_lng": 11, "rushing_yds": 68, "receiving_yds": 25, "rushing_att": 17, "receiving_twoptm": 0, "rushing_twoptm": 0, "active": "true"}, {"week": "2", "receiving_lng": 11, "receiving_tds": 0, "receiving_twopta": 0, "rushing_tds": 1, "rushing_twopta": 0, "active": "true", "receiving_rec": 2, "rushing_lng": 8, "rushing_yds": 35, "receiving_yds": 20, "rushing_att": 12, "receiving_twoptm": 0, "rushing_twoptm": 0}, {"week": "3", "fumbles_tot": 3, "receiving_lng": 7, "receiving_tds": 0, "fumbles_yds": 0, "receiving_twopta": 0, "fumbles_trcv": 0, "rushing_tds": 0, "fumbles_rcv": 0, "rushing_twopta": 0, "fumbles_lost": 1, "receiving_rec": 2, "rushing_lng": 15, "rushing_yds": 45, "receiving_yds": 3, "rushing_att": 12, "receiving_twoptm": 0, "rushing_twoptm": 0, "active": "true"}, {"week": "4", "receiving_lng": 5, "receiving_tds": 0, "receiving_twopta": 0, "rushing_tds": 0, "rushing_twopta": 0, "active": "true", "receiving_rec": 1, "rushing_lng": 4, "rushing_yds": -3, "receiving_yds": 5, "rushing_att": 6, "receiving_twoptm": 0, "rushing_twoptm": 0}, {"week": "5", "active": "false"}, {"week": "6", "active": "false"}, {"week": "7", "active": "false"}, {"week": "8", "active": "false"}, {"week": "9", "active": "false"}, {"week": "10", "rushing_tds": 0, "rushing_twopta": 0, "rushing_lng": 4, "rushing_yds": 11, "active": "true", "rushing_att": 4, "rushing_twoptm": 0}, {"week": "11", "receiving_lng": 6, "receiving_tds": 0, "receiving_twopta": 0, "rushing_tds": 0, "rushing_twopta": 0, "active": "true", "receiving_rec": 3, "rushing_lng": 9, "rushing_yds": 25, "receiving_yds": 10, "rushing_att": 6, "receiving_twoptm": 0, "rushing_twoptm": 0}, {"week": "12", "receiving_lng": 16, "receiving_tds": 0, "receiving_twopta": 0, "rushing_tds": 0, "rushing_twopta": 0, "active": "true", "receiving_rec": 4, "rushing_lng": 12, "rushing_yds": 23, "receiving_yds": 43, "rushing_att": 6, "receiving_twoptm": 0, "rushing_twoptm": 0}, {"week": "13", "rushing_tds": 0, "rushing_twopta": 0, "rushing_lng": 7, "rushing_yds": 25, "active": "true", "rushing_att": 9, "rushing_twoptm": 0}, {"week": "14", "receiving_lng": 48, "receiving_tds": 0, "receiving_twopta": 0, "rushing_tds": 0, "rushing_twopta": 0, "active": "true", "receiving_rec": 3, "rushing_lng": 7, "rushing_yds": 21, "receiving_yds": 84, "rushing_att": 8, "receiving_twoptm": 0, "rushing_twoptm": 0}, {"week": "15", "fumbles_tot": 1, "fumbles_yds": 0, "fumbles_lost": 1, "fumbles_trcv": 0, "rushing_tds": 0, "fumbles_rcv": 0, "rushing_twopta": 0, "rushing_lng": 28, "rushing_yds": 74, "active": "true", "rushing_att": 12, "rushing_twoptm": 0}, {"week": "16", "receiving_lng": 23, "receiving_tds": 0, "receiving_twopta": 0, "rushing_tds": 0, "rushing_twopta": 0, "active": "true", "receiving_rec": 4, "rushing_lng": 8, "rushing_yds": 23, "receiving_yds": 55, "rushing_att": 7, "receiving_twoptm": 0, "rushing_twoptm": 0}, {"week": "17", "rushing_tds": 0, "rushing_twopta": 0, "rushing_lng": 5, "rushing_yds": 9, "active": "true", "rushing_att": 5, "rushing_twoptm": 0}], "2010": [{"week": "1", "rushing_lngtd": 0, "receiving_tds": 1, "receiving_twopta": 0, "receiving_lng": 16, "rushing_tds": 0, "rushing_twopta": 0, "active": "true", "receiving_rec": 6, "rushing_lng": 13, "rushing_yds": 95, "receiving_lngtd": 7, "receiving_yds": 55, "rushing_att": 18, "receiving_twoptm": 0, "rushing_twoptm": 0}, {"week": "2", "rushing_lngtd": 0, "receiving_tds": 0, "receiving_twopta": 0, "receiving_lng": 5, "rushing_tds": 0, "rushing_twopta": 0, "active": "true", "receiving_rec": 2, "rushing_lng": 30, "rushing_yds": 145, "receiving_lngtd": 0, "receiving_yds": 8, "rushing_att": 30, "receiving_twoptm": 0, "rushing_twoptm": 0}, {"week": "3", "fumbles_tot": 1, "rushing_lngtd": 2, "receiving_tds": 0, "fumbles_yds": -7, "receiving_twopta": 0, "fumbles_trcv": 0, "receiving_lng": 18, "rushing_tds": 1, "fumbles_rcv": 0, "rushing_twopta": 0, "fumbles_lost": 0, "receiving_rec": 2, "rushing_lng": 33, "rushing_yds": 105, "receiving_lngtd": 0, "receiving_yds": 17, "rushing_att": 25, "receiving_twoptm": 0, "rushing_twoptm": 0, "active": "true"}, {"week": "4", "rushing_lngtd": 0, "receiving_tds": 0, "receiving_twopta": 0, "receiving_lng": 43, "rushing_tds": 0, "rushing_twopta": 0, "active": "true", "receiving_rec": 6, "rushing_lng": 23, "rushing_yds": 47, "receiving_lngtd": 0, "receiving_yds": 82, "rushing_att": 12, "receiving_twoptm": 0, "rushing_twoptm": 0}, {"week": "5", "active": "false"}, {"week": "6", "active": "false"}, {"week": "7", "rushing_lngtd": 57, "receiving_tds": 1, "receiving_twopta": 0, "receiving_lng": 19, "rushing_tds": 3, "rushing_twopta": 0, "active": "true", "receiving_rec": 2, "rushing_lng": 57, "rushing_yds": 165, "receiving_lngtd": 19, "receiving_yds": 31, "rushing_att": 16, "receiving_twoptm": 0, "rushing_twoptm": 0}, {"week": "8", "rushing_lngtd": 0, "receiving_tds": 0, "receiving_twopta": 0, "receiving_lng": 13, "rushing_tds": 0, "rushing_twopta": 0, "active": "true", "receiving_rec": 2, "rushing_lng": 49, "rushing_yds": 111, "receiving_lngtd": 0, "receiving_yds": 24, "rushing_att": 21, "receiving_twoptm": 0, "rushing_twoptm": 0}, {"fumbles_tot": 1, "passing_att": 1, "receiving_tds": 0, "passing_yds": 0, "rushing_yds": 89, "receiving_lngtd": 0, "fumbles_rcv": 0, "fumbles_lost": 1, "rushing_tds": 0, "rushing_twopta": 0, "receiving_rec": 4, "receiving_twopta": 0, "receiving_yds": 25, "rushing_att": 17, "receiving_twoptm": 0, "rushing_twoptm": 0, "week": "9", "rushing_lngtd": 0, "passing_twoptm": 0, "fumbles_yds": 0, "passing_twopta": 0, "receiving_lng": 16, "passing_cmp": 0, "passing_ints": 0, "active": "true", "fumbles_trcv": 0, "rushing_lng": 34, "passing_tds": 0}, {"week": "10", "active": "false"}, {"week": "11", "rushing_lngtd": 0, "receiving_tds": 0, "receiving_twopta": 0, "receiving_lng": 10, "rushing_tds": 0, "rushing_twopta": 0, "active": "true", "receiving_rec": 2, "rushing_lng": 4, "rushing_yds": 14, "receiving_lngtd": 0, "receiving_yds": 16, "rushing_att": 10, "receiving_twoptm": 0, "rushing_twoptm": 0}, {"week": "12", "rushing_lngtd": 0, "receiving_tds": 0, "receiving_twopta": 0, "receiving_lng": 20, "rushing_tds": 0, "rushing_twopta": 0, "active": "true", "receiving_rec": 7, "rushing_lng": 6, "rushing_yds": 2, "receiving_lngtd": 0, "receiving_yds": 63, "rushing_att": 8, "receiving_twoptm": 0, "rushing_twoptm": 0}, {"week": "13", "fumbles_tot": 1, "rushing_lngtd": 7, "receiving_tds": 0, "fumbles_yds": 0, "receiving_twopta": 0, "fumbles_trcv": 0, "receiving_lng": 19, "rushing_tds": 1, "fumbles_rcv": 0, "rushing_twopta": 0, "fumbles_lost": 1, "receiving_rec": 3, "rushing_lng": 20, "rushing_yds": 97, "receiving_lngtd": 0, "receiving_yds": 30, "rushing_att": 19, "receiving_twoptm": 0, "rushing_twoptm": 0, "active": "true"}, {"week": "14", "rushing_lngtd": 51, "receiving_tds": 1, "receiving_twopta": 0, "receiving_lng": 67, "rushing_tds": 2, "rushing_twopta": 0, "active": "true", "receiving_rec": 3, "rushing_lng": 51, "rushing_yds": 123, "receiving_lngtd": 67, "receiving_yds": 86, "rushing_att": 16, "receiving_twoptm": 0, "rushing_twoptm": 0}, {"week": "15", "fumbles_tot": 1, "rushing_lngtd": 0, "receiving_tds": 0, "fumbles_yds": 0, "receiving_twopta": 0, "fumbles_trcv": 0, "receiving_lng": 21, "rushing_tds": 0, "fumbles_rcv": 0, "rushing_twopta": 0, "fumbles_lost": 1, "receiving_rec": 4, "rushing_lng": 36, "rushing_yds": 119, "receiving_lngtd": 0, "receiving_yds": 39, "rushing_att": 20, "receiving_twoptm": 0, "rushing_twoptm": 0, "active": "true"}, {"week": "16", "rushing_lngtd": 0, "receiving_tds": 0, "receiving_twopta": 0, "receiving_lng": 12, "rushing_tds": 0, "rushing_twopta": 0, "active": "true", "receiving_rec": 4, "rushing_lng": 26, "rushing_yds": 45, "receiving_lngtd": 0, "receiving_yds": 31, "rushing_att": 11, "receiving_twoptm": 0, "rushing_twoptm": 0}, {"week": "17", "active": "false"}], "2011": [{"week": "1", "fumbles_tot": 0, "rushing_lngtd": 0, "receiving_tds": 0, "fumbles_yds": 0, "receiving_twopta": 0, "fumbles_trcv": 1, "receiving_lng": 6, "rushing_tds": 0, "fumbles_rcv": 1, "rushing_twopta": 0, "fumbles_lost": 0, "receiving_rec": 1, "rushing_lng": 47, "rushing_yds": 150, "receiving_lngtd": 0, "receiving_yds": 6, "rushing_att": 22, "receiving_twoptm": 0, "rushing_twoptm": 0, "active": "true"}, {"week": "2", "fumbles_tot": 1, "rushing_lngtd": 5, "receiving_tds": 1, "fumbles_yds": 0, "receiving_twopta": 0, "fumbles_trcv": 0, "receiving_lng": 16, "rushing_tds": 1, "fumbles_rcv": 0, "rushing_twopta": 0, "fumbles_lost": 1, "receiving_rec": 7, "rushing_lng": 14, "rushing_yds": 72, "receiving_lngtd": 12, "receiving_yds": 71, "rushing_att": 20, "receiving_twoptm": 0, "rushing_twoptm": 0, "active": "true"}, {"week": "3", "rushing_lngtd": 70, "receiving_tds": 0, "receiving_twopta": 0, "receiving_lng": 12, "rushing_tds": 2, "rushing_twopta": 0, "active": "true", "receiving_rec": 3, "rushing_lng": 70, "rushing_yds": 171, "receiving_lngtd": 0, "receiving_yds": 7, "rushing_att": 19, "receiving_twoptm": 0, "rushing_twoptm": 0}, {"week": "4", "rushing_lngtd": 0, "receiving_tds": 0, "receiving_twopta": 0, "receiving_lng": 26, "rushing_tds": 0, "rushing_twopta": 0, "active": "true", "receiving_rec": 4, "rushing_lng": 41, "rushing_yds": 75, "receiving_lngtd": 0, "receiving_yds": 48, "rushing_att": 14, "receiving_twoptm": 0, "rushing_twoptm": 0}, {"week": "5", "rushing_lngtd": 0, "receiving_tds": 0, "receiving_twopta": 0, "receiving_lng": 13, "rushing_tds": 0, "rushing_twopta": 0, "active": "true", "receiving_rec": 2, "rushing_lng": 20, "rushing_yds": 51, "receiving_lngtd": 0, "receiving_yds": 17, "rushing_att": 16, "receiving_twoptm": 0, "rushing_twoptm": 0}, {"week": "6", "fumbles_tot": 0, "rushing_lngtd": 4, "receiving_tds": 0, "fumbles_yds": 0, "receiving_twopta": 0, "fumbles_trcv": 1, "receiving_lng": 2, "rushing_tds": 1, "fumbles_rcv": 1, "rushing_twopta": 0, "fumbles_lost": 0, "receiving_rec": 1, "rushing_lng": 24, "rushing_yds": 91, "receiving_lngtd": 0, "receiving_yds": 2, "rushing_att": 20, "receiving_twoptm": 0, "rushing_twoptm": 0, "active": "true"}, {"week": "7", "rushing_lngtd": 0, "receiving_tds": 0, "receiving_twopta": 0, "receiving_lng": 3, "rushing_tds": 0, "rushing_twopta": 0, "active": "true", "receiving_rec": 1, "rushing_lng": 2, "rushing_yds": 4, "receiving_lngtd": 0, "receiving_yds": 3, "rushing_att": 2, "receiving_twoptm": 0, "rushing_twoptm": 0}, {"week": "8", "active": "false"}, {"week": "9", "active": "false"}, {"week": "10", "active": "false"}, {"week": "11", "active": "false"}, {"week": "12", "active": "false"}, {"week": "13", "active": "false"}, {"week": "14", "active": "false"}, {"week": "15", "active": "false"}, {"week": "16", "active": "false"}, {"week": "17", "active": "false"}], "2012": [{"week": "1", "rushing_lngtd": 0, "receiving_tds": 0, "receiving_twopta": 0, "receiving_lng": 17, "rushing_tds": 0, "rushing_twopta": 0, "active": "true", "receiving_rec": 13, "rushing_lng": 8, "rushing_yds": 32, "receiving_lngtd": 0, "receiving_yds": 86, "rushing_att": 15, "receiving_twoptm": 0, "rushing_twoptm": 0}, {"week": "2", "rushing_lngtd": 0, "receiving_tds": 0, "receiving_twopta": 0, "receiving_lng": 13, "rushing_tds": 0, "rushing_twopta": 0, "active": "true", "receiving_rec": 2, "rushing_lng": 4, "rushing_yds": 22, "receiving_lngtd": 0, "receiving_yds": 19, "rushing_att": 11, "receiving_twoptm": 0, "rushing_twoptm": 0}, {"week": "3", "rushing_lngtd": 64, "receiving_tds": 0, "receiving_twopta": 0, "receiving_lng": 5, "rushing_tds": 1, "rushing_twopta": 0, "active": "true", "receiving_rec": 2, "rushing_lng": 64, "rushing_yds": 113, "receiving_lngtd": 0, "receiving_yds": 2, "rushing_att": 18, "receiving_twoptm": 0, "rushing_twoptm": 0}, {"week": "4", "rushing_lngtd": 0, "receiving_tds": 0, "receiving_twopta": 0, "receiving_lng": 4, "rushing_tds": 0, "rushing_twopta": 0, "active": "true", "receiving_rec": 1, "rushing_lng": 8, "rushing_yds": 34, "receiving_lngtd": 0, "receiving_yds": 4, "rushing_att": 13, "receiving_twoptm": 0, "rushing_twoptm": 0}, {"week": "5", "active": "false"}, {"week": "6", "fumbles_tot": 1, "rushing_lngtd": 2, "receiving_tds": 0, "fumbles_yds": 0, "receiving_twopta": 0, "fumbles_trcv": 0, "receiving_lng": 20, "rushing_tds": 1, "fumbles_rcv": 0, "rushing_twopta": 0, "fumbles_lost": 1, "receiving_rec": 3, "rushing_lng": 14, "rushing_yds": 70, "receiving_lngtd": 0, "receiving_yds": 28, "rushing_att": 27, "receiving_twoptm": 0, "rushing_twoptm": 0, "active": "true"}, {"week": "7", "rushing_lngtd": 0, "receiving_tds": 0, "receiving_twopta": 0, "receiving_lng": 11, "rushing_tds": 0, "rushing_twopta": 0, "active": "true", "receiving_rec": 4, "rushing_lng": 13, "rushing_yds": 53, "receiving_lngtd": 0, "receiving_yds": 28, "rushing_att": 19, "receiving_twoptm": 0, "rushing_twoptm": 0}, {"week": "8", "rushing_lngtd": 0, "receiving_tds": 0, "receiving_twopta": 0, "receiving_lng": 11, "rushing_tds": 0, "rushing_twopta": 0, "active": "true", "receiving_rec": 4, "rushing_lng": 28, "rushing_yds": 114, "receiving_lngtd": 0, "receiving_yds": 23, "rushing_att": 29, "receiving_twoptm": 0, "rushing_twoptm": 0}, {"week": "9", "rushing_lngtd": 0, "receiving_tds": 0, "receiving_twopta": 0, "receiving_lng": 2, "rushing_tds": 0, "rushing_twopta": 0, "active": "true", "receiving_rec": 2, "rushing_lng": 7, "rushing_yds": 17, "receiving_lngtd": 0, "receiving_yds": 0, "rushing_att": 7, "receiving_twoptm": 0, "rushing_twoptm": 0}, {"week": "10", "active": "false"}, {"week": "11", "active": "false"}, {"week": "12", "active": "false"}, {"week": "13", "active": "false"}, {"week": "14", "rushing_lngtd": 0, "receiving_tds": 1, "receiving_twopta": 0, "receiving_lng": 6, "rushing_tds": 0, "rushing_twopta": 0, "active": "true", "receiving_rec": 2, "rushing_lng": 36, "rushing_yds": 52, "receiving_lngtd": 6, "receiving_yds": 12, "rushing_att": 11, "receiving_twoptm": 0, "rushing_twoptm": 0}, {"week": "15", "fumbles_tot": 1, "rushing_lngtd": 0, "receiving_tds": 0, "fumbles_yds": 0, "receiving_twopta": 0, "fumbles_trcv": 0, "receiving_lng": 15, "rushing_tds": 0, "fumbles_rcv": 0, "rushing_twopta": 0, "fumbles_lost": 1, "receiving_rec": 4, "rushing_lng": 19, "rushing_yds": 110, "receiving_lngtd": 0, "receiving_yds": 39, "rushing_att": 30, "receiving_twoptm": 0, "rushing_twoptm": 0, "active": "true"}, {"week": "16", "rushing_lngtd": 0, "receiving_tds": 0, "receiving_twopta": 0, "receiving_lng": 11, "rushing_tds": 0, "rushing_twopta": 0, "active": "true", "receiving_rec": 3, "rushing_lng": 13, "rushing_yds": 33, "receiving_lngtd": 0, "receiving_yds": 15, "rushing_att": 17, "receiving_twoptm": 0, "rushing_twoptm": 0}, {"week": "17", "rushing_lngtd": 0, "receiving_tds": 0, "receiving_twopta": 0, "receiving_lng": 3, "rushing_tds": 0, "rushing_twopta": 0, "active": "true", "receiving_rec": 2, "rushing_lng": 8, "rushing_yds": 57, "receiving_lngtd": 0, "receiving_yds": 2, "rushing_att": 19, "receiving_twoptm": 0, "rushing_twoptm": 0}], "2013": [{"week": "1", "rushing_lngtd": 1, "receiving_tds": 0, "receiving_twopta": 0, "receiving_lng": 14, "rushing_tds": 1, "rushing_twopta": 0, "active": "true", "receiving_rec": 3, "rushing_lng": 9, "rushing_yds": 48, "receiving_lngtd": 0, "receiving_yds": 18, "rushing_att": 17, "receiving_twoptm": 0, "rushing_twoptm": 0}, {"week": "2", "fumbles_tot": 1, "rushing_lngtd": 0, "receiving_tds": 0, "fumbles_yds": 0, "receiving_twopta": 0, "fumbles_trcv": 0, "receiving_lng": 12, "rushing_tds": 0, "fumbles_rcv": 0, "rushing_twopta": 0, "fumbles_lost": 1, "receiving_rec": 4, "rushing_lng": 30, "rushing_yds": 129, "receiving_lngtd": 0, "receiving_yds": 28, "rushing_att": 19, "receiving_twoptm": 0, "rushing_twoptm": 0, "active": "true"}, {"week": "3", "passing_att": 1, "rushing_lngtd": 1, "passing_twoptm": 0, "passing_twopta": 0, "rushing_tds": 1, "passing_yds": 16, "rushing_yds": 9, "passing_cmp": 1, "rushing_twopta": 0, "active": "true", "rushing_lng": 5, "passing_ints": 0, "passing_tds": 1, "rushing_att": 12, "rushing_twoptm": 0}, {"week": "4", "rushing_lngtd": 0, "rushing_tds": 0, "rushing_twopta": 0, "rushing_lng": 14, "rushing_yds": 29, "active": "true", "rushing_att": 5, "rushing_twoptm": 0}, {"week": "5", "active": "false"}, {"week": "6", "rushing_lngtd": 0, "receiving_tds": 0, "receiving_twopta": 0, "receiving_lng": 16, "rushing_tds": 0, "rushing_twopta": 0, "active": "true", "receiving_rec": 3, "rushing_lng": 8, "rushing_yds": 52, "receiving_lngtd": 0, "receiving_yds": 31, "rushing_att": 16, "receiving_twoptm": 0, "rushing_twoptm": 0}, {"week": "7", "active": "false"}, {"week": "8", "rushing_lngtd": 7, "receiving_tds": 0, "receiving_twopta": 0, "receiving_lng": 7, "rushing_tds": 2, "rushing_twopta": 0, "active": "true", "receiving_rec": 2, "rushing_lng": 19, "rushing_yds": 73, "receiving_lngtd": 0, "receiving_yds": 5, "rushing_att": 24, "receiving_twoptm": 0, "rushing_twoptm": 0}, {"week": "9", "rushing_lngtd": 0, "receiving_tds": 0, "receiving_twopta": 0, "receiving_lng": 3, "rushing_tds": 0, "rushing_twopta": 0, "active": "true", "receiving_rec": 1, "rushing_lng": 5, "rushing_yds": 12, "receiving_lngtd": 0, "receiving_yds": 3, "rushing_att": 5, "receiving_twoptm": 0, "rushing_twoptm": 0}, {"week": "10", "active": "false"}, {"week": "11", "active": "false"}, {"week": "12", "active": "false"}, {"week": "13", "rushing_lngtd": 0, "rushing_tds": 0, "rushing_twopta": 0, "rushing_lng": 6, "rushing_yds": 13, "active": "true", "rushing_att": 5, "rushing_twoptm": 0}, {"week": "14", "active": "false"}, {"week": "15", "active": "false"}, {"week": "16", "rushing_lngtd": 5, "receiving_tds": 0, "receiving_twopta": 0, "receiving_lng": 8, "rushing_tds": 1, "rushing_twopta": 0, "active": "true", "receiving_rec": 1, "rushing_lng": 5, "rushing_yds": 8, "receiving_lngtd": 0, "receiving_yds": 8, "rushing_att": 4, "receiving_twoptm": 0, "rushing_twoptm": 0}, {"week": "17", "rushing_lngtd": 0, "receiving_tds": 0, "receiving_twopta": 0, "receiving_lng": 8, "rushing_tds": 0, "rushing_twopta": 0, "active": "true", "receiving_rec": 3, "rushing_lng": 5, "rushing_yds": 6, "receiving_lngtd": 0, "receiving_yds": 15, "rushing_att": 7, "receiving_twoptm": 0, "rushing_twoptm": 0}], "2014": [{"week": "1", "rushing_lngtd": 0, "receiving_tds": 0, "receiving_twopta": 0, "receiving_lng": 6, "rushing_tds": 0, "rushing_twopta": 0, "active": "true", "receiving_rec": 1, "rushing_lng": 6, "rushing_yds": 15, "receiving_lngtd": 0, "receiving_yds": 6, "rushing_att": 4, "receiving_twoptm": 0, "rushing_twoptm": 0}, {"week": "2", "rushing_lngtd": 1, "receiving_tds": 0, "receiving_twopta": 0, "receiving_lng": 23, "rushing_tds": 1, "rushing_twopta": 0, "active": "true", "receiving_rec": 2, "rushing_lng": 10, "rushing_yds": 37, "receiving_lngtd": 0, "receiving_yds": 31, "rushing_att": 12, "receiving_twoptm": 0, "rushing_twoptm": 0}, {"week": "3", "rushing_lngtd": 0, "receiving_tds": 0, "receiving_twopta": 0, "receiving_lng": 9, "rushing_tds": 0, "rushing_twopta": 0, "active": "true", "receiving_rec": 4, "rushing_lng": 10, "rushing_yds": 59, "receiving_lngtd": 0, "receiving_yds": 6, "rushing_att": 18, "receiving_twoptm": 0, "rushing_twoptm": 0}, {"week": "4", "rushing_lngtd": 0, "receiving_tds": 0, "receiving_twopta": 0, "receiving_lng": 16, "rushing_tds": 0, "rushing_twopta": 0, "active": "true", "receiving_rec": 4, "rushing_lng": 12, "rushing_yds": 40, "receiving_lngtd": 0, "receiving_yds": 32, "rushing_att": 11, "receiving_twoptm": 0, "rushing_twoptm": 0}, {"week": "5", "active": "false"}, {"week": "6", "rushing_lngtd": 0, "receiving_tds": 0, "receiving_twopta": 0, "receiving_lng": 5, "rushing_tds": 0, "rushing_twopta": 0, "active": "true", "receiving_rec": 2, "rushing_lng": 17, "rushing_yds": 80, "receiving_lngtd": 0, "receiving_yds": 6, "rushing_att": 14, "receiving_twoptm": 0, "rushing_twoptm": 0}, {"week": "7", "rushing_lngtd": 1, "receiving_tds": 0, "receiving_twopta": 0, "receiving_lng": 3, "rushing_tds": 1, "rushing_twopta": 0, "active": "true", "receiving_rec": 4, "rushing_lng": 15, "rushing_yds": 48, "receiving_lngtd": 0, "receiving_yds": 7, "rushing_att": 14, "receiving_twoptm": 0, "rushing_twoptm": 0}, {"fumbles_tot": 1, "passing_att": 1, "receiving_tds": 0, "passing_yds": 0, "rushing_yds": 59, "receiving_lngtd": 0, "fumbles_rcv": 0, "fumbles_lost": 1, "rushing_tds": 0, "rushing_twopta": 0, "receiving_rec": 4, "receiving_twopta": 0, "receiving_yds": 26, "rushing_att": 12, "receiving_twoptm": 0, "rushing_twoptm": 0, "week": "8", "rushing_lngtd": 0, "passing_twoptm": 0, "fumbles_yds": 0, "passing_twopta": 0, "receiving_lng": 10, "passing_cmp": 0, "passing_ints": 0, "active": "true", "fumbles_trcv": 0, "rushing_lng": 15, "passing_tds": 0}, {"week": "9", "rushing_lngtd": 0, "receiving_tds": 0, "receiving_twopta": 0, "receiving_lng": 23, "rushing_tds": 0, "rushing_twopta": 0, "active": "true", "receiving_rec": 4, "rushing_lng": 9, "rushing_yds": 20, "receiving_lngtd": 0, "receiving_yds": 47, "rushing_att": 13, "receiving_twoptm": 0, "rushing_twoptm": 0}, {"week": "10", "rushing_lngtd": 0, "receiving_tds": 0, "receiving_twopta": 0, "receiving_lng": 7, "rushing_tds": 0, "rushing_twopta": 0, "active": "true", "receiving_rec": 4, "rushing_lng": 6, "rushing_yds": 14, "receiving_lngtd": 0, "receiving_yds": 22, "rushing_att": 7, "receiving_twoptm": 0, "rushing_twoptm": 0}, {"week": "11", "rushing_lngtd": 0, "rushing_tds": 0, "rushing_twopta": 0, "rushing_lng": 5, "rushing_yds": 21, "active": "true", "rushing_att": 8, "rushing_twoptm": 0}, {"week": "12", "kickret_lngtd": 0, "rushing_lngtd": 0, "kickret_lng": 23, "receiving_tds": 0, "receiving_twopta": 0, "kickret_ret": 3, "receiving_lng": 3, "rushing_tds": 0, "kickret_avg": 19, "rushing_twopta": 0, "active": "true", "receiving_rec": 2, "rushing_lng": 7, "rushing_yds": 29, "receiving_lngtd": 0, "receiving_yds": 5, "rushing_att": 12, "receiving_twoptm": 0, "rushing_twoptm": 0, "kickret_tds": 0}, {"week": "13", "rushing_lngtd": 0, "receiving_tds": 0, "receiving_twopta": 0, "receiving_lng": 13, "rushing_tds": 0, "rushing_twopta": 0, "active": "true", "receiving_rec": 2, "rushing_lng": 7, "rushing_yds": 27, "receiving_lngtd": 0, "receiving_yds": 18, "rushing_att": 11, "receiving_twoptm": 0, "rushing_twoptm": 0}, {"week": "14", "rushing_lngtd": 0, "rushing_tds": 0, "rushing_twopta": 0, "rushing_lng": 3, "rushing_yds": 5, "active": "true", "rushing_att": 4, "rushing_twoptm": 0}]}}