{"D.Sproles": {"2009": [{"fumbles_tot": 1, "receiving_tds": 0, "fumbles_rcv": 1, "rushing_yds": 23, "puntret_ret": 3, "puntret_avg": 3, "fumbles_lost": 0, "rushing_tds": 1, "rushing_twopta": 0, "receiving_rec": 5, "receiving_twopta": 0, "receiving_yds": 43, "rushing_att": 9, "receiving_twoptm": 0, "rushing_twoptm": 0, "week": "1", "fumbles_yds": 0, "receiving_lng": 15, "puntret_lng": 8, "active": "true", "puntret_tds": 0, "kickret_lng": 66, "fumbles_trcv": 1, "kickret_avg": 34, "rushing_lng": 7, "kickret_tds": 0, "kickret_ret": 5}, {"week": "2", "receiving_lng": 81, "kickret_lng": 53, "receiving_tds": 1, "receiving_twopta": 0, "kickret_ret": 4, "rushing_tds": 0, "kickret_avg": 32, "rushing_twopta": 0, "active": "true", "receiving_rec": 7, "rushing_lng": 13, "rushing_yds": 26, "receiving_yds": 124, "rushing_att": 10, "receiving_twoptm": 0, "rushing_twoptm": 0, "kickret_tds": 0}, {"receiving_tds": 0, "rushing_yds": 41, "puntret_ret": 3, "puntret_avg": 5, "rushing_tds": 0, "rushing_twopta": 0, "receiving_rec": 2, "receiving_twopta": 0, "receiving_yds": 14, "rushing_att": 18, "receiving_twoptm": 0, "rushing_twoptm": 0, "week": "3", "receiving_lng": 12, "puntret_lng": 12, "active": "true", "puntret_tds": 0, "kickret_lng": 29, "kickret_avg": 20, "rushing_lng": 8, "kickret_tds": 0, "kickret_ret": 3}, {"week": "4", "kickret_lng": 42, "receiving_tds": 0, "kickret_tds": 0, "receiving_lng": 16, "kickret_avg": 25, "active": "true", "receiving_rec": 1, "receiving_twopta": 0, "receiving_yds": 16, "receiving_twoptm": 0, "kickret_ret": 6}, {"week": "5", "active": "false"}, {"receiving_tds": 0, "rushing_yds": 0, "puntret_ret": 1, "puntret_avg": 77, "rushing_tds": 0, "rushing_twopta": 0, "receiving_rec": 1, "receiving_twopta": 0, "receiving_yds": 4, "rushing_att": 1, "receiving_twoptm": 0, "rushing_twoptm": 0, "week": "6", "receiving_lng": 4, "puntret_lng": 77, "active": "true", "puntret_tds": 1, "kickret_lng": 30, "kickret_avg": 21, "rushing_lng": 0, "kickret_tds": 0, "kickret_ret": 7}, {"receiving_tds": 1, "rushing_yds": 41, "puntret_ret": 1, "puntret_avg": 18, "rushing_tds": 0, "rushing_twopta": 0, "receiving_rec": 3, "receiving_twopta": 0, "receiving_yds": 58, "rushing_att": 5, "receiving_twoptm": 0, "rushing_twoptm": 0, "week": "7", "receiving_lng": 58, "puntret_lng": 18, "active": "true", "puntret_tds": 0, "kickret_lng": 18, "kickret_avg": 17, "rushing_lng": 21, "kickret_tds": 0, "kickret_ret": 2}, {"fumbles_tot": 1, "receiving_tds": 0, "fumbles_rcv": 0, "rushing_yds": 38, "puntret_ret": 3, "puntret_avg": 5, "fumbles_lost": 1, "rushing_tds": 0, "rushing_twopta": 0, "receiving_rec": 1, "receiving_twopta": 0, "receiving_yds": 8, "rushing_att": 5, "receiving_twoptm": 0, "rushing_twoptm": 0, "week": "8", "fumbles_yds": 0, "receiving_lng": 8, "puntret_lng": 9, "active": "true", "puntret_tds": 0, "kickret_lng": 39, "fumbles_trcv": 0, "kickret_avg": 22, "rushing_lng": 15, "kickret_tds": 0, "kickret_ret": 3}, {"week": "9", "receiving_lng": 21, "kickret_lng": 20, "receiving_tds": 0, "receiving_twopta": 0, "kickret_ret": 2, "rushing_tds": 0, "kickret_avg": 19, "rushing_twopta": 0, "active": "true", "receiving_rec": 5, "rushing_lng": 1, "rushing_yds": 1, "receiving_yds": 22, "rushing_att": 1, "receiving_twoptm": 0, "rushing_twoptm": 0, "kickret_tds": 0}, {"receiving_tds": 0, "rushing_yds": 14, "puntret_ret": 3, "puntret_avg": 4, "rushing_tds": 0, "rushing_twopta": 0, "receiving_rec": 4, "receiving_twopta": 0, "receiving_yds": 31, "rushing_att": 2, "receiving_twoptm": 0, "rushing_twoptm": 0, "week": "10", "receiving_lng": 11, "puntret_lng": 8, "active": "true", "puntret_tds": 0, "kickret_lng": 29, "kickret_avg": 24, "rushing_lng": 14, "kickret_tds": 0, "kickret_ret": 6}, {"fumbles_tot": 1, "receiving_tds": 0, "fumbles_rcv": 0, "rushing_yds": 26, "puntret_ret": 3, "puntret_avg": 2, "fumbles_lost": 0, "rushing_tds": 0, "rushing_twopta": 0, "receiving_rec": 1, "receiving_twopta": 0, "receiving_yds": 7, "rushing_att": 9, "receiving_twoptm": 0, "rushing_twoptm": 0, "week": "11", "fumbles_yds": 0, "receiving_lng": 7, "puntret_lng": 6, "active": "true", "puntret_tds": 0, "fumbles_trcv": 0, "rushing_lng": 8}, {"receiving_tds": 0, "rushing_yds": 17, "puntret_ret": 1, "puntret_avg": 0, "rushing_tds": 0, "rushing_twopta": 0, "receiving_rec": 5, "receiving_twopta": 0, "receiving_yds": 66, "rushing_att": 9, "receiving_twoptm": 0, "rushing_twoptm": 0, "week": "12", "receiving_lng": 20, "puntret_lng": 0, "active": "true", "puntret_tds": 0, "kickret_lng": 32, "kickret_avg": 22, "rushing_lng": 6, "kickret_tds": 0, "kickret_ret": 4}, {"receiving_tds": 1, "rushing_yds": 27, "puntret_ret": 1, "puntret_avg": -1, "rushing_tds": 0, "rushing_twopta": 0, "receiving_rec": 4, "receiving_twopta": 0, "receiving_yds": 56, "rushing_att": 7, "receiving_twoptm": 0, "rushing_twoptm": 0, "week": "13", "receiving_lng": 31, "puntret_lng": -1, "active": "true", "puntret_tds": 0, "kickret_lng": 26, "kickret_avg": 12, "rushing_lng": 8, "kickret_tds": 0, "kickret_ret": 3}, {"receiving_tds": 0, "rushing_yds": 22, "puntret_ret": 2, "puntret_avg": 9, "rushing_tds": 0, "rushing_twopta": 0, "receiving_rec": 1, "receiving_twopta": 0, "receiving_yds": 3, "rushing_att": 7, "receiving_twoptm": 0, "rushing_twoptm": 0, "week": "14", "receiving_lng": 3, "puntret_lng": 14, "active": "true", "puntret_tds": 0, "kickret_lng": 28, "kickret_avg": 21, "rushing_lng": 6, "kickret_tds": 0, "kickret_ret": 2}, {"receiving_tds": 0, "rushing_yds": 11, "puntret_ret": 3, "puntret_avg": 1, "rushing_tds": 0, "rushing_twopta": 0, "receiving_rec": 3, "receiving_twopta": 0, "receiving_yds": 22, "rushing_att": 3, "receiving_twoptm": 0, "rushing_twoptm": 0, "week": "15", "receiving_lng": 11, "puntret_lng": 9, "active": "true", "puntret_tds": 0, "kickret_lng": 45, "kickret_avg": 36, "rushing_lng": 12, "kickret_tds": 0, "kickret_ret": 2}, {"receiving_tds": 1, "rushing_yds": 38, "puntret_ret": 1, "puntret_avg": 6, "rushing_tds": 2, "rushing_twopta": 0, "receiving_rec": 2, "receiving_twopta": 0, "receiving_yds": 23, "rushing_att": 5, "receiving_twoptm": 0, "rushing_twoptm": 0, "week": "16", "receiving_lng": 20, "puntret_lng": 6, "active": "true", "puntret_tds": 0, "kickret_lng": 26, "kickret_avg": 21, "rushing_lng": 21, "kickret_tds": 0, "kickret_ret": 4}, {"week": "17", "puntret_tds": 0, "puntret_ret": 1, "kickret_lng": 27, "kickret_tds": 0, "puntret_avg": -1, "kickret_ret": 1, "rushing_tds": 0, "kickret_avg": 27, "puntret_lng": -1, "rushing_twopta": 0, "rushing_lng": 12, "rushing_yds": 18, "active": "true", "rushing_att": 2, "rushing_twoptm": 0}], "2010": [{"receiving_tds": 0, "rushing_yds": 3, "receiving_lngtd": 0, "puntret_ret": 5, "puntret_avg": 6, "rushing_tds": 0, "rushing_twopta": 0, "receiving_rec": 2, "receiving_twopta": 0, "receiving_yds": 2, "rushing_att": 5, "receiving_twoptm": 0, "rushing_twoptm": 0, "week": "1", "puntret_lngtd": 0, "kickret_lngtd": 0, "rushing_lngtd": 0, "receiving_lng": 4, "puntret_lng": 13, "active": "true", "puntret_tds": 0, "kickret_lng": 19, "kickret_avg": 16, "rushing_lng": 3, "kickret_tds": 0, "kickret_ret": 2}, {"week": "2", "kickret_lngtd": 0, "rushing_lngtd": 0, "kickret_lng": 26, "receiving_tds": 0, "receiving_twopta": 0, "kickret_ret": 3, "receiving_lng": 43, "rushing_tds": 0, "kickret_avg": 18, "rushing_twopta": 0, "active": "true", "receiving_rec": 4, "rushing_lng": 34, "rushing_yds": 37, "receiving_lngtd": 0, "receiving_yds": 63, "rushing_att": 5, "receiving_twoptm": 0, "rushing_twoptm": 0, "kickret_tds": 0}, {"fumbles_tot": 1, "receiving_tds": 0, "fumbles_rcv": 0, "rushing_yds": 16, "receiving_lngtd": 0, "fumbles_lost": 1, "rushing_tds": 0, "rushing_twopta": 0, "receiving_rec": 1, "receiving_twopta": 0, "receiving_yds": 10, "rushing_att": 1, "receiving_twoptm": 0, "rushing_twoptm": 0, "week": "3", "kickret_lngtd": 0, "rushing_lngtd": 0, "fumbles_yds": 0, "receiving_lng": 10, "active": "true", "kickret_lng": 33, "fumbles_trcv": 0, "kickret_avg": 25, "rushing_lng": 16, "kickret_tds": 0, "kickret_ret": 4}, {"fumbles_tot": 1, "rushing_yds": 17, "fumbles_rcv": 0, "kickret_tds": 0, "puntret_ret": 3, "puntret_avg": 6, "fumbles_lost": 1, "rushing_tds": 0, "rushing_twopta": 0, "rushing_att": 6, "rushing_twoptm": 0, "week": "4", "puntret_lngtd": 0, "kickret_lngtd": 0, "rushing_lngtd": 0, "fumbles_yds": 0, "puntret_lng": 13, "active": "true", "puntret_tds": 0, "kickret_lng": 30, "fumbles_trcv": 0, "kickret_avg": 25, "rushing_lng": 8, "kickret_ret": 2}, {"receiving_tds": 0, "rushing_yds": 1, "receiving_lngtd": 0, "puntret_ret": 2, "puntret_avg": 10, "rushing_tds": 0, "rushing_twopta": 0, "receiving_rec": 3, "receiving_twopta": 0, "receiving_yds": 32, "rushing_att": 2, "receiving_twoptm": 0, "rushing_twoptm": 0, "week": "5", "puntret_lngtd": 0, "kickret_lngtd": 0, "rushing_lngtd": 0, "receiving_lng": 23, "puntret_lng": 11, "active": "true", "puntret_tds": 0, "kickret_lng": 32, "kickret_avg": 23, "rushing_lng": 2, "kickret_tds": 0, "kickret_ret": 4}, {"receiving_tds": 0, "rushing_yds": 9, "receiving_lngtd": 0, "puntret_ret": 2, "puntret_avg": 6, "rushing_tds": 0, "rushing_twopta": 0, "receiving_rec": 5, "receiving_twopta": 0, "receiving_yds": 48, "rushing_att": 1, "receiving_twoptm": 0, "rushing_twoptm": 0, "week": "6", "puntret_lngtd": 0, "kickret_lngtd": 0, "rushing_lngtd": 0, "receiving_lng": 11, "puntret_lng": 9, "active": "true", "puntret_tds": 0, "kickret_lng": 31, "kickret_avg": 23, "rushing_lng": 9, "kickret_tds": 0, "kickret_ret": 5}, {"receiving_tds": 0, "rushing_yds": 7, "receiving_lngtd": 0, "puntret_ret": 1, "puntret_avg": 12, "rushing_tds": 0, "rushing_twopta": 0, "receiving_rec": 9, "receiving_twopta": 0, "receiving_yds": 70, "rushing_att": 2, "receiving_twoptm": 0, "rushing_twoptm": 0, "week": "7", "puntret_lngtd": 0, "kickret_lngtd": 0, "rushing_lngtd": 0, "receiving_lng": 14, "puntret_lng": 12, "active": "true", "puntret_tds": 0, "kickret_lng": 39, "kickret_avg": 27, "rushing_lng": 6, "kickret_tds": 0, "kickret_ret": 5}, {"receiving_tds": 1, "rushing_yds": 41, "receiving_lngtd": 13, "puntret_ret": 2, "puntret_avg": 7, "rushing_tds": 0, "rushing_twopta": 0, "receiving_rec": 4, "receiving_twopta": 0, "receiving_yds": 36, "rushing_att": 4, "receiving_twoptm": 0, "rushing_twoptm": 0, "week": "8", "puntret_lngtd": 0, "kickret_lngtd": 0, "rushing_lngtd": 0, "receiving_lng": 17, "puntret_lng": 11, "active": "true", "puntret_tds": 0, "kickret_lng": 27, "kickret_avg": 25, "rushing_lng": 32, "kickret_tds": 0, "kickret_ret": 4}, {"receiving_tds": 0, "rushing_yds": 3, "receiving_lngtd": 0, "puntret_ret": 1, "puntret_avg": 0, "rushing_tds": 0, "rushing_twopta": 0, "receiving_rec": 1, "receiving_twopta": 0, "receiving_yds": 6, "rushing_att": 1, "receiving_twoptm": 0, "rushing_twoptm": 0, "week": "9", "puntret_lngtd": 0, "kickret_lngtd": 0, "rushing_lngtd": 0, "receiving_lng": 6, "puntret_lng": 0, "active": "true", "puntret_tds": 0, "kickret_lng": 34, "kickret_avg": 28, "rushing_lng": 3, "kickret_tds": 0, "kickret_ret": 4}, {"week": "10", "active": "false"}, {"receiving_tds": 1, "rushing_yds": 14, "receiving_lngtd": 57, "puntret_ret": 5, "puntret_avg": 7, "rushing_tds": 0, "rushing_twopta": 0, "receiving_rec": 5, "receiving_twopta": 0, "receiving_yds": 60, "rushing_att": 5, "receiving_twoptm": 0, "rushing_twoptm": 0, "week": "11", "puntret_lngtd": 0, "kickret_lngtd": 0, "rushing_lngtd": 0, "receiving_lng": 57, "puntret_lng": 12, "active": "true", "puntret_tds": 0, "kickret_lng": 25, "kickret_avg": 25, "rushing_lng": 6, "kickret_tds": 0, "kickret_ret": 2}, {"receiving_tds": 0, "rushing_yds": 17, "receiving_lngtd": 0, "puntret_ret": 2, "puntret_avg": 9, "rushing_tds": 0, "rushing_twopta": 0, "receiving_rec": 4, "receiving_twopta": 0, "receiving_yds": 24, "rushing_att": 4, "receiving_twoptm": 0, "rushing_twoptm": 0, "week": "12", "puntret_lngtd": 0, "kickret_lngtd": 0, "rushing_lngtd": 0, "receiving_lng": 8, "puntret_lng": 16, "active": "true", "puntret_tds": 0, "kickret_lng": 31, "kickret_avg": 29, "rushing_lng": 11, "kickret_tds": 0, "kickret_ret": 3}, {"fumbles_tot": 1, "receiving_tds": 0, "fumbles_rcv": 0, "kickret_tds": 0, "receiving_lngtd": 0, "puntret_ret": 1, "puntret_avg": 0, "fumbles_lost": 1, "receiving_rec": 1, "receiving_twopta": 0, "receiving_yds": 7, "receiving_twoptm": 0, "week": "13", "puntret_lngtd": 0, "kickret_lngtd": 0, "fumbles_yds": 0, "receiving_lng": 7, "puntret_lng": 0, "active": "true", "puntret_tds": 0, "kickret_lng": 31, "fumbles_trcv": 0, "kickret_avg": 25, "kickret_ret": 2}, {"week": "14", "kickret_lngtd": 0, "rushing_lngtd": 0, "kickret_lng": 27, "receiving_tds": 0, "receiving_twopta": 0, "kickret_ret": 1, "receiving_lng": 15, "rushing_tds": 0, "kickret_avg": 27, "rushing_twopta": 0, "active": "true", "receiving_rec": 5, "rushing_lng": 19, "rushing_yds": 53, "receiving_lngtd": 0, "receiving_yds": 51, "rushing_att": 6, "receiving_twoptm": 0, "rushing_twoptm": 0, "kickret_tds": 0}, {"week": "15", "kickret_lngtd": 0, "rushing_lngtd": 0, "kickret_lng": 23, "receiving_tds": 0, "receiving_twopta": 0, "kickret_ret": 2, "receiving_lng": 11, "rushing_tds": 0, "kickret_avg": 18, "rushing_twopta": 0, "active": "true", "receiving_rec": 5, "rushing_lng": 1, "rushing_yds": 1, "receiving_lngtd": 0, "receiving_yds": 30, "rushing_att": 2, "receiving_twoptm": 0, "rushing_twoptm": 0, "kickret_tds": 0}, {"week": "16", "kickret_lngtd": 0, "rushing_lngtd": 0, "kickret_lng": 45, "receiving_tds": 0, "receiving_twopta": 0, "kickret_ret": 5, "receiving_lng": 13, "rushing_tds": 0, "kickret_avg": 22, "rushing_twopta": 0, "active": "true", "receiving_rec": 8, "rushing_lng": 6, "rushing_yds": 8, "receiving_lngtd": 0, "receiving_yds": 55, "rushing_att": 3, "receiving_twoptm": 0, "rushing_twoptm": 0, "kickret_tds": 0}, {"week": "17", "kickret_lngtd": 0, "rushing_lngtd": 0, "kickret_lng": 41, "receiving_tds": 0, "receiving_twopta": 0, "kickret_ret": 3, "receiving_lng": 15, "rushing_tds": 0, "kickret_avg": 31, "rushing_twopta": 0, "active": "true", "receiving_rec": 2, "rushing_lng": 27, "rushing_yds": 43, "receiving_lngtd": 0, "receiving_yds": 26, "rushing_att": 4, "receiving_twoptm": 0, "rushing_twoptm": 0, "kickret_tds": 0}], "2011": [{"receiving_tds": 0, "rushing_yds": 7, "receiving_lngtd": 0, "puntret_ret": 2, "puntret_avg": 46, "rushing_tds": 0, "rushing_twopta": 0, "receiving_rec": 7, "receiving_twopta": 0, "receiving_yds": 75, "rushing_att": 2, "receiving_twoptm": 0, "rushing_twoptm": 0, "week": "1", "puntret_lngtd": 72, "kickret_lngtd": 0, "rushing_lngtd": 0, "receiving_lng": 36, "puntret_lng": 72, "active": "true", "puntret_tds": 1, "kickret_lng": 57, "kickret_avg": 38, "rushing_lng": 7, "kickret_tds": 0, "kickret_ret": 2}, {"receiving_tds": 1, "rushing_yds": 17, "receiving_lngtd": 12, "puntret_ret": 2, "puntret_avg": 0, "rushing_tds": 0, "rushing_twopta": 0, "receiving_rec": 8, "receiving_twopta": 0, "receiving_yds": 43, "rushing_att": 4, "receiving_twoptm": 0, "rushing_twoptm": 0, "week": "2", "puntret_lngtd": 0, "kickret_lngtd": 0, "rushing_lngtd": 0, "receiving_lng": 12, "puntret_lng": 1, "active": "true", "puntret_tds": 0, "kickret_lng": 24, "kickret_avg": 24, "rushing_lng": 7, "kickret_tds": 0, "kickret_ret": 1}, {"receiving_tds": 0, "rushing_yds": 35, "receiving_lngtd": 0, "puntret_ret": 1, "puntret_avg": 5, "rushing_tds": 1, "rushing_twopta": 0, "receiving_rec": 6, "receiving_twopta": 0, "receiving_yds": 50, "rushing_att": 2, "receiving_twoptm": 0, "rushing_twoptm": 0, "week": "3", "puntret_lngtd": 0, "kickret_lngtd": 0, "rushing_lngtd": 30, "receiving_lng": 15, "puntret_lng": 5, "active": "true", "puntret_tds": 0, "kickret_lng": 33, "kickret_avg": 25, "rushing_lng": 30, "kickret_tds": 0, "kickret_ret": 4}, {"receiving_tds": 0, "rushing_yds": 75, "receiving_lngtd": 0, "puntret_ret": 1, "puntret_avg": 9, "rushing_tds": 0, "rushing_twopta": 0, "receiving_rec": 5, "receiving_twopta": 0, "receiving_yds": 56, "rushing_att": 7, "receiving_twoptm": 0, "rushing_twoptm": 0, "week": "4", "puntret_lngtd": 0, "kickret_lngtd": 0, "rushing_lngtd": 0, "receiving_lng": 14, "puntret_lng": 9, "active": "true", "puntret_tds": 0, "kickret_lng": 27, "kickret_avg": 24, "rushing_lng": 34, "kickret_tds": 0, "kickret_ret": 2}, {"week": "5", "puntret_tds": 0, "rushing_lngtd": 0, "receiving_tds": 0, "puntret_avg": 0, "receiving_twopta": 0, "receiving_lng": 12, "rushing_tds": 0, "puntret_lng": 0, "rushing_twopta": 0, "active": "true", "puntret_ret": 1, "receiving_rec": 5, "rushing_lng": 23, "rushing_yds": 51, "receiving_lngtd": 0, "receiving_yds": 40, "rushing_att": 11, "receiving_twoptm": 0, "rushing_twoptm": 0, "puntret_lngtd": 0}, {"receiving_tds": 0, "rushing_yds": 16, "receiving_lngtd": 0, "puntret_ret": 1, "puntret_avg": -10, "rushing_tds": 0, "rushing_twopta": 0, "receiving_rec": 8, "receiving_twopta": 0, "receiving_yds": 46, "rushing_att": 1, "receiving_twoptm": 0, "rushing_twoptm": 0, "week": "6", "puntret_lngtd": 0, "kickret_lngtd": 0, "rushing_lngtd": 0, "receiving_lng": 9, "puntret_lng": -10, "active": "true", "puntret_tds": 0, "kickret_lng": 24, "kickret_avg": 23, "rushing_lng": 16, "kickret_tds": 0, "kickret_ret": 3}, {"receiving_tds": 1, "rushing_yds": 88, "receiving_lngtd": 6, "puntret_ret": 4, "puntret_avg": 6, "rushing_tds": 1, "rushing_twopta": 0, "receiving_rec": 6, "receiving_twopta": 0, "receiving_yds": 19, "rushing_att": 12, "receiving_twoptm": 0, "rushing_twoptm": 0, "week": "7", "puntret_lngtd": 0, "kickret_lngtd": 0, "rushing_lngtd": 16, "receiving_lng": 9, "puntret_lng": 16, "active": "true", "puntret_tds": 0, "kickret_lng": 29, "kickret_avg": 28, "rushing_lng": 16, "kickret_tds": 0, "kickret_ret": 2}, {"receiving_tds": 0, "rushing_yds": 16, "receiving_lngtd": 0, "puntret_ret": 3, "puntret_avg": 6, "rushing_tds": 0, "rushing_twopta": 0, "receiving_rec": 6, "receiving_twopta": 0, "receiving_yds": 60, "rushing_att": 6, "receiving_twoptm": 0, "rushing_twoptm": 0, "week": "8", "puntret_lngtd": 0, "kickret_lngtd": 0, "rushing_lngtd": 0, "receiving_lng": 21, "puntret_lng": 15, "active": "true", "puntret_tds": 0, "kickret_lng": 36, "kickret_avg": 24, "rushing_lng": 6, "kickret_tds": 0, "kickret_ret": 5}, {"receiving_tds": 1, "rushing_yds": 42, "receiving_lngtd": 21, "puntret_ret": 1, "puntret_avg": 15, "rushing_tds": 0, "rushing_twopta": 0, "receiving_rec": 5, "receiving_twopta": 0, "receiving_yds": 57, "rushing_att": 4, "receiving_twoptm": 0, "rushing_twoptm": 0, "week": "9", "puntret_lngtd": 0, "kickret_lngtd": 0, "rushing_lngtd": 0, "receiving_lng": 21, "puntret_lng": 15, "active": "true", "puntret_tds": 0, "kickret_lng": 30, "kickret_avg": 27, "rushing_lng": 35, "kickret_tds": 0, "kickret_ret": 2}, {"receiving_tds": 0, "rushing_yds": 1, "receiving_lngtd": 0, "puntret_ret": 2, "puntret_avg": 9, "rushing_tds": 0, "rushing_twopta": 0, "receiving_rec": 4, "receiving_twopta": 0, "receiving_yds": 2, "rushing_att": 2, "receiving_twoptm": 0, "rushing_twoptm": 0, "week": "10", "puntret_lngtd": 0, "kickret_lngtd": 0, "rushing_lngtd": 0, "receiving_lng": 5, "puntret_lng": 18, "active": "true", "puntret_tds": 0, "kickret_lng": 39, "kickret_avg": 28, "rushing_lng": 1, "kickret_tds": 0, "kickret_ret": 3}, {"week": "11", "active": "false"}, {"week": "12", "kickret_lngtd": 0, "rushing_lngtd": 0, "kickret_lng": 36, "receiving_tds": 0, "receiving_twopta": 0, "kickret_ret": 2, "receiving_lng": 22, "rushing_tds": 0, "kickret_avg": 31, "rushing_twopta": 0, "active": "true", "receiving_rec": 2, "rushing_lng": 23, "rushing_yds": 54, "receiving_lngtd": 0, "receiving_yds": 28, "rushing_att": 8, "receiving_twoptm": 0, "rushing_twoptm": 0, "kickret_tds": 0}, {"receiving_tds": 1, "rushing_yds": 28, "receiving_lngtd": 6, "puntret_ret": 2, "puntret_avg": 6, "rushing_tds": 0, "rushing_twopta": 0, "receiving_rec": 5, "receiving_twopta": 0, "receiving_yds": 46, "rushing_att": 4, "receiving_twoptm": 0, "rushing_twoptm": 0, "week": "13", "puntret_lngtd": 0, "kickret_lngtd": 0, "rushing_lngtd": 0, "receiving_lng": 22, "puntret_lng": 12, "active": "true", "puntret_tds": 0, "kickret_lng": 27, "kickret_avg": 24, "rushing_lng": 20, "kickret_tds": 0, "kickret_ret": 3}, {"receiving_tds": 0, "rushing_yds": 33, "receiving_lngtd": 0, "puntret_ret": 3, "puntret_avg": 6, "rushing_tds": 0, "rushing_twopta": 0, "receiving_rec": 7, "receiving_twopta": 0, "receiving_yds": 58, "rushing_att": 5, "receiving_twoptm": 0, "rushing_twoptm": 0, "week": "14", "puntret_lngtd": 0, "kickret_lngtd": 0, "rushing_lngtd": 0, "receiving_lng": 20, "puntret_lng": 15, "active": "true", "puntret_tds": 0, "kickret_lng": 23, "kickret_avg": 21, "rushing_lng": 14, "kickret_tds": 0, "kickret_ret": 2}, {"receiving_tds": 1, "rushing_yds": 33, "receiving_lngtd": 13, "puntret_ret": 3, "puntret_avg": 15, "rushing_tds": 0, "rushing_twopta": 0, "receiving_rec": 5, "receiving_twopta": 0, "receiving_yds": 79, "rushing_att": 8, "receiving_twoptm": 0, "rushing_twoptm": 0, "week": "15", "puntret_lngtd": 0, "kickret_lngtd": 0, "rushing_lngtd": 0, "receiving_lng": 39, "puntret_lng": 24, "active": "true", "puntret_tds": 0, "kickret_lng": 26, "kickret_avg": 25, "rushing_lng": 14, "kickret_tds": 0, "kickret_ret": 3}, {"week": "16", "kickret_lngtd": 0, "rushing_lngtd": 0, "kickret_lng": 92, "receiving_tds": 1, "receiving_twopta": 0, "kickret_ret": 4, "receiving_lng": 13, "rushing_tds": 0, "kickret_avg": 36, "rushing_twopta": 0, "active": "true", "receiving_rec": 2, "rushing_lng": 36, "rushing_yds": 67, "receiving_lngtd": 9, "receiving_yds": 22, "rushing_att": 5, "receiving_twoptm": 0, "rushing_twoptm": 0, "kickret_tds": 0}, {"receiving_tds": 1, "rushing_yds": 40, "receiving_lngtd": 9, "puntret_ret": 3, "puntret_avg": 15, "rushing_tds": 0, "rushing_twopta": 0, "receiving_rec": 5, "receiving_twopta": 0, "receiving_yds": 29, "rushing_att": 6, "receiving_twoptm": 0, "rushing_twoptm": 0, "week": "17", "puntret_lngtd": 0, "kickret_lngtd": 0, "rushing_lngtd": 0, "receiving_lng": 16, "puntret_lng": 24, "active": "true", "puntret_tds": 0, "kickret_lng": 28, "kickret_avg": 27, "rushing_lng": 11, "kickret_tds": 0, "kickret_ret": 2}], "2012": [{"week": "1", "puntret_tds": 0, "kickret_lngtd": 0, "puntret_ret": 2, "kickret_lng": 48, "receiving_tds": 1, "puntret_avg": 7, "puntret_lngtd": 0, "kickret_tds": 0, "receiving_lng": 17, "kickret_avg": 34, "puntret_lng": 9, "active": "true", "receiving_rec": 5, "receiving_twopta": 0, "receiving_yds": 35, "receiving_lngtd": 2, "receiving_twoptm": 0, "kickret_ret": 3}, {"week": "2", "puntret_tds": 0, "kickret_lngtd": 0, "puntret_ret": 2, "kickret_lng": 38, "receiving_tds": 0, "puntret_avg": 15, "puntret_lngtd": 0, "kickret_tds": 0, "receiving_lng": 25, "kickret_avg": 26, "puntret_lng": 16, "active": "true", "receiving_rec": 13, "receiving_twopta": 0, "receiving_yds": 128, "receiving_lngtd": 0, "receiving_twoptm": 0, "kickret_ret": 2}, {"week": "3", "puntret_tds": 0, "kickret_lngtd": 0, "rushing_lngtd": 0, "kickret_lng": 38, "kickret_tds": 0, "puntret_avg": 2, "puntret_lngtd": 0, "kickret_ret": 4, "rushing_tds": 0, "kickret_avg": 26, "puntret_lng": 2, "rushing_twopta": 0, "puntret_ret": 1, "rushing_lng": 47, "rushing_yds": 62, "active": "true", "rushing_att": 7, "rushing_twoptm": 0}, {"receiving_tds": 1, "rushing_yds": 20, "receiving_lngtd": 6, "puntret_ret": 1, "puntret_avg": 4, "rushing_tds": 0, "rushing_twopta": 0, "receiving_rec": 5, "receiving_twopta": 0, "receiving_yds": 44, "rushing_att": 5, "receiving_twoptm": 0, "rushing_twoptm": 0, "week": "4", "puntret_lngtd": 0, "kickret_lngtd": 0, "rushing_lngtd": 0, "receiving_lng": 20, "puntret_lng": 4, "active": "true", "puntret_tds": 0, "kickret_lng": 35, "kickret_avg": 30, "rushing_lng": 9, "kickret_tds": 0, "kickret_ret": 3}, {"receiving_tds": 0, "rushing_yds": 9, "receiving_lngtd": 0, "puntret_ret": 2, "puntret_avg": 1, "rushing_tds": 0, "rushing_twopta": 0, "receiving_rec": 5, "receiving_twopta": 0, "receiving_yds": 28, "rushing_att": 5, "receiving_twoptm": 0, "rushing_twoptm": 0, "week": "5", "puntret_lngtd": 0, "kickret_lngtd": 0, "rushing_lngtd": 0, "receiving_lng": 14, "puntret_lng": 2, "active": "true", "puntret_tds": 0, "kickret_lng": 25, "kickret_avg": 24, "rushing_lng": 5, "kickret_tds": 0, "kickret_ret": 2}, {"week": "6", "active": "false"}, {"week": "7", "puntret_tds": 0, "rushing_lngtd": 0, "receiving_tds": 1, "puntret_avg": 15, "receiving_twopta": 0, "receiving_lng": 9, "rushing_tds": 0, "puntret_lng": 15, "rushing_twopta": 0, "active": "true", "puntret_ret": 1, "receiving_rec": 4, "rushing_lng": 12, "rushing_yds": 27, "receiving_lngtd": 9, "receiving_yds": 32, "rushing_att": 5, "receiving_twoptm": 0, "rushing_twoptm": 0, "puntret_lngtd": 0}, {"week": "8", "puntret_tds": 0, "rushing_lngtd": 0, "receiving_tds": 1, "puntret_avg": -1, "receiving_twopta": 0, "receiving_lng": 29, "rushing_tds": 0, "puntret_lng": -1, "rushing_twopta": 0, "active": "true", "puntret_ret": 1, "receiving_rec": 7, "rushing_lng": 5, "rushing_yds": -1, "receiving_lngtd": 29, "receiving_yds": 56, "rushing_att": 4, "receiving_twoptm": 0, "rushing_twoptm": 0, "puntret_lngtd": 0}, {"week": "9", "active": "false"}, {"week": "10", "active": "false"}, {"week": "11", "active": "false"}, {"week": "12", "puntret_tds": 0, "puntret_ret": 1, "receiving_tds": 0, "puntret_avg": 3, "puntret_lngtd": 0, "receiving_lng": 35, "puntret_lng": 3, "active": "true", "receiving_rec": 7, "receiving_twopta": 0, "receiving_yds": 65, "receiving_lngtd": 0, "receiving_twoptm": 0}, {"week": "13", "puntret_tds": 0, "puntret_ret": 4, "receiving_tds": 0, "puntret_avg": 15, "puntret_lngtd": 0, "receiving_lng": 14, "puntret_lng": 21, "active": "true", "receiving_rec": 5, "receiving_twopta": 0, "receiving_yds": 47, "receiving_lngtd": 0, "receiving_twoptm": 0}, {"week": "14", "puntret_tds": 0, "rushing_lngtd": 13, "receiving_tds": 1, "puntret_avg": 2, "receiving_twopta": 0, "receiving_lng": 10, "rushing_tds": 1, "puntret_lng": 5, "rushing_twopta": 0, "active": "true", "puntret_ret": 2, "receiving_rec": 4, "rushing_lng": 34, "rushing_yds": 56, "receiving_lngtd": 9, "receiving_yds": 28, "rushing_att": 5, "receiving_twoptm": 0, "rushing_twoptm": 0, "puntret_lngtd": 0}, {"week": "15", "puntret_tds": 0, "rushing_lngtd": 0, "receiving_tds": 1, "puntret_avg": 12, "receiving_twopta": 0, "receiving_lng": 7, "rushing_tds": 0, "puntret_lng": 37, "rushing_twopta": 0, "active": "true", "puntret_ret": 3, "receiving_rec": 5, "rushing_lng": 15, "rushing_yds": 22, "receiving_lngtd": 2, "receiving_yds": 21, "rushing_att": 5, "receiving_twoptm": 0, "rushing_twoptm": 0, "puntret_lngtd": 0}, {"receiving_tds": 0, "rushing_yds": 48, "receiving_lngtd": 0, "puntret_ret": 2, "puntret_avg": 5, "rushing_tds": 0, "rushing_twopta": 0, "receiving_rec": 7, "receiving_twopta": 0, "receiving_yds": 104, "rushing_att": 9, "receiving_twoptm": 0, "rushing_twoptm": 0, "week": "16", "puntret_lngtd": 0, "kickret_lngtd": 0, "rushing_lngtd": 0, "receiving_lng": 44, "puntret_lng": 8, "active": "true", "puntret_tds": 0, "kickret_lng": 15, "kickret_avg": 15, "rushing_lng": 17, "kickret_tds": 0, "kickret_ret": 1}, {"receiving_tds": 1, "rushing_yds": 1, "receiving_lngtd": 33, "puntret_ret": 1, "puntret_avg": -1, "rushing_tds": 0, "rushing_twopta": 0, "receiving_rec": 8, "receiving_twopta": 0, "receiving_yds": 79, "rushing_att": 3, "receiving_twoptm": 0, "rushing_twoptm": 0, "week": "17", "puntret_lngtd": 0, "kickret_lngtd": 0, "rushing_lngtd": 0, "receiving_lng": 33, "puntret_lng": -1, "active": "true", "puntret_tds": 0, "kickret_lng": 27, "kickret_avg": 22, "rushing_lng": 5, "kickret_tds": 0, "kickret_ret": 3}], "2013": [{"receiving_tds": 0, "rushing_yds": 22, "receiving_lngtd": 0, "puntret_ret": 4, "puntret_avg": 1, "rushing_tds": 0, "rushing_twopta": 0, "receiving_rec": 6, "receiving_twopta": 0, "receiving_yds": 88, "rushing_att": 8, "receiving_twoptm": 0, "rushing_twoptm": 0, "week": "1", "puntret_lngtd": 0, "kickret_lngtd": 0, "rushing_lngtd": 0, "receiving_lng": 32, "puntret_lng": 5, "active": "true", "puntret_tds": 0, "kickret_lng": 23, "kickret_avg": 23, "rushing_lng": 5, "kickret_tds": 0, "kickret_ret": 1}, {"receiving_tds": 0, "rushing_yds": 26, "receiving_lngtd": 0, "puntret_ret": 1, "puntret_avg": -2, "rushing_tds": 0, "rushing_twopta": 0, "receiving_rec": 6, "receiving_twopta": 0, "receiving_yds": 36, "rushing_att": 7, "receiving_twoptm": 0, "rushing_twoptm": 0, "week": "2", "puntret_lngtd": 0, "kickret_lngtd": 0, "rushing_lngtd": 0, "receiving_lng": 8, "puntret_lng": -2, "active": "true", "puntret_tds": 0, "kickret_lng": 23, "kickret_avg": 23, "rushing_lng": 6, "kickret_tds": 0, "kickret_ret": 1}, {"week": "3", "puntret_tds": 0, "rushing_lngtd": 0, "receiving_tds": 0, "puntret_avg": 17, "receiving_twopta": 0, "receiving_lng": 13, "rushing_tds": 0, "puntret_lng": 28, "rushing_twopta": 0, "active": "true", "puntret_ret": 3, "receiving_rec": 4, "rushing_lng": 15, "rushing_yds": 17, "receiving_lngtd": 0, "receiving_yds": 39, "rushing_att": 3, "receiving_twoptm": 0, "rushing_twoptm": 0, "puntret_lngtd": 0}, {"fumbles_tot": 1, "receiving_tds": 1, "fumbles_rcv": 0, "rushing_yds": 28, "receiving_lngtd": 13, "puntret_ret": 3, "puntret_avg": 14, "fumbles_lost": 1, "rushing_tds": 1, "rushing_twopta": 0, "receiving_rec": 7, "receiving_twopta": 0, "receiving_yds": 114, "rushing_att": 4, "receiving_twoptm": 0, "rushing_twoptm": 0, "week": "4", "puntret_lngtd": 0, "kickret_lngtd": 0, "rushing_lngtd": 5, "fumbles_yds": 0, "receiving_lng": 48, "puntret_lng": 18, "active": "true", "puntret_tds": 0, "kickret_lng": 24, "fumbles_trcv": 0, "kickret_avg": 18, "rushing_lng": 18, "kickret_tds": 0, "kickret_ret": 2}, {"receiving_tds": 0, "rushing_yds": 10, "receiving_lngtd": 0, "puntret_ret": 1, "puntret_avg": 2, "rushing_tds": 0, "rushing_twopta": 0, "receiving_rec": 3, "receiving_twopta": 0, "receiving_yds": 31, "rushing_att": 3, "receiving_twoptm": 0, "rushing_twoptm": 0, "week": "5", "puntret_lngtd": 0, "kickret_lngtd": 0, "rushing_lngtd": 0, "receiving_lng": 19, "puntret_lng": 2, "active": "true", "puntret_tds": 0, "kickret_lng": 19, "kickret_avg": 19, "rushing_lng": 5, "kickret_tds": 0, "kickret_ret": 2}, {"fumbles_tot": 1, "receiving_tds": 0, "fumbles_rcv": 0, "rushing_yds": 15, "receiving_lngtd": 0, "puntret_ret": 3, "puntret_avg": 6, "fumbles_lost": 1, "rushing_tds": 0, "rushing_twopta": 0, "receiving_rec": 6, "receiving_twopta": 0, "receiving_yds": 58, "rushing_att": 5, "receiving_twoptm": 0, "rushing_twoptm": 0, "week": "6", "puntret_lngtd": 0, "kickret_lngtd": 0, "rushing_lngtd": 0, "fumbles_yds": 0, "receiving_lng": 19, "puntret_lng": 9, "active": "true", "puntret_tds": 0, "kickret_lng": 21, "fumbles_trcv": 0, "kickret_avg": 17, "rushing_lng": 6, "kickret_tds": 0, "kickret_ret": 3}, {"week": "7", "active": "false"}, {"week": "8", "puntret_tds": 0, "kickret_lngtd": 0, "puntret_ret": 1, "kickret_lng": 32, "receiving_tds": 0, "puntret_avg": 0, "puntret_lngtd": 0, "kickret_tds": 0, "receiving_lng": 7, "kickret_avg": 25, "puntret_lng": 0, "active": "true", "receiving_rec": 4, "receiving_twopta": 0, "receiving_yds": 0, "receiving_lngtd": 0, "receiving_twoptm": 0, "kickret_ret": 2}, {"week": "9", "receiving_tds": 0, "receiving_lng": 2, "active": "true", "receiving_rec": 1, "receiving_twopta": 0, "receiving_yds": 2, "receiving_lngtd": 0, "receiving_twoptm": 0}, {"fumbles_tot": 1, "receiving_tds": 1, "fumbles_rcv": 0, "rushing_yds": 12, "receiving_lngtd": 28, "puntret_ret": 4, "puntret_avg": 4, "fumbles_lost": 1, "rushing_tds": 1, "rushing_twopta": 0, "receiving_rec": 7, "receiving_twopta": 0, "receiving_yds": 76, "rushing_att": 5, "receiving_twoptm": 0, "rushing_twoptm": 0, "week": "10", "puntret_lngtd": 0, "rushing_lngtd": 3, "fumbles_yds": 0, "receiving_lng": 28, "puntret_lng": 12, "active": "true", "puntret_tds": 0, "fumbles_trcv": 0, "rushing_lng": 5}, {"week": "11", "puntret_tds": 0, "rushing_lngtd": 0, "receiving_tds": 0, "puntret_avg": 5, "receiving_twopta": 0, "receiving_lng": 8, "rushing_tds": 0, "puntret_lng": 5, "rushing_twopta": 0, "active": "true", "puntret_ret": 1, "receiving_rec": 4, "rushing_lng": 7, "rushing_yds": 16, "receiving_lngtd": 0, "receiving_yds": 19, "rushing_att": 3, "receiving_twoptm": 0, "rushing_twoptm": 0, "puntret_lngtd": 0}, {"week": "12", "active": "false"}, {"week": "13", "puntret_tds": 0, "rushing_lngtd": 0, "receiving_tds": 0, "puntret_avg": 0, "receiving_twopta": 0, "receiving_lng": 10, "rushing_tds": 0, "puntret_lng": 0, "rushing_twopta": 0, "active": "true", "puntret_ret": 1, "receiving_rec": 7, "rushing_lng": 7, "rushing_yds": 11, "receiving_lngtd": 0, "receiving_yds": 32, "rushing_att": 3, "receiving_twoptm": 0, "rushing_twoptm": 0, "puntret_lngtd": 0}, {"week": "14", "puntret_tds": 0, "rushing_lngtd": 0, "receiving_tds": 0, "puntret_avg": 8, "receiving_twopta": 0, "receiving_lng": 20, "rushing_tds": 0, "puntret_lng": 17, "rushing_twopta": 0, "active": "true", "puntret_ret": 2, "receiving_rec": 3, "rushing_lng": 38, "rushing_yds": 38, "receiving_lngtd": 0, "receiving_yds": 23, "rushing_att": 1, "receiving_twoptm": 0, "rushing_twoptm": 0, "puntret_lngtd": 0}, {"week": "15", "rushing_lngtd": 0, "receiving_tds": 0, "receiving_twopta": 0, "receiving_lng": 13, "rushing_tds": 0, "rushing_twopta": 0, "active": "true", "receiving_rec": 8, "rushing_lng": 11, "rushing_yds": 24, "receiving_lngtd": 0, "receiving_yds": 38, "rushing_att": 7, "receiving_twoptm": 0, "rushing_twoptm": 0}, {"receiving_tds": 0, "rushing_yds": 2, "receiving_lngtd": 0, "puntret_ret": 4, "puntret_avg": 7, "rushing_tds": 0, "rushing_twopta": 0, "receiving_rec": 3, "receiving_twopta": 0, "receiving_yds": 18, "rushing_att": 1, "receiving_twoptm": 0, "rushing_twoptm": 0, "week": "16", "puntret_lngtd": 0, "kickret_lngtd": 0, "rushing_lngtd": 0, "receiving_lng": 8, "puntret_lng": 11, "active": "true", "puntret_tds": 0, "kickret_lng": 21, "kickret_avg": 21, "rushing_lng": 2, "kickret_tds": 0, "kickret_ret": 1}, {"receiving_tds": 0, "rushing_yds": -1, "receiving_lngtd": 0, "puntret_ret": 1, "puntret_avg": 0, "rushing_tds": 0, "rushing_twopta": 0, "receiving_rec": 2, "receiving_twopta": 0, "receiving_yds": 30, "rushing_att": 3, "receiving_twoptm": 0, "rushing_twoptm": 0, "week": "17", "puntret_lngtd": 0, "kickret_lngtd": 0, "rushing_lngtd": 0, "receiving_lng": 24, "puntret_lng": 0, "active": "true", "puntret_tds": 0, "kickret_lng": 22, "kickret_avg": 22, "rushing_lng": 5, "kickret_tds": 0, "kickret_ret": 1}], "2014": [{"week": "1", "puntret_tds": 0, "rushing_lngtd": 49, "receiving_tds": 0, "puntret_avg": 15, "receiving_twopta": 0, "receiving_lng": 8, "rushing_tds": 1, "puntret_lng": 22, "rushing_twopta": 0, "active": "true", "puntret_ret": 4, "receiving_rec": 4, "rushing_lng": 49, "rushing_yds": 71, "receiving_lngtd": 0, "receiving_yds": 14, "rushing_att": 11, "receiving_twoptm": 0, "rushing_twoptm": 0, "puntret_lngtd": 0}, {"week": "2", "puntret_tds": 0, "rushing_lngtd": 19, "receiving_tds": 0, "puntret_avg": 6, "receiving_twopta": 0, "receiving_lng": 57, "rushing_tds": 1, "puntret_lng": 8, "rushing_twopta": 0, "active": "true", "puntret_ret": 4, "receiving_rec": 7, "rushing_lng": 19, "rushing_yds": 26, "receiving_lngtd": 0, "receiving_yds": 152, "rushing_att": 4, "receiving_twoptm": 0, "rushing_twoptm": 0, "puntret_lngtd": 0}, {"fumbles_tot": 1, "receiving_tds": 0, "fumbles_rcv": 0, "rushing_yds": 20, "receiving_lngtd": 0, "puntret_ret": 2, "puntret_avg": 13, "fumbles_lost": 1, "rushing_tds": 0, "rushing_twopta": 0, "receiving_rec": 3, "receiving_twopta": 0, "receiving_yds": 30, "rushing_att": 2, "receiving_twoptm": 0, "rushing_twoptm": 0, "week": "3", "puntret_lngtd": 0, "rushing_lngtd": 0, "fumbles_yds": 0, "receiving_lng": 22, "puntret_lng": 18, "active": "true", "puntret_tds": 0, "fumbles_trcv": 0, "rushing_lng": 18}, {"week": "4", "puntret_tds": 1, "rushing_lngtd": 0, "receiving_tds": 0, "puntret_avg": 28, "receiving_twopta": 0, "receiving_lng": 6, "rushing_tds": 0, "puntret_lng": 82, "rushing_twopta": 0, "active": "true", "puntret_ret": 3, "receiving_rec": 2, "rushing_lng": 4, "rushing_yds": 4, "receiving_lngtd": 0, "receiving_yds": 2, "rushing_att": 1, "receiving_twoptm": 0, "rushing_twoptm": 0, "puntret_lngtd": 82}, {"week": "5", "puntret_tds": 0, "kickret_lngtd": 0, "rushing_lngtd": 0, "kickret_lng": 15, "kickret_tds": 0, "puntret_avg": 23, "puntret_lngtd": 0, "kickret_ret": 1, "rushing_tds": 0, "kickret_avg": 15, "puntret_lng": 23, "rushing_twopta": 0, "puntret_ret": 1, "rushing_lng": 25, "rushing_yds": 51, "active": "true", "rushing_att": 7, "rushing_twoptm": 0}, {"week": "6", "fumbles_tot": 1, "rushing_lngtd": 15, "puntret_avg": 14, "fumbles_yds": -7, "fumbles_lost": 0, "fumbles_trcv": 0, "rushing_tds": 1, "fumbles_rcv": 0, "puntret_tds": 0, "rushing_twopta": 0, "puntret_ret": 4, "rushing_lng": 15, "rushing_yds": 39, "active": "true", "rushing_att": 7, "puntret_lng": 43, "rushing_twoptm": 0, "puntret_lngtd": 0}, {"week": "7", "active": "false"}, {"week": "8", "active": "false"}, {"week": "9", "puntret_tds": 0, "rushing_lngtd": 0, "receiving_tds": 0, "puntret_avg": 13, "receiving_twopta": 0, "receiving_lng": 24, "rushing_tds": 0, "puntret_lng": 18, "rushing_twopta": 0, "active": "true", "puntret_ret": 2, "receiving_rec": 4, "rushing_lng": 7, "rushing_yds": 17, "receiving_lngtd": 0, "receiving_yds": 46, "rushing_att": 3, "receiving_twoptm": 0, "rushing_twoptm": 0, "puntret_lngtd": 0}, {"week": "10", "puntret_tds": 1, "rushing_lngtd": 8, "receiving_tds": 0, "puntret_avg": 28, "receiving_twopta": 0, "receiving_lng": 13, "rushing_tds": 1, "puntret_lng": 65, "rushing_twopta": 0, "active": "true", "puntret_ret": 3, "receiving_rec": 1, "rushing_lng": 8, "rushing_yds": 8, "receiving_lngtd": 0, "receiving_yds": 13, "rushing_att": 1, "receiving_twoptm": 0, "rushing_twoptm": 0, "puntret_lngtd": 65}, {"week": "11", "puntret_tds": 0, "rushing_lngtd": 0, "receiving_tds": 0, "puntret_avg": 6, "receiving_twopta": 0, "receiving_lng": 16, "rushing_tds": 0, "puntret_lng": 6, "rushing_twopta": 0, "active": "true", "puntret_ret": 1, "receiving_rec": 2, "rushing_lng": 13, "rushing_yds": 21, "receiving_lngtd": 0, "receiving_yds": 23, "rushing_att": 2, "receiving_twoptm": 0, "rushing_twoptm": 0, "puntret_lngtd": 0}, {"week": "12", "puntret_tds": 0, "rushing_lngtd": 4, "receiving_tds": 0, "puntret_avg": 8, "receiving_twopta": 0, "receiving_lng": 10, "rushing_tds": 1, "puntret_lng": 13, "rushing_twopta": 0, "active": "true", "puntret_ret": 6, "receiving_rec": 3, "rushing_lng": 13, "rushing_yds": 25, "receiving_lngtd": 0, "receiving_yds": 14, "rushing_att": 6, "receiving_twoptm": 0, "rushing_twoptm": 0, "puntret_lngtd": 0}, {"week": "13", "puntret_tds": 0, "rushing_lngtd": 0, "receiving_tds": 0, "puntret_avg": 10, "receiving_twopta": 0, "receiving_lng": 9, "rushing_tds": 0, "puntret_lng": 12, "rushing_twopta": 0, "active": "true", "puntret_ret": 3, "receiving_rec": 3, "rushing_lng": 13, "rushing_yds": 13, "receiving_lngtd": 0, "receiving_yds": 19, "rushing_att": 1, "receiving_twoptm": 0, "rushing_twoptm": 0, "puntret_lngtd": 0}, {"week": "14", "active": "false"}]}}