{"D.Culpepper": {"2009": [{"week": "1", "active": "false"}, {"week": "2", "active": "false"}, {"week": "3", "active": "false"}, {"week": "4", "passing_att": 11, "passing_twoptm": 0, "passing_twopta": 0, "passing_yds": 54, "passing_cmp": 6, "active": "true", "passing_ints": 0, "passing_tds": 0}, {"week": "5", "fumbles_tot": 3, "passing_att": 37, "fumbles_rcv": 3, "passing_twoptm": 0, "fumbles_yds": -2, "fumbles_lost": 0, "fumbles_trcv": 3, "passing_twopta": 0, "rushing_tds": 0, "passing_yds": 282, "rushing_yds": 44, "passing_cmp": 23, "rushing_twopta": 0, "active": "true", "rushing_lng": 32, "passing_ints": 1, "passing_tds": 1, "rushing_att": 3, "rushing_twoptm": 0}, {"week": "6", "passing_att": 14, "passing_twoptm": 0, "passing_twopta": 0, "passing_yds": 48, "passing_cmp": 6, "active": "true", "passing_ints": 1, "passing_tds": 0}, {"week": "7", "active": "false"}, {"week": "8", "active": "false"}, {"week": "9", "active": "false"}, {"week": "10", "active": "false"}, {"week": "11", "active": "false"}, {"week": "12", "active": "false"}, {"week": "13", "passing_att": 3, "passing_twoptm": 0, "passing_twopta": 1, "rushing_tds": 0, "passing_yds": 49, "rushing_yds": 7, "passing_cmp": 2, "rushing_twopta": 0, "active": "true", "rushing_lng": 7, "passing_ints": 0, "passing_tds": 0, "rushing_att": 1, "rushing_twoptm": 0}, {"week": "14", "fumbles_tot": 1, "passing_att": 34, "fumbles_rcv": 1, "passing_twoptm": 0, "fumbles_yds": -6, "fumbles_lost": 0, "fumbles_trcv": 1, "passing_twopta": 0, "rushing_tds": 0, "passing_yds": 135, "rushing_yds": 11, "passing_cmp": 16, "rushing_twopta": 0, "active": "true", "rushing_lng": 3, "passing_ints": 2, "passing_tds": 0, "rushing_att": 7, "rushing_twoptm": 0}, {"week": "15", "passing_att": 12, "passing_twoptm": 0, "passing_twopta": 0, "rushing_tds": 0, "passing_yds": 64, "rushing_yds": 4, "passing_cmp": 6, "rushing_twopta": 0, "active": "true", "rushing_lng": 4, "passing_ints": 1, "passing_tds": 0, "rushing_att": 1, "rushing_twoptm": 0}, {"week": "16", "passing_att": 12, "passing_twoptm": 0, "passing_twopta": 0, "rushing_tds": 0, "passing_yds": 51, "rushing_yds": 16, "passing_cmp": 7, "rushing_twopta": 0, "active": "true", "rushing_lng": 12, "passing_ints": 0, "passing_tds": 0, "rushing_att": 2, "rushing_twoptm": 0}, {"week": "17", "passing_att": 34, "passing_twoptm": 0, "passing_twopta": 0, "rushing_tds": 0, "passing_yds": 262, "rushing_yds": 9, "passing_cmp": 23, "rushing_twopta": 0, "active": "true", "rushing_lng": 5, "passing_ints": 1, "passing_tds": 2, "rushing_att": 4, "rushing_twoptm": 0}], "2010": [{"week": "1", "active": "false"}, {"week": "2", "active": "false"}, {"week": "3", "active": "false"}, {"week": "4", "active": "false"}, {"week": "5", "active": "false"}, {"week": "6", "active": "false"}, {"week": "7", "active": "false"}, {"week": "8", "active": "false"}, {"week": "9", "active": "false"}, {"week": "10", "active": "false"}, {"week": "11", "active": "false"}, {"week": "12", "active": "false"}, {"week": "13", "active": "false"}, {"week": "14", "active": "false"}, {"week": "15", "active": "false"}, {"week": "16", "active": "false"}, {"week": "17", "active": "false"}], "2011": [{"week": "1", "active": "false"}, {"week": "2", "active": "false"}, {"week": "3", "active": "false"}, {"week": "4", "active": "false"}, {"week": "5", "active": "false"}, {"week": "6", "active": "false"}, {"week": "7", "active": "false"}, {"week": "8", "active": "false"}, {"week": "9", "active": "false"}, {"week": "10", "active": "false"}, {"week": "11", "active": "false"}, {"week": "12", "active": "false"}, {"week": "13", "active": "false"}, {"week": "14", "active": "false"}, {"week": "15", "active": "false"}, {"week": "16", "active": "false"}, {"week": "17", "active": "false"}], "2012": [{"week": "1", "active": "false"}, {"week": "2", "active": "false"}, {"week": "3", "active": "false"}, {"week": "4", "active": "false"}, {"week": "5", "active": "false"}, {"week": "6", "active": "false"}, {"week": "7", "active": "false"}, {"week": "8", "active": "false"}, {"week": "9", "active": "false"}, {"week": "10", "active": "false"}, {"week": "11", "active": "false"}, {"week": "12", "active": "false"}, {"week": "13", "active": "false"}, {"week": "14", "active": "false"}, {"week": "15", "active": "false"}, {"week": "16", "active": "false"}, {"week": "17", "active": "false"}], "2013": [{"week": "1", "active": "false"}, {"week": "2", "active": "false"}, {"week": "3", "active": "false"}, {"week": "4", "active": "false"}, {"week": "5", "active": "false"}, {"week": "6", "active": "false"}, {"week": "7", "active": "false"}, {"week": "8", "active": "false"}, {"week": "9", "active": "false"}, {"week": "10", "active": "false"}, {"week": "11", "active": "false"}, {"week": "12", "active": "false"}, {"week": "13", "active": "false"}, {"week": "14", "active": "false"}, {"week": "15", "active": "false"}, {"week": "16", "active": "false"}, {"week": "17", "active": "false"}], "2014": [{"week": "1", "active": "false"}, {"week": "2", "active": "false"}, {"week": "3", "active": "false"}, {"week": "4", "active": "false"}, {"week": "5", "active": "false"}, {"week": "6", "active": "false"}, {"week": "7", "active": "false"}, {"week": "8", "active": "false"}, {"week": "9", "active": "false"}, {"week": "10", "active": "false"}, {"week": "11", "active": "false"}, {"week": "12", "active": "false"}, {"week": "13", "active": "false"}, {"week": "14", "active": "false"}]}}