{"D.Zastudil": {"2009": [{"week": "1", "punting_pts": 5, "punting_avg": 31, "punting_lng": 53, "active": "true", "punting_yds": 210, "punting_i20": 2}, {"week": "2", "punting_pts": 6, "punting_avg": 40, "punting_lng": 56, "active": "true", "punting_yds": 272, "punting_i20": 3}, {"week": "3", "punting_pts": 5, "punting_avg": 41, "punting_lng": 60, "active": "true", "punting_yds": 255, "punting_i20": 2}, {"week": "4", "punting_pts": 9, "punting_avg": 37, "punting_lng": 58, "active": "true", "punting_yds": 393, "punting_i20": 4}, {"week": "5", "punting_pts": 9, "punting_avg": 42, "punting_lng": 57, "active": "true", "punting_yds": 386, "punting_i20": 7}, {"week": "6", "punting_pts": 5, "punting_avg": 39, "punting_lng": 52, "active": "true", "punting_yds": 215, "punting_i20": 3}, {"week": "7", "punting_pts": 4, "punting_avg": 45, "punting_lng": 56, "active": "true", "punting_yds": 185, "punting_i20": 4}, {"week": "8", "punting_pts": 6, "punting_avg": 38, "punting_lng": 50, "active": "true", "punting_yds": 272, "punting_i20": 0}, {"week": "9", "active": "false"}, {"week": "10", "active": "false"}, {"week": "11", "active": "false"}, {"week": "12", "active": "false"}, {"week": "13", "active": "false"}, {"week": "14", "active": "false"}, {"week": "15", "active": "false"}, {"week": "16", "active": "false"}, {"week": "17", "active": "false"}], "2010": [{"week": "1", "active": "false"}, {"week": "2", "active": "false"}, {"week": "3", "active": "false"}, {"week": "4", "active": "false"}, {"week": "5", "active": "false"}, {"week": "6", "active": "false"}, {"week": "7", "active": "false"}, {"week": "8", "active": "false"}, {"week": "9", "active": "false"}, {"week": "10", "active": "false"}, {"week": "11", "active": "false"}, {"week": "12", "active": "false"}, {"week": "13", "active": "false"}, {"week": "14", "active": "false"}, {"week": "15", "active": "false"}, {"week": "16", "active": "false"}, {"week": "17", "active": "false"}], "2011": [{"week": "1", "punting_pts": 5, "punting_avg": 38, "punting_lng": 52, "active": "true", "punting_yds": 210, "punting_i20": 2}, {"week": "2", "punting_pts": 6, "punting_avg": 34, "punting_lng": 53, "active": "true", "punting_yds": 294, "punting_i20": 1}, {"week": "3", "punting_pts": 5, "punting_avg": 36, "punting_lng": 49, "active": "true", "punting_yds": 206, "punting_i20": 0}, {"week": "4", "punting_pts": 4, "punting_avg": 38, "punting_lng": 56, "active": "true", "punting_yds": 180, "punting_i20": 0}, {"week": "5", "active": "false"}, {"week": "6", "active": "false"}, {"week": "7", "punting_pts": 4, "punting_avg": 36, "punting_lng": 58, "active": "true", "punting_yds": 191, "punting_i20": 2}, {"week": "8", "punting_pts": 6, "punting_avg": 36, "punting_lng": 52, "active": "true", "punting_yds": 240, "punting_i20": 3}, {"week": "9", "punting_pts": 6, "punting_avg": 42, "punting_lng": 63, "active": "true", "punting_yds": 278, "punting_i20": 3}, {"week": "10", "punting_pts": 6, "punting_avg": 44, "punting_lng": 56, "active": "true", "punting_yds": 278, "punting_i20": 1}, {"week": "11", "punting_pts": 6, "punting_avg": 44, "punting_lng": 51, "active": "true", "punting_yds": 279, "punting_i20": 1}, {"week": "12", "punting_pts": 5, "punting_avg": 24, "punting_lng": 55, "active": "true", "punting_yds": 230, "punting_i20": 2}, {"week": "13", "punting_pts": 7, "punting_avg": 45, "punting_lng": 54, "active": "true", "punting_yds": 351, "punting_i20": 0}, {"week": "14", "punting_pts": 7, "punting_avg": 30, "punting_lng": 66, "active": "true", "punting_yds": 326, "punting_i20": 1}, {"week": "15", "punting_pts": 7, "punting_avg": 36, "punting_lng": 57, "active": "true", "punting_yds": 312, "punting_i20": 4}, {"week": "16", "punting_pts": 6, "punting_avg": 37, "punting_lng": 46, "active": "true", "punting_yds": 230, "punting_i20": 2}, {"week": "17", "punting_pts": 7, "punting_avg": 40, "punting_lng": 56, "active": "true", "punting_yds": 324, "punting_i20": 2}], "2012": [{"week": "1", "punting_pts": 5, "punting_avg": 38, "punting_lng": 53, "active": "true", "punting_yds": 238, "punting_i20": 2}, {"week": "2", "punting_pts": 6, "punting_avg": 43, "punting_lng": 59, "active": "true", "punting_yds": 280, "punting_i20": 2}, {"week": "3", "punting_pts": 6, "punting_avg": 41, "punting_lng": 58, "active": "true", "punting_yds": 283, "punting_i20": 2}, {"week": "4", "punting_pts": 9, "punting_avg": 47, "punting_lng": 68, "active": "true", "punting_yds": 435, "punting_i20": 3}, {"week": "5", "punting_pts": 7, "punting_avg": 41, "punting_lng": 51, "active": "true", "punting_yds": 320, "punting_i20": 3}, {"week": "6", "punting_pts": 5, "punting_avg": 42, "punting_lng": 61, "active": "true", "punting_yds": 259, "punting_i20": 1}, {"week": "7", "punting_pts": 6, "punting_avg": 39, "punting_lng": 52, "active": "true", "punting_yds": 234, "punting_i20": 5}, {"week": "8", "punting_pts": 7, "punting_avg": 36, "punting_lng": 54, "active": "true", "punting_yds": 331, "punting_i20": 1}, {"week": "9", "punting_pts": 8, "punting_avg": 37, "punting_lng": 65, "active": "true", "punting_yds": 344, "punting_i20": 4}, {"week": "10", "active": "false"}, {"week": "11", "punting_pts": 8, "punting_avg": 43, "punting_lng": 62, "active": "true", "punting_yds": 407, "punting_i20": 3}, {"week": "12", "punting_pts": 6, "punting_avg": 45, "punting_lng": 54, "active": "true", "punting_yds": 289, "punting_i20": 1}, {"week": "13", "punting_pts": 10, "punting_avg": 41, "punting_lng": 57, "active": "true", "punting_yds": 448, "punting_i20": 3}, {"week": "14", "punting_pts": 6, "punting_avg": 40, "punting_lng": 59, "active": "true", "punting_yds": 280, "punting_i20": 2}, {"week": "15", "punting_pts": 9, "punting_avg": 42, "punting_lng": 55, "active": "true", "punting_yds": 398, "punting_i20": 6}, {"week": "16", "punting_pts": 8, "punting_avg": 43, "punting_lng": 60, "active": "true", "punting_yds": 358, "punting_i20": 6}, {"week": "17", "punting_pts": 6, "punting_avg": 43, "punting_lng": 70, "active": "true", "punting_yds": 305, "punting_i20": 2}], "2013": [{"week": "1", "punting_pts": 4, "punting_avg": 42, "punting_lng": 59, "active": "true", "punting_yds": 187, "punting_i20": 3}, {"week": "2", "punting_pts": 5, "punting_avg": 42, "punting_lng": 52, "active": "true", "punting_yds": 214, "punting_i20": 4}, {"week": "3", "punting_pts": 8, "punting_avg": 32, "punting_lng": 60, "active": "true", "punting_yds": 326, "punting_i20": 4}, {"week": "4", "punting_pts": 7, "punting_avg": 43, "punting_lng": 59, "active": "true", "punting_yds": 320, "punting_i20": 3}, {"week": "5", "punting_pts": 4, "punting_avg": 48, "punting_lng": 56, "active": "true", "punting_yds": 199, "punting_i20": 2}, {"week": "6", "punting_pts": 5, "punting_avg": 42, "punting_lng": 51, "active": "true", "punting_yds": 218, "punting_i20": 2}, {"week": "7", "punting_pts": 4, "punting_avg": 39, "punting_lng": 54, "active": "true", "punting_yds": 197, "punting_i20": 1}, {"week": "8", "punting_pts": 5, "punting_avg": 37, "punting_lng": 57, "active": "true", "punting_yds": 232, "punting_i20": 1}, {"week": "9", "active": "false"}, {"week": "10", "punting_pts": 5, "punting_avg": 41, "punting_lng": 57, "active": "true", "punting_yds": 219, "punting_i20": 3}, {"week": "11", "punting_pts": 8, "punting_avg": 39, "punting_lng": 58, "active": "true", "punting_yds": 358, "punting_i20": 1}, {"week": "12", "punting_pts": 2, "punting_avg": 36, "punting_lng": 37, "active": "true", "punting_yds": 72, "punting_i20": 2}, {"week": "13", "punting_pts": 5, "punting_avg": 44, "punting_lng": 53, "active": "true", "punting_yds": 231, "punting_i20": 2}, {"week": "14", "punting_pts": 4, "punting_avg": 42, "punting_lng": 54, "active": "true", "punting_yds": 189, "punting_i20": 3}, {"week": "15", "punting_pts": 4, "punting_avg": 44, "punting_lng": 58, "active": "true", "punting_yds": 212, "punting_i20": 1}, {"week": "16", "punting_pts": 5, "punting_avg": 39, "punting_lng": 55, "active": "true", "punting_yds": 244, "punting_i20": 3}, {"week": "17", "punting_pts": 3, "punting_avg": 34, "punting_lng": 51, "active": "true", "punting_yds": 148, "punting_i20": 0}], "2014": [{"week": "1", "active": "false"}, {"week": "2", "active": "false"}, {"week": "3", "active": "false"}, {"week": "4", "active": "false"}, {"week": "5", "punting_pts": 11, "punting_avg": 39, "punting_lng": 53, "active": "true", "punting_yds": 487, "punting_i20": 1}, {"week": "6", "active": "false"}, {"week": "7", "active": "false"}, {"week": "8", "active": "false"}, {"week": "9", "active": "false"}, {"week": "10", "active": "false"}, {"week": "11", "active": "false"}, {"week": "12", "active": "false"}, {"week": "13", "active": "false"}, {"week": "14", "active": "false"}]}}