{"D.Carr": {"2009": [{"week": "1", "active": "false"}, {"week": "2", "active": "false"}, {"week": "3", "passing_att": 3, "passing_twoptm": 0, "passing_twopta": 0, "rushing_tds": 0, "passing_yds": 10, "rushing_yds": -2, "passing_cmp": 2, "rushing_twopta": 0, "active": "true", "rushing_lng": -1, "passing_ints": 0, "passing_tds": 0, "rushing_att": 2, "rushing_twoptm": 0}, {"week": "4", "passing_att": 2, "passing_twoptm": 0, "passing_twopta": 0, "passing_yds": 0, "passing_cmp": 0, "active": "true", "passing_ints": 0, "passing_tds": 0}, {"week": "5", "fumbles_tot": 1, "passing_att": 14, "fumbles_rcv": 0, "passing_twoptm": 0, "fumbles_yds": -1, "fumbles_lost": 0, "fumbles_trcv": 0, "passing_twopta": 0, "rushing_tds": 1, "passing_yds": 90, "rushing_yds": 27, "passing_cmp": 9, "rushing_twopta": 0, "active": "true", "rushing_lng": 12, "passing_ints": 0, "passing_tds": 0, "rushing_att": 4, "rushing_twoptm": 0}, {"week": "6", "passing_att": 5, "passing_twoptm": 0, "passing_twopta": 0, "rushing_tds": 0, "passing_yds": 72, "rushing_yds": 4, "passing_cmp": 4, "rushing_twopta": 0, "active": "true", "rushing_lng": 4, "passing_ints": 0, "passing_tds": 1, "rushing_att": 1, "rushing_twoptm": 0}, {"week": "7", "active": "false"}, {"week": "8", "active": "false"}, {"week": "9", "active": "false"}, {"week": "10", "active": "false"}, {"week": "11", "active": "false"}, {"week": "12", "active": "false"}, {"week": "13", "active": "false"}, {"week": "14", "active": "false"}, {"week": "15", "passing_att": 4, "passing_twoptm": 0, "passing_twopta": 0, "rushing_tds": 0, "passing_yds": 27, "rushing_yds": -2, "passing_cmp": 3, "rushing_twopta": 0, "active": "true", "rushing_lng": -1, "passing_ints": 0, "passing_tds": 0, "rushing_att": 2, "rushing_twoptm": 0}, {"week": "16", "active": "false"}, {"week": "17", "passing_att": 5, "passing_twoptm": 0, "passing_twopta": 0, "passing_yds": 26, "passing_cmp": 3, "active": "true", "passing_ints": 0, "passing_tds": 0}], "2010": [{"week": "1", "active": "false"}, {"week": "2", "active": "false"}, {"week": "3", "active": "false"}, {"week": "4", "active": "false"}, {"week": "5", "active": "false"}, {"week": "6", "active": "false"}, {"week": "7", "passing_att": 13, "passing_twoptm": 0, "passing_twopta": 0, "passing_yds": 67, "passing_cmp": 5, "active": "true", "passing_ints": 1, "passing_tds": 0}, {"week": "8", "active": "false"}, {"week": "9", "active": "false"}, {"week": "10", "active": "false"}, {"week": "11", "active": "false"}, {"week": "12", "active": "false"}, {"week": "13", "active": "false"}, {"week": "14", "active": "false"}, {"week": "15", "active": "false"}, {"week": "16", "active": "false"}, {"week": "17", "active": "false"}], "2011": [{"week": "1", "active": "false"}, {"week": "2", "active": "false"}, {"week": "3", "active": "false"}, {"week": "4", "active": "false"}, {"week": "5", "active": "false"}, {"week": "6", "active": "false"}, {"week": "7", "active": "false"}, {"week": "8", "active": "false"}, {"week": "9", "active": "false"}, {"week": "10", "active": "false"}, {"week": "11", "active": "false"}, {"week": "12", "active": "false"}, {"week": "13", "active": "false"}, {"week": "14", "active": "false"}, {"week": "15", "active": "false"}, {"week": "16", "active": "false"}, {"week": "17", "active": "false"}], "2012": [{"week": "1", "active": "false"}, {"week": "2", "active": "false"}, {"week": "3", "fumbles_tot": 1, "passing_att": 2, "fumbles_rcv": 1, "passing_twoptm": 0, "fumbles_yds": 0, "fumbles_lost": 0, "fumbles_trcv": 1, "passing_twopta": 0, "passing_yds": 4, "passing_cmp": 1, "active": "true", "passing_ints": 0, "passing_tds": 0}, {"week": "4", "active": "false"}, {"week": "5", "active": "false"}, {"week": "6", "active": "false"}, {"week": "7", "active": "false"}, {"week": "8", "active": "false"}, {"week": "9", "active": "false"}, {"week": "10", "active": "false"}, {"week": "11", "active": "false"}, {"week": "12", "active": "false"}, {"week": "13", "active": "false"}, {"week": "14", "active": "false"}, {"week": "15", "active": "false"}, {"week": "16", "active": "false"}, {"week": "17", "passing_att": 1, "rushing_lngtd": 0, "passing_twoptm": 0, "passing_twopta": 0, "rushing_tds": 0, "passing_yds": 15, "rushing_yds": -3, "passing_cmp": 1, "rushing_twopta": 0, "active": "true", "rushing_lng": -1, "passing_ints": 0, "passing_tds": 0, "rushing_att": 3, "rushing_twoptm": 0}], "2013": [{"week": "1", "active": "false"}, {"week": "2", "active": "false"}, {"week": "3", "active": "false"}, {"week": "4", "active": "false"}, {"week": "5", "active": "false"}, {"week": "6", "active": "false"}, {"week": "7", "active": "false"}, {"week": "8", "active": "false"}, {"week": "9", "active": "false"}, {"week": "10", "active": "false"}, {"week": "11", "active": "false"}, {"week": "12", "active": "false"}, {"week": "13", "active": "false"}, {"week": "14", "active": "false"}, {"week": "15", "active": "false"}, {"week": "16", "active": "false"}, {"week": "17", "active": "false"}], "2014": [{"week": "1", "fumbles_tot": 0, "passing_att": 32, "rushing_lngtd": 0, "passing_twoptm": 0, "fumbles_yds": 0, "fumbles_rcv": 1, "fumbles_trcv": 1, "passing_twopta": 0, "rushing_tds": 0, "passing_yds": 151, "rushing_yds": -1, "passing_cmp": 20, "rushing_twopta": 0, "fumbles_lost": 0, "rushing_lng": -1, "passing_ints": 0, "passing_tds": 2, "rushing_att": 1, "rushing_twoptm": 0, "active": "true"}, {"week": "2", "passing_att": 42, "rushing_lngtd": 0, "passing_twoptm": 0, "passing_twopta": 0, "rushing_tds": 0, "passing_yds": 263, "rushing_yds": 58, "passing_cmp": 27, "rushing_twopta": 0, "active": "true", "rushing_lng": 41, "passing_ints": 2, "passing_tds": 1, "rushing_att": 4, "rushing_twoptm": 0}, {"week": "3", "passing_att": 34, "passing_twoptm": 0, "passing_twopta": 0, "passing_yds": 174, "passing_cmp": 21, "active": "true", "passing_ints": 1, "passing_tds": 0}, {"week": "4", "passing_att": 25, "rushing_lngtd": 0, "passing_twoptm": 0, "passing_twopta": 0, "rushing_tds": 0, "passing_yds": 146, "rushing_yds": 9, "passing_cmp": 16, "rushing_twopta": 0, "active": "true", "rushing_lng": 8, "passing_ints": 1, "passing_tds": 1, "rushing_att": 2, "rushing_twoptm": 0}, {"week": "5", "active": "false"}, {"week": "6", "passing_att": 34, "rushing_lngtd": 0, "passing_twoptm": 0, "passing_twopta": 0, "rushing_tds": 0, "passing_yds": 282, "rushing_yds": 2, "passing_cmp": 18, "rushing_twopta": 0, "active": "true", "rushing_lng": 2, "passing_ints": 1, "passing_tds": 4, "rushing_att": 1, "rushing_twoptm": 0}, {"week": "7", "passing_att": 28, "rushing_lngtd": 0, "passing_twoptm": 0, "passing_twopta": 0, "rushing_tds": 0, "passing_yds": 173, "rushing_yds": 2, "passing_cmp": 16, "rushing_twopta": 0, "active": "true", "rushing_lng": 3, "passing_ints": 0, "passing_tds": 0, "rushing_att": 2, "rushing_twoptm": 0}, {"week": "8", "fumbles_tot": 2, "passing_att": 54, "rushing_lngtd": 0, "passing_twoptm": 0, "fumbles_yds": 0, "fumbles_rcv": 0, "fumbles_trcv": 0, "passing_twopta": 0, "rushing_tds": 0, "passing_yds": 328, "rushing_yds": -3, "passing_cmp": 34, "rushing_twopta": 0, "fumbles_lost": 1, "rushing_lng": 2, "passing_ints": 0, "passing_tds": 1, "rushing_att": 2, "rushing_twoptm": 0, "active": "true"}, {"week": "9", "fumbles_tot": 1, "passing_att": 41, "rushing_lngtd": 0, "passing_twoptm": 0, "fumbles_yds": 0, "fumbles_rcv": 0, "fumbles_trcv": 0, "passing_twopta": 0, "rushing_tds": 0, "passing_yds": 194, "rushing_yds": 9, "passing_cmp": 24, "rushing_twopta": 0, "fumbles_lost": 0, "rushing_lng": 7, "passing_ints": 2, "passing_tds": 2, "rushing_att": 2, "rushing_twoptm": 0, "active": "true"}, {"week": "10", "passing_att": 47, "passing_twoptm": 0, "passing_twopta": 0, "passing_yds": 192, "passing_cmp": 30, "active": "true", "passing_ints": 2, "passing_tds": 2}, {"week": "11", "fumbles_tot": 2, "passing_att": 34, "rushing_lngtd": 0, "passing_twoptm": 0, "fumbles_yds": -2, "fumbles_rcv": 1, "fumbles_trcv": 1, "passing_twopta": 0, "rushing_tds": 0, "passing_yds": 172, "rushing_yds": 0, "passing_cmp": 16, "rushing_twopta": 0, "fumbles_lost": 1, "rushing_lng": 0, "passing_ints": 0, "passing_tds": 0, "rushing_att": 2, "rushing_twoptm": 0, "active": "true"}, {"week": "12", "passing_att": 35, "rushing_lngtd": 0, "passing_twoptm": 0, "passing_twopta": 0, "rushing_tds": 0, "passing_yds": 174, "rushing_yds": 2, "passing_cmp": 18, "rushing_twopta": 0, "active": "true", "rushing_lng": 2, "passing_ints": 0, "passing_tds": 1, "rushing_att": 3, "rushing_twoptm": 0}, {"week": "13", "passing_att": 39, "rushing_lngtd": 0, "passing_twoptm": 0, "passing_twopta": 0, "rushing_tds": 0, "passing_yds": 173, "rushing_yds": 1, "passing_cmp": 24, "rushing_twopta": 0, "active": "true", "rushing_lng": 1, "passing_ints": 2, "passing_tds": 0, "rushing_att": 1, "rushing_twoptm": 0}, {"week": "14", "active": "false"}]}}