{"D.Jones": {"2009": [{"week": "1", "punting_pts": 8, "punting_avg": 45, "punting_lng": 61, "active": "true", "punting_yds": 406, "punting_i20": 2}, {"week": "2", "punting_pts": 4, "punting_avg": 35, "punting_lng": 46, "active": "true", "punting_yds": 173, "punting_i20": 1}, {"week": "3", "punting_pts": 4, "punting_avg": 46, "punting_lng": 62, "active": "true", "punting_yds": 216, "punting_i20": 3}, {"week": "4", "punting_pts": 8, "punting_avg": 41, "punting_lng": 56, "active": "true", "punting_yds": 349, "punting_i20": 0}, {"week": "5", "punting_pts": 3, "punting_avg": 45, "punting_lng": 56, "active": "true", "punting_yds": 148, "punting_i20": 1}, {"week": "6", "punting_pts": 6, "punting_avg": 40, "punting_lng": 55, "active": "true", "punting_yds": 247, "punting_i20": 1}, {"week": "7", "punting_pts": 5, "punting_avg": 41, "punting_lng": 51, "active": "true", "punting_yds": 216, "punting_i20": 4}, {"week": "8", "punting_pts": 5, "punting_avg": 38, "punting_lng": 51, "active": "true", "punting_yds": 223, "punting_i20": 3}, {"week": "9", "active": "false"}, {"week": "10", "punting_pts": 4, "punting_avg": 35, "punting_lng": 45, "active": "true", "punting_yds": 144, "punting_i20": 1}, {"week": "11", "punting_pts": 4, "punting_avg": 47, "punting_lng": 63, "active": "true", "punting_yds": 225, "punting_i20": 2}, {"week": "12", "punting_pts": 5, "punting_avg": 38, "punting_lng": 61, "active": "true", "punting_yds": 262, "punting_i20": 0}, {"week": "13", "punting_pts": 7, "punting_avg": 46, "punting_lng": 56, "active": "true", "punting_yds": 317, "punting_i20": 6}, {"week": "14", "punting_pts": 7, "punting_avg": 39, "punting_lng": 55, "active": "true", "punting_yds": 315, "punting_i20": 2}, {"week": "15", "punting_pts": 4, "punting_avg": 44, "punting_lng": 48, "active": "true", "punting_yds": 174, "punting_i20": 2}, {"week": "16", "punting_pts": 5, "punting_avg": 42, "punting_lng": 56, "active": "true", "punting_yds": 246, "punting_i20": 4}, {"week": "17", "punting_pts": 11, "punting_avg": 45, "punting_lng": 62, "active": "true", "punting_yds": 551, "punting_i20": 2}], "2010": [{"week": "1", "defense_sk": 0, "defense_tkl": 2, "defense_int": 0, "active": "true", "defense_ffum": 0, "defense_ast": 0}, {"week": "2", "kickret_lngtd": 0, "kickret_lng": 18, "kickret_avg": 18, "kickret_tds": 0, "active": "true", "kickret_ret": 1}, {"week": "3", "defense_sk": 0, "defense_tkl": 3, "defense_int": 0, "active": "true", "defense_ffum": 1, "defense_ast": 2}, {"week": "4", "defense_sk": 0, "defense_tkl": 7, "defense_int": 0, "active": "true", "defense_ffum": 0, "defense_ast": 2}, {"week": "5", "defense_sk": 0, "defense_tkl": 1, "defense_int": 0, "active": "true", "defense_ffum": 0, "defense_ast": 0}, {"week": "6", "punting_pts": 6, "punting_avg": 36, "punting_lng": 48, "active": "true", "punting_yds": 247, "punting_i20": 1}, {"week": "7", "defense_sk": 0, "defense_tkl": 7, "defense_int": 0, "active": "true", "defense_ffum": 0, "defense_ast": 1}, {"week": "8", "defense_sk": 0, "defense_tkl": 2, "defense_int": 0, "active": "true", "defense_ffum": 0, "defense_ast": 0}, {"week": "9", "receiving_tds": 0, "receiving_lng": 8, "active": "true", "receiving_rec": 1, "receiving_twopta": 0, "receiving_yds": 8, "receiving_lngtd": 0, "receiving_twoptm": 0}, {"week": "10", "defense_sk": 0, "defense_tkl": 12, "defense_int": 0, "active": "true", "defense_ffum": 0, "defense_ast": 1}, {"week": "11", "defense_sk": 0, "defense_tkl": 6, "defense_int": 0, "active": "true", "defense_ffum": 0, "defense_ast": 2}, {"week": "12", "defense_sk": 0, "defense_tkl": 10, "defense_int": 0, "active": "true", "defense_ffum": 0, "defense_ast": 1}, {"week": "13", "rushing_lngtd": 0, "receiving_tds": 0, "receiving_twopta": 0, "receiving_lng": 1, "rushing_tds": 0, "rushing_twopta": 0, "active": "true", "receiving_rec": 1, "rushing_lng": 2, "rushing_yds": 2, "receiving_lngtd": 0, "receiving_yds": 1, "rushing_att": 1, "receiving_twoptm": 0, "rushing_twoptm": 0}, {"week": "14", "kickret_lngtd": 0, "rushing_lngtd": 0, "kickret_lng": 18, "receiving_tds": 0, "receiving_twopta": 0, "kickret_ret": 2, "receiving_lng": 8, "rushing_tds": 0, "kickret_avg": 17, "rushing_twopta": 0, "active": "true", "receiving_rec": 2, "rushing_lng": -2, "rushing_yds": -2, "receiving_lngtd": 0, "receiving_yds": 14, "rushing_att": 1, "receiving_twoptm": 0, "rushing_twoptm": 0, "kickret_tds": 0}, {"week": "15", "punting_pts": 8, "punting_avg": 37, "punting_lng": 53, "active": "true", "punting_yds": 371, "punting_i20": 1}, {"week": "16", "receiving_tds": 0, "receiving_lng": 40, "active": "true", "receiving_rec": 5, "receiving_twopta": 0, "receiving_yds": 54, "receiving_lngtd": 0, "receiving_twoptm": 0}, {"week": "17", "defense_sk": 0, "defense_tkl": 3, "defense_int": 0, "active": "true", "defense_ffum": 0, "defense_ast": 1}], "2011": [{"week": "1", "receiving_tds": 1, "receiving_lng": 4, "active": "true", "receiving_rec": 2, "receiving_twopta": 0, "receiving_yds": 3, "receiving_lngtd": 4, "receiving_twoptm": 0}, {"week": "2", "receiving_tds": 0, "receiving_lng": 9, "active": "true", "receiving_rec": 4, "receiving_twopta": 0, "receiving_yds": 24, "receiving_lngtd": 0, "receiving_twoptm": 0}, {"week": "3", "rushing_lngtd": 0, "receiving_tds": 0, "receiving_twopta": 0, "receiving_lng": 48, "rushing_tds": 0, "rushing_twopta": 0, "active": "true", "receiving_rec": 5, "rushing_lng": 2, "rushing_yds": 2, "receiving_lngtd": 0, "receiving_yds": 101, "rushing_att": 1, "receiving_twoptm": 0, "rushing_twoptm": 0}, {"week": "4", "receiving_tds": 0, "receiving_lng": 9, "active": "true", "receiving_rec": 3, "receiving_twopta": 0, "receiving_yds": 21, "receiving_lngtd": 0, "receiving_twoptm": 0}, {"week": "5", "receiving_tds": 0, "receiving_lng": 18, "active": "true", "receiving_rec": 2, "receiving_twopta": 0, "receiving_yds": 25, "receiving_lngtd": 0, "receiving_twoptm": 0}, {"week": "6", "punting_pts": 5, "punting_avg": 32, "punting_lng": 42, "active": "true", "punting_yds": 162, "punting_i20": 3}, {"week": "7", "punting_pts": 5, "punting_avg": 42, "punting_lng": 59, "active": "true", "punting_yds": 237, "punting_i20": 3}, {"week": "8", "punting_pts": 7, "punting_avg": 40, "punting_lng": 59, "active": "true", "punting_yds": 298, "punting_i20": 3}, {"week": "9", "receiving_tds": 0, "receiving_lng": 6, "active": "true", "receiving_rec": 1, "receiving_twopta": 0, "receiving_yds": 6, "receiving_lngtd": 0, "receiving_twoptm": 0}, {"week": "10", "receiving_tds": 0, "receiving_lng": 18, "active": "true", "receiving_rec": 6, "receiving_twopta": 0, "receiving_yds": 51, "receiving_lngtd": 0, "receiving_twoptm": 0}, {"week": "11", "punting_pts": 10, "punting_avg": 35, "punting_lng": 56, "active": "true", "punting_yds": 441, "punting_i20": 3}, {"week": "12", "punting_pts": 7, "punting_avg": 33, "punting_lng": 57, "active": "true", "punting_yds": 329, "punting_i20": 1}, {"week": "13", "punting_pts": 8, "punting_avg": 37, "punting_lng": 49, "active": "true", "punting_yds": 317, "punting_i20": 1}, {"week": "14", "punting_pts": 4, "punting_avg": 33, "punting_lng": 50, "active": "true", "punting_yds": 181, "punting_i20": 2}, {"week": "15", "punting_pts": 7, "punting_avg": 30, "punting_lng": 57, "active": "true", "punting_yds": 300, "punting_i20": 3}, {"week": "16", "defense_sk": 0, "defense_tkl": 1, "defense_int": 0, "active": "true", "defense_ffum": 0, "defense_ast": 0}, {"week": "17", "punting_pts": 6, "punting_avg": 41, "punting_lng": 57, "active": "true", "punting_yds": 304, "punting_i20": 1}], "2012": [{"week": "1", "receiving_tds": 0, "receiving_lng": 8, "active": "true", "receiving_rec": 1, "receiving_twopta": 0, "receiving_yds": 8, "receiving_lngtd": 0, "receiving_twoptm": 0}, {"week": "2", "receiving_tds": 0, "receiving_lng": -1, "active": "true", "receiving_rec": 1, "receiving_twopta": 0, "receiving_yds": -1, "receiving_lngtd": 0, "receiving_twoptm": 0}, {"week": "3", "receiving_tds": 0, "receiving_lng": 17, "active": "true", "receiving_rec": 5, "receiving_twopta": 0, "receiving_yds": 42, "receiving_lngtd": 0, "receiving_twoptm": 0}, {"week": "4", "receiving_tds": 1, "receiving_lng": 68, "active": "true", "receiving_rec": 2, "receiving_twopta": 0, "receiving_yds": 90, "receiving_lngtd": 68, "receiving_twoptm": 0}, {"week": "5", "receiving_tds": 0, "receiving_lng": 8, "active": "true", "receiving_rec": 2, "receiving_twopta": 0, "receiving_yds": 13, "receiving_lngtd": 0, "receiving_twoptm": 0}, {"week": "6", "receiving_tds": 0, "receiving_lng": 9, "active": "true", "receiving_rec": 1, "receiving_twopta": 0, "receiving_yds": 9, "receiving_lngtd": 0, "receiving_twoptm": 0}, {"week": "7", "punting_pts": 5, "punting_avg": 48, "punting_lng": 62, "active": "true", "punting_yds": 240, "punting_i20": 2}, {"week": "8", "active": "false"}, {"week": "9", "punting_pts": 5, "punting_avg": 42, "punting_lng": 58, "active": "true", "punting_yds": 247, "punting_i20": 0}, {"week": "10", "receiving_tds": 1, "receiving_lng": 22, "active": "true", "receiving_rec": 6, "receiving_twopta": 0, "receiving_yds": 74, "receiving_lngtd": 2, "receiving_twoptm": 0}, {"week": "11", "fumbles_tot": 1, "receiving_tds": 0, "fumbles_yds": 0, "fumbles_lost": 0, "fumbles_trcv": 0, "receiving_lng": 8, "fumbles_rcv": 0, "active": "true", "receiving_rec": 2, "receiving_twopta": 0, "receiving_yds": 11, "receiving_lngtd": 0, "receiving_twoptm": 0}, {"week": "12", "punting_pts": 6, "punting_avg": 42, "punting_lng": 53, "active": "true", "punting_yds": 285, "punting_i20": 3}, {"week": "13", "punting_pts": 10, "punting_avg": 40, "punting_lng": 64, "active": "true", "punting_yds": 488, "punting_i20": 5}, {"week": "14", "receiving_tds": 0, "receiving_lng": 19, "active": "true", "receiving_rec": 3, "receiving_twopta": 0, "receiving_yds": 33, "receiving_lngtd": 0, "receiving_twoptm": 0}, {"week": "15", "punting_pts": 3, "punting_avg": 36, "punting_lng": 52, "active": "true", "punting_yds": 127, "punting_i20": 1}, {"week": "16", "punting_pts": 7, "punting_avg": 43, "punting_lng": 65, "active": "true", "punting_yds": 353, "punting_i20": 2}, {"week": "17", "punting_pts": 2, "punting_avg": 41, "punting_lng": 55, "active": "true", "punting_yds": 101, "punting_i20": 0}], "2013": [{"week": "1", "punting_pts": 6, "punting_avg": 37, "punting_lng": 61, "active": "true", "punting_yds": 254, "punting_i20": 4}, {"week": "2", "defense_sk": 0, "defense_tkl": 1, "defense_int": 0, "active": "true", "defense_ffum": 0, "defense_ast": 0}, {"week": "3", "punting_pts": 4, "punting_avg": 34, "punting_lng": 41, "active": "true", "punting_yds": 148, "punting_i20": 2}, {"week": "4", "receiving_tds": 0, "receiving_lng": 21, "active": "true", "receiving_rec": 1, "receiving_twopta": 0, "receiving_yds": 21, "receiving_lngtd": 0, "receiving_twoptm": 0}, {"week": "5", "punting_pts": 6, "punting_avg": 43, "punting_lng": 54, "active": "true", "punting_yds": 287, "punting_i20": 2}, {"week": "6", "fumbles_tot": 0, "fumbles_yds": 20, "fumbles_lost": 0, "fumbles_trcv": 1, "fumbles_rcv": 0, "active": "true"}, {"week": "7", "punting_pts": 9, "punting_avg": 42, "punting_lng": 58, "active": "true", "punting_yds": 419, "punting_i20": 1}, {"week": "8", "punting_pts": 6, "punting_avg": 43, "punting_lng": 54, "active": "true", "punting_yds": 266, "punting_i20": 2}, {"week": "9", "punting_pts": 6, "punting_avg": 43, "punting_lng": 64, "active": "true", "punting_yds": 259, "punting_i20": 2}, {"week": "10", "defense_sk": 2, "defense_tkl": 3, "defense_int": 0, "active": "true", "defense_ffum": 0, "defense_ast": 0}, {"week": "11", "punting_pts": 6, "punting_avg": 51, "punting_lng": 70, "active": "true", "punting_yds": 304, "punting_i20": 4}, {"week": "12", "defense_sk": 0, "defense_tkl": 2, "defense_int": 0, "active": "true", "defense_ffum": 0, "defense_ast": 0}, {"week": "13", "punting_pts": 8, "punting_avg": 44, "punting_lng": 69, "active": "true", "punting_yds": 358, "punting_i20": 7}, {"week": "14", "punting_pts": 6, "punting_avg": 30, "punting_lng": 53, "active": "true", "punting_yds": 249, "punting_i20": 0}, {"week": "15", "punting_pts": 4, "punting_avg": 38, "punting_lng": 46, "active": "true", "punting_yds": 165, "punting_i20": 1}, {"week": "16", "punting_pts": 2, "punting_avg": 44, "punting_lng": 47, "active": "true", "punting_yds": 88, "punting_i20": 2}, {"week": "17", "punting_pts": 5, "punting_avg": 44, "punting_lng": 56, "active": "true", "punting_yds": 237, "punting_i20": 1}], "2014": [{"week": "1", "defense_sk": 0, "defense_tkl": 4, "defense_int": 0, "active": "true", "defense_ffum": 0, "defense_ast": 1}, {"week": "2", "defense_sk": 0, "defense_tkl": 3, "defense_int": 0, "active": "true", "defense_ffum": 0, "defense_ast": 0}, {"week": "3", "defense_sk": 0, "defense_tkl": 2, "defense_int": 0, "active": "true", "defense_ffum": 0, "defense_ast": 1}, {"week": "4", "defense_sk": 1, "defense_tkl": 2, "defense_int": 0, "active": "true", "defense_ffum": 0, "defense_ast": 0}, {"week": "5", "punting_pts": 4, "punting_avg": 39, "punting_lng": 52, "active": "true", "punting_yds": 163, "punting_i20": 1}, {"week": "6", "punting_pts": 6, "punting_avg": 42, "punting_lng": 50, "active": "true", "punting_yds": 273, "punting_i20": 5}, {"week": "7", "active": "false"}, {"week": "8", "punting_pts": 6, "punting_avg": 39, "punting_lng": 58, "active": "true", "punting_yds": 288, "punting_i20": 2}, {"week": "9", "punting_pts": 3, "punting_avg": 36, "punting_lng": 41, "active": "true", "punting_yds": 107, "punting_i20": 2}, {"week": "10", "defense_sk": 0, "defense_tkl": 1, "defense_int": 0, "active": "true", "defense_ffum": 0, "defense_ast": 0}, {"week": "11", "defense_sk": 0, "defense_tkl": 3, "defense_int": 0, "active": "true", "defense_ffum": 0, "defense_ast": 0}, {"week": "12", "punting_pts": 3, "punting_avg": 41, "punting_lng": 49, "active": "true", "punting_yds": 135, "punting_i20": 1}, {"week": "13", "punting_pts": 3, "punting_avg": 42, "punting_lng": 57, "active": "true", "punting_yds": 147, "punting_i20": 2}, {"week": "14", "active": "false"}]}}