{"D.Anderson": {"2009": [{"week": "1", "receiving_tds": 0, "receiving_lng": 14, "active": "true", "receiving_rec": 1, "receiving_twopta": 0, "receiving_yds": 14, "receiving_twoptm": 0}, {"week": "2", "receiving_tds": 0, "receiving_lng": 7, "active": "true", "receiving_rec": 1, "receiving_twopta": 0, "receiving_yds": 7, "receiving_twoptm": 0}, {"week": "3", "passing_att": 19, "passing_twoptm": 0, "passing_twopta": 0, "passing_yds": 92, "passing_cmp": 11, "active": "true", "passing_ints": 3, "passing_tds": 0}, {"week": "4", "passing_att": 48, "passing_twoptm": 0, "passing_twopta": 0, "rushing_tds": 1, "passing_yds": 269, "rushing_yds": 2, "passing_cmp": 26, "rushing_twopta": 0, "active": "true", "rushing_lng": 1, "passing_ints": 1, "passing_tds": 1, "rushing_att": 2, "rushing_twoptm": 0}, {"week": "5", "passing_att": 17, "passing_twoptm": 0, "passing_twopta": 0, "rushing_tds": 0, "passing_yds": 23, "rushing_yds": 2, "passing_cmp": 2, "rushing_twopta": 0, "active": "true", "rushing_lng": 2, "passing_ints": 1, "passing_tds": 0, "rushing_att": 1, "rushing_twoptm": 0}, {"week": "6", "receiving_tds": 0, "receiving_lng": 12, "active": "true", "receiving_rec": 1, "receiving_twopta": 0, "receiving_yds": 12, "receiving_twoptm": 0}, {"week": "7", "fumbles_tot": 2, "passing_att": 29, "fumbles_rcv": 2, "passing_twoptm": 0, "fumbles_yds": -2, "fumbles_lost": 0, "fumbles_trcv": 2, "passing_twopta": 0, "rushing_tds": 0, "passing_yds": 99, "rushing_yds": 3, "passing_cmp": 12, "rushing_twopta": 0, "active": "true", "rushing_lng": 3, "passing_ints": 1, "passing_tds": 0, "rushing_att": 2, "rushing_twoptm": 0}, {"week": "8", "receiving_tds": 0, "receiving_lng": 27, "active": "true", "receiving_rec": 3, "receiving_twopta": 0, "receiving_yds": 51, "receiving_twoptm": 0}, {"week": "9", "receiving_tds": 0, "receiving_lng": 11, "active": "true", "receiving_rec": 3, "receiving_twopta": 0, "receiving_yds": 19, "receiving_twoptm": 0}, {"week": "10", "active": "false"}, {"week": "11", "receiving_tds": 0, "receiving_lng": 15, "active": "true", "receiving_rec": 5, "receiving_twopta": 0, "receiving_yds": 52, "receiving_twoptm": 0}, {"week": "12", "receiving_tds": 0, "receiving_lng": 6, "active": "true", "receiving_rec": 1, "receiving_twopta": 0, "receiving_yds": 6, "receiving_twoptm": 0}, {"week": "13", "receiving_tds": 0, "receiving_lng": 15, "active": "true", "receiving_rec": 4, "receiving_twopta": 0, "receiving_yds": 39, "receiving_twoptm": 0}, {"week": "14", "receiving_tds": 0, "receiving_lng": 27, "active": "true", "receiving_rec": 4, "receiving_twopta": 0, "receiving_yds": 49, "receiving_twoptm": 0}, {"week": "15", "receiving_tds": 0, "receiving_lng": 10, "active": "true", "receiving_rec": 5, "receiving_twopta": 0, "receiving_yds": 34, "receiving_twoptm": 0}, {"week": "16", "passing_att": 17, "passing_twoptm": 0, "passing_twopta": 0, "rushing_tds": 0, "passing_yds": 121, "rushing_yds": -1, "passing_cmp": 8, "rushing_twopta": 0, "active": "true", "rushing_lng": -1, "passing_ints": 0, "passing_tds": 1, "rushing_att": 1, "rushing_twoptm": 0}, {"week": "17", "passing_att": 11, "passing_twoptm": 0, "passing_twopta": 0, "rushing_tds": 0, "passing_yds": 86, "rushing_yds": 2, "passing_cmp": 7, "rushing_twopta": 0, "active": "true", "rushing_lng": 2, "passing_ints": 1, "passing_tds": 0, "rushing_att": 1, "rushing_twoptm": 0}], "2010": [{"week": "1", "fumbles_tot": 2, "passing_att": 41, "rushing_lngtd": 0, "passing_twoptm": 0, "fumbles_yds": 0, "fumbles_rcv": 1, "fumbles_trcv": 1, "passing_twopta": 0, "rushing_tds": 0, "passing_yds": 297, "rushing_yds": 9, "passing_cmp": 22, "rushing_twopta": 0, "fumbles_lost": 1, "rushing_lng": 9, "passing_ints": 0, "passing_tds": 1, "rushing_att": 1, "rushing_twoptm": 0, "active": "true"}, {"week": "2", "receiving_tds": 0, "receiving_lng": 1, "active": "true", "receiving_rec": 1, "receiving_twopta": 0, "receiving_yds": 1, "receiving_lngtd": 0, "receiving_twoptm": 0}, {"week": "3", "receiving_tds": 0, "receiving_lng": 6, "active": "true", "receiving_rec": 1, "receiving_twopta": 0, "receiving_yds": 6, "receiving_lngtd": 0, "receiving_twoptm": 0}, {"week": "4", "passing_att": 14, "passing_twoptm": 0, "passing_twopta": 0, "passing_yds": 64, "passing_cmp": 7, "active": "true", "passing_ints": 2, "passing_tds": 0}, {"week": "5", "puntret_tds": 0, "puntret_ret": 4, "receiving_tds": 0, "puntret_avg": 6, "puntret_lngtd": 0, "receiving_lng": 0, "puntret_lng": 17, "active": "true", "receiving_rec": 1, "receiving_twopta": 0, "receiving_yds": 0, "receiving_lngtd": 0, "receiving_twoptm": 0}, {"week": "6", "active": "false"}, {"week": "7", "passing_att": 17, "passing_twoptm": 0, "passing_twopta": 0, "passing_yds": 96, "passing_cmp": 8, "active": "true", "passing_ints": 0, "passing_tds": 0}, {"week": "8", "fumbles_tot": 1, "passing_att": 24, "fumbles_rcv": 0, "passing_twoptm": 0, "fumbles_yds": 0, "fumbles_lost": 0, "fumbles_trcv": 0, "passing_twopta": 0, "passing_yds": 234, "passing_cmp": 16, "active": "true", "passing_ints": 2, "passing_tds": 1}, {"week": "9", "passing_att": 26, "rushing_lngtd": 0, "passing_twoptm": 0, "passing_twopta": 0, "rushing_tds": 0, "passing_yds": 179, "rushing_yds": 16, "passing_cmp": 15, "rushing_twopta": 0, "active": "true", "rushing_lng": 11, "passing_ints": 0, "passing_tds": 1, "rushing_att": 3, "rushing_twoptm": 0}, {"week": "10", "receiving_tds": 0, "receiving_lng": 19, "active": "true", "receiving_rec": 2, "receiving_twopta": 0, "receiving_yds": 27, "receiving_lngtd": 0, "receiving_twoptm": 0}, {"week": "11", "receiving_tds": 0, "receiving_lng": 35, "active": "true", "receiving_rec": 2, "receiving_twopta": 0, "receiving_yds": 38, "receiving_lngtd": 0, "receiving_twoptm": 0}, {"week": "12", "fumbles_tot": 1, "passing_att": 35, "rushing_lngtd": 0, "passing_twoptm": 0, "fumbles_yds": 0, "fumbles_rcv": 0, "fumbles_trcv": 0, "passing_twopta": 0, "rushing_tds": 0, "passing_yds": 196, "rushing_yds": 0, "passing_cmp": 16, "rushing_twopta": 0, "fumbles_lost": 1, "rushing_lng": 0, "passing_ints": 1, "passing_tds": 0, "rushing_att": 1, "rushing_twoptm": 0, "active": "true"}, {"week": "13", "receiving_tds": 0, "receiving_lng": 17, "active": "true", "receiving_rec": 1, "receiving_twopta": 0, "receiving_yds": 17, "receiving_lngtd": 0, "receiving_twoptm": 0}, {"week": "14", "receiving_tds": 0, "receiving_lng": 13, "active": "true", "receiving_rec": 3, "receiving_twopta": 0, "receiving_yds": 28, "receiving_lngtd": 0, "receiving_twoptm": 0}, {"week": "15", "active": "false"}, {"week": "16", "active": "false"}, {"week": "17", "active": "false"}], "2011": [{"week": "1", "active": "false"}, {"week": "2", "active": "false"}, {"week": "3", "active": "false"}, {"week": "4", "active": "false"}, {"week": "5", "receiving_tds": 0, "receiving_lng": 9, "active": "true", "receiving_rec": 1, "receiving_twopta": 0, "receiving_yds": 9, "receiving_lngtd": 0, "receiving_twoptm": 0}, {"week": "6", "active": "false"}, {"week": "7", "active": "false"}, {"week": "8", "active": "false"}, {"week": "9", "active": "false"}, {"week": "10", "receiving_tds": 0, "receiving_lng": 14, "active": "true", "receiving_rec": 1, "receiving_twopta": 0, "receiving_yds": 14, "receiving_lngtd": 0, "receiving_twoptm": 0}, {"week": "11", "receiving_tds": 0, "receiving_lng": 23, "active": "true", "receiving_rec": 1, "receiving_twopta": 0, "receiving_yds": 23, "receiving_lngtd": 0, "receiving_twoptm": 0}, {"week": "12", "active": "false"}, {"week": "13", "receiving_tds": 0, "receiving_lng": 13, "active": "true", "receiving_rec": 2, "receiving_twopta": 0, "receiving_yds": 21, "receiving_lngtd": 0, "receiving_twoptm": 0}, {"week": "14", "receiving_tds": 1, "receiving_lng": 6, "active": "true", "receiving_rec": 2, "receiving_twopta": 0, "receiving_yds": 12, "receiving_lngtd": 6, "receiving_twoptm": 0}, {"week": "15", "active": "false"}, {"week": "16", "rushing_lngtd": 0, "rushing_tds": 0, "rushing_twopta": 0, "rushing_lng": -1, "rushing_yds": -1, "active": "true", "rushing_att": 1, "rushing_twoptm": 0}, {"week": "17", "rushing_lngtd": 0, "rushing_tds": 0, "rushing_twopta": 0, "rushing_lng": -1, "rushing_yds": -1, "active": "true", "rushing_att": 1, "rushing_twoptm": 0}], "2012": [{"week": "1", "active": "false"}, {"week": "2", "active": "false"}, {"week": "3", "passing_att": 3, "passing_twoptm": 0, "passing_twopta": 0, "passing_yds": 46, "passing_cmp": 3, "active": "true", "passing_ints": 0, "passing_tds": 0}, {"week": "4", "active": "false"}, {"week": "5", "active": "false"}, {"week": "6", "active": "false"}, {"week": "7", "active": "false"}, {"week": "8", "active": "false"}, {"week": "9", "active": "false"}, {"week": "10", "active": "false"}, {"week": "11", "active": "false"}, {"week": "12", "active": "false"}, {"week": "13", "active": "false"}, {"week": "14", "active": "false"}, {"week": "15", "active": "false"}, {"week": "16", "active": "false"}, {"week": "17", "passing_att": 1, "passing_twoptm": 0, "passing_twopta": 0, "passing_yds": 12, "passing_cmp": 1, "active": "true", "passing_ints": 0, "passing_tds": 0}], "2013": [{"week": "1", "active": "false"}, {"week": "2", "active": "false"}, {"week": "3", "rushing_lngtd": 0, "rushing_tds": 0, "rushing_twopta": 0, "rushing_lng": 0, "rushing_yds": -1, "active": "true", "rushing_att": 2, "rushing_twoptm": 0}, {"week": "4", "active": "false"}, {"week": "5", "active": "false"}, {"week": "6", "rushing_lngtd": 0, "rushing_tds": 0, "rushing_twopta": 0, "rushing_lng": 0, "rushing_yds": -1, "active": "true", "rushing_att": 2, "rushing_twoptm": 0}, {"week": "7", "active": "false"}, {"week": "8", "active": "false"}, {"week": "9", "active": "false"}, {"week": "10", "active": "false"}, {"week": "11", "active": "false"}, {"week": "12", "active": "false"}, {"week": "13", "rushing_lngtd": 0, "rushing_tds": 0, "rushing_twopta": 0, "rushing_lng": 2, "rushing_yds": 2, "active": "true", "rushing_att": 1, "rushing_twoptm": 0}, {"week": "14", "active": "false"}, {"week": "15", "active": "false"}, {"week": "16", "active": "false"}, {"week": "17", "active": "false"}], "2014": [{"week": "1", "fumbles_tot": 1, "passing_att": 34, "rushing_lngtd": 0, "passing_twoptm": 0, "fumbles_yds": -3, "fumbles_rcv": 1, "fumbles_trcv": 1, "passing_twopta": 0, "rushing_tds": 0, "passing_yds": 230, "rushing_yds": 10, "passing_cmp": 24, "rushing_twopta": 0, "fumbles_lost": 0, "rushing_lng": 8, "passing_ints": 0, "passing_tds": 2, "rushing_att": 3, "rushing_twoptm": 0, "active": "true"}, {"week": "2", "active": "false"}, {"week": "3", "passing_att": 6, "passing_twoptm": 0, "passing_twopta": 1, "passing_yds": 80, "passing_cmp": 5, "active": "true", "passing_ints": 0, "passing_tds": 1}, {"week": "4", "passing_att": 9, "passing_twoptm": 0, "passing_twopta": 0, "passing_yds": 71, "passing_cmp": 6, "active": "true", "passing_ints": 0, "passing_tds": 0}, {"week": "5", "active": "false"}, {"week": "6", "active": "false"}, {"week": "7", "passing_att": 8, "passing_twoptm": 0, "passing_twopta": 0, "passing_yds": 43, "passing_cmp": 5, "active": "true", "passing_ints": 0, "passing_tds": 1}, {"week": "8", "active": "false"}, {"week": "9", "active": "false"}, {"week": "10", "active": "false"}, {"week": "11", "active": "false"}, {"week": "12", "active": "false"}, {"week": "13", "active": "false"}, {"week": "14", "active": "false"}]}}