{"D.Garrard": {"2009": [{"week": "1", "passing_att": 28, "passing_twoptm": 0, "passing_twopta": 0, "rushing_tds": 0, "passing_yds": 122, "rushing_yds": 14, "passing_cmp": 14, "rushing_twopta": 0, "active": "true", "rushing_lng": 7, "passing_ints": 0, "passing_tds": 0, "rushing_att": 4, "rushing_twoptm": 0}, {"week": "2", "fumbles_tot": 3, "passing_att": 43, "fumbles_rcv": 1, "passing_twoptm": 0, "fumbles_yds": 0, "fumbles_lost": 1, "fumbles_trcv": 1, "passing_twopta": 0, "rushing_tds": 0, "passing_yds": 282, "rushing_yds": 27, "passing_cmp": 23, "rushing_twopta": 0, "active": "true", "rushing_lng": 13, "passing_ints": 1, "passing_tds": 2, "rushing_att": 4, "rushing_twoptm": 0}, {"week": "3", "passing_att": 30, "passing_twoptm": 0, "passing_twopta": 0, "rushing_tds": 1, "passing_yds": 214, "rushing_yds": 29, "passing_cmp": 18, "rushing_twopta": 0, "active": "true", "rushing_lng": 30, "passing_ints": 0, "passing_tds": 0, "rushing_att": 5, "rushing_twoptm": 0}, {"week": "4", "fumbles_tot": 1, "passing_att": 37, "fumbles_rcv": 0, "passing_twoptm": 0, "fumbles_yds": 0, "fumbles_lost": 1, "fumbles_trcv": 0, "passing_twopta": 0, "rushing_tds": 0, "passing_yds": 323, "rushing_yds": 38, "passing_cmp": 27, "rushing_twopta": 0, "active": "true", "rushing_lng": 16, "passing_ints": 0, "passing_tds": 3, "rushing_att": 8, "rushing_twoptm": 0}, {"week": "5", "fumbles_tot": 2, "passing_att": 31, "fumbles_rcv": 0, "passing_twoptm": 0, "fumbles_yds": 0, "fumbles_lost": 2, "fumbles_trcv": 0, "passing_twopta": 0, "rushing_tds": 0, "passing_yds": 188, "rushing_yds": 1, "passing_cmp": 18, "rushing_twopta": 0, "active": "true", "rushing_lng": 1, "passing_ints": 0, "passing_tds": 0, "rushing_att": 1, "rushing_twoptm": 0}, {"week": "6", "passing_att": 43, "passing_twoptm": 0, "passing_twopta": 0, "rushing_tds": 0, "passing_yds": 335, "rushing_yds": 31, "passing_cmp": 30, "rushing_twopta": 0, "active": "true", "rushing_lng": 13, "passing_ints": 2, "passing_tds": 0, "rushing_att": 4, "rushing_twoptm": 0}, {"week": "7", "active": "false"}, {"week": "8", "fumbles_tot": 1, "passing_att": 27, "fumbles_rcv": 1, "passing_twoptm": 0, "fumbles_yds": 0, "fumbles_lost": 0, "fumbles_trcv": 1, "passing_twopta": 0, "rushing_tds": 0, "passing_yds": 139, "rushing_yds": 22, "passing_cmp": 14, "rushing_twopta": 0, "active": "true", "rushing_lng": 12, "passing_ints": 2, "passing_tds": 0, "rushing_att": 3, "rushing_twoptm": 0}, {"week": "9", "passing_att": 27, "passing_twoptm": 0, "passing_twopta": 0, "rushing_tds": 0, "passing_yds": 264, "rushing_yds": 29, "passing_cmp": 18, "rushing_twopta": 0, "active": "true", "rushing_lng": 8, "passing_ints": 0, "passing_tds": 1, "rushing_att": 9, "rushing_twoptm": 0}, {"week": "10", "fumbles_tot": 1, "passing_att": 26, "fumbles_rcv": 0, "passing_twoptm": 0, "fumbles_yds": -2, "fumbles_lost": 1, "fumbles_trcv": 0, "passing_twopta": 0, "rushing_tds": 1, "passing_yds": 221, "rushing_yds": 11, "passing_cmp": 16, "rushing_twopta": 0, "active": "true", "rushing_lng": 11, "passing_ints": 0, "passing_tds": 1, "rushing_att": 6, "rushing_twoptm": 0}, {"week": "11", "fumbles_tot": 1, "passing_att": 30, "fumbles_rcv": 0, "passing_twoptm": 0, "fumbles_yds": 0, "fumbles_lost": 1, "fumbles_trcv": 0, "passing_twopta": 0, "rushing_tds": 0, "passing_yds": 215, "rushing_yds": 16, "passing_cmp": 21, "rushing_twopta": 1, "active": "true", "rushing_lng": 6, "passing_ints": 1, "passing_tds": 1, "rushing_att": 6, "rushing_twoptm": 1}, {"week": "12", "fumbles_tot": 2, "passing_att": 36, "fumbles_rcv": 0, "passing_twoptm": 0, "fumbles_yds": 0, "fumbles_lost": 2, "fumbles_trcv": 0, "passing_twopta": 0, "rushing_tds": 0, "passing_yds": 307, "rushing_yds": 10, "passing_cmp": 25, "rushing_twopta": 0, "active": "true", "rushing_lng": 5, "passing_ints": 0, "passing_tds": 0, "rushing_att": 2, "rushing_twoptm": 0}, {"week": "13", "fumbles_tot": 1, "passing_att": 28, "fumbles_rcv": 1, "passing_twoptm": 0, "fumbles_yds": -2, "fumbles_lost": 0, "fumbles_trcv": 1, "passing_twopta": 0, "rushing_tds": 0, "passing_yds": 238, "rushing_yds": 13, "passing_cmp": 15, "rushing_twopta": 0, "active": "true", "rushing_lng": 12, "passing_ints": 0, "passing_tds": 2, "rushing_att": 8, "rushing_twoptm": 0}, {"week": "14", "passing_att": 26, "passing_twoptm": 0, "passing_twopta": 0, "rushing_tds": 0, "passing_yds": 139, "rushing_yds": 26, "passing_cmp": 11, "rushing_twopta": 0, "active": "true", "rushing_lng": 10, "passing_ints": 0, "passing_tds": 0, "rushing_att": 6, "rushing_twoptm": 0}, {"week": "15", "fumbles_tot": 1, "passing_att": 40, "fumbles_rcv": 0, "passing_twoptm": 0, "fumbles_yds": 0, "fumbles_lost": 0, "fumbles_trcv": 0, "passing_twopta": 0, "rushing_tds": 0, "passing_yds": 223, "rushing_yds": 6, "passing_cmp": 23, "rushing_twopta": 0, "active": "true", "rushing_lng": 5, "passing_ints": 1, "passing_tds": 3, "rushing_att": 2, "rushing_twoptm": 0}, {"week": "16", "fumbles_tot": 1, "passing_att": 25, "fumbles_rcv": 0, "passing_twoptm": 0, "fumbles_yds": 0, "fumbles_lost": 0, "fumbles_trcv": 0, "passing_twopta": 0, "rushing_tds": 1, "passing_yds": 185, "rushing_yds": 10, "passing_cmp": 19, "rushing_twopta": 0, "active": "true", "rushing_lng": 4, "passing_ints": 2, "passing_tds": 0, "rushing_att": 4, "rushing_twoptm": 0}, {"week": "17", "passing_att": 39, "passing_twoptm": 0, "passing_twopta": 0, "rushing_tds": 0, "passing_yds": 202, "rushing_yds": 40, "passing_cmp": 22, "rushing_twopta": 0, "active": "true", "rushing_lng": 15, "passing_ints": 1, "passing_tds": 2, "rushing_att": 5, "rushing_twoptm": 0}], "2010": [{"week": "1", "passing_att": 21, "rushing_lngtd": 0, "passing_twoptm": 0, "passing_twopta": 0, "rushing_tds": 0, "passing_yds": 170, "rushing_yds": 10, "passing_cmp": 16, "rushing_twopta": 0, "active": "true", "rushing_lng": 5, "passing_ints": 0, "passing_tds": 3, "rushing_att": 7, "rushing_twoptm": 0}, {"week": "2", "passing_att": 23, "rushing_lngtd": 0, "passing_twoptm": 0, "passing_twopta": 0, "rushing_tds": 0, "passing_yds": 173, "rushing_yds": -1, "passing_cmp": 15, "rushing_twopta": 0, "active": "true", "rushing_lng": -1, "passing_ints": 4, "passing_tds": 1, "rushing_att": 1, "rushing_twoptm": 0}, {"week": "3", "fumbles_tot": 1, "passing_att": 30, "rushing_lngtd": 0, "passing_twoptm": 0, "fumbles_yds": 0, "fumbles_rcv": 0, "fumbles_trcv": 0, "passing_twopta": 0, "rushing_tds": 0, "passing_yds": 105, "rushing_yds": 23, "passing_cmp": 13, "rushing_twopta": 0, "fumbles_lost": 0, "rushing_lng": 11, "passing_ints": 1, "passing_tds": 0, "rushing_att": 8, "rushing_twoptm": 0, "active": "true"}, {"week": "4", "passing_att": 22, "rushing_lngtd": 25, "passing_twoptm": 0, "passing_twopta": 0, "rushing_tds": 1, "passing_yds": 163, "rushing_yds": 44, "passing_cmp": 17, "rushing_twopta": 0, "active": "true", "rushing_lng": 25, "passing_ints": 0, "passing_tds": 2, "rushing_att": 5, "rushing_twoptm": 0}, {"week": "5", "fumbles_tot": 1, "passing_att": 20, "rushing_lngtd": 0, "passing_twoptm": 0, "fumbles_yds": 0, "fumbles_rcv": 0, "fumbles_trcv": 0, "passing_twopta": 0, "rushing_tds": 0, "passing_yds": 178, "rushing_yds": 9, "passing_cmp": 16, "rushing_twopta": 0, "fumbles_lost": 1, "rushing_lng": 7, "passing_ints": 1, "passing_tds": 3, "rushing_att": 3, "rushing_twoptm": 0, "active": "true"}, {"week": "6", "passing_att": 12, "passing_twoptm": 0, "passing_twopta": 0, "passing_yds": 49, "passing_cmp": 7, "active": "true", "passing_ints": 1, "passing_tds": 0}, {"week": "7", "active": "false"}, {"week": "8", "fumbles_tot": 1, "passing_att": 21, "rushing_lngtd": 2, "passing_twoptm": 0, "fumbles_yds": 0, "fumbles_rcv": 0, "fumbles_trcv": 0, "passing_twopta": 0, "rushing_tds": 1, "passing_yds": 260, "rushing_yds": 2, "passing_cmp": 17, "rushing_twopta": 0, "fumbles_lost": 1, "rushing_lng": 2, "passing_ints": 0, "passing_tds": 4, "rushing_att": 2, "rushing_twoptm": 0, "active": "true"}, {"week": "9", "active": "false"}, {"week": "10", "passing_att": 31, "rushing_lngtd": 0, "passing_twoptm": 0, "passing_twopta": 0, "rushing_tds": 0, "passing_yds": 342, "rushing_yds": 35, "passing_cmp": 24, "rushing_twopta": 0, "active": "true", "rushing_lng": 14, "passing_ints": 0, "passing_tds": 2, "rushing_att": 7, "rushing_twoptm": 0}, {"week": "11", "fumbles_tot": 1, "passing_att": 34, "rushing_lngtd": 0, "passing_twoptm": 0, "fumbles_yds": 0, "fumbles_rcv": 0, "fumbles_trcv": 0, "passing_twopta": 0, "rushing_tds": 0, "passing_yds": 254, "rushing_yds": 9, "passing_cmp": 20, "rushing_twopta": 0, "fumbles_lost": 1, "rushing_lng": 6, "passing_ints": 3, "passing_tds": 2, "rushing_att": 2, "rushing_twoptm": 0, "active": "true"}, {"week": "12", "fumbles_tot": 3, "passing_att": 35, "rushing_lngtd": 5, "passing_twoptm": 0, "fumbles_yds": 0, "fumbles_rcv": 2, "fumbles_trcv": 2, "passing_twopta": 0, "rushing_tds": 1, "passing_yds": 162, "rushing_yds": 41, "passing_cmp": 20, "rushing_twopta": 0, "fumbles_lost": 1, "rushing_lng": 11, "passing_ints": 1, "passing_tds": 0, "rushing_att": 6, "rushing_twoptm": 0, "active": "true"}, {"week": "13", "passing_att": 19, "rushing_lngtd": 4, "passing_twoptm": 0, "passing_twopta": 0, "rushing_tds": 1, "passing_yds": 126, "rushing_yds": 19, "passing_cmp": 14, "rushing_twopta": 0, "active": "true", "rushing_lng": 7, "passing_ints": 0, "passing_tds": 0, "rushing_att": 10, "rushing_twoptm": 0}, {"week": "14", "passing_att": 22, "rushing_lngtd": 0, "passing_twoptm": 0, "passing_twopta": 0, "rushing_tds": 0, "passing_yds": 159, "rushing_yds": 32, "passing_cmp": 11, "rushing_twopta": 0, "active": "true", "rushing_lng": 24, "passing_ints": 1, "passing_tds": 3, "rushing_att": 5, "rushing_twoptm": 0}, {"week": "15", "fumbles_tot": 2, "passing_att": 38, "rushing_lngtd": 0, "passing_twoptm": 0, "fumbles_yds": -12, "fumbles_rcv": 0, "fumbles_trcv": 0, "passing_twopta": 0, "rushing_tds": 0, "passing_yds": 294, "rushing_yds": 8, "passing_cmp": 24, "rushing_twopta": 0, "fumbles_lost": 0, "rushing_lng": 5, "passing_ints": 1, "passing_tds": 2, "rushing_att": 4, "rushing_twoptm": 0, "active": "true"}, {"week": "16", "fumbles_tot": 2, "passing_att": 38, "rushing_lngtd": 20, "passing_twoptm": 0, "fumbles_yds": 0, "fumbles_rcv": 1, "fumbles_trcv": 1, "passing_twopta": 0, "rushing_tds": 1, "passing_yds": 299, "rushing_yds": 39, "passing_cmp": 22, "rushing_twopta": 0, "fumbles_lost": 0, "rushing_lng": 20, "passing_ints": 2, "passing_tds": 1, "rushing_att": 6, "rushing_twoptm": 0, "active": "true"}, {"week": "17", "active": "false"}], "2011": [{"week": "1", "active": "false"}, {"week": "2", "active": "false"}, {"week": "3", "active": "false"}, {"week": "4", "active": "false"}, {"week": "5", "active": "false"}, {"week": "6", "active": "false"}, {"week": "7", "active": "false"}, {"week": "8", "active": "false"}, {"week": "9", "active": "false"}, {"week": "10", "active": "false"}, {"week": "11", "active": "false"}, {"week": "12", "active": "false"}, {"week": "13", "active": "false"}, {"week": "14", "active": "false"}, {"week": "15", "active": "false"}, {"week": "16", "active": "false"}, {"week": "17", "active": "false"}], "2012": [{"week": "1", "active": "false"}, {"week": "2", "active": "false"}, {"week": "3", "active": "false"}, {"week": "4", "active": "false"}, {"week": "5", "active": "false"}, {"week": "6", "active": "false"}, {"week": "7", "active": "false"}, {"week": "8", "active": "false"}, {"week": "9", "active": "false"}, {"week": "10", "active": "false"}, {"week": "11", "active": "false"}, {"week": "12", "active": "false"}, {"week": "13", "active": "false"}, {"week": "14", "active": "false"}, {"week": "15", "active": "false"}, {"week": "16", "active": "false"}, {"week": "17", "active": "false"}], "2013": [{"week": "1", "active": "false"}, {"week": "2", "active": "false"}, {"week": "3", "active": "false"}, {"week": "4", "active": "false"}, {"week": "5", "active": "false"}, {"week": "6", "active": "false"}, {"week": "7", "active": "false"}, {"week": "8", "active": "false"}, {"week": "9", "active": "false"}, {"week": "10", "active": "false"}, {"week": "11", "active": "false"}, {"week": "12", "active": "false"}, {"week": "13", "active": "false"}, {"week": "14", "active": "false"}, {"week": "15", "active": "false"}, {"week": "16", "active": "false"}, {"week": "17", "active": "false"}], "2014": [{"week": "1", "active": "false"}, {"week": "2", "active": "false"}, {"week": "3", "active": "false"}, {"week": "4", "active": "false"}, {"week": "5", "active": "false"}, {"week": "6", "active": "false"}, {"week": "7", "active": "false"}, {"week": "8", "active": "false"}, {"week": "9", "active": "false"}, {"week": "10", "active": "false"}, {"week": "11", "active": "false"}, {"week": "12", "active": "false"}, {"week": "13", "active": "false"}, {"week": "14", "active": "false"}]}}