{"D.Akers": {"2009": [{"week": "1", "kicking_xpmissed": 0, "kicking_totpfg": 3, "kicking_xptot": 5, "kicking_xpmade": 5, "kicking_fga": 1, "active": "true", "kicking_fgm": 1, "kicking_xpa": 5, "kicking_xpb": 0, "kicking_fgyds": 49}, {"week": "2", "kicking_xpmissed": 0, "kicking_totpfg": 6, "kicking_xptot": 2, "kicking_xpmade": 2, "kicking_fga": 2, "active": "true", "kicking_fgm": 2, "kicking_xpa": 2, "kicking_xpb": 0, "kicking_fgyds": 32}, {"week": "3", "kicking_xpmissed": 0, "kicking_totpfg": 6, "kicking_xptot": 4, "kicking_xpmade": 4, "kicking_fga": 2, "active": "true", "kicking_fgm": 2, "kicking_xpa": 4, "kicking_xpb": 0, "kicking_fgyds": 38}, {"week": "4", "active": "false"}, {"week": "5", "kicking_xpmissed": 0, "kicking_totpfg": 3, "kicking_xptot": 4, "kicking_xpmade": 4, "kicking_fga": 1, "active": "true", "kicking_fgm": 1, "kicking_xpa": 4, "kicking_xpb": 0, "kicking_fgyds": 44}, {"week": "6", "kicking_xpmissed": 0, "kicking_totpfg": 9, "kicking_xptot": 0, "kicking_xpmade": 0, "kicking_fga": 5, "active": "true", "kicking_fgm": 3, "kicking_xpa": 0, "kicking_xpb": 0, "kicking_fgyds": 45}, {"week": "7", "kicking_xpmissed": 0, "kicking_totpfg": 6, "kicking_xptot": 3, "kicking_xpmade": 3, "kicking_fga": 2, "active": "true", "kicking_fgm": 2, "kicking_xpa": 3, "kicking_xpb": 0, "kicking_fgyds": 47}, {"week": "8", "kicking_xpmissed": 0, "kicking_totpfg": 6, "kicking_xptot": 4, "kicking_xpmade": 4, "kicking_fga": 2, "active": "true", "kicking_fgm": 2, "kicking_xpa": 4, "kicking_xpb": 1, "kicking_fgyds": 35}, {"week": "9", "kicking_xpmissed": 0, "kicking_totpfg": 9, "kicking_xptot": 1, "kicking_xpmade": 1, "kicking_fga": 3, "active": "true", "kicking_fgm": 3, "kicking_xpa": 1, "kicking_xpb": 0, "kicking_fgyds": 52}, {"week": "10", "kicking_xpmissed": 0, "kicking_totpfg": 9, "kicking_xptot": 2, "kicking_xpmade": 2, "kicking_fga": 3, "active": "true", "kicking_fgm": 3, "kicking_xpa": 2, "kicking_xpb": 0, "kicking_fgyds": 25}, {"week": "11", "kicking_xpmissed": 0, "kicking_totpfg": 3, "kicking_xptot": 3, "kicking_xpmade": 3, "kicking_fga": 1, "active": "true", "kicking_fgm": 1, "kicking_xpa": 3, "kicking_xpb": 0, "kicking_fgyds": 25}, {"week": "12", "kicking_xpmissed": 0, "kicking_totpfg": 12, "kicking_xptot": 1, "kicking_xpmade": 1, "kicking_fga": 4, "active": "true", "kicking_fgm": 4, "kicking_xpa": 1, "kicking_xpb": 0, "kicking_fgyds": 41}, {"week": "13", "kicking_xpmissed": 0, "kicking_totpfg": 6, "kicking_xptot": 4, "kicking_xpmade": 4, "kicking_fga": 3, "active": "true", "kicking_fgm": 2, "kicking_xpa": 4, "kicking_xpb": 0, "kicking_fgyds": 33}, {"week": "14", "kicking_xpmissed": 0, "kicking_totpfg": 3, "kicking_xptot": 4, "kicking_xpmade": 4, "kicking_fga": 1, "active": "true", "kicking_fgm": 1, "kicking_xpa": 4, "kicking_xpb": 1, "kicking_fgyds": 20}, {"week": "15", "kicking_xpmissed": 0, "kicking_totpfg": 6, "kicking_xptot": 3, "kicking_xpmade": 3, "kicking_fga": 2, "active": "true", "kicking_fgm": 2, "kicking_xpa": 3, "kicking_xpb": 0, "kicking_fgyds": 26}, {"week": "16", "kicking_xpmissed": 0, "kicking_totpfg": 9, "kicking_xptot": 3, "kicking_xpmade": 3, "kicking_fga": 3, "active": "true", "kicking_fgm": 3, "kicking_xpa": 3, "kicking_xpb": 0, "kicking_fgyds": 45}, {"week": "17", "kicking_xpmissed": 0, "kicking_totpfg": 0, "kicking_xptot": 0, "kicking_xpmade": 0, "kicking_fga": 1, "active": "true", "kicking_fgm": 0, "kicking_xpa": 0, "kicking_xpb": 0, "kicking_fgyds": 0}], "2010": [{"week": "1", "kicking_xpmissed": 0, "kicking_totpfg": 6, "kicking_xptot": 2, "kicking_xpmade": 2, "kicking_fga": 2, "active": "true", "kicking_fgm": 2, "kicking_xpa": 2, "kicking_xpb": 0, "kicking_fgyds": 45}, {"week": "2", "kicking_xpmissed": 0, "kicking_totpfg": 0, "kicking_xptot": 5, "kicking_xpmade": 5, "kicking_fga": 0, "active": "true", "kicking_fgm": 0, "kicking_xpa": 5, "kicking_xpb": 0, "kicking_fgyds": 0}, {"week": "3", "kicking_xpmissed": 0, "kicking_totpfg": 0, "kicking_xptot": 4, "kicking_xpmade": 4, "kicking_fga": 0, "active": "true", "kicking_fgm": 0, "kicking_xpa": 4, "kicking_xpb": 0, "kicking_fgyds": 0}, {"week": "4", "kicking_xpmissed": 0, "kicking_totpfg": 6, "kicking_xptot": 0, "kicking_xpmade": 0, "kicking_fga": 2, "active": "true", "kicking_fgm": 2, "kicking_xpa": 0, "kicking_xpb": 0, "kicking_fgyds": 49}, {"week": "5", "kicking_xpmissed": 0, "kicking_totpfg": 6, "kicking_xptot": 3, "kicking_xpmade": 3, "kicking_fga": 3, "active": "true", "kicking_fgm": 2, "kicking_xpa": 3, "kicking_xpb": 0, "kicking_fgyds": 45}, {"week": "6", "kicking_xpmissed": 0, "kicking_totpfg": 3, "kicking_xptot": 4, "kicking_xpmade": 4, "kicking_fga": 4, "active": "true", "kicking_fgm": 1, "kicking_xpa": 4, "kicking_xpb": 0, "kicking_fgyds": 30}, {"week": "7", "kicking_xpmissed": 0, "kicking_totpfg": 12, "kicking_xptot": 1, "kicking_xpmade": 1, "kicking_fga": 4, "active": "true", "kicking_fgm": 4, "kicking_xpa": 1, "kicking_xpb": 0, "kicking_fgyds": 46}, {"week": "8", "active": "false"}, {"week": "9", "kicking_xpmissed": 0, "kicking_totpfg": 12, "kicking_xptot": 2, "kicking_xpmade": 2, "kicking_fga": 4, "active": "true", "kicking_fgm": 4, "kicking_xpa": 2, "kicking_xpb": 0, "kicking_fgyds": 44}, {"week": "10", "kicking_xpmissed": 0, "kicking_totpfg": 3, "kicking_xptot": 8, "kicking_xpmade": 8, "kicking_fga": 1, "active": "true", "kicking_fgm": 1, "kicking_xpa": 8, "kicking_xpb": 0, "kicking_fgyds": 48}, {"week": "11", "kicking_xpmissed": 0, "kicking_totpfg": 12, "kicking_xptot": 1, "kicking_xpmade": 1, "kicking_fga": 4, "active": "true", "kicking_fgm": 4, "kicking_xpa": 1, "kicking_xpb": 0, "kicking_fgyds": 38}, {"week": "12", "kicking_xpmissed": 0, "kicking_totpfg": 12, "kicking_xptot": 2, "kicking_xpmade": 2, "kicking_fga": 4, "active": "true", "kicking_fgm": 4, "kicking_xpa": 2, "kicking_xpb": 0, "kicking_fgyds": 45}, {"week": "13", "kicking_xpmissed": 0, "kicking_totpfg": 6, "kicking_xptot": 4, "kicking_xpmade": 4, "kicking_fga": 2, "active": "true", "kicking_fgm": 2, "kicking_xpa": 4, "kicking_xpb": 0, "kicking_fgyds": 36}, {"week": "14", "kicking_xpmissed": 0, "kicking_totpfg": 9, "kicking_xptot": 3, "kicking_xpmade": 3, "kicking_fga": 3, "active": "true", "kicking_fgm": 3, "kicking_xpa": 3, "kicking_xpb": 0, "kicking_fgyds": 50}, {"week": "15", "kicking_xpmissed": 0, "kicking_totpfg": 3, "kicking_xptot": 5, "kicking_xpmade": 5, "kicking_fga": 1, "active": "true", "kicking_fgm": 1, "kicking_xpa": 5, "kicking_xpb": 0, "kicking_fgyds": 34}, {"week": "16", "kicking_xpmissed": 0, "kicking_totpfg": 0, "kicking_xptot": 2, "kicking_xpmade": 2, "kicking_fga": 1, "active": "true", "kicking_fgm": 0, "kicking_xpa": 2, "kicking_xpb": 0, "kicking_fgyds": 0}, {"week": "17", "kicking_xpmissed": 0, "kicking_totpfg": 6, "kicking_xptot": 1, "kicking_xpmade": 1, "kicking_fga": 2, "active": "true", "kicking_fgm": 2, "kicking_xpa": 1, "kicking_xpb": 0, "kicking_fgyds": 43}], "2011": [{"week": "1", "kicking_xpmissed": 0, "kicking_totpfg": 12, "kicking_xptot": 3, "kicking_xpmade": 3, "kicking_fga": 4, "active": "true", "kicking_fgm": 4, "kicking_xpa": 3, "kicking_xpb": 0, "kicking_fgyds": 31}, {"week": "2", "kicking_xpmissed": 0, "kicking_totpfg": 3, "kicking_xptot": 3, "kicking_xpmade": 3, "kicking_fga": 1, "active": "true", "kicking_fgm": 1, "kicking_xpa": 3, "kicking_xpb": 0, "kicking_fgyds": 55}, {"week": "3", "kicking_xpmissed": 0, "kicking_totpfg": 6, "kicking_xptot": 1, "kicking_xpmade": 1, "kicking_fga": 2, "active": "true", "kicking_fgm": 2, "kicking_xpa": 1, "kicking_xpb": 0, "kicking_fgyds": 53}, {"week": "4", "kicking_xpmissed": 0, "kicking_totpfg": 3, "kicking_xptot": 3, "kicking_xpmade": 3, "kicking_fga": 2, "active": "true", "kicking_fgm": 1, "kicking_xpa": 3, "kicking_xpb": 0, "kicking_fgyds": 37}, {"week": "5", "kicking_xpmissed": 0, "kicking_totpfg": 6, "kicking_xptot": 6, "kicking_xpmade": 6, "kicking_fga": 2, "active": "true", "kicking_fgm": 2, "kicking_xpa": 6, "kicking_xpb": 0, "kicking_fgyds": 37}, {"week": "6", "kicking_xpmissed": 0, "kicking_totpfg": 9, "kicking_xptot": 2, "kicking_xpmade": 2, "kicking_fga": 3, "active": "true", "kicking_fgm": 3, "kicking_xpa": 2, "kicking_xpb": 0, "kicking_fgyds": 55}, {"week": "7", "active": "false"}, {"week": "8", "kicking_xpmissed": 0, "kicking_totpfg": 6, "kicking_xptot": 2, "kicking_xpmade": 2, "kicking_fga": 2, "active": "true", "kicking_fgm": 2, "kicking_xpa": 2, "kicking_xpb": 0, "kicking_fgyds": 29}, {"week": "9", "kicking_xpmissed": 0, "kicking_totpfg": 12, "kicking_xptot": 1, "kicking_xpmade": 1, "kicking_fga": 4, "active": "true", "kicking_fgm": 4, "kicking_xpa": 1, "kicking_xpb": 0, "kicking_fgyds": 52}, {"week": "10", "kicking_xpmissed": 0, "kicking_totpfg": 12, "kicking_xptot": 1, "kicking_xpmade": 1, "kicking_fga": 4, "active": "true", "kicking_fgm": 4, "kicking_xpa": 1, "kicking_xpb": 0, "kicking_fgyds": 52}, {"week": "11", "kicking_xpmissed": 0, "kicking_totpfg": 9, "kicking_xptot": 2, "kicking_xpmade": 2, "kicking_fga": 4, "active": "true", "kicking_fgm": 3, "kicking_xpa": 2, "kicking_xpb": 0, "kicking_fgyds": 43}, {"week": "12", "kicking_xpmissed": 0, "kicking_totpfg": 6, "kicking_xptot": 0, "kicking_xpmade": 0, "kicking_fga": 2, "active": "true", "kicking_fgm": 2, "kicking_xpa": 0, "kicking_xpb": 0, "kicking_fgyds": 52}, {"week": "13", "kicking_xpmissed": 0, "kicking_totpfg": 12, "kicking_xptot": 2, "kicking_xpmade": 2, "kicking_fga": 4, "active": "true", "kicking_fgm": 4, "kicking_xpa": 2, "kicking_xpb": 0, "kicking_fgyds": 36}, {"week": "14", "kicking_xpmissed": 0, "kicking_totpfg": 12, "kicking_xptot": 1, "kicking_xpmade": 1, "kicking_fga": 5, "active": "true", "kicking_fgm": 4, "kicking_xpa": 1, "kicking_xpb": 0, "kicking_fgyds": 46}, {"week": "15", "kicking_xpmissed": 0, "kicking_totpfg": 6, "kicking_xptot": 2, "kicking_xpmade": 2, "kicking_fga": 2, "active": "true", "kicking_fgm": 2, "kicking_xpa": 2, "kicking_xpb": 0, "kicking_fgyds": 38}, {"week": "16", "kicking_xpmissed": 0, "kicking_totpfg": 12, "kicking_xptot": 1, "kicking_xpmade": 1, "kicking_fga": 5, "active": "true", "kicking_fgm": 4, "kicking_xpa": 1, "kicking_xpb": 0, "kicking_fgyds": 53}, {"week": "17", "passing_att": 1, "passing_twoptm": 0, "kicking_xpmissed": 0, "passing_twopta": 0, "kicking_xptot": 4, "passing_yds": 14, "passing_cmp": 1, "kicking_xpmade": 4, "active": "true", "kicking_fga": 3, "passing_ints": 0, "kicking_totpfg": 6, "passing_tds": 1, "kicking_fgm": 2, "kicking_xpa": 4, "kicking_xpb": 0, "kicking_fgyds": 42}], "2012": [{"week": "1", "kicking_xpmissed": 0, "kicking_totpfg": 9, "kicking_xptot": 3, "kicking_xpmade": 3, "kicking_fga": 3, "active": "true", "kicking_fgm": 3, "kicking_xpa": 3, "kicking_xpb": 0, "kicking_fgyds": 63}, {"week": "2", "kicking_xpmissed": 0, "kicking_totpfg": 6, "kicking_xptot": 3, "kicking_xpmade": 3, "kicking_fga": 2, "active": "true", "kicking_fgm": 2, "kicking_xpa": 3, "kicking_xpb": 0, "kicking_fgyds": 48}, {"week": "3", "kicking_xpmissed": 0, "kicking_totpfg": 6, "kicking_xptot": 1, "kicking_xpmade": 1, "kicking_fga": 2, "active": "true", "kicking_fgm": 2, "kicking_xpa": 1, "kicking_xpb": 0, "kicking_fgyds": 29}, {"week": "4", "kicking_xpmissed": 0, "kicking_totpfg": 6, "kicking_xptot": 4, "kicking_xpmade": 4, "kicking_fga": 4, "active": "true", "kicking_fgm": 2, "kicking_xpa": 4, "kicking_xpb": 0, "kicking_fgyds": 40}, {"week": "5", "kicking_xpmissed": 0, "kicking_totpfg": 3, "kicking_xptot": 6, "kicking_xpmade": 6, "kicking_fga": 1, "active": "true", "kicking_fgm": 1, "kicking_xpa": 6, "kicking_xpb": 0, "kicking_fgyds": 19}, {"week": "6", "kicking_xpmissed": 0, "kicking_totpfg": 3, "kicking_xptot": 0, "kicking_xpmade": 0, "kicking_fga": 3, "active": "true", "kicking_fgm": 1, "kicking_xpa": 0, "kicking_xpb": 0, "kicking_fgyds": 42}, {"week": "7", "kicking_xpmissed": 0, "kicking_totpfg": 6, "kicking_xptot": 1, "kicking_xpmade": 1, "kicking_fga": 2, "active": "true", "kicking_fgm": 2, "kicking_xpa": 1, "kicking_xpb": 0, "kicking_fgyds": 38}, {"week": "8", "kicking_xpmissed": 0, "kicking_totpfg": 3, "kicking_xptot": 3, "kicking_xpmade": 3, "kicking_fga": 1, "active": "true", "kicking_fgm": 1, "kicking_xpa": 3, "kicking_xpb": 0, "kicking_fgyds": 43}, {"week": "9", "active": "false"}, {"week": "10", "kicking_xpmissed": 0, "kicking_totpfg": 3, "kicking_xptot": 3, "kicking_xpmade": 3, "kicking_fga": 2, "active": "true", "kicking_fgm": 1, "kicking_xpa": 3, "kicking_xpb": 0, "kicking_fgyds": 33}, {"week": "11", "kicking_xpmissed": 0, "kicking_totpfg": 9, "kicking_xptot": 3, "kicking_xpmade": 3, "kicking_fga": 3, "active": "true", "kicking_fgm": 3, "kicking_xpa": 3, "kicking_xpb": 0, "kicking_fgyds": 37}, {"week": "12", "kicking_xpmissed": 0, "kicking_totpfg": 3, "kicking_xptot": 4, "kicking_xpmade": 4, "kicking_fga": 2, "active": "true", "kicking_fgm": 1, "kicking_xpa": 4, "kicking_xpb": 0, "kicking_fgyds": 27}, {"week": "13", "kicking_xpmissed": 0, "kicking_totpfg": 6, "kicking_xptot": 1, "kicking_xpmade": 1, "kicking_fga": 3, "active": "true", "kicking_fgm": 2, "kicking_xpa": 1, "kicking_xpb": 0, "kicking_fgyds": 33}, {"week": "14", "kicking_xpmissed": 0, "kicking_totpfg": 6, "kicking_xptot": 3, "kicking_xpmade": 3, "kicking_fga": 2, "active": "true", "kicking_fgm": 2, "kicking_xpa": 3, "kicking_xpb": 0, "kicking_fgyds": 37}, {"week": "15", "kicking_xpmissed": 0, "kicking_totpfg": 6, "kicking_xptot": 5, "kicking_xpmade": 5, "kicking_fga": 3, "active": "true", "kicking_fgm": 2, "kicking_xpa": 5, "kicking_xpb": 0, "kicking_fgyds": 28}, {"week": "16", "kicking_xpmissed": 0, "kicking_totpfg": 6, "kicking_xptot": 1, "kicking_xpmade": 1, "kicking_fga": 2, "active": "true", "kicking_fgm": 2, "kicking_xpa": 1, "kicking_xpb": 0, "kicking_fgyds": 54}, {"week": "17", "kicking_xpmissed": 0, "kicking_totpfg": 6, "kicking_xptot": 3, "kicking_xpmade": 3, "kicking_fga": 4, "active": "true", "kicking_fgm": 2, "kicking_xpa": 3, "kicking_xpb": 0, "kicking_fgyds": 43}], "2013": [{"week": "1", "kicking_xpmissed": 0, "kicking_totpfg": 6, "kicking_xptot": 4, "kicking_xpmade": 4, "kicking_fga": 2, "active": "true", "kicking_fgm": 2, "kicking_xpa": 4, "kicking_xpb": 0, "kicking_fgyds": 42}, {"week": "2", "kicking_xpmissed": 0, "kicking_totpfg": 0, "kicking_xptot": 3, "kicking_xpmade": 3, "kicking_fga": 1, "active": "true", "kicking_fgm": 0, "kicking_xpa": 3, "kicking_xpb": 0, "kicking_fgyds": 0}, {"week": "3", "kicking_xpmissed": 0, "kicking_totpfg": 6, "kicking_xptot": 3, "kicking_xpmade": 3, "kicking_fga": 2, "active": "true", "kicking_fgm": 2, "kicking_xpa": 3, "kicking_xpb": 0, "kicking_fgyds": 32}, {"week": "4", "kicking_xpmissed": 0, "kicking_totpfg": 12, "kicking_xptot": 4, "kicking_xpmade": 4, "kicking_fga": 4, "active": "true", "kicking_fgm": 4, "kicking_xpa": 4, "kicking_xpb": 0, "kicking_fgyds": 43}, {"week": "5", "kicking_xpmissed": 0, "kicking_totpfg": 3, "kicking_xptot": 0, "kicking_xpmade": 0, "kicking_fga": 1, "active": "true", "kicking_fgm": 1, "kicking_xpa": 0, "kicking_xpb": 0, "kicking_fgyds": 53}, {"week": "6", "kicking_xpmissed": 0, "kicking_totpfg": 3, "kicking_xptot": 4, "kicking_xpmade": 4, "kicking_fga": 1, "active": "true", "kicking_fgm": 1, "kicking_xpa": 4, "kicking_xpb": 0, "kicking_fgyds": 51}, {"week": "7", "kicking_xpmissed": 0, "kicking_totpfg": 3, "kicking_xptot": 3, "kicking_xpmade": 3, "kicking_fga": 1, "active": "true", "kicking_fgm": 1, "kicking_xpa": 3, "kicking_xpb": 0, "kicking_fgyds": 36}, {"week": "8", "kicking_xpmissed": 0, "kicking_totpfg": 3, "kicking_xptot": 4, "kicking_xpmade": 4, "kicking_fga": 1, "active": "true", "kicking_fgm": 1, "kicking_xpa": 4, "kicking_xpb": 0, "kicking_fgyds": 20}, {"week": "9", "active": "false"}, {"week": "10", "kicking_xpmissed": 0, "kicking_totpfg": 0, "kicking_xptot": 3, "kicking_xpmade": 3, "kicking_fga": 1, "active": "true", "kicking_fgm": 0, "kicking_xpa": 3, "kicking_xpb": 0, "kicking_fgyds": 0}, {"week": "11", "kicking_xpmissed": 0, "kicking_totpfg": 6, "kicking_xptot": 3, "kicking_xpmade": 3, "kicking_fga": 2, "active": "true", "kicking_fgm": 2, "kicking_xpa": 3, "kicking_xpb": 0, "kicking_fgyds": 35}, {"week": "12", "kicking_xpmissed": 0, "kicking_totpfg": 0, "kicking_xptot": 3, "kicking_xpmade": 3, "kicking_fga": 0, "active": "true", "kicking_fgm": 0, "kicking_xpa": 3, "kicking_xpb": 0, "kicking_fgyds": 0}, {"week": "13", "kicking_xpmissed": 0, "kicking_totpfg": 3, "kicking_xptot": 5, "kicking_xpmade": 5, "kicking_fga": 2, "active": "true", "kicking_fgm": 1, "kicking_xpa": 5, "kicking_xpb": 0, "kicking_fgyds": 27}, {"week": "14", "active": "false"}, {"week": "15", "kicking_xpmissed": 0, "kicking_totpfg": 3, "kicking_xptot": 1, "kicking_xpmade": 1, "kicking_fga": 1, "active": "true", "kicking_fgm": 1, "kicking_xpa": 1, "kicking_xpb": 0, "kicking_fgyds": 40}, {"week": "16", "kicking_xpmissed": 0, "kicking_totpfg": 3, "kicking_xptot": 1, "kicking_xpmade": 1, "kicking_fga": 1, "active": "true", "kicking_fgm": 1, "kicking_xpa": 1, "kicking_xpb": 0, "kicking_fgyds": 37}, {"week": "17", "kicking_xpmissed": 0, "kicking_totpfg": 6, "kicking_xptot": 1, "kicking_xpmade": 1, "kicking_fga": 2, "active": "true", "kicking_fgm": 2, "kicking_xpa": 1, "kicking_xpb": 0, "kicking_fgyds": 53}], "2014": [{"week": "1", "active": "false"}, {"week": "2", "active": "false"}, {"week": "3", "active": "false"}, {"week": "4", "active": "false"}, {"week": "5", "active": "false"}, {"week": "6", "active": "false"}, {"week": "7", "active": "false"}, {"week": "8", "active": "false"}, {"week": "9", "active": "false"}, {"week": "10", "active": "false"}, {"week": "11", "active": "false"}, {"week": "12", "active": "false"}, {"week": "13", "active": "false"}, {"week": "14", "active": "false"}]}}