{"D.Harris": {"2009": [{"week": "1", "defense_sk": 1, "defense_tkl": 6, "defense_int": 0, "active": "true", "defense_ffum": 0, "defense_ast": 5}, {"week": "2", "defense_sk": 0, "defense_tkl": 3, "defense_int": 0, "active": "true", "defense_ffum": 0, "defense_ast": 2}, {"week": "3", "defense_sk": 1, "defense_tkl": 3, "defense_int": 1, "active": "true", "defense_ffum": 0, "defense_ast": 2}, {"week": "4", "defense_sk": 0, "defense_tkl": 10, "defense_int": 0, "active": "true", "defense_ffum": 1, "defense_ast": 2}, {"week": "5", "defense_sk": 0, "defense_tkl": 6, "defense_int": 0, "active": "true", "defense_ffum": 0, "defense_ast": 1}, {"week": "6", "defense_sk": 0.5, "defense_tkl": 7, "defense_int": 0, "active": "true", "defense_ffum": 0, "defense_ast": 10}, {"week": "7", "defense_sk": 0, "defense_tkl": 3, "defense_int": 0, "active": "true", "defense_ffum": 0, "defense_ast": 0}, {"week": "8", "defense_sk": 1, "defense_tkl": 5, "defense_int": 0, "active": "true", "defense_ffum": 0, "defense_ast": 0}, {"week": "9", "active": "false"}, {"week": "10", "defense_sk": 0, "defense_tkl": 6, "defense_int": 0, "active": "true", "defense_ffum": 0, "defense_ast": 3}, {"week": "11", "defense_sk": 0, "defense_tkl": 11, "defense_int": 0, "active": "true", "defense_ffum": 0, "defense_ast": 3}, {"week": "12", "defense_sk": 1, "defense_tkl": 4, "defense_int": 0, "active": "true", "defense_ffum": 0, "defense_ast": 2}, {"week": "13", "defense_sk": 1, "defense_tkl": 8, "defense_int": 0, "active": "true", "defense_ffum": 1, "defense_ast": 3}, {"week": "14", "defense_sk": 0, "defense_tkl": 1, "defense_int": 1, "active": "true", "defense_ffum": 0, "defense_ast": 0}, {"week": "15", "defense_sk": 0, "defense_tkl": 3, "defense_int": 0, "active": "true", "defense_ffum": 0, "defense_ast": 7}, {"week": "16", "defense_sk": 0, "defense_tkl": 4, "defense_int": 0, "active": "true", "defense_ffum": 0, "defense_ast": 5}, {"week": "17", "defense_sk": 0, "defense_tkl": 1, "defense_int": 0, "active": "true", "defense_ffum": 0, "defense_ast": 0}], "2010": [{"week": "1", "defense_sk": 0, "defense_tkl": 2, "defense_int": 0, "active": "true", "defense_ffum": 0, "defense_ast": 2}, {"week": "2", "fumbles_tot": 0, "fumbles_yds": 16, "fumbles_lost": 0, "fumbles_trcv": 1, "fumbles_rcv": 0, "defense_sk": 0, "defense_tkl": 4, "defense_int": 0, "active": "true", "defense_ffum": 0, "defense_ast": 2}, {"week": "3", "defense_sk": 0, "defense_tkl": 7, "defense_int": 0, "active": "true", "defense_ffum": 0, "defense_ast": 0}, {"week": "4", "defense_sk": 0, "defense_tkl": 4, "defense_int": 0, "active": "true", "defense_ffum": 0, "defense_ast": 2}, {"week": "5", "defense_sk": 0, "defense_tkl": 3, "defense_int": 0, "active": "true", "defense_ffum": 0, "defense_ast": 6}, {"week": "6", "defense_sk": 0, "defense_tkl": 7, "defense_int": 0, "active": "true", "defense_ffum": 0, "defense_ast": 1}, {"week": "7", "active": "false"}, {"week": "8", "defense_sk": 1, "defense_tkl": 8, "defense_int": 0, "active": "true", "defense_ffum": 0, "defense_ast": 1}, {"week": "9", "defense_sk": 0, "defense_tkl": 4, "defense_int": 0, "active": "true", "defense_ffum": 0, "defense_ast": 4}, {"week": "10", "fumbles_tot": 0, "fumbles_yds": 0, "fumbles_lost": 0, "fumbles_trcv": 1, "fumbles_rcv": 0, "defense_sk": 0, "defense_tkl": 5, "defense_int": 0, "active": "true", "defense_ffum": 0, "defense_ast": 1}, {"week": "11", "defense_sk": 0, "defense_tkl": 4, "defense_int": 0, "active": "true", "defense_ffum": 0, "defense_ast": 2}, {"week": "12", "defense_sk": 1, "defense_tkl": 4, "defense_int": 0, "active": "true", "defense_ffum": 0, "defense_ast": 1}, {"week": "13", "defense_sk": 1, "defense_tkl": 4, "defense_int": 0, "active": "true", "defense_ffum": 0, "defense_ast": 2}, {"week": "14", "defense_sk": 0, "defense_tkl": 3, "defense_int": 0, "active": "true", "defense_ffum": 0, "defense_ast": 3}, {"week": "15", "defense_sk": 0, "defense_tkl": 4, "defense_int": 0, "active": "true", "defense_ffum": 0, "defense_ast": 3}, {"week": "16", "defense_sk": 0, "defense_tkl": 4, "defense_int": 0, "active": "true", "defense_ffum": 0, "defense_ast": 0}, {"week": "17", "defense_sk": 0, "defense_tkl": 2, "defense_int": 0, "active": "true", "defense_ffum": 0, "defense_ast": 0}], "2011": [{"week": "1", "defense_sk": 0, "defense_tkl": 6, "defense_int": 0, "active": "true", "defense_ffum": 0, "defense_ast": 1}, {"week": "2", "defense_sk": 0, "defense_tkl": 3, "defense_int": 0, "active": "true", "defense_ffum": 0, "defense_ast": 1}, {"week": "3", "defense_sk": 1, "defense_tkl": 2, "defense_int": 0, "active": "true", "defense_ffum": 0, "defense_ast": 2}, {"week": "4", "puntret_tds": 0, "kickret_lngtd": 0, "puntret_ret": 3, "kickret_lng": 32, "puntret_avg": 6, "puntret_lngtd": 0, "kickret_avg": 28, "puntret_lng": 13, "kickret_tds": 0, "active": "true", "kickret_ret": 2}, {"week": "5", "defense_sk": 1, "defense_tkl": 7, "defense_int": 0, "active": "true", "defense_ffum": 0, "defense_ast": 2}, {"week": "6", "puntret_tds": 0, "kickret_lngtd": 0, "puntret_ret": 2, "kickret_lng": 18, "puntret_avg": 1, "puntret_lngtd": 0, "kickret_avg": 18, "puntret_lng": 4, "kickret_tds": 0, "active": "true", "kickret_ret": 1}, {"week": "7", "defense_sk": 0, "defense_tkl": 2, "defense_int": 0, "active": "true", "defense_ffum": 0, "defense_ast": 1}, {"week": "8", "active": "false"}, {"week": "9", "defense_sk": 0, "defense_tkl": 3, "defense_int": 1, "active": "true", "defense_ffum": 0, "defense_ast": 2}, {"week": "10", "defense_sk": 0, "defense_tkl": 5, "defense_int": 0, "active": "true", "defense_ffum": 0, "defense_ast": 1}, {"week": "11", "defense_sk": 0, "defense_tkl": 5, "defense_int": 0, "active": "true", "defense_ffum": 0, "defense_ast": 1}, {"week": "12", "defense_sk": 1, "defense_tkl": 7, "defense_int": 0, "active": "true", "defense_ffum": 0, "defense_ast": 1}, {"week": "13", "defense_sk": 0, "defense_tkl": 5, "defense_int": 0, "active": "true", "defense_ffum": 0, "defense_ast": 0}, {"week": "14", "defense_sk": 1, "defense_tkl": 4, "defense_int": 0, "active": "true", "defense_ffum": 0, "defense_ast": 2}, {"week": "15", "kickret_lngtd": 0, "rushing_lngtd": 0, "kickret_lng": 35, "kickret_tds": 0, "kickret_ret": 6, "rushing_tds": 0, "kickret_avg": 23, "rushing_twopta": 0, "rushing_lng": -1, "rushing_yds": -1, "active": "true", "rushing_att": 1, "rushing_twoptm": 0}, {"week": "16", "kickret_lngtd": 0, "rushing_lngtd": 0, "kickret_lng": 22, "kickret_tds": 0, "kickret_ret": 5, "rushing_tds": 0, "kickret_avg": 19, "rushing_twopta": 0, "rushing_lng": 5, "rushing_yds": 5, "active": "true", "rushing_att": 2, "rushing_twoptm": 0}, {"week": "17", "defense_sk": 0, "defense_tkl": 2, "defense_int": 0, "active": "true", "defense_ffum": 0, "defense_ast": 0}], "2012": [{"week": "1", "puntret_tds": 0, "puntret_ret": 1, "puntret_avg": 3, "puntret_lngtd": 0, "puntret_lng": 3, "active": "true"}, {"week": "2", "defense_sk": 0, "defense_tkl": 3, "defense_int": 0, "active": "true", "defense_ffum": 0, "defense_ast": 7}, {"week": "3", "defense_sk": 0, "defense_tkl": 1, "defense_int": 0, "active": "true", "defense_ffum": 0, "defense_ast": 0}, {"week": "4", "defense_sk": 0, "defense_tkl": 8, "defense_int": 0, "active": "true", "defense_ffum": 0, "defense_ast": 3}, {"week": "5", "defense_sk": 0, "defense_tkl": 5, "defense_int": 0, "active": "true", "defense_ffum": 0, "defense_ast": 4}, {"week": "6", "fumbles_tot": 0, "fumbles_yds": 0, "fumbles_lost": 0, "fumbles_trcv": 1, "fumbles_rcv": 0, "defense_sk": 0, "defense_tkl": 2, "defense_int": 0, "active": "true", "defense_ffum": 0, "defense_ast": 1}, {"week": "7", "defense_sk": 1, "defense_tkl": 7, "defense_int": 0, "active": "true", "defense_ffum": 0, "defense_ast": 1}, {"week": "8", "defense_sk": 0, "defense_tkl": 4, "defense_int": 0, "active": "true", "defense_ffum": 1, "defense_ast": 4}, {"week": "9", "puntret_tds": 0, "puntret_ret": 1, "puntret_avg": 37, "puntret_lngtd": 0, "puntret_lng": 37, "active": "true"}, {"week": "10", "defense_sk": 0.5, "defense_tkl": 3, "defense_int": 0, "active": "true", "defense_ffum": 0, "defense_ast": 3}, {"week": "11", "puntret_tds": 0, "puntret_ret": 2, "receiving_tds": 0, "puntret_avg": 13, "puntret_lngtd": 0, "receiving_lng": 8, "puntret_lng": 20, "active": "true", "receiving_rec": 3, "receiving_twopta": 0, "receiving_yds": 20, "receiving_lngtd": 0, "receiving_twoptm": 0}, {"week": "12", "puntret_tds": 0, "kickret_lngtd": 0, "puntret_ret": 3, "kickret_lng": 24, "receiving_tds": 0, "puntret_avg": 5, "puntret_lngtd": 0, "kickret_tds": 0, "receiving_lng": 36, "kickret_avg": 23, "puntret_lng": 8, "active": "true", "receiving_rec": 4, "receiving_twopta": 0, "receiving_yds": 71, "receiving_lngtd": 0, "receiving_twoptm": 0, "kickret_ret": 2}, {"week": "13", "defense_sk": 0.5, "defense_tkl": 3, "defense_int": 0, "active": "true", "defense_ffum": 0, "defense_ast": 3}, {"week": "14", "defense_sk": 1, "defense_tkl": 6, "defense_int": 0, "active": "true", "defense_ffum": 0, "defense_ast": 4}, {"week": "15", "rushing_lngtd": 0, "rushing_tds": 0, "rushing_twopta": 0, "rushing_lng": 21, "rushing_yds": 27, "active": "true", "rushing_att": 5, "rushing_twoptm": 0}, {"week": "16", "rushing_lngtd": 7, "rushing_tds": 1, "rushing_twopta": 0, "rushing_lng": 10, "rushing_yds": 29, "active": "true", "rushing_att": 8, "rushing_twoptm": 0}, {"week": "17", "defense_sk": 0, "defense_tkl": 3, "defense_int": 0, "active": "true", "defense_ffum": 0, "defense_ast": 2}], "2013": [{"week": "1", "defense_sk": 0, "defense_tkl": 3, "defense_int": 0, "active": "true", "defense_ffum": 1, "defense_ast": 4}, {"week": "2", "defense_sk": 0, "defense_tkl": 3, "defense_int": 0, "active": "true", "defense_ffum": 0, "defense_ast": 4}, {"week": "3", "fumbles_tot": 1, "puntret_ret": 2, "receiving_tds": 1, "fumbles_yds": 0, "fumbles_lost": 1, "fumbles_trcv": 0, "receiving_lng": 24, "fumbles_rcv": 0, "puntret_tds": 0, "active": "true", "puntret_avg": 0, "receiving_rec": 1, "receiving_twopta": 0, "receiving_yds": 24, "receiving_lngtd": 24, "receiving_twoptm": 0, "puntret_lng": 1, "puntret_lngtd": 0}, {"week": "4", "defense_sk": 0, "defense_tkl": 6, "defense_int": 0, "active": "true", "defense_ffum": 0, "defense_ast": 0}, {"week": "5", "kickret_lngtd": 0, "kickret_lng": 28, "receiving_tds": 0, "kickret_tds": 0, "receiving_lng": 13, "kickret_avg": 26, "active": "true", "receiving_rec": 1, "receiving_twopta": 0, "receiving_yds": 13, "receiving_lngtd": 0, "receiving_twoptm": 0, "kickret_ret": 3}, {"week": "6", "defense_sk": 1, "defense_tkl": 6, "defense_int": 0, "active": "true", "defense_ffum": 0, "defense_ast": 4}, {"week": "7", "defense_sk": 0, "defense_tkl": 3, "defense_int": 0, "active": "true", "defense_ffum": 0, "defense_ast": 2}, {"week": "8", "puntret_tds": 0, "kickret_lngtd": 0, "puntret_ret": 2, "kickret_lng": 56, "puntret_avg": 12, "puntret_lngtd": 0, "kickret_avg": 37, "puntret_lng": 17, "kickret_tds": 0, "active": "true", "kickret_ret": 3}, {"week": "9", "puntret_tds": 0, "kickret_lngtd": 0, "puntret_ret": 1, "kickret_lng": 31, "receiving_tds": 1, "puntret_avg": 5, "puntret_lngtd": 0, "kickret_tds": 0, "receiving_lng": 7, "kickret_avg": 30, "puntret_lng": 5, "active": "true", "receiving_rec": 2, "receiving_twopta": 0, "receiving_yds": 13, "receiving_lngtd": 7, "receiving_twoptm": 0, "kickret_ret": 2}, {"week": "10", "fumbles_tot": 0, "kickret_lngtd": 0, "kickret_lng": 34, "receiving_tds": 0, "fumbles_yds": 0, "fumbles_lost": 0, "fumbles_trcv": 1, "kickret_tds": 0, "receiving_lng": 1, "fumbles_rcv": 0, "kickret_avg": 24, "active": "true", "receiving_rec": 1, "receiving_twopta": 0, "receiving_yds": 1, "receiving_lngtd": 0, "receiving_twoptm": 0, "kickret_ret": 5}, {"week": "11", "defense_sk": 0, "defense_tkl": 5, "defense_int": 0, "active": "true", "defense_ffum": 0, "defense_ast": 4}, {"week": "12", "defense_sk": 0, "defense_tkl": 5, "defense_int": 0, "active": "true", "defense_ffum": 0, "defense_ast": 3}, {"week": "13", "defense_sk": 0, "defense_tkl": 7, "defense_int": 0, "active": "true", "defense_ffum": 0, "defense_ast": 6}, {"week": "14", "defense_sk": 0, "defense_tkl": 5, "defense_int": 0, "active": "true", "defense_ffum": 0, "defense_ast": 3}, {"week": "15", "defense_sk": 0, "defense_tkl": 3, "defense_int": 0, "active": "true", "defense_ffum": 0, "defense_ast": 3}, {"week": "16", "defense_sk": 0, "defense_tkl": 3, "defense_int": 0, "active": "true", "defense_ffum": 0, "defense_ast": 3}, {"week": "17", "fumbles_tot": 1, "kickret_lngtd": 0, "puntret_ret": 3, "kickret_lng": 36, "puntret_avg": 6, "fumbles_yds": 0, "fumbles_lost": 0, "fumbles_trcv": 1, "fumbles_rcv": 1, "puntret_tds": 0, "kickret_avg": 32, "kickret_tds": 0, "active": "true", "puntret_lng": 11, "kickret_ret": 2, "puntret_lngtd": 0}], "2014": [{"week": "1", "kickret_lngtd": 0, "rushing_lngtd": 0, "kickret_lng": 21, "kickret_tds": 0, "kickret_ret": 2, "rushing_tds": 0, "kickret_avg": 20, "rushing_twopta": 0, "rushing_lng": 7, "rushing_yds": 7, "active": "true", "rushing_att": 1, "rushing_twoptm": 0}, {"week": "2", "puntret_tds": 0, "puntret_ret": 1, "puntret_avg": 15, "puntret_lngtd": 0, "puntret_lng": 15, "active": "true"}, {"week": "3", "kickret_lngtd": 0, "rushing_lngtd": 0, "kickret_lng": 26, "kickret_tds": 0, "kickret_ret": 2, "rushing_tds": 0, "kickret_avg": 25, "rushing_twopta": 0, "rushing_lng": 4, "rushing_yds": 2, "active": "true", "rushing_att": 3, "rushing_twoptm": 0}, {"week": "4", "kickret_lngtd": 0, "kickret_lng": 20, "kickret_avg": 20, "kickret_tds": 0, "active": "true", "kickret_ret": 1}, {"fumbles_tot": 1, "receiving_tds": 0, "fumbles_rcv": 0, "kickret_tds": 0, "receiving_lngtd": 0, "puntret_ret": 5, "puntret_avg": 12, "fumbles_lost": 1, "receiving_rec": 3, "receiving_twopta": 0, "receiving_yds": 30, "receiving_twoptm": 0, "week": "5", "puntret_lngtd": 0, "kickret_lngtd": 0, "fumbles_yds": 0, "receiving_lng": 18, "puntret_lng": 38, "active": "true", "puntret_tds": 0, "kickret_lng": 29, "fumbles_trcv": 0, "kickret_avg": 26, "kickret_ret": 2}, {"week": "6", "kickret_lngtd": 0, "kickret_lng": 33, "kickret_avg": 33, "kickret_tds": 0, "active": "true", "kickret_ret": 1}, {"week": "7", "defense_sk": 1, "defense_tkl": 1, "defense_int": 0, "active": "true", "defense_ffum": 0, "defense_ast": 3}, {"week": "8", "receiving_tds": 0, "receiving_lng": 4, "active": "true", "receiving_rec": 1, "receiving_twopta": 0, "receiving_yds": 4, "receiving_lngtd": 0, "receiving_twoptm": 0}, {"week": "9", "puntret_tds": 0, "kickret_lngtd": 0, "puntret_ret": 2, "kickret_lng": 33, "receiving_tds": 0, "puntret_avg": 21, "puntret_lngtd": 0, "kickret_tds": 0, "receiving_lng": 12, "kickret_avg": 25, "puntret_lng": 27, "active": "true", "receiving_rec": 1, "receiving_twopta": 0, "receiving_yds": 12, "receiving_lngtd": 0, "receiving_twoptm": 0, "kickret_ret": 3}, {"week": "10", "puntret_tds": 0, "kickret_lngtd": 0, "rushing_lngtd": 0, "kickret_lng": 23, "kickret_tds": 0, "puntret_avg": 8, "puntret_lngtd": 0, "kickret_ret": 1, "rushing_tds": 0, "kickret_avg": 23, "puntret_lng": 10, "rushing_twopta": 0, "puntret_ret": 3, "rushing_lng": -2, "rushing_yds": -2, "active": "true", "rushing_att": 1, "rushing_twoptm": 0}, {"week": "11", "kickret_lngtd": 0, "kickret_lng": 18, "kickret_avg": 14, "kickret_tds": 0, "active": "true", "kickret_ret": 3}, {"week": "12", "defense_sk": 0, "defense_tkl": 4, "defense_int": 0, "active": "true", "defense_ffum": 0, "defense_ast": 2}, {"week": "13", "kickret_lngtd": 0, "kickret_lng": 42, "kickret_avg": 30, "kickret_tds": 0, "active": "true", "kickret_ret": 4}, {"week": "14", "puntret_tds": 0, "kickret_lngtd": 0, "puntret_ret": 1, "kickret_lng": 21, "puntret_avg": 1, "puntret_lngtd": 0, "kickret_avg": 21, "puntret_lng": 1, "kickret_tds": 0, "active": "true", "kickret_ret": 1}]}}