{"D.Bess": {"2009": [{"week": "1", "puntret_tds": 0, "puntret_ret": 2, "receiving_tds": 0, "puntret_avg": 5, "receiving_lng": 21, "puntret_lng": 7, "active": "true", "receiving_rec": 7, "receiving_twopta": 0, "receiving_yds": 57, "receiving_twoptm": 0}, {"week": "2", "puntret_tds": 0, "puntret_ret": 1, "receiving_tds": 0, "puntret_avg": 8, "receiving_lng": 18, "puntret_lng": 8, "active": "true", "receiving_rec": 3, "receiving_twopta": 0, "receiving_yds": 29, "receiving_twoptm": 0}, {"week": "3", "puntret_tds": 0, "receiving_lng": 14, "receiving_tds": 0, "puntret_avg": 9, "receiving_twopta": 0, "rushing_tds": 0, "puntret_lng": 9, "rushing_twopta": 0, "active": "true", "puntret_ret": 1, "receiving_rec": 7, "rushing_lng": 11, "rushing_yds": 11, "receiving_yds": 54, "rushing_att": 1, "receiving_twoptm": 0, "rushing_twoptm": 0}, {"week": "4", "puntret_tds": 0, "puntret_ret": 3, "receiving_tds": 0, "puntret_avg": 9, "receiving_lng": 6, "puntret_lng": 12, "active": "true", "receiving_rec": 3, "receiving_twopta": 0, "receiving_yds": 17, "receiving_twoptm": 0}, {"week": "5", "puntret_tds": 0, "puntret_ret": 1, "receiving_tds": 0, "puntret_avg": 9, "receiving_lng": 8, "puntret_lng": 9, "active": "true", "receiving_rec": 3, "receiving_twopta": 0, "receiving_yds": 18, "receiving_twoptm": 0}, {"week": "6", "active": "false"}, {"week": "7", "fumbles_tot": 1, "puntret_ret": 2, "receiving_tds": 0, "fumbles_yds": 0, "fumbles_lost": 1, "fumbles_trcv": 0, "receiving_lng": 8, "fumbles_rcv": 0, "puntret_tds": 0, "active": "true", "puntret_avg": 14, "receiving_rec": 3, "receiving_twopta": 0, "receiving_yds": 13, "receiving_twoptm": 0, "puntret_lng": 14}, {"week": "8", "fumbles_tot": 1, "puntret_ret": 4, "receiving_tds": 0, "fumbles_yds": 0, "fumbles_lost": 1, "fumbles_trcv": 0, "receiving_lng": 6, "fumbles_rcv": 0, "puntret_tds": 0, "active": "true", "puntret_avg": 4, "receiving_rec": 4, "receiving_twopta": 0, "receiving_yds": 18, "receiving_twoptm": 0, "puntret_lng": 10}, {"week": "9", "receiving_tds": 0, "receiving_lng": 20, "active": "true", "receiving_rec": 6, "receiving_twopta": 0, "receiving_yds": 56, "receiving_twoptm": 0}, {"week": "10", "fumbles_tot": 1, "puntret_ret": 2, "receiving_tds": 0, "fumbles_yds": 0, "fumbles_lost": 0, "fumbles_trcv": 1, "receiving_lng": 25, "fumbles_rcv": 1, "puntret_tds": 0, "active": "true", "puntret_avg": -2, "receiving_rec": 4, "receiving_twopta": 0, "receiving_yds": 72, "receiving_twoptm": 0, "puntret_lng": 0}, {"week": "11", "puntret_tds": 0, "puntret_ret": 2, "receiving_tds": 0, "puntret_avg": 15, "receiving_lng": 18, "puntret_lng": 22, "active": "true", "receiving_rec": 6, "receiving_twopta": 0, "receiving_yds": 63, "receiving_twoptm": 0}, {"week": "12", "receiving_tds": 0, "receiving_lng": 15, "active": "true", "receiving_rec": 3, "receiving_twopta": 0, "receiving_yds": 34, "receiving_twoptm": 0}, {"week": "13", "fumbles_tot": 1, "puntret_ret": 3, "receiving_tds": 1, "fumbles_yds": 0, "fumbles_lost": 0, "fumbles_trcv": 0, "receiving_lng": 19, "fumbles_rcv": 0, "puntret_tds": 0, "active": "true", "puntret_avg": 9, "receiving_rec": 10, "receiving_twopta": 0, "receiving_yds": 117, "receiving_twoptm": 0, "puntret_lng": 12}, {"fumbles_tot": 2, "receiving_tds": 0, "fumbles_rcv": 1, "rushing_yds": 0, "puntret_ret": 4, "puntret_avg": 6, "fumbles_lost": 1, "rushing_tds": 0, "rushing_twopta": 0, "receiving_rec": 3, "receiving_twopta": 0, "receiving_yds": 22, "rushing_att": 1, "receiving_twoptm": 0, "rushing_twoptm": 0, "week": "14", "fumbles_yds": 0, "receiving_lng": 15, "puntret_lng": 11, "active": "true", "puntret_tds": 0, "fumbles_trcv": 1, "rushing_lng": 0}, {"week": "15", "puntret_tds": 0, "puntret_ret": 1, "receiving_tds": 0, "puntret_avg": 4, "receiving_lng": 34, "puntret_lng": 4, "active": "true", "receiving_rec": 4, "receiving_twopta": 0, "receiving_yds": 58, "receiving_twoptm": 0}, {"week": "16", "puntret_tds": 0, "puntret_ret": 1, "receiving_tds": 0, "puntret_avg": 8, "receiving_lng": 15, "puntret_lng": 8, "active": "true", "receiving_rec": 5, "receiving_twopta": 0, "receiving_yds": 45, "receiving_twoptm": 0}, {"week": "17", "puntret_tds": 0, "puntret_ret": 1, "receiving_tds": 1, "puntret_avg": 3, "receiving_lng": 34, "puntret_lng": 3, "active": "true", "receiving_rec": 5, "receiving_twopta": 0, "receiving_yds": 85, "receiving_twoptm": 0}], "2010": [{"week": "1", "rushing_lngtd": 0, "receiving_tds": 0, "receiving_twopta": 0, "receiving_lng": 11, "rushing_tds": 0, "rushing_twopta": 0, "active": "true", "receiving_rec": 6, "rushing_lng": 0, "rushing_yds": 0, "receiving_lngtd": 0, "receiving_yds": 51, "rushing_att": 1, "receiving_twoptm": 0, "rushing_twoptm": 0}, {"week": "2", "receiving_tds": 0, "receiving_lng": 12, "active": "true", "receiving_rec": 1, "receiving_twopta": 0, "receiving_yds": 12, "receiving_lngtd": 0, "receiving_twoptm": 0}, {"week": "3", "puntret_tds": 0, "puntret_ret": 1, "receiving_tds": 0, "puntret_avg": 18, "puntret_lngtd": 0, "receiving_lng": 17, "puntret_lng": 18, "active": "true", "receiving_rec": 6, "receiving_twopta": 0, "receiving_yds": 86, "receiving_lngtd": 0, "receiving_twoptm": 0}, {"week": "4", "puntret_tds": 0, "puntret_ret": 2, "receiving_tds": 1, "puntret_avg": 11, "puntret_lngtd": 0, "receiving_lng": 21, "puntret_lng": 13, "active": "true", "receiving_rec": 9, "receiving_twopta": 0, "receiving_yds": 93, "receiving_lngtd": 19, "receiving_twoptm": 0}, {"week": "5", "active": "false"}, {"week": "6", "puntret_tds": 0, "puntret_ret": 2, "receiving_tds": 1, "puntret_avg": 11, "puntret_lngtd": 0, "receiving_lng": 10, "puntret_lng": 12, "active": "true", "receiving_rec": 5, "receiving_twopta": 0, "receiving_yds": 37, "receiving_lngtd": 2, "receiving_twoptm": 0}, {"week": "7", "puntret_tds": 0, "puntret_ret": 2, "receiving_tds": 1, "puntret_avg": 13, "puntret_lngtd": 0, "receiving_lng": 26, "puntret_lng": 16, "active": "true", "receiving_rec": 6, "receiving_twopta": 0, "receiving_yds": 66, "receiving_lngtd": 26, "receiving_twoptm": 0}, {"week": "8", "fumbles_tot": 1, "puntret_ret": 4, "receiving_tds": 0, "fumbles_yds": 0, "fumbles_lost": 1, "fumbles_trcv": 0, "receiving_lng": 20, "fumbles_rcv": 0, "puntret_tds": 0, "active": "true", "puntret_avg": 7, "receiving_rec": 7, "receiving_twopta": 0, "receiving_yds": 53, "receiving_lngtd": 0, "receiving_twoptm": 0, "puntret_lng": 17, "puntret_lngtd": 0}, {"week": "9", "receiving_tds": 0, "receiving_lng": 22, "defense_sk": 0, "active": "true", "defense_tkl": 1, "receiving_rec": 5, "defense_int": 0, "receiving_twopta": 0, "receiving_yds": 50, "receiving_lngtd": 0, "receiving_twoptm": 0, "defense_ffum": 0, "defense_ast": 0}, {"week": "10", "receiving_tds": 0, "receiving_lng": 16, "active": "true", "receiving_rec": 4, "receiving_twopta": 0, "receiving_yds": 29, "receiving_lngtd": 0, "receiving_twoptm": 0}, {"week": "11", "puntret_tds": 0, "puntret_ret": 1, "receiving_tds": 0, "puntret_avg": 7, "puntret_lngtd": 0, "receiving_lng": 9, "puntret_lng": 7, "active": "true", "receiving_rec": 1, "receiving_twopta": 0, "receiving_yds": 9, "receiving_lngtd": 0, "receiving_twoptm": 0}, {"week": "12", "puntret_tds": 0, "puntret_ret": 3, "receiving_tds": 0, "puntret_avg": 20, "puntret_lngtd": 0, "receiving_lng": 29, "puntret_lng": 47, "active": "true", "receiving_rec": 6, "receiving_twopta": 0, "receiving_yds": 111, "receiving_lngtd": 0, "receiving_twoptm": 0}, {"week": "13", "puntret_tds": 0, "puntret_ret": 5, "receiving_tds": 0, "puntret_avg": 9, "puntret_lngtd": 0, "receiving_lng": 23, "puntret_lng": 15, "active": "true", "receiving_rec": 6, "receiving_twopta": 0, "receiving_yds": 67, "receiving_lngtd": 0, "receiving_twoptm": 0}, {"week": "14", "receiving_tds": 0, "receiving_lng": 6, "active": "true", "receiving_rec": 1, "receiving_twopta": 0, "receiving_yds": 6, "receiving_lngtd": 0, "receiving_twoptm": 0}, {"week": "15", "puntret_tds": 0, "puntret_ret": 1, "receiving_tds": 0, "puntret_avg": 0, "puntret_lngtd": 0, "receiving_lng": 15, "puntret_lng": 0, "active": "true", "receiving_rec": 9, "receiving_twopta": 0, "receiving_yds": 78, "receiving_lngtd": 0, "receiving_twoptm": 0}, {"week": "16", "fumbles_tot": 2, "puntret_ret": 4, "receiving_tds": 1, "fumbles_yds": 0, "fumbles_lost": 1, "fumbles_trcv": 1, "receiving_lng": 13, "fumbles_rcv": 1, "puntret_tds": 0, "active": "true", "puntret_avg": 12, "receiving_rec": 5, "receiving_twopta": 0, "receiving_yds": 34, "receiving_lngtd": 13, "receiving_twoptm": 0, "puntret_lng": 25, "puntret_lngtd": 0}, {"week": "17", "receiving_tds": 1, "receiving_lng": 21, "active": "true", "receiving_rec": 3, "receiving_twopta": 0, "receiving_yds": 35, "receiving_lngtd": 21, "receiving_twoptm": 0}], "2011": [{"week": "1", "puntret_tds": 0, "puntret_ret": 2, "receiving_tds": 0, "puntret_avg": 5, "puntret_lngtd": 0, "receiving_lng": 26, "puntret_lng": 6, "active": "true", "receiving_rec": 5, "receiving_twopta": 0, "receiving_yds": 92, "receiving_lngtd": 0, "receiving_twoptm": 0}, {"week": "2", "puntret_tds": 0, "puntret_ret": 1, "receiving_tds": 0, "puntret_avg": 8, "puntret_lngtd": 0, "receiving_lng": 41, "puntret_lng": 8, "active": "true", "receiving_rec": 2, "receiving_twopta": 0, "receiving_yds": 42, "receiving_lngtd": 0, "receiving_twoptm": 0}, {"week": "3", "puntret_tds": 0, "puntret_ret": 1, "receiving_tds": 0, "puntret_avg": 16, "puntret_lngtd": 0, "receiving_lng": 16, "puntret_lng": 16, "active": "true", "receiving_rec": 5, "receiving_twopta": 0, "receiving_yds": 52, "receiving_lngtd": 0, "receiving_twoptm": 0}, {"week": "4", "puntret_tds": 0, "puntret_ret": 1, "receiving_tds": 0, "puntret_avg": 22, "puntret_lngtd": 0, "receiving_lng": 12, "puntret_lng": 22, "active": "true", "receiving_rec": 3, "receiving_twopta": 0, "receiving_yds": 21, "receiving_lngtd": 0, "receiving_twoptm": 0}, {"week": "5", "active": "false"}, {"week": "6", "fumbles_tot": 1, "puntret_ret": 3, "receiving_tds": 0, "fumbles_yds": 0, "fumbles_lost": 1, "fumbles_trcv": 0, "receiving_lng": 11, "fumbles_rcv": 0, "puntret_tds": 0, "active": "true", "puntret_avg": 9, "receiving_rec": 2, "receiving_twopta": 0, "receiving_yds": 21, "receiving_lngtd": 0, "receiving_twoptm": 0, "puntret_lng": 16, "puntret_lngtd": 0}, {"week": "7", "puntret_tds": 0, "puntret_ret": 2, "receiving_tds": 0, "puntret_avg": 16, "puntret_lngtd": 0, "receiving_lng": 13, "puntret_lng": 17, "active": "true", "receiving_rec": 7, "receiving_twopta": 0, "receiving_yds": 52, "receiving_lngtd": 0, "receiving_twoptm": 0}, {"week": "8", "puntret_tds": 0, "puntret_ret": 1, "receiving_tds": 0, "puntret_avg": 13, "puntret_lngtd": 0, "receiving_lng": 24, "puntret_lng": 13, "active": "true", "receiving_rec": 3, "receiving_twopta": 0, "receiving_yds": 43, "receiving_lngtd": 0, "receiving_twoptm": 0}, {"week": "9", "puntret_tds": 0, "puntret_ret": 4, "receiving_tds": 0, "puntret_avg": 12, "puntret_lngtd": 0, "receiving_lng": 0, "puntret_lng": 15, "active": "true", "receiving_rec": 1, "receiving_twopta": 0, "receiving_yds": 0, "receiving_lngtd": 0, "receiving_twoptm": 0}, {"week": "10", "fumbles_tot": 1, "puntret_ret": 2, "receiving_tds": 0, "fumbles_yds": 0, "fumbles_lost": 0, "fumbles_trcv": 1, "receiving_lng": 23, "fumbles_rcv": 1, "puntret_tds": 0, "active": "true", "puntret_avg": 11, "receiving_rec": 4, "receiving_twopta": 0, "receiving_yds": 37, "receiving_lngtd": 0, "receiving_twoptm": 0, "puntret_lng": 19, "puntret_lngtd": 0}, {"week": "11", "fumbles_tot": 1, "puntret_ret": 6, "receiving_tds": 1, "fumbles_yds": 0, "fumbles_lost": 0, "fumbles_trcv": 1, "receiving_lng": 21, "fumbles_rcv": 1, "puntret_tds": 0, "active": "true", "puntret_avg": 8, "receiving_rec": 2, "receiving_twopta": 0, "receiving_yds": 25, "receiving_lngtd": 4, "receiving_twoptm": 0, "puntret_lng": 20, "puntret_lngtd": 0}, {"week": "12", "puntret_tds": 0, "puntret_ret": 1, "receiving_tds": 0, "puntret_avg": 9, "puntret_lngtd": 0, "receiving_lng": 24, "puntret_lng": 9, "active": "true", "receiving_rec": 2, "receiving_twopta": 0, "receiving_yds": 29, "receiving_lngtd": 0, "receiving_twoptm": 0}, {"week": "13", "puntret_tds": 0, "puntret_ret": 3, "receiving_tds": 1, "puntret_avg": 9, "puntret_lngtd": 0, "receiving_lng": 12, "puntret_lng": 21, "active": "true", "receiving_rec": 4, "receiving_twopta": 0, "receiving_yds": 27, "receiving_lngtd": 12, "receiving_twoptm": 0}, {"week": "14", "fumbles_tot": 1, "puntret_ret": 2, "receiving_tds": 0, "fumbles_yds": 0, "fumbles_lost": 1, "fumbles_trcv": 0, "receiving_lng": 8, "fumbles_rcv": 0, "puntret_tds": 0, "active": "true", "puntret_avg": 12, "receiving_rec": 2, "receiving_twopta": 0, "receiving_yds": 12, "receiving_lngtd": 0, "receiving_twoptm": 0, "puntret_lng": 13, "puntret_lngtd": 0}, {"week": "15", "puntret_tds": 0, "kickret_lngtd": 0, "rushing_lngtd": 0, "kickret_lng": 0, "kickret_tds": 0, "puntret_avg": 16, "puntret_lngtd": 0, "kickret_ret": 1, "rushing_tds": 0, "kickret_avg": 0, "puntret_lng": 25, "rushing_twopta": 0, "puntret_ret": 6, "rushing_lng": 5, "rushing_yds": 9, "active": "true", "rushing_att": 2, "rushing_twoptm": 0}, {"week": "16", "fumbles_tot": 1, "puntret_ret": 2, "receiving_tds": 1, "fumbles_yds": 0, "fumbles_lost": 0, "fumbles_trcv": 1, "receiving_lng": 15, "fumbles_rcv": 1, "puntret_tds": 0, "active": "true", "puntret_avg": 12, "receiving_rec": 3, "receiving_twopta": 0, "receiving_yds": 39, "receiving_lngtd": 15, "receiving_twoptm": 0, "puntret_lng": 13, "puntret_lngtd": 0}, {"week": "17", "receiving_tds": 0, "receiving_lng": 17, "active": "true", "receiving_rec": 6, "receiving_twopta": 0, "receiving_yds": 45, "receiving_lngtd": 0, "receiving_twoptm": 0}], "2012": [{"week": "1", "receiving_tds": 0, "receiving_lng": 11, "active": "true", "receiving_rec": 5, "receiving_twopta": 0, "receiving_yds": 45, "receiving_lngtd": 0, "receiving_twoptm": 0}, {"week": "2", "puntret_tds": 0, "puntret_ret": 1, "receiving_tds": 0, "puntret_avg": 11, "puntret_lngtd": 0, "receiving_lng": 21, "puntret_lng": 11, "active": "true", "receiving_rec": 3, "receiving_twopta": 0, "receiving_yds": 43, "receiving_lngtd": 0, "receiving_twoptm": 0}, {"week": "3", "puntret_tds": 0, "puntret_ret": 1, "receiving_tds": 0, "puntret_avg": 10, "puntret_lngtd": 0, "receiving_lng": 23, "puntret_lng": 10, "active": "true", "receiving_rec": 5, "receiving_twopta": 0, "receiving_yds": 86, "receiving_lngtd": 0, "receiving_twoptm": 0}, {"week": "4", "puntret_tds": 0, "puntret_ret": 1, "receiving_tds": 0, "puntret_avg": 9, "puntret_lngtd": 0, "receiving_lng": 21, "puntret_lng": 9, "active": "true", "receiving_rec": 7, "receiving_twopta": 0, "receiving_yds": 123, "receiving_lngtd": 0, "receiving_twoptm": 0}, {"week": "5", "receiving_tds": 0, "receiving_lng": 28, "active": "true", "receiving_rec": 2, "receiving_twopta": 0, "receiving_yds": 49, "receiving_lngtd": 0, "receiving_twoptm": 0}, {"week": "6", "receiving_tds": 0, "receiving_lng": 11, "active": "true", "receiving_rec": 6, "receiving_twopta": 0, "receiving_yds": 42, "receiving_lngtd": 0, "receiving_twoptm": 0}, {"week": "7", "active": "false"}, {"week": "8", "receiving_tds": 0, "receiving_lng": 13, "active": "true", "receiving_rec": 4, "receiving_twopta": 0, "receiving_yds": 28, "receiving_lngtd": 0, "receiving_twoptm": 0}, {"week": "9", "receiving_tds": 0, "receiving_lng": 16, "active": "true", "receiving_rec": 6, "receiving_twopta": 0, "receiving_yds": 67, "receiving_lngtd": 0, "receiving_twoptm": 0}, {"week": "10", "receiving_tds": 0, "receiving_lng": 17, "active": "true", "receiving_rec": 4, "receiving_twopta": 0, "receiving_yds": 53, "receiving_lngtd": 0, "receiving_twoptm": 0}, {"week": "11", "puntret_tds": 0, "puntret_ret": 1, "receiving_tds": 1, "puntret_avg": 0, "puntret_lngtd": 0, "receiving_lng": 18, "puntret_lng": 0, "active": "true", "receiving_rec": 6, "receiving_twopta": 0, "receiving_yds": 50, "receiving_lngtd": 2, "receiving_twoptm": 0}, {"week": "12", "receiving_tds": 0, "receiving_lng": 39, "active": "true", "receiving_rec": 7, "receiving_twopta": 0, "receiving_yds": 129, "receiving_lngtd": 0, "receiving_twoptm": 0}, {"week": "13", "receiving_tds": 0, "receiving_lng": 13, "active": "true", "receiving_rec": 1, "receiving_twopta": 0, "receiving_yds": 13, "receiving_lngtd": 0, "receiving_twoptm": 0}, {"week": "14", "fumbles_tot": 1, "receiving_tds": 0, "fumbles_yds": 0, "fumbles_lost": 0, "fumbles_trcv": 0, "receiving_lng": 21, "fumbles_rcv": 0, "active": "true", "receiving_rec": 5, "receiving_twopta": 0, "receiving_yds": 50, "receiving_lngtd": 0, "receiving_twoptm": 0}, {"week": "15", "active": "false"}, {"week": "16", "active": "false"}, {"week": "17", "active": "false"}], "2013": [{"week": "1", "receiving_tds": 0, "receiving_lng": 17, "active": "true", "receiving_rec": 5, "receiving_twopta": 0, "receiving_yds": 47, "receiving_lngtd": 0, "receiving_twoptm": 0}, {"week": "2", "receiving_tds": 0, "receiving_lng": 12, "active": "true", "receiving_rec": 5, "receiving_twopta": 0, "receiving_yds": 38, "receiving_lngtd": 0, "receiving_twoptm": 0}, {"week": "3", "receiving_tds": 0, "receiving_lng": 15, "active": "true", "receiving_rec": 7, "receiving_twopta": 0, "receiving_yds": 67, "receiving_lngtd": 0, "receiving_twoptm": 0}, {"week": "4", "receiving_tds": 0, "receiving_lng": 17, "active": "true", "receiving_rec": 2, "receiving_twopta": 0, "receiving_yds": 25, "receiving_lngtd": 0, "receiving_twoptm": 0}, {"week": "5", "receiving_tds": 0, "receiving_lng": 13, "active": "true", "receiving_rec": 2, "receiving_twopta": 0, "receiving_yds": 25, "receiving_lngtd": 0, "receiving_twoptm": 0}, {"week": "6", "receiving_tds": 0, "receiving_lng": 12, "active": "true", "receiving_rec": 2, "receiving_twopta": 0, "receiving_yds": 21, "receiving_lngtd": 0, "receiving_twoptm": 0}, {"week": "7", "puntret_tds": 0, "puntret_ret": 1, "receiving_tds": 0, "puntret_avg": 0, "puntret_lngtd": 0, "receiving_lng": 11, "puntret_lng": 0, "active": "true", "receiving_rec": 2, "receiving_twopta": 0, "receiving_yds": 11, "receiving_lngtd": 0, "receiving_twoptm": 0}, {"week": "8", "fumbles_tot": 1, "puntret_ret": 2, "receiving_tds": 0, "fumbles_yds": 0, "fumbles_lost": 1, "fumbles_trcv": 0, "receiving_lng": 15, "fumbles_rcv": 0, "puntret_tds": 0, "active": "true", "puntret_avg": 4, "receiving_rec": 3, "receiving_twopta": 0, "receiving_yds": 27, "receiving_lngtd": 0, "receiving_twoptm": 0, "puntret_lng": 8, "puntret_lngtd": 0}, {"week": "9", "receiving_tds": 2, "receiving_lng": 20, "active": "true", "receiving_rec": 3, "receiving_twopta": 0, "receiving_yds": 24, "receiving_lngtd": 20, "receiving_twoptm": 0}, {"week": "10", "active": "false"}, {"week": "11", "puntret_tds": 0, "puntret_ret": 1, "receiving_tds": 0, "puntret_avg": 11, "puntret_lngtd": 0, "receiving_lng": 3, "puntret_lng": 11, "active": "true", "receiving_rec": 1, "receiving_twopta": 0, "receiving_yds": 3, "receiving_lngtd": 0, "receiving_twoptm": 0}, {"week": "12", "receiving_tds": 0, "receiving_lng": 8, "active": "true", "receiving_rec": 5, "receiving_twopta": 1, "receiving_yds": 27, "receiving_lngtd": 0, "receiving_twoptm": 1}, {"week": "13", "receiving_tds": 0, "receiving_lng": 13, "active": "true", "receiving_rec": 3, "receiving_twopta": 0, "receiving_yds": 28, "receiving_lngtd": 0, "receiving_twoptm": 0}, {"week": "14", "receiving_tds": 0, "receiving_lng": 10, "active": "true", "receiving_rec": 1, "receiving_twopta": 0, "receiving_yds": 10, "receiving_lngtd": 0, "receiving_twoptm": 0}, {"week": "15", "receiving_tds": 0, "receiving_lng": 9, "active": "true", "receiving_rec": 1, "receiving_twopta": 0, "receiving_yds": 9, "receiving_lngtd": 0, "receiving_twoptm": 0}, {"week": "16", "active": "false"}, {"week": "17", "active": "false"}], "2014": [{"week": "1", "active": "false"}, {"week": "2", "active": "false"}, {"week": "3", "active": "false"}, {"week": "4", "active": "false"}, {"week": "5", "active": "false"}, {"week": "6", "active": "false"}, {"week": "7", "active": "false"}, {"week": "8", "active": "false"}, {"week": "9", "active": "false"}, {"week": "10", "active": "false"}, {"week": "11", "active": "false"}, {"week": "12", "active": "false"}, {"week": "13", "active": "false"}, {"week": "14", "active": "false"}]}}