{"D.Walker": {"2009": [{"week": "1", "receiving_tds": 0, "receiving_lng": 17, "active": "true", "receiving_rec": 1, "receiving_twopta": 0, "receiving_yds": 17, "receiving_twoptm": 0}, {"week": "2", "active": "false"}, {"week": "3", "active": "false"}, {"week": "4", "receiving_lng": 10, "receiving_tds": 0, "receiving_twopta": 0, "rushing_tds": 0, "rushing_twopta": 0, "active": "true", "receiving_rec": 1, "rushing_lng": 16, "rushing_yds": 16, "receiving_yds": 10, "rushing_att": 1, "receiving_twoptm": 0, "rushing_twoptm": 0}, {"week": "5", "fumbles_tot": 1, "kickret_lng": 25, "receiving_tds": 0, "fumbles_yds": 0, "fumbles_lost": 1, "fumbles_trcv": 0, "kickret_tds": 0, "receiving_lng": 39, "fumbles_rcv": 0, "kickret_avg": 20, "active": "true", "receiving_rec": 1, "receiving_twopta": 0, "receiving_yds": 39, "receiving_twoptm": 0, "kickret_ret": 4}, {"week": "6", "active": "false"}, {"week": "7", "receiving_tds": 0, "receiving_lng": 2, "active": "true", "receiving_rec": 1, "receiving_twopta": 0, "receiving_yds": 2, "receiving_twoptm": 0}, {"week": "8", "active": "false"}, {"week": "9", "receiving_tds": 0, "receiving_lng": 13, "active": "true", "receiving_rec": 1, "receiving_twopta": 0, "receiving_yds": 13, "receiving_twoptm": 0}, {"week": "10", "active": "false"}, {"week": "11", "active": "false"}, {"week": "12", "receiving_lng": 22, "receiving_tds": 0, "receiving_twopta": 0, "rushing_tds": 0, "rushing_twopta": 0, "active": "true", "receiving_rec": 4, "rushing_lng": 11, "rushing_yds": 11, "receiving_yds": 52, "rushing_att": 1, "receiving_twoptm": 0, "rushing_twoptm": 0}, {"week": "13", "receiving_lng": 18, "receiving_tds": 0, "receiving_twopta": 0, "rushing_tds": 0, "rushing_twopta": 0, "active": "true", "receiving_rec": 3, "rushing_lng": 7, "rushing_yds": 7, "receiving_yds": 28, "rushing_att": 1, "receiving_twoptm": 0, "rushing_twoptm": 0}, {"week": "14", "kickret_lng": 4, "receiving_tds": 0, "kickret_tds": 0, "receiving_lng": 2, "kickret_avg": 4, "active": "true", "receiving_rec": 1, "receiving_twopta": 0, "receiving_yds": 2, "receiving_twoptm": 0, "kickret_ret": 1}, {"week": "15", "fumbles_tot": 1, "receiving_tds": 0, "fumbles_yds": 0, "fumbles_lost": 1, "fumbles_trcv": 1, "receiving_lng": 13, "fumbles_rcv": 1, "active": "true", "receiving_rec": 3, "receiving_twopta": 0, "receiving_yds": 28, "receiving_twoptm": 0}, {"week": "16", "receiving_tds": 0, "receiving_lng": 22, "active": "true", "receiving_rec": 3, "receiving_twopta": 0, "receiving_yds": 36, "receiving_twoptm": 0}, {"week": "17", "active": "false"}], "2010": [{"week": "1", "active": "false"}, {"week": "2", "active": "false"}, {"week": "3", "active": "false"}, {"week": "4", "active": "false"}, {"week": "5", "active": "false"}, {"week": "6", "active": "false"}, {"week": "7", "active": "false"}, {"week": "8", "active": "false"}, {"week": "9", "active": "false"}, {"week": "10", "active": "false"}, {"week": "11", "active": "false"}, {"week": "12", "active": "false"}, {"week": "13", "active": "false"}, {"week": "14", "receiving_tds": 0, "receiving_lng": 7, "active": "true", "receiving_rec": 1, "receiving_twopta": 0, "receiving_yds": 7, "receiving_lngtd": 0, "receiving_twoptm": 0}, {"week": "15", "receiving_tds": 0, "receiving_lng": 6, "active": "true", "receiving_rec": 3, "receiving_twopta": 0, "receiving_yds": 14, "receiving_lngtd": 0, "receiving_twoptm": 0}, {"week": "16", "receiving_tds": 0, "receiving_lng": 7, "active": "true", "receiving_rec": 3, "receiving_twopta": 0, "receiving_yds": 17, "receiving_lngtd": 0, "receiving_twoptm": 0}, {"week": "17", "receiving_tds": 0, "receiving_lng": 17, "active": "true", "receiving_rec": 1, "receiving_twopta": 0, "receiving_yds": 17, "receiving_lngtd": 0, "receiving_twoptm": 0}], "2011": [{"week": "1", "receiving_tds": 0, "receiving_lng": -1, "active": "true", "receiving_rec": 1, "receiving_twopta": 0, "receiving_yds": -1, "receiving_lngtd": 0, "receiving_twoptm": 0}, {"week": "2", "receiving_tds": 1, "receiving_lng": 29, "active": "true", "receiving_rec": 2, "receiving_twopta": 0, "receiving_yds": 38, "receiving_lngtd": 29, "receiving_twoptm": 0}, {"week": "3", "fumbles_tot": 0, "receiving_tds": 0, "fumbles_yds": 0, "fumbles_lost": 0, "fumbles_trcv": 2, "receiving_lng": 9, "fumbles_rcv": 1, "active": "true", "receiving_rec": 1, "receiving_twopta": 0, "receiving_yds": 9, "receiving_lngtd": 0, "receiving_twoptm": 0}, {"week": "4", "receiving_tds": 0, "receiving_lng": 11, "active": "true", "receiving_rec": 3, "receiving_twopta": 0, "receiving_yds": 20, "receiving_lngtd": 0, "receiving_twoptm": 0}, {"week": "5", "receiving_tds": 1, "receiving_lng": 26, "active": "true", "receiving_rec": 2, "receiving_twopta": 0, "receiving_yds": 37, "receiving_lngtd": 26, "receiving_twoptm": 0}, {"week": "6", "receiving_tds": 1, "receiving_lng": 6, "active": "true", "receiving_rec": 2, "receiving_twopta": 0, "receiving_yds": 11, "receiving_lngtd": 6, "receiving_twoptm": 0}, {"week": "7", "active": "false"}, {"week": "8", "active": "false"}, {"week": "9", "rushing_lngtd": 0, "receiving_tds": 0, "receiving_twopta": 0, "receiving_lng": 10, "rushing_tds": 0, "rushing_twopta": 0, "active": "true", "receiving_rec": 2, "rushing_lng": -3, "rushing_yds": -3, "receiving_lngtd": 0, "receiving_yds": 15, "rushing_att": 1, "receiving_twoptm": 0, "rushing_twoptm": 0}, {"week": "10", "receiving_tds": 0, "receiving_lng": 19, "active": "true", "receiving_rec": 6, "receiving_twopta": 0, "receiving_yds": 69, "receiving_lngtd": 0, "receiving_twoptm": 0}, {"week": "11", "active": "false"}, {"week": "12", "active": "false"}, {"week": "13", "rushing_lngtd": 0, "rushing_tds": 0, "rushing_twopta": 0, "rushing_lng": 14, "rushing_yds": 14, "active": "true", "rushing_att": 1, "rushing_twoptm": 0}, {"week": "14", "rushing_lngtd": 0, "rushing_tds": 0, "rushing_twopta": 0, "rushing_lng": -6, "rushing_yds": -6, "active": "true", "rushing_att": 1, "rushing_twoptm": 0}, {"week": "15", "active": "false"}, {"week": "16", "active": "false"}, {"week": "17", "active": "false"}], "2012": [{"week": "1", "active": "false"}, {"week": "2", "receiving_tds": 0, "receiving_lng": 7, "active": "true", "receiving_rec": 1, "receiving_twopta": 0, "receiving_yds": 7, "receiving_lngtd": 0, "receiving_twoptm": 0}, {"week": "3", "receiving_tds": 0, "receiving_lng": 1, "active": "true", "receiving_rec": 1, "receiving_twopta": 0, "receiving_yds": 1, "receiving_lngtd": 0, "receiving_twoptm": 0}, {"week": "4", "receiving_tds": 0, "receiving_lng": 25, "active": "true", "receiving_rec": 2, "receiving_twopta": 0, "receiving_yds": 31, "receiving_lngtd": 0, "receiving_twoptm": 0}, {"week": "5", "active": "false"}, {"week": "6", "active": "false"}, {"week": "7", "receiving_tds": 1, "receiving_lng": 12, "active": "true", "receiving_rec": 1, "receiving_twopta": 0, "receiving_yds": 12, "receiving_lngtd": 12, "receiving_twoptm": 0}, {"week": "8", "receiving_tds": 0, "receiving_lng": 23, "active": "true", "receiving_rec": 2, "receiving_twopta": 0, "receiving_yds": 38, "receiving_lngtd": 0, "receiving_twoptm": 0}, {"week": "9", "active": "false"}, {"week": "10", "active": "false"}, {"week": "11", "receiving_tds": 0, "receiving_lng": 9, "active": "true", "receiving_rec": 1, "receiving_twopta": 0, "receiving_yds": 9, "receiving_lngtd": 0, "receiving_twoptm": 0}, {"week": "12", "receiving_tds": 0, "receiving_lng": 45, "active": "true", "receiving_rec": 3, "receiving_twopta": 0, "receiving_yds": 81, "receiving_lngtd": 0, "receiving_twoptm": 0}, {"week": "13", "receiving_tds": 0, "receiving_lng": 7, "active": "true", "receiving_rec": 1, "receiving_twopta": 0, "receiving_yds": 7, "receiving_lngtd": 0, "receiving_twoptm": 0}, {"week": "14", "receiving_tds": 0, "receiving_lng": 20, "active": "true", "receiving_rec": 1, "receiving_twopta": 0, "receiving_yds": 20, "receiving_lngtd": 0, "receiving_twoptm": 0}, {"week": "15", "fumbles_tot": 1, "kickret_lngtd": 0, "kickret_lng": 18, "receiving_tds": 1, "fumbles_yds": 0, "fumbles_lost": 1, "fumbles_trcv": 0, "kickret_tds": 0, "receiving_lng": 34, "fumbles_rcv": 0, "kickret_avg": 10, "active": "true", "receiving_rec": 2, "receiving_twopta": 0, "receiving_yds": 29, "receiving_lngtd": 34, "receiving_twoptm": 0, "kickret_ret": 2}, {"week": "16", "kickret_lngtd": 0, "kickret_lng": 4, "receiving_tds": 1, "kickret_tds": 0, "receiving_lng": 23, "kickret_avg": 4, "active": "true", "receiving_rec": 4, "receiving_twopta": 0, "receiving_yds": 54, "receiving_lngtd": 18, "receiving_twoptm": 0, "kickret_ret": 1}, {"week": "17", "kickret_lngtd": 0, "kickret_lng": 3, "receiving_tds": 0, "kickret_tds": 0, "receiving_lng": 27, "kickret_avg": 3, "active": "true", "receiving_rec": 2, "receiving_twopta": 0, "receiving_yds": 50, "receiving_lngtd": 0, "receiving_twoptm": 0, "kickret_ret": 1}], "2013": [{"week": "1", "fumbles_tot": 1, "receiving_tds": 0, "fumbles_yds": 0, "fumbles_lost": 0, "fumbles_trcv": 1, "receiving_lng": 25, "fumbles_rcv": 1, "active": "true", "receiving_rec": 3, "receiving_twopta": 0, "receiving_yds": 40, "receiving_lngtd": 0, "receiving_twoptm": 0}, {"week": "2", "receiving_tds": 1, "receiving_lng": 10, "active": "true", "receiving_rec": 1, "receiving_twopta": 0, "receiving_yds": 10, "receiving_lngtd": 10, "receiving_twoptm": 0}, {"week": "3", "receiving_tds": 0, "receiving_lng": 17, "active": "true", "receiving_rec": 5, "receiving_twopta": 0, "receiving_yds": 49, "receiving_lngtd": 0, "receiving_twoptm": 0}, {"week": "4", "receiving_tds": 1, "receiving_lng": 7, "active": "true", "receiving_rec": 3, "receiving_twopta": 0, "receiving_yds": 14, "receiving_lngtd": 1, "receiving_twoptm": 0}, {"week": "5", "receiving_tds": 0, "receiving_lng": 15, "active": "true", "receiving_rec": 4, "receiving_twopta": 0, "receiving_yds": 43, "receiving_lngtd": 0, "receiving_twoptm": 0}, {"week": "6", "receiving_tds": 0, "receiving_lng": 11, "active": "true", "receiving_rec": 4, "receiving_twopta": 0, "receiving_yds": 29, "receiving_lngtd": 0, "receiving_twoptm": 0}, {"week": "7", "receiving_tds": 1, "receiving_lng": 26, "active": "true", "receiving_rec": 3, "receiving_twopta": 0, "receiving_yds": 52, "receiving_lngtd": 26, "receiving_twoptm": 0}, {"week": "8", "active": "false"}, {"week": "9", "receiving_tds": 0, "receiving_lng": 8, "active": "true", "receiving_rec": 2, "receiving_twopta": 0, "receiving_yds": 13, "receiving_lngtd": 0, "receiving_twoptm": 0}, {"week": "10", "receiving_tds": 1, "receiving_lng": 33, "active": "true", "receiving_rec": 4, "receiving_twopta": 0, "receiving_yds": 62, "receiving_lngtd": 14, "receiving_twoptm": 0}, {"week": "11", "receiving_tds": 1, "receiving_lng": 19, "active": "true", "receiving_rec": 10, "receiving_twopta": 0, "receiving_yds": 91, "receiving_lngtd": 19, "receiving_twoptm": 0}, {"week": "12", "receiving_tds": 0, "receiving_lng": 14, "active": "true", "receiving_rec": 5, "receiving_twopta": 0, "receiving_yds": 46, "receiving_lngtd": 0, "receiving_twoptm": 0}, {"week": "13", "receiving_tds": 0, "receiving_lng": 5, "active": "true", "receiving_rec": 1, "receiving_twopta": 0, "receiving_yds": 5, "receiving_lngtd": 0, "receiving_twoptm": 0}, {"week": "14", "active": "false"}, {"week": "15", "receiving_tds": 1, "receiving_lng": 22, "active": "true", "receiving_rec": 8, "receiving_twopta": 0, "receiving_yds": 53, "receiving_lngtd": 1, "receiving_twoptm": 0}, {"week": "16", "receiving_tds": 0, "receiving_lng": 11, "active": "true", "receiving_rec": 4, "receiving_twopta": 0, "receiving_yds": 35, "receiving_lngtd": 0, "receiving_twoptm": 0}, {"week": "17", "receiving_tds": 0, "receiving_lng": 11, "active": "true", "receiving_rec": 3, "receiving_twopta": 0, "receiving_yds": 29, "receiving_lngtd": 0, "receiving_twoptm": 0}], "2014": [{"week": "1", "receiving_tds": 1, "receiving_lng": 17, "active": "true", "receiving_rec": 3, "receiving_twopta": 0, "receiving_yds": 37, "receiving_lngtd": 5, "receiving_twoptm": 0}, {"week": "2", "fumbles_tot": 1, "receiving_tds": 1, "fumbles_yds": 0, "fumbles_lost": 0, "fumbles_trcv": 0, "receiving_lng": 61, "fumbles_rcv": 0, "active": "true", "receiving_rec": 10, "receiving_twopta": 0, "receiving_yds": 142, "receiving_lngtd": 61, "receiving_twoptm": 0}, {"week": "3", "fumbles_tot": 0, "receiving_tds": 0, "fumbles_yds": 0, "fumbles_lost": 0, "fumbles_trcv": 1, "receiving_lng": 23, "fumbles_rcv": 1, "active": "true", "receiving_rec": 4, "receiving_twopta": 0, "receiving_yds": 54, "receiving_lngtd": 0, "receiving_twoptm": 0}, {"week": "4", "receiving_tds": 1, "receiving_lng": 31, "active": "true", "receiving_rec": 5, "receiving_twopta": 0, "receiving_yds": 84, "receiving_lngtd": 7, "receiving_twoptm": 0}, {"week": "5", "receiving_tds": 0, "receiving_lng": 21, "active": "true", "receiving_rec": 4, "receiving_twopta": 0, "receiving_yds": 47, "receiving_lngtd": 0, "receiving_twoptm": 0}, {"week": "6", "fumbles_tot": 0, "receiving_tds": 0, "fumbles_yds": 0, "fumbles_lost": 0, "fumbles_trcv": 1, "receiving_lng": 37, "fumbles_rcv": 1, "active": "true", "receiving_rec": 3, "receiving_twopta": 0, "receiving_yds": 57, "receiving_lngtd": 0, "receiving_twoptm": 0}, {"week": "7", "receiving_tds": 0, "receiving_lng": 12, "active": "true", "receiving_rec": 2, "receiving_twopta": 0, "receiving_yds": 17, "receiving_lngtd": 0, "receiving_twoptm": 0}, {"week": "8", "receiving_tds": 1, "receiving_lng": 15, "active": "true", "receiving_rec": 4, "receiving_twopta": 0, "receiving_yds": 37, "receiving_lngtd": 6, "receiving_twoptm": 0}, {"week": "9", "active": "false"}, {"week": "10", "receiving_tds": 0, "receiving_lng": 17, "active": "true", "receiving_rec": 3, "receiving_twopta": 0, "receiving_yds": 37, "receiving_lngtd": 0, "receiving_twoptm": 0}, {"week": "11", "active": "false"}, {"week": "12", "receiving_tds": 0, "receiving_lng": 68, "active": "true", "receiving_rec": 5, "receiving_twopta": 0, "receiving_yds": 155, "receiving_lngtd": 0, "receiving_twoptm": 0}, {"week": "13", "receiving_tds": 0, "receiving_lng": 6, "active": "true", "receiving_rec": 1, "receiving_twopta": 0, "receiving_yds": 6, "receiving_lngtd": 0, "receiving_twoptm": 0}, {"week": "14", "active": "false"}]}}