{"D.Northcutt": {"2009": [{"week": "1", "puntret_tds": 0, "puntret_ret": 2, "puntret_avg": 27, "puntret_lng": 43, "active": "true"}, {"week": "2", "puntret_tds": 0, "puntret_ret": 1, "receiving_tds": 0, "puntret_avg": 7, "receiving_lng": 12, "puntret_lng": 7, "active": "true", "receiving_rec": 2, "receiving_twopta": 0, "receiving_yds": 15, "receiving_twoptm": 0}, {"week": "3", "puntret_tds": 0, "puntret_ret": 1, "receiving_tds": 0, "puntret_avg": 2, "receiving_lng": 20, "puntret_lng": 2, "active": "true", "receiving_rec": 3, "receiving_twopta": 0, "receiving_yds": 23, "receiving_twoptm": 0}, {"week": "4", "receiving_tds": 0, "receiving_lng": 4, "active": "true", "receiving_rec": 1, "receiving_twopta": 0, "receiving_yds": 4, "receiving_twoptm": 0}, {"week": "5", "puntret_tds": 0, "puntret_ret": 4, "receiving_tds": 1, "puntret_avg": 5, "receiving_lng": 25, "puntret_lng": 9, "active": "true", "receiving_rec": 5, "receiving_twopta": 0, "receiving_yds": 70, "receiving_twoptm": 0}, {"week": "6", "fumbles_tot": 1, "puntret_ret": 1, "receiving_tds": 0, "fumbles_yds": 0, "fumbles_lost": 0, "fumbles_trcv": 1, "receiving_lng": 18, "fumbles_rcv": 1, "puntret_tds": 0, "active": "true", "puntret_avg": 0, "receiving_rec": 5, "receiving_twopta": 0, "receiving_yds": 40, "receiving_twoptm": 0, "puntret_lng": 0}, {"week": "7", "active": "false"}, {"week": "8", "puntret_tds": 0, "puntret_ret": 2, "kickret_lng": 11, "puntret_avg": 7, "kickret_avg": 11, "puntret_lng": 15, "kickret_tds": 0, "active": "true", "kickret_ret": 1}, {"week": "9", "active": "false"}, {"week": "10", "puntret_tds": 0, "puntret_ret": 2, "kickret_lng": 21, "receiving_tds": 0, "puntret_avg": 9, "kickret_tds": 0, "receiving_lng": 11, "kickret_avg": 21, "puntret_lng": 10, "active": "true", "receiving_rec": 6, "receiving_twopta": 0, "receiving_yds": 48, "receiving_twoptm": 0, "kickret_ret": 1}, {"week": "11", "puntret_tds": 0, "puntret_ret": 3, "receiving_tds": 0, "puntret_avg": 8, "receiving_lng": 8, "puntret_lng": 17, "active": "true", "receiving_rec": 3, "receiving_twopta": 0, "receiving_yds": 17, "receiving_twoptm": 0}, {"week": "12", "puntret_tds": 0, "puntret_ret": 1, "kickret_lng": 34, "receiving_tds": 0, "puntret_avg": 14, "kickret_tds": 0, "receiving_lng": 47, "kickret_avg": 34, "puntret_lng": 14, "active": "true", "receiving_rec": 2, "receiving_twopta": 0, "receiving_yds": 51, "receiving_twoptm": 0, "kickret_ret": 1}, {"week": "13", "puntret_tds": 0, "puntret_ret": 2, "receiving_tds": 0, "puntret_avg": 10, "receiving_lng": 4, "puntret_lng": 18, "active": "true", "receiving_rec": 1, "receiving_twopta": 0, "receiving_yds": 4, "receiving_twoptm": 0}, {"week": "14", "receiving_tds": 0, "receiving_lng": 19, "active": "true", "receiving_rec": 3, "receiving_twopta": 0, "receiving_yds": 39, "receiving_twoptm": 0}, {"week": "15", "fumbles_tot": 1, "puntret_ret": 1, "receiving_tds": 0, "fumbles_yds": 0, "fumbles_lost": 1, "fumbles_trcv": 0, "receiving_lng": 20, "fumbles_rcv": 0, "puntret_tds": 0, "active": "true", "puntret_avg": 0, "receiving_rec": 2, "receiving_twopta": 0, "receiving_yds": 30, "receiving_twoptm": 0, "puntret_lng": 0}, {"week": "16", "active": "false"}, {"week": "17", "puntret_tds": 0, "puntret_ret": 2, "receiving_tds": 0, "puntret_avg": 5, "receiving_lng": 7, "puntret_lng": 10, "active": "true", "receiving_rec": 1, "receiving_twopta": 0, "receiving_yds": 7, "receiving_twoptm": 0}], "2010": [{"week": "1", "active": "false"}, {"week": "2", "active": "false"}, {"week": "3", "active": "false"}, {"week": "4", "active": "false"}, {"week": "5", "active": "false"}, {"week": "6", "active": "false"}, {"week": "7", "active": "false"}, {"week": "8", "active": "false"}, {"week": "9", "active": "false"}, {"week": "10", "active": "false"}, {"week": "11", "active": "false"}, {"week": "12", "active": "false"}, {"week": "13", "active": "false"}, {"week": "14", "active": "false"}, {"week": "15", "active": "false"}, {"week": "16", "active": "false"}, {"week": "17", "active": "false"}], "2011": [{"week": "1", "active": "false"}, {"week": "2", "active": "false"}, {"week": "3", "active": "false"}, {"week": "4", "active": "false"}, {"week": "5", "active": "false"}, {"week": "6", "active": "false"}, {"week": "7", "active": "false"}, {"week": "8", "active": "false"}, {"week": "9", "active": "false"}, {"week": "10", "active": "false"}, {"week": "11", "active": "false"}, {"week": "12", "active": "false"}, {"week": "13", "active": "false"}, {"week": "14", "active": "false"}, {"week": "15", "active": "false"}, {"week": "16", "active": "false"}, {"week": "17", "active": "false"}], "2012": [{"week": "1", "active": "false"}, {"week": "2", "active": "false"}, {"week": "3", "active": "false"}, {"week": "4", "active": "false"}, {"week": "5", "active": "false"}, {"week": "6", "active": "false"}, {"week": "7", "active": "false"}, {"week": "8", "active": "false"}, {"week": "9", "active": "false"}, {"week": "10", "active": "false"}, {"week": "11", "active": "false"}, {"week": "12", "active": "false"}, {"week": "13", "active": "false"}, {"week": "14", "active": "false"}, {"week": "15", "active": "false"}, {"week": "16", "active": "false"}, {"week": "17", "active": "false"}], "2013": [{"week": "1", "active": "false"}, {"week": "2", "active": "false"}, {"week": "3", "active": "false"}, {"week": "4", "active": "false"}, {"week": "5", "active": "false"}, {"week": "6", "active": "false"}, {"week": "7", "active": "false"}, {"week": "8", "active": "false"}, {"week": "9", "active": "false"}, {"week": "10", "active": "false"}, {"week": "11", "active": "false"}, {"week": "12", "active": "false"}, {"week": "13", "active": "false"}, {"week": "14", "active": "false"}, {"week": "15", "active": "false"}, {"week": "16", "active": "false"}, {"week": "17", "active": "false"}], "2014": [{"week": "1", "active": "false"}, {"week": "2", "active": "false"}, {"week": "3", "active": "false"}, {"week": "4", "active": "false"}, {"week": "5", "active": "false"}, {"week": "6", "active": "false"}, {"week": "7", "active": "false"}, {"week": "8", "active": "false"}, {"week": "9", "active": "false"}, {"week": "10", "active": "false"}, {"week": "11", "active": "false"}, {"week": "12", "active": "false"}, {"week": "13", "active": "false"}, {"week": "14", "active": "false"}]}}