{"D.Martin": {"2009": [{"week": "1", "active": "false"}, {"week": "2", "active": "false"}, {"week": "3", "defense_sk": 0, "defense_tkl": 1, "defense_int": 0, "active": "true", "defense_ffum": 0, "defense_ast": 0}, {"week": "4", "defense_sk": 0, "defense_tkl": 3, "defense_int": 0, "active": "true", "defense_ffum": 0, "defense_ast": 0}, {"week": "5", "active": "false"}, {"week": "6", "active": "false"}, {"week": "7", "active": "false"}, {"week": "8", "active": "false"}, {"week": "9", "active": "false"}, {"week": "10", "active": "false"}, {"week": "11", "active": "false"}, {"week": "12", "active": "false"}, {"week": "13", "active": "false"}, {"week": "14", "active": "false"}, {"week": "15", "active": "false"}, {"week": "16", "active": "false"}, {"week": "17", "active": "false"}], "2010": [{"week": "1", "active": "false"}, {"week": "2", "active": "false"}, {"week": "3", "defense_sk": 0, "defense_tkl": 0, "defense_int": 1, "active": "true", "defense_ffum": 0, "defense_ast": 0}, {"week": "4", "receiving_tds": 1, "receiving_lng": 4, "active": "true", "receiving_rec": 1, "receiving_twopta": 0, "receiving_yds": 4, "receiving_lngtd": 4, "receiving_twoptm": 0}, {"week": "5", "active": "false"}, {"week": "6", "active": "false"}, {"week": "7", "active": "false"}, {"week": "8", "active": "false"}, {"week": "9", "receiving_tds": 0, "receiving_lng": 11, "active": "true", "receiving_rec": 1, "receiving_twopta": 0, "receiving_yds": 11, "receiving_lngtd": 0, "receiving_twoptm": 0}, {"week": "10", "active": "false"}, {"week": "11", "receiving_tds": 0, "receiving_lng": 15, "active": "true", "receiving_rec": 2, "receiving_twopta": 0, "receiving_yds": 15, "receiving_lngtd": 0, "receiving_twoptm": 0}, {"week": "12", "active": "false"}, {"week": "13", "receiving_tds": 0, "receiving_lng": 0, "active": "true", "receiving_rec": 1, "receiving_twopta": 0, "receiving_yds": 0, "receiving_lngtd": 0, "receiving_twoptm": 0}, {"week": "14", "receiving_tds": 0, "receiving_lng": 13, "active": "true", "receiving_rec": 1, "receiving_twopta": 0, "receiving_yds": 13, "receiving_lngtd": 0, "receiving_twoptm": 0}, {"week": "15", "active": "false"}, {"week": "16", "active": "false"}, {"week": "17", "receiving_tds": 0, "receiving_lng": 0, "active": "true", "receiving_rec": 1, "receiving_twopta": 0, "receiving_yds": 0, "receiving_lngtd": 0, "receiving_twoptm": 0}], "2011": [{"week": "1", "active": "false"}, {"week": "2", "active": "false"}, {"week": "3", "active": "false"}, {"week": "4", "active": "false"}, {"week": "5", "active": "false"}, {"week": "6", "active": "false"}, {"week": "7", "active": "false"}, {"week": "8", "active": "false"}, {"week": "9", "active": "false"}, {"week": "10", "active": "false"}, {"week": "11", "active": "false"}, {"week": "12", "active": "false"}, {"week": "13", "active": "false"}, {"week": "14", "active": "false"}, {"week": "15", "active": "false"}, {"week": "16", "active": "false"}, {"week": "17", "active": "false"}], "2012": [{"week": "1", "rushing_lngtd": 0, "receiving_tds": 0, "receiving_twopta": 0, "receiving_lng": 11, "rushing_tds": 0, "rushing_twopta": 0, "active": "true", "receiving_rec": 4, "rushing_lng": 15, "rushing_yds": 95, "receiving_lngtd": 0, "receiving_yds": 23, "rushing_att": 24, "receiving_twoptm": 0, "rushing_twoptm": 0}, {"week": "2", "rushing_lngtd": 8, "rushing_tds": 1, "rushing_twopta": 0, "rushing_lng": 12, "rushing_yds": 66, "active": "true", "rushing_att": 20, "rushing_twoptm": 0}, {"week": "3", "rushing_lngtd": 0, "receiving_tds": 0, "receiving_twopta": 0, "receiving_lng": 12, "rushing_tds": 0, "rushing_twopta": 0, "active": "true", "receiving_rec": 2, "rushing_lng": 17, "rushing_yds": 53, "receiving_lngtd": 0, "receiving_yds": 21, "rushing_att": 19, "receiving_twoptm": 0, "rushing_twoptm": 0}, {"week": "4", "rushing_lngtd": 0, "receiving_tds": 0, "receiving_twopta": 0, "receiving_lng": 6, "rushing_tds": 0, "rushing_twopta": 0, "active": "true", "receiving_rec": 2, "rushing_lng": 10, "rushing_yds": 33, "receiving_lngtd": 0, "receiving_yds": 9, "rushing_att": 8, "receiving_twoptm": 0, "rushing_twoptm": 0}, {"week": "5", "active": "false"}, {"week": "6", "rushing_lngtd": 0, "receiving_tds": 0, "receiving_twopta": 0, "receiving_lng": 42, "rushing_tds": 0, "rushing_twopta": 0, "active": "true", "receiving_rec": 2, "rushing_lng": 23, "rushing_yds": 76, "receiving_lngtd": 0, "receiving_yds": 55, "rushing_att": 13, "receiving_twoptm": 0, "rushing_twoptm": 0}, {"week": "7", "rushing_lngtd": 36, "receiving_tds": 0, "receiving_twopta": 0, "receiving_lng": 18, "rushing_tds": 1, "rushing_twopta": 0, "active": "true", "receiving_rec": 3, "rushing_lng": 36, "rushing_yds": 85, "receiving_lngtd": 0, "receiving_yds": 37, "rushing_att": 16, "receiving_twoptm": 0, "rushing_twoptm": 0}, {"week": "8", "rushing_lngtd": 1, "receiving_tds": 1, "receiving_twopta": 0, "receiving_lng": 64, "rushing_tds": 1, "rushing_twopta": 0, "active": "true", "receiving_rec": 3, "rushing_lng": 41, "rushing_yds": 135, "receiving_lngtd": 64, "receiving_yds": 79, "rushing_att": 29, "receiving_twoptm": 0, "rushing_twoptm": 0}, {"week": "9", "rushing_lngtd": 70, "receiving_tds": 0, "receiving_twopta": 0, "receiving_lng": 8, "rushing_tds": 4, "rushing_twopta": 0, "active": "true", "receiving_rec": 4, "rushing_lng": 70, "rushing_yds": 251, "receiving_lngtd": 0, "receiving_yds": 21, "rushing_att": 25, "receiving_twoptm": 0, "rushing_twoptm": 0}, {"week": "10", "rushing_lngtd": 0, "receiving_tds": 0, "receiving_twopta": 0, "receiving_lng": 42, "rushing_tds": 0, "rushing_twopta": 0, "active": "true", "receiving_rec": 3, "rushing_lng": 14, "rushing_yds": 68, "receiving_lngtd": 0, "receiving_yds": 51, "rushing_att": 19, "receiving_twoptm": 0, "rushing_twoptm": 0}, {"week": "11", "fumbles_tot": 1, "rushing_lngtd": 0, "receiving_tds": 0, "fumbles_yds": 0, "receiving_twopta": 0, "fumbles_trcv": 0, "receiving_lng": 10, "rushing_tds": 0, "fumbles_rcv": 0, "rushing_twopta": 0, "fumbles_lost": 1, "receiving_rec": 4, "rushing_lng": 27, "rushing_yds": 138, "receiving_lngtd": 0, "receiving_yds": 23, "rushing_att": 24, "receiving_twoptm": 0, "rushing_twoptm": 0, "active": "true"}, {"week": "12", "rushing_lngtd": 1, "receiving_tds": 0, "receiving_twopta": 0, "receiving_lng": 8, "rushing_tds": 2, "rushing_twopta": 0, "active": "true", "receiving_rec": 2, "rushing_lng": 10, "rushing_yds": 50, "receiving_lngtd": 0, "receiving_yds": 13, "rushing_att": 21, "receiving_twoptm": 0, "rushing_twoptm": 0}, {"week": "13", "rushing_lngtd": 0, "receiving_tds": 0, "receiving_twopta": 0, "receiving_lng": 26, "rushing_tds": 0, "rushing_twopta": 0, "active": "true", "receiving_rec": 3, "rushing_lng": 9, "rushing_yds": 56, "receiving_lngtd": 0, "receiving_yds": 42, "rushing_att": 18, "receiving_twoptm": 0, "rushing_twoptm": 0}, {"week": "14", "fumbles_tot": 0, "rushing_lngtd": 4, "receiving_tds": 0, "fumbles_yds": 0, "receiving_twopta": 0, "fumbles_trcv": 1, "receiving_lng": 6, "rushing_tds": 1, "fumbles_rcv": 1, "rushing_twopta": 0, "fumbles_lost": 0, "receiving_rec": 3, "rushing_lng": 14, "rushing_yds": 128, "receiving_lngtd": 0, "receiving_yds": 4, "rushing_att": 28, "receiving_twoptm": 0, "rushing_twoptm": 0, "active": "true"}, {"week": "15", "rushing_lngtd": 0, "receiving_tds": 0, "receiving_twopta": 0, "receiving_lng": 8, "rushing_tds": 0, "rushing_twopta": 0, "active": "true", "receiving_rec": 3, "rushing_lng": 11, "rushing_yds": 16, "receiving_lngtd": 0, "receiving_yds": 19, "rushing_att": 9, "receiving_twoptm": 0, "rushing_twoptm": 0}, {"week": "16", "rushing_lngtd": 0, "receiving_tds": 0, "receiving_twopta": 0, "receiving_lng": 17, "rushing_tds": 0, "rushing_twopta": 0, "active": "true", "receiving_rec": 7, "rushing_lng": 8, "rushing_yds": 62, "receiving_lngtd": 0, "receiving_yds": 57, "rushing_att": 18, "receiving_twoptm": 0, "rushing_twoptm": 0}, {"week": "17", "defense_sk": 1, "defense_tkl": 1, "defense_int": 0, "active": "true", "defense_ffum": 0, "defense_ast": 0}], "2013": [{"fumbles_tot": 1, "receiving_tds": 0, "fumbles_rcv": 0, "rushing_yds": 65, "receiving_lngtd": 0, "fumbles_lost": 0, "rushing_tds": 1, "rushing_twopta": 0, "receiving_rec": 2, "receiving_twopta": 0, "receiving_yds": -1, "rushing_att": 24, "receiving_twoptm": 0, "rushing_twoptm": 0, "week": "1", "kickret_lngtd": 0, "rushing_lngtd": 5, "fumbles_yds": 0, "receiving_lng": 2, "active": "true", "kickret_lng": 35, "fumbles_trcv": 0, "kickret_avg": 35, "rushing_lng": 17, "kickret_tds": 0, "kickret_ret": 1}, {"week": "2", "rushing_lngtd": 0, "rushing_tds": 0, "rushing_twopta": 0, "rushing_lng": 28, "rushing_yds": 144, "active": "true", "rushing_att": 29, "rushing_twoptm": 0}, {"week": "3", "rushing_lngtd": 0, "receiving_tds": 0, "receiving_twopta": 0, "receiving_lng": 13, "rushing_tds": 0, "rushing_twopta": 0, "active": "true", "receiving_rec": 2, "rushing_lng": 11, "rushing_yds": 88, "receiving_lngtd": 0, "receiving_yds": 20, "rushing_att": 20, "receiving_twoptm": 0, "rushing_twoptm": 0}, {"week": "4", "rushing_lngtd": 0, "receiving_tds": 0, "receiving_twopta": 0, "receiving_lng": 12, "rushing_tds": 0, "rushing_twopta": 0, "active": "true", "receiving_rec": 3, "rushing_lng": 12, "rushing_yds": 45, "receiving_lngtd": 0, "receiving_yds": 16, "rushing_att": 27, "receiving_twoptm": 0, "rushing_twoptm": 0}, {"week": "5", "active": "false"}, {"week": "6", "fumbles_tot": 0, "rushing_lngtd": 0, "receiving_tds": 0, "fumbles_yds": 0, "receiving_twopta": 0, "fumbles_trcv": 1, "receiving_lng": 10, "rushing_tds": 0, "fumbles_rcv": 1, "rushing_twopta": 0, "fumbles_lost": 0, "receiving_rec": 4, "rushing_lng": 24, "rushing_yds": 67, "receiving_lngtd": 0, "receiving_yds": 24, "rushing_att": 16, "receiving_twoptm": 0, "rushing_twoptm": 0, "active": "true"}, {"week": "7", "rushing_lngtd": 0, "receiving_tds": 0, "receiving_twopta": 0, "receiving_lng": 7, "rushing_tds": 0, "rushing_twopta": 0, "active": "true", "receiving_rec": 1, "rushing_lng": 16, "rushing_yds": 47, "receiving_lngtd": 0, "receiving_yds": 7, "rushing_att": 11, "receiving_twoptm": 0, "rushing_twoptm": 0}, {"week": "8", "active": "false"}, {"week": "9", "active": "false"}, {"week": "10", "active": "false"}, {"week": "11", "active": "false"}, {"week": "12", "active": "false"}, {"week": "13", "active": "false"}, {"week": "14", "active": "false"}, {"week": "15", "active": "false"}, {"week": "16", "active": "false"}, {"week": "17", "defense_sk": 0, "defense_tkl": 1, "defense_int": 0, "active": "true", "defense_ffum": 0, "defense_ast": 0}], "2014": [{"week": "1", "rushing_lngtd": 0, "receiving_tds": 0, "receiving_twopta": 0, "receiving_lng": 7, "rushing_tds": 0, "rushing_twopta": 0, "active": "true", "receiving_rec": 1, "rushing_lng": 4, "rushing_yds": 9, "receiving_lngtd": 0, "receiving_yds": 7, "rushing_att": 9, "receiving_twoptm": 0, "rushing_twoptm": 0}, {"week": "2", "active": "false"}, {"week": "3", "active": "false"}, {"week": "4", "rushing_lngtd": 3, "receiving_tds": 0, "receiving_twopta": 0, "receiving_lng": 9, "rushing_tds": 1, "rushing_twopta": 0, "active": "true", "receiving_rec": 2, "rushing_lng": 9, "rushing_yds": 40, "receiving_lngtd": 0, "receiving_yds": 16, "rushing_att": 14, "receiving_twoptm": 0, "rushing_twoptm": 0}, {"week": "5", "rushing_lngtd": 0, "receiving_tds": 0, "receiving_twopta": 0, "receiving_lng": 20, "rushing_tds": 0, "rushing_twopta": 0, "active": "true", "receiving_rec": 3, "rushing_lng": 16, "rushing_yds": 45, "receiving_lngtd": 0, "receiving_yds": 29, "rushing_att": 14, "receiving_twoptm": 0, "rushing_twoptm": 0}, {"week": "6", "rushing_lngtd": 0, "receiving_tds": 0, "receiving_twopta": 0, "receiving_lng": 3, "rushing_tds": 0, "rushing_twopta": 0, "active": "true", "receiving_rec": 1, "rushing_lng": 19, "rushing_yds": 45, "receiving_lngtd": 0, "receiving_yds": 3, "rushing_att": 11, "receiving_twoptm": 0, "rushing_twoptm": 0}, {"week": "7", "active": "false"}, {"week": "8", "rushing_lngtd": 0, "receiving_tds": 0, "receiving_twopta": 0, "receiving_lng": 2, "rushing_tds": 0, "rushing_twopta": 0, "active": "true", "receiving_rec": 2, "rushing_lng": 7, "rushing_yds": 27, "receiving_lngtd": 0, "receiving_yds": -1, "rushing_att": 10, "receiving_twoptm": 0, "rushing_twoptm": 0}, {"week": "9", "active": "false"}, {"week": "10", "active": "false"}, {"week": "11", "active": "false"}, {"week": "12", "rushing_lngtd": 0, "receiving_tds": 0, "receiving_twopta": 0, "receiving_lng": 4, "rushing_tds": 0, "rushing_twopta": 0, "active": "true", "receiving_rec": 1, "rushing_lng": 10, "rushing_yds": 27, "receiving_lngtd": 0, "receiving_yds": 4, "rushing_att": 11, "receiving_twoptm": 0, "rushing_twoptm": 0}, {"week": "13", "rushing_lngtd": 7, "receiving_tds": 0, "receiving_twopta": 0, "receiving_lng": 3, "rushing_tds": 1, "rushing_twopta": 0, "active": "true", "receiving_rec": 1, "rushing_lng": 10, "rushing_yds": 58, "receiving_lngtd": 0, "receiving_yds": 3, "rushing_att": 18, "receiving_twoptm": 0, "rushing_twoptm": 0}, {"week": "14", "active": "false"}]}}