{"D.Ward": {"2009": [{"week": "1", "receiving_lng": 14, "receiving_tds": 0, "receiving_twopta": 0, "rushing_tds": 1, "rushing_twopta": 0, "active": "true", "receiving_rec": 2, "rushing_lng": 22, "rushing_yds": 62, "receiving_yds": 21, "rushing_att": 12, "receiving_twoptm": 0, "rushing_twoptm": 0}, {"week": "2", "receiving_lng": 5, "receiving_tds": 0, "receiving_twopta": 0, "rushing_tds": 0, "rushing_twopta": 0, "active": "true", "receiving_rec": 1, "rushing_lng": 13, "rushing_yds": 32, "receiving_yds": 5, "rushing_att": 9, "receiving_twoptm": 0, "rushing_twoptm": 0}, {"week": "3", "receiving_lng": 7, "receiving_tds": 0, "receiving_twopta": 0, "rushing_tds": 0, "rushing_twopta": 0, "active": "true", "receiving_rec": 2, "rushing_lng": 7, "rushing_yds": 2, "receiving_yds": 7, "rushing_att": 5, "receiving_twoptm": 0, "rushing_twoptm": 0}, {"week": "4", "active": "false"}, {"week": "5", "rushing_tds": 0, "rushing_twopta": 0, "rushing_lng": 28, "rushing_yds": 37, "active": "true", "rushing_att": 6, "rushing_twoptm": 0}, {"week": "6", "receiving_lng": 5, "receiving_tds": 0, "receiving_twopta": 0, "rushing_tds": 0, "rushing_twopta": 0, "active": "true", "receiving_rec": 1, "rushing_lng": 2, "rushing_yds": 2, "receiving_yds": 5, "rushing_att": 1, "receiving_twoptm": 0, "rushing_twoptm": 0}, {"week": "7", "receiving_lng": 8, "receiving_tds": 0, "receiving_twopta": 0, "rushing_tds": 0, "rushing_twopta": 0, "active": "true", "receiving_rec": 1, "rushing_lng": 12, "rushing_yds": 48, "receiving_yds": 8, "rushing_att": 13, "receiving_twoptm": 0, "rushing_twoptm": 0}, {"week": "8", "active": "false"}, {"week": "9", "receiving_lng": 38, "receiving_tds": 1, "receiving_twopta": 0, "rushing_tds": 0, "rushing_twopta": 0, "active": "true", "receiving_rec": 3, "rushing_lng": 3, "rushing_yds": 5, "receiving_yds": 54, "rushing_att": 4, "receiving_twoptm": 0, "rushing_twoptm": 0}, {"week": "10", "rushing_tds": 0, "rushing_twopta": 0, "rushing_lng": 9, "rushing_yds": 34, "active": "true", "rushing_att": 10, "rushing_twoptm": 0}, {"week": "11", "receiving_lng": 6, "receiving_tds": 0, "receiving_twopta": 0, "rushing_tds": 0, "rushing_twopta": 0, "active": "true", "receiving_rec": 3, "rushing_lng": 9, "rushing_yds": 26, "receiving_yds": 14, "rushing_att": 7, "receiving_twoptm": 0, "rushing_twoptm": 0}, {"week": "12", "receiving_lng": 2, "receiving_tds": 0, "receiving_twopta": 0, "rushing_tds": 0, "rushing_twopta": 0, "active": "true", "receiving_rec": 1, "rushing_lng": 8, "rushing_yds": 29, "receiving_yds": 2, "rushing_att": 13, "receiving_twoptm": 0, "rushing_twoptm": 0}, {"week": "13", "receiving_lng": 11, "receiving_tds": 0, "receiving_twopta": 0, "rushing_tds": 0, "rushing_twopta": 0, "active": "true", "receiving_rec": 3, "rushing_lng": 18, "rushing_yds": 32, "receiving_yds": 17, "rushing_att": 5, "receiving_twoptm": 0, "rushing_twoptm": 0}, {"week": "14", "receiving_lng": 7, "receiving_tds": 0, "receiving_twopta": 0, "rushing_tds": 0, "rushing_twopta": 0, "active": "true", "receiving_rec": 2, "rushing_lng": 5, "rushing_yds": 6, "receiving_yds": 11, "rushing_att": 4, "receiving_twoptm": 0, "rushing_twoptm": 0}, {"week": "15", "receiving_lng": 6, "receiving_tds": 1, "receiving_twopta": 0, "rushing_tds": 0, "rushing_twopta": 0, "active": "true", "receiving_rec": 1, "rushing_lng": 25, "rushing_yds": 67, "receiving_yds": 6, "rushing_att": 19, "receiving_twoptm": 0, "rushing_twoptm": 0}, {"week": "16", "rushing_tds": 0, "rushing_twopta": 0, "rushing_lng": 16, "rushing_yds": 32, "active": "true", "rushing_att": 7, "rushing_twoptm": 0}, {"week": "17", "active": "false"}], "2010": [{"week": "1", "active": "false"}, {"week": "2", "active": "false"}, {"week": "3", "rushing_lngtd": 0, "rushing_tds": 0, "rushing_twopta": 0, "rushing_lng": 3, "rushing_yds": 4, "active": "true", "rushing_att": 2, "rushing_twoptm": 0}, {"week": "4", "rushing_lngtd": 33, "rushing_tds": 1, "rushing_twopta": 0, "rushing_lng": 33, "rushing_yds": 80, "active": "true", "rushing_att": 12, "rushing_twoptm": 0}, {"week": "5", "rushing_lngtd": 1, "receiving_tds": 0, "receiving_twopta": 0, "receiving_lng": 12, "rushing_tds": 1, "rushing_twopta": 0, "active": "true", "receiving_rec": 1, "rushing_lng": 1, "rushing_yds": 1, "receiving_lngtd": 0, "receiving_yds": 12, "rushing_att": 1, "receiving_twoptm": 0, "rushing_twoptm": 0}, {"week": "6", "rushing_lngtd": 38, "receiving_tds": 0, "receiving_twopta": 0, "receiving_lng": 12, "rushing_tds": 1, "rushing_twopta": 0, "active": "true", "receiving_rec": 1, "rushing_lng": 38, "rushing_yds": 58, "receiving_lngtd": 0, "receiving_yds": 12, "rushing_att": 3, "receiving_twoptm": 0, "rushing_twoptm": 0}, {"week": "7", "active": "false"}, {"week": "8", "rushing_lngtd": 0, "receiving_tds": 0, "receiving_twopta": 0, "receiving_lng": 6, "rushing_tds": 0, "rushing_twopta": 0, "active": "true", "receiving_rec": 2, "rushing_lng": 5, "rushing_yds": 5, "receiving_lngtd": 0, "receiving_yds": 9, "rushing_att": 2, "receiving_twoptm": 0, "rushing_twoptm": 0}, {"week": "9", "rushing_lngtd": 0, "rushing_tds": 0, "rushing_twopta": 0, "rushing_lng": 6, "rushing_yds": 12, "active": "true", "rushing_att": 5, "rushing_twoptm": 0}, {"week": "10", "rushing_lngtd": 0, "rushing_tds": 0, "rushing_twopta": 0, "rushing_lng": 6, "rushing_yds": 11, "active": "true", "rushing_att": 3, "rushing_twoptm": 0}, {"week": "11", "rushing_lngtd": 0, "rushing_tds": 0, "rushing_twopta": 0, "rushing_lng": 1, "rushing_yds": 0, "active": "true", "rushing_att": 2, "rushing_twoptm": 0}, {"week": "12", "rushing_lngtd": 0, "rushing_tds": 0, "rushing_twopta": 0, "rushing_lng": 17, "rushing_yds": 47, "active": "true", "rushing_att": 7, "rushing_twoptm": 0}, {"week": "13", "rushing_lngtd": 0, "rushing_tds": 0, "rushing_twopta": 0, "rushing_lng": 13, "rushing_yds": 15, "active": "true", "rushing_att": 2, "rushing_twoptm": 0}, {"week": "14", "rushing_lngtd": 0, "rushing_tds": 0, "rushing_twopta": 0, "rushing_lng": 3, "rushing_yds": 3, "active": "true", "rushing_att": 1, "rushing_twoptm": 0}, {"week": "15", "rushing_lngtd": 0, "receiving_tds": 0, "receiving_twopta": 0, "receiving_lng": 11, "rushing_tds": 0, "rushing_twopta": 0, "active": "true", "receiving_rec": 1, "rushing_lng": 8, "rushing_yds": 15, "receiving_lngtd": 0, "receiving_yds": 11, "rushing_att": 6, "receiving_twoptm": 0, "rushing_twoptm": 0}, {"week": "16", "fumbles_tot": 0, "rushing_lngtd": 0, "receiving_tds": 0, "fumbles_yds": 0, "receiving_twopta": 0, "fumbles_trcv": 1, "receiving_lng": 10, "rushing_tds": 0, "fumbles_rcv": 1, "rushing_twopta": 0, "fumbles_lost": 0, "receiving_rec": 1, "rushing_lng": 3, "rushing_yds": 3, "receiving_lngtd": 0, "receiving_yds": 10, "rushing_att": 1, "receiving_twoptm": 0, "rushing_twoptm": 0, "active": "true"}, {"week": "17", "rushing_lngtd": 35, "receiving_tds": 0, "receiving_twopta": 0, "receiving_lng": 7, "rushing_tds": 1, "rushing_twopta": 0, "active": "true", "receiving_rec": 1, "rushing_lng": 35, "rushing_yds": 63, "receiving_lngtd": 0, "receiving_yds": 7, "rushing_att": 4, "receiving_twoptm": 0, "rushing_twoptm": 0}], "2011": [{"week": "1", "rushing_lngtd": 1, "rushing_tds": 1, "rushing_twopta": 0, "rushing_lng": 9, "rushing_yds": 39, "active": "true", "rushing_att": 11, "rushing_twoptm": 0}, {"week": "2", "active": "false"}, {"week": "3", "active": "false"}, {"week": "4", "active": "false"}, {"week": "5", "active": "false"}, {"week": "6", "active": "false"}, {"week": "7", "rushing_lngtd": 0, "rushing_tds": 0, "rushing_twopta": 0, "rushing_lng": 5, "rushing_yds": 7, "active": "true", "rushing_att": 5, "rushing_twoptm": 0}, {"week": "8", "active": "false"}, {"week": "9", "rushing_lngtd": 0, "rushing_tds": 0, "rushing_twopta": 0, "rushing_lng": 9, "rushing_yds": 22, "active": "true", "rushing_att": 6, "rushing_twoptm": 0}, {"week": "10", "rushing_lngtd": 4, "rushing_tds": 1, "rushing_twopta": 0, "rushing_lng": 9, "rushing_yds": 36, "active": "true", "rushing_att": 11, "rushing_twoptm": 0}, {"week": "11", "active": "false"}, {"week": "12", "active": "false"}, {"week": "13", "active": "false"}, {"week": "14", "active": "false"}, {"week": "15", "active": "false"}, {"week": "16", "active": "false"}, {"week": "17", "rushing_lngtd": 0, "rushing_tds": 0, "rushing_twopta": 0, "rushing_lng": 15, "rushing_yds": 50, "active": "true", "rushing_att": 12, "rushing_twoptm": 0}], "2012": [{"week": "1", "active": "false"}, {"week": "2", "active": "false"}, {"week": "3", "active": "false"}, {"week": "4", "active": "false"}, {"week": "5", "active": "false"}, {"week": "6", "active": "false"}, {"week": "7", "active": "false"}, {"week": "8", "active": "false"}, {"week": "9", "active": "false"}, {"week": "10", "active": "false"}, {"week": "11", "active": "false"}, {"week": "12", "active": "false"}, {"week": "13", "active": "false"}, {"week": "14", "active": "false"}, {"week": "15", "active": "false"}, {"week": "16", "active": "false"}, {"week": "17", "active": "false"}], "2013": [{"week": "1", "active": "false"}, {"week": "2", "active": "false"}, {"week": "3", "active": "false"}, {"week": "4", "active": "false"}, {"week": "5", "active": "false"}, {"week": "6", "active": "false"}, {"week": "7", "active": "false"}, {"week": "8", "active": "false"}, {"week": "9", "active": "false"}, {"week": "10", "active": "false"}, {"week": "11", "active": "false"}, {"week": "12", "active": "false"}, {"week": "13", "active": "false"}, {"week": "14", "active": "false"}, {"week": "15", "active": "false"}, {"week": "16", "active": "false"}, {"week": "17", "active": "false"}], "2014": [{"week": "1", "active": "false"}, {"week": "2", "active": "false"}, {"week": "3", "active": "false"}, {"week": "4", "active": "false"}, {"week": "5", "active": "false"}, {"week": "6", "active": "false"}, {"week": "7", "active": "false"}, {"week": "8", "active": "false"}, {"week": "9", "active": "false"}, {"week": "10", "active": "false"}, {"week": "11", "active": "false"}, {"week": "12", "active": "false"}, {"week": "13", "active": "false"}, {"week": "14", "active": "false"}]}}