{"D.Mason": {"2009": [{"week": "1", "receiving_tds": 0, "receiving_lng": 19, "active": "true", "receiving_rec": 4, "receiving_twopta": 0, "receiving_yds": 47, "receiving_twoptm": 0}, {"week": "2", "receiving_tds": 0, "receiving_lng": 14, "active": "true", "receiving_rec": 3, "receiving_twopta": 0, "receiving_yds": 31, "receiving_twoptm": 0}, {"week": "3", "receiving_tds": 1, "receiving_lng": 72, "active": "true", "receiving_rec": 5, "receiving_twopta": 0, "receiving_yds": 118, "receiving_twoptm": 0}, {"week": "4", "receiving_tds": 1, "receiving_lng": 20, "active": "true", "receiving_rec": 7, "receiving_twopta": 0, "receiving_yds": 88, "receiving_twoptm": 0}, {"week": "5", "active": "false"}, {"week": "6", "receiving_tds": 1, "receiving_lng": 27, "active": "true", "receiving_rec": 7, "receiving_twopta": 0, "receiving_yds": 97, "receiving_twoptm": 0}, {"week": "7", "active": "false"}, {"week": "8", "receiving_tds": 1, "receiving_lng": 20, "active": "true", "receiving_rec": 4, "receiving_twopta": 0, "receiving_yds": 40, "receiving_twoptm": 0}, {"week": "9", "receiving_lng": 13, "receiving_tds": 0, "receiving_twopta": 0, "rushing_tds": 0, "rushing_twopta": 0, "active": "true", "receiving_rec": 3, "rushing_lng": 2, "rushing_yds": 2, "receiving_yds": 31, "rushing_att": 1, "receiving_twoptm": 0, "rushing_twoptm": 0}, {"week": "10", "receiving_tds": 0, "receiving_lng": 41, "active": "true", "receiving_rec": 3, "receiving_twopta": 0, "receiving_yds": 78, "receiving_twoptm": 0}, {"week": "11", "receiving_tds": 0, "receiving_lng": 45, "active": "true", "receiving_rec": 9, "receiving_twopta": 0, "receiving_yds": 142, "receiving_twoptm": 0}, {"week": "12", "receiving_tds": 1, "receiving_lng": 17, "active": "true", "receiving_rec": 7, "receiving_twopta": 0, "receiving_yds": 62, "receiving_twoptm": 0}, {"week": "13", "receiving_tds": 0, "receiving_lng": 7, "active": "true", "receiving_rec": 2, "receiving_twopta": 0, "receiving_yds": 13, "receiving_twoptm": 0}, {"week": "14", "receiving_tds": 1, "receiving_lng": 62, "active": "true", "receiving_rec": 5, "receiving_twopta": 0, "receiving_yds": 94, "receiving_twoptm": 0}, {"week": "15", "receiving_tds": 1, "receiving_lng": 18, "active": "true", "receiving_rec": 6, "receiving_twopta": 0, "receiving_yds": 87, "receiving_twoptm": 0}, {"week": "16", "receiving_tds": 0, "receiving_lng": 15, "active": "true", "receiving_rec": 7, "receiving_twopta": 0, "receiving_yds": 77, "receiving_twoptm": 0}, {"week": "17", "receiving_tds": 0, "receiving_lng": 23, "active": "true", "receiving_rec": 1, "receiving_twopta": 0, "receiving_yds": 23, "receiving_twoptm": 0}], "2010": [{"week": "1", "receiving_tds": 0, "receiving_lng": 12, "active": "true", "receiving_rec": 2, "receiving_twopta": 0, "receiving_yds": 21, "receiving_lngtd": 0, "receiving_twoptm": 0}, {"week": "2", "receiving_tds": 1, "receiving_lng": 31, "active": "true", "receiving_rec": 1, "receiving_twopta": 0, "receiving_yds": 31, "receiving_lngtd": 31, "receiving_twoptm": 0}, {"week": "3", "receiving_tds": 0, "receiving_lng": 15, "active": "true", "receiving_rec": 4, "receiving_twopta": 0, "receiving_yds": 30, "receiving_lngtd": 0, "receiving_twoptm": 0}, {"week": "4", "receiving_tds": 0, "receiving_lng": 40, "active": "true", "receiving_rec": 6, "receiving_twopta": 0, "receiving_yds": 80, "receiving_lngtd": 0, "receiving_twoptm": 0}, {"week": "5", "receiving_tds": 0, "receiving_lng": 19, "active": "true", "receiving_rec": 3, "receiving_twopta": 0, "receiving_yds": 47, "receiving_lngtd": 0, "receiving_twoptm": 0}, {"week": "6", "receiving_tds": 0, "receiving_lng": 20, "active": "true", "receiving_rec": 8, "receiving_twopta": 0, "receiving_yds": 100, "receiving_lngtd": 0, "receiving_twoptm": 0}, {"week": "7", "receiving_tds": 0, "receiving_lng": 36, "active": "true", "receiving_rec": 2, "receiving_twopta": 0, "receiving_yds": 48, "receiving_lngtd": 0, "receiving_twoptm": 0}, {"week": "8", "active": "false"}, {"week": "9", "receiving_tds": 1, "receiving_lng": 12, "active": "true", "receiving_rec": 4, "receiving_twopta": 0, "receiving_yds": 42, "receiving_lngtd": 12, "receiving_twoptm": 0}, {"week": "10", "receiving_tds": 1, "receiving_lng": 22, "active": "true", "receiving_rec": 4, "receiving_twopta": 0, "receiving_yds": 48, "receiving_lngtd": 6, "receiving_twoptm": 0}, {"week": "11", "receiving_tds": 0, "receiving_lng": 23, "active": "true", "receiving_rec": 3, "receiving_twopta": 0, "receiving_yds": 42, "receiving_lngtd": 0, "receiving_twoptm": 0}, {"week": "12", "receiving_tds": 1, "receiving_lng": 15, "active": "true", "receiving_rec": 8, "receiving_twopta": 0, "receiving_yds": 87, "receiving_lngtd": 10, "receiving_twoptm": 0}, {"week": "13", "receiving_tds": 0, "receiving_lng": 15, "active": "true", "receiving_rec": 2, "receiving_twopta": 0, "receiving_yds": 22, "receiving_lngtd": 0, "receiving_twoptm": 0}, {"week": "14", "receiving_tds": 2, "receiving_lng": 26, "active": "true", "receiving_rec": 6, "receiving_twopta": 0, "receiving_yds": 78, "receiving_lngtd": 26, "receiving_twoptm": 0}, {"week": "15", "receiving_tds": 0, "receiving_lng": 42, "active": "true", "receiving_rec": 1, "receiving_twopta": 0, "receiving_yds": 42, "receiving_lngtd": 0, "receiving_twoptm": 0}, {"week": "16", "receiving_tds": 1, "receiving_lng": 22, "active": "true", "receiving_rec": 4, "receiving_twopta": 0, "receiving_yds": 50, "receiving_lngtd": 22, "receiving_twoptm": 0}, {"week": "17", "receiving_tds": 0, "receiving_lng": 15, "active": "true", "receiving_rec": 3, "receiving_twopta": 0, "receiving_yds": 34, "receiving_lngtd": 0, "receiving_twoptm": 0}], "2011": [{"week": "1", "receiving_tds": 0, "receiving_lng": 13, "active": "true", "receiving_rec": 3, "receiving_twopta": 0, "receiving_yds": 19, "receiving_lngtd": 0, "receiving_twoptm": 0}, {"week": "2", "receiving_tds": 0, "receiving_lng": 7, "active": "true", "receiving_rec": 1, "receiving_twopta": 0, "receiving_yds": 7, "receiving_lngtd": 0, "receiving_twoptm": 0}, {"week": "3", "receiving_tds": 0, "receiving_lng": 12, "active": "true", "receiving_rec": 6, "receiving_twopta": 0, "receiving_yds": 45, "receiving_lngtd": 0, "receiving_twoptm": 0}, {"week": "4", "receiving_tds": 0, "receiving_lng": 30, "active": "true", "receiving_rec": 2, "receiving_twopta": 0, "receiving_yds": 37, "receiving_lngtd": 0, "receiving_twoptm": 0}, {"week": "5", "receiving_tds": 0, "receiving_lng": 7, "active": "true", "receiving_rec": 1, "receiving_twopta": 0, "receiving_yds": 7, "receiving_lngtd": 0, "receiving_twoptm": 0}, {"week": "6", "receiving_tds": 0, "receiving_lng": 12, "active": "true", "receiving_rec": 3, "receiving_twopta": 0, "receiving_yds": 27, "receiving_lngtd": 0, "receiving_twoptm": 0}, {"week": "7", "receiving_tds": 0, "receiving_lng": 7, "active": "true", "receiving_rec": 1, "receiving_twopta": 0, "receiving_yds": 7, "receiving_lngtd": 0, "receiving_twoptm": 0}, {"week": "8", "receiving_tds": 0, "receiving_lng": 5, "active": "true", "receiving_rec": 1, "receiving_twopta": 0, "receiving_yds": 5, "receiving_lngtd": 0, "receiving_twoptm": 0}, {"week": "9", "active": "false"}, {"week": "10", "receiving_tds": 0, "receiving_lng": 16, "active": "true", "receiving_rec": 1, "receiving_twopta": 0, "receiving_yds": 16, "receiving_lngtd": 0, "receiving_twoptm": 0}, {"week": "11", "active": "false"}, {"week": "12", "active": "false"}, {"week": "13", "active": "false"}, {"week": "14", "active": "false"}, {"week": "15", "active": "false"}, {"week": "16", "active": "false"}, {"week": "17", "active": "false"}], "2012": [{"week": "1", "active": "false"}, {"week": "2", "active": "false"}, {"week": "3", "active": "false"}, {"week": "4", "active": "false"}, {"week": "5", "active": "false"}, {"week": "6", "active": "false"}, {"week": "7", "active": "false"}, {"week": "8", "active": "false"}, {"week": "9", "active": "false"}, {"week": "10", "active": "false"}, {"week": "11", "active": "false"}, {"week": "12", "active": "false"}, {"week": "13", "active": "false"}, {"week": "14", "active": "false"}, {"week": "15", "active": "false"}, {"week": "16", "active": "false"}, {"week": "17", "active": "false"}], "2013": [{"week": "1", "active": "false"}, {"week": "2", "active": "false"}, {"week": "3", "active": "false"}, {"week": "4", "active": "false"}, {"week": "5", "active": "false"}, {"week": "6", "active": "false"}, {"week": "7", "active": "false"}, {"week": "8", "active": "false"}, {"week": "9", "active": "false"}, {"week": "10", "active": "false"}, {"week": "11", "active": "false"}, {"week": "12", "active": "false"}, {"week": "13", "active": "false"}, {"week": "14", "active": "false"}, {"week": "15", "active": "false"}, {"week": "16", "active": "false"}, {"week": "17", "active": "false"}], "2014": [{"week": "1", "active": "false"}, {"week": "2", "active": "false"}, {"week": "3", "active": "false"}, {"week": "4", "active": "false"}, {"week": "5", "active": "false"}, {"week": "6", "active": "false"}, {"week": "7", "active": "false"}, {"week": "8", "active": "false"}, {"week": "9", "active": "false"}, {"week": "10", "active": "false"}, {"week": "11", "active": "false"}, {"week": "12", "active": "false"}, {"week": "13", "active": "false"}, {"week": "14", "active": "false"}]}}