{"D.Jackson": {"2009": [{"week": "1", "puntret_tds": 1, "receiving_lng": 6, "receiving_tds": 0, "puntret_avg": 53, "receiving_twopta": 0, "rushing_tds": 0, "puntret_lng": 85, "rushing_twopta": 0, "active": "true", "puntret_ret": 2, "receiving_rec": 2, "rushing_lng": 25, "rushing_yds": 33, "receiving_yds": 9, "rushing_att": 2, "receiving_twoptm": 0, "rushing_twoptm": 0}, {"week": "2", "puntret_tds": 0, "receiving_lng": 71, "receiving_tds": 1, "puntret_avg": 2, "receiving_twopta": 0, "rushing_tds": 0, "puntret_lng": 4, "rushing_twopta": 0, "active": "true", "puntret_ret": 2, "receiving_rec": 4, "rushing_lng": 6, "rushing_yds": 15, "receiving_yds": 101, "rushing_att": 3, "receiving_twoptm": 0, "rushing_twoptm": 0}, {"week": "3", "defense_sk": 0, "defense_tkl": 9, "defense_int": 0, "active": "true", "defense_ffum": 0, "defense_ast": 2}, {"week": "4", "defense_sk": 0, "defense_tkl": 13, "defense_int": 0, "active": "true", "defense_ffum": 1, "defense_ast": 1}, {"week": "5", "defense_sk": 0, "defense_tkl": 9, "defense_int": 0, "active": "true", "defense_ffum": 0, "defense_ast": 4}, {"week": "6", "defense_sk": 0, "defense_tkl": 5, "defense_int": 0, "active": "true", "defense_ffum": 0, "defense_ast": 2}, {"fumbles_tot": 1, "receiving_tds": 1, "fumbles_rcv": 1, "rushing_yds": 67, "puntret_ret": 3, "puntret_avg": 10, "fumbles_lost": 0, "rushing_tds": 1, "rushing_twopta": 0, "receiving_rec": 2, "receiving_twopta": 0, "receiving_yds": 69, "rushing_att": 1, "receiving_twoptm": 0, "rushing_twoptm": 0, "week": "7", "fumbles_yds": 0, "receiving_lng": 57, "puntret_lng": 29, "active": "true", "puntret_tds": 0, "fumbles_trcv": 1, "rushing_lng": 67}, {"week": "8", "puntret_tds": 0, "puntret_ret": 1, "receiving_tds": 1, "puntret_avg": 30, "receiving_lng": 54, "puntret_lng": 30, "active": "true", "receiving_rec": 3, "receiving_twopta": 0, "receiving_yds": 78, "receiving_twoptm": 0}, {"week": "9", "puntret_tds": 0, "puntret_ret": 1, "receiving_tds": 0, "puntret_avg": 9, "receiving_lng": 20, "puntret_lng": 9, "active": "true", "receiving_rec": 2, "receiving_twopta": 0, "receiving_yds": 29, "receiving_twoptm": 0}, {"week": "10", "puntret_tds": 0, "puntret_ret": 2, "receiving_tds": 0, "puntret_avg": 3, "receiving_lng": 22, "puntret_lng": 3, "active": "true", "receiving_rec": 8, "receiving_twopta": 0, "receiving_yds": 91, "receiving_twoptm": 0}, {"fumbles_tot": 2, "receiving_tds": 1, "fumbles_rcv": 0, "rushing_yds": 10, "puntret_ret": 2, "puntret_avg": 28, "fumbles_lost": 1, "rushing_tds": 0, "rushing_twopta": 0, "receiving_rec": 8, "receiving_twopta": 0, "receiving_yds": 107, "rushing_att": 1, "receiving_twoptm": 0, "rushing_twoptm": 0, "week": "11", "fumbles_yds": 0, "receiving_lng": 48, "puntret_lng": 53, "active": "true", "puntret_tds": 0, "fumbles_trcv": 0, "rushing_lng": 10}, {"week": "12", "puntret_tds": 0, "puntret_ret": 1, "receiving_tds": 1, "puntret_avg": 29, "receiving_lng": 35, "puntret_lng": 29, "active": "true", "receiving_rec": 2, "receiving_twopta": 0, "receiving_yds": 41, "receiving_twoptm": 0}, {"week": "13", "active": "false"}, {"week": "14", "puntret_tds": 1, "puntret_ret": 2, "receiving_tds": 1, "puntret_avg": 41, "receiving_lng": 60, "puntret_lng": 72, "active": "true", "receiving_rec": 6, "receiving_twopta": 0, "receiving_yds": 178, "receiving_twoptm": 0}, {"week": "15", "puntret_tds": 0, "receiving_lng": 59, "receiving_tds": 1, "puntret_avg": 6, "receiving_twopta": 0, "rushing_tds": 0, "puntret_lng": 6, "rushing_twopta": 0, "active": "true", "puntret_ret": 1, "receiving_rec": 6, "rushing_lng": 9, "rushing_yds": 9, "receiving_yds": 140, "rushing_att": 1, "receiving_twoptm": 0, "rushing_twoptm": 0}, {"week": "16", "puntret_tds": 0, "receiving_lng": 11, "receiving_tds": 1, "puntret_avg": 5, "receiving_twopta": 0, "rushing_tds": 0, "puntret_lng": 10, "rushing_twopta": 0, "active": "true", "puntret_ret": 3, "receiving_rec": 4, "rushing_lng": -3, "rushing_yds": -3, "receiving_yds": 33, "rushing_att": 1, "receiving_twoptm": 0, "rushing_twoptm": 0}, {"week": "17", "puntret_tds": 0, "receiving_lng": 32, "receiving_tds": 0, "puntret_avg": 4, "receiving_twopta": 0, "rushing_tds": 0, "puntret_lng": 9, "rushing_twopta": 0, "active": "true", "puntret_ret": 2, "receiving_rec": 3, "rushing_lng": 6, "rushing_yds": 6, "receiving_yds": 47, "rushing_att": 1, "receiving_twoptm": 0, "rushing_twoptm": 0}], "2010": [{"week": "1", "fumbles_tot": 1, "puntret_ret": 2, "receiving_tds": 0, "fumbles_yds": 0, "fumbles_lost": 0, "fumbles_trcv": 0, "receiving_lng": 12, "fumbles_rcv": 0, "puntret_tds": 0, "active": "true", "puntret_avg": 7, "receiving_rec": 4, "receiving_twopta": 0, "receiving_yds": 30, "receiving_lngtd": 0, "receiving_twoptm": 0, "puntret_lng": 10, "puntret_lngtd": 0}, {"week": "2", "puntret_tds": 0, "rushing_lngtd": 0, "receiving_tds": 1, "puntret_avg": 5, "receiving_twopta": 0, "receiving_lng": 53, "rushing_tds": 0, "puntret_lng": 13, "rushing_twopta": 0, "active": "true", "puntret_ret": 3, "receiving_rec": 4, "rushing_lng": 5, "rushing_yds": 5, "receiving_lngtd": 45, "receiving_yds": 135, "rushing_att": 1, "receiving_twoptm": 0, "rushing_twoptm": 0, "puntret_lngtd": 0}, {"week": "3", "rushing_lngtd": 0, "receiving_tds": 1, "receiving_twopta": 0, "receiving_lng": 61, "rushing_tds": 0, "rushing_twopta": 0, "active": "true", "receiving_rec": 5, "rushing_lng": 8, "rushing_yds": 8, "receiving_lngtd": 61, "receiving_yds": 153, "rushing_att": 1, "receiving_twoptm": 0, "rushing_twoptm": 0}, {"week": "4", "puntret_tds": 0, "rushing_lngtd": 0, "receiving_tds": 0, "puntret_avg": 10, "receiving_twopta": 0, "receiving_lng": 9, "rushing_tds": 0, "puntret_lng": 12, "rushing_twopta": 0, "active": "true", "puntret_ret": 2, "receiving_rec": 3, "rushing_lng": 2, "rushing_yds": 2, "receiving_lngtd": 0, "receiving_yds": 19, "rushing_att": 1, "receiving_twoptm": 0, "rushing_twoptm": 0, "puntret_lngtd": 0}, {"week": "5", "puntret_tds": 0, "rushing_lngtd": 0, "receiving_tds": 0, "puntret_avg": 11, "receiving_twopta": 0, "receiving_lng": 20, "rushing_tds": 0, "puntret_lng": 22, "rushing_twopta": 0, "active": "true", "puntret_ret": 2, "receiving_rec": 2, "rushing_lng": 8, "rushing_yds": 8, "receiving_lngtd": 0, "receiving_yds": 24, "rushing_att": 1, "receiving_twoptm": 0, "rushing_twoptm": 0, "puntret_lngtd": 0}, {"week": "6", "puntret_tds": 0, "rushing_lngtd": 31, "receiving_tds": 1, "puntret_avg": 4, "receiving_twopta": 0, "receiving_lng": 34, "rushing_tds": 1, "puntret_lng": 4, "rushing_twopta": 0, "active": "true", "puntret_ret": 1, "receiving_rec": 1, "rushing_lng": 31, "rushing_yds": 44, "receiving_lngtd": 34, "receiving_yds": 34, "rushing_att": 2, "receiving_twoptm": 0, "rushing_twoptm": 0, "puntret_lngtd": 0}, {"week": "7", "active": "false"}, {"week": "8", "active": "false"}, {"week": "9", "puntret_tds": 0, "rushing_lngtd": 0, "receiving_tds": 1, "puntret_avg": 6, "receiving_twopta": 0, "receiving_lng": 58, "rushing_tds": 0, "puntret_lng": 6, "rushing_twopta": 0, "active": "true", "puntret_ret": 1, "receiving_rec": 7, "rushing_lng": 11, "rushing_yds": 20, "receiving_lngtd": 9, "receiving_yds": 109, "rushing_att": 3, "receiving_twoptm": 0, "rushing_twoptm": 0, "puntret_lngtd": 0}, {"fumbles_tot": 1, "receiving_tds": 1, "fumbles_rcv": 0, "rushing_yds": 5, "receiving_lngtd": 88, "puntret_ret": 1, "puntret_avg": 12, "fumbles_lost": 0, "rushing_tds": 0, "rushing_twopta": 0, "receiving_rec": 2, "receiving_twopta": 0, "receiving_yds": 98, "rushing_att": 1, "receiving_twoptm": 0, "rushing_twoptm": 0, "week": "10", "puntret_lngtd": 0, "rushing_lngtd": 0, "fumbles_yds": 0, "receiving_lng": 88, "puntret_lng": 12, "active": "true", "puntret_tds": 0, "fumbles_trcv": 0, "rushing_lng": 5}, {"week": "11", "puntret_tds": 0, "rushing_lngtd": 0, "receiving_tds": 0, "puntret_avg": 9, "receiving_twopta": 0, "receiving_lng": 23, "rushing_tds": 0, "puntret_lng": 9, "rushing_twopta": 0, "active": "true", "puntret_ret": 1, "receiving_rec": 5, "rushing_lng": 3, "rushing_yds": 3, "receiving_lngtd": 0, "receiving_yds": 50, "rushing_att": 1, "receiving_twoptm": 0, "rushing_twoptm": 0, "puntret_lngtd": 0}, {"week": "12", "puntret_tds": 0, "rushing_lngtd": 0, "receiving_tds": 0, "puntret_avg": 18, "receiving_twopta": 0, "receiving_lng": 21, "rushing_tds": 0, "puntret_lng": 35, "rushing_twopta": 0, "active": "true", "puntret_ret": 2, "receiving_rec": 2, "rushing_lng": 3, "rushing_yds": 3, "receiving_lngtd": 0, "receiving_yds": 26, "rushing_att": 1, "receiving_twoptm": 0, "rushing_twoptm": 0, "puntret_lngtd": 0}, {"week": "13", "rushing_lngtd": 0, "receiving_tds": 0, "receiving_twopta": 0, "receiving_lng": 33, "rushing_tds": 0, "rushing_twopta": 0, "active": "true", "receiving_rec": 3, "rushing_lng": 0, "rushing_yds": 0, "receiving_lngtd": 0, "receiving_yds": 84, "rushing_att": 1, "receiving_twoptm": 0, "rushing_twoptm": 0}, {"week": "14", "puntret_tds": 0, "rushing_lngtd": 0, "receiving_tds": 1, "puntret_avg": 6, "receiving_twopta": 0, "receiving_lng": 91, "rushing_tds": 0, "puntret_lng": 14, "rushing_twopta": 0, "active": "true", "puntret_ret": 4, "receiving_rec": 4, "rushing_lng": 4, "rushing_yds": 6, "receiving_lngtd": 91, "receiving_yds": 210, "rushing_att": 2, "receiving_twoptm": 0, "rushing_twoptm": 0, "puntret_lngtd": 0}, {"week": "15", "fumbles_tot": 2, "puntret_ret": 1, "receiving_tds": 0, "fumbles_yds": 0, "fumbles_lost": 1, "fumbles_trcv": 1, "receiving_lng": 30, "fumbles_rcv": 1, "puntret_tds": 1, "active": "true", "puntret_avg": 65, "receiving_rec": 3, "receiving_twopta": 0, "receiving_yds": 52, "receiving_lngtd": 0, "receiving_twoptm": 0, "puntret_lng": 65, "puntret_lngtd": 65}, {"week": "16", "rushing_lngtd": 0, "receiving_tds": 0, "receiving_twopta": 0, "receiving_lng": 21, "rushing_tds": 0, "rushing_twopta": 0, "active": "true", "receiving_rec": 2, "rushing_lng": 0, "rushing_yds": 0, "receiving_lngtd": 0, "receiving_yds": 32, "rushing_att": 1, "receiving_twoptm": 0, "rushing_twoptm": 0}, {"week": "17", "active": "false"}], "2011": [{"week": "1", "defense_sk": 2, "defense_tkl": 10, "defense_int": 0, "active": "true", "defense_ffum": 1, "defense_ast": 1}, {"week": "2", "defense_sk": 0, "defense_tkl": 6, "defense_int": 0, "active": "true", "defense_ffum": 0, "defense_ast": 2}, {"week": "3", "fumbles_tot": 0, "fumbles_yds": 0, "fumbles_lost": 0, "fumbles_trcv": 1, "fumbles_rcv": 0, "defense_sk": 0.5, "defense_tkl": 6, "defense_int": 0, "active": "true", "defense_ffum": 0, "defense_ast": 5}, {"week": "4", "defense_sk": 0, "defense_tkl": 5, "defense_int": 0, "active": "true", "defense_ffum": 0, "defense_ast": 5}, {"week": "5", "puntret_tds": 0, "rushing_lngtd": 0, "receiving_tds": 1, "puntret_avg": 13, "receiving_twopta": 0, "receiving_lng": 31, "rushing_tds": 0, "puntret_lng": 20, "rushing_twopta": 0, "active": "true", "puntret_ret": 2, "receiving_rec": 5, "rushing_lng": -4, "rushing_yds": -4, "receiving_lngtd": 31, "receiving_yds": 86, "rushing_att": 1, "receiving_twoptm": 0, "rushing_twoptm": 0, "puntret_lngtd": 0}, {"week": "6", "receiving_tds": 0, "receiving_lng": 23, "active": "true", "receiving_rec": 3, "receiving_twopta": 0, "receiving_yds": 46, "receiving_lngtd": 0, "receiving_twoptm": 0}, {"week": "7", "fumbles_tot": 0, "fumbles_yds": 0, "fumbles_lost": 0, "fumbles_trcv": 1, "fumbles_rcv": 0, "defense_sk": 0, "defense_tkl": 4, "defense_int": 0, "active": "true", "defense_ffum": 0, "defense_ast": 1}, {"week": "8", "defense_sk": 0, "defense_tkl": 10, "defense_int": 0, "active": "true", "defense_ffum": 0, "defense_ast": 0}, {"week": "9", "defense_sk": 0, "defense_tkl": 8, "defense_int": 1, "active": "true", "defense_ffum": 0, "defense_ast": 0}, {"week": "10", "defense_sk": 0, "defense_tkl": 5, "defense_int": 0, "active": "true", "defense_ffum": 0, "defense_ast": 3}, {"week": "11", "defense_sk": 0, "defense_tkl": 7, "defense_int": 0, "active": "true", "defense_ffum": 0, "defense_ast": 2}, {"week": "12", "defense_sk": 0, "defense_tkl": 5, "defense_int": 0, "active": "true", "defense_ffum": 0, "defense_ast": 4}, {"week": "13", "rushing_lngtd": 0, "receiving_tds": 0, "receiving_twopta": 0, "receiving_lng": 20, "rushing_tds": 0, "rushing_twopta": 0, "active": "true", "receiving_rec": 4, "rushing_lng": 5, "rushing_yds": 5, "receiving_lngtd": 0, "receiving_yds": 34, "rushing_att": 1, "receiving_twoptm": 0, "rushing_twoptm": 0}, {"week": "14", "fumbles_tot": 0, "fumbles_yds": 1, "fumbles_lost": 0, "fumbles_trcv": 1, "fumbles_rcv": 0, "defense_sk": 1, "defense_tkl": 7, "defense_int": 0, "active": "true", "defense_ffum": 0, "defense_ast": 6}, {"week": "15", "receiving_tds": 0, "receiving_lng": 16, "active": "true", "receiving_rec": 2, "receiving_twopta": 0, "receiving_yds": 28, "receiving_lngtd": 0, "receiving_twoptm": 0}, {"week": "16", "defense_sk": 0, "defense_tkl": 4, "defense_int": 0, "active": "true", "defense_ffum": 0, "defense_ast": 3}, {"week": "17", "defense_sk": 0, "defense_tkl": 9, "defense_int": 0, "active": "true", "defense_ffum": 0, "defense_ast": 4}], "2012": [{"week": "1", "fumbles_tot": 0, "fumbles_yds": 0, "fumbles_lost": 0, "fumbles_trcv": 1, "fumbles_rcv": 0, "defense_sk": 0, "defense_tkl": 1, "defense_int": 1, "active": "true", "defense_ffum": 0, "defense_ast": 2}, {"week": "2", "receiving_tds": 0, "receiving_lng": 49, "active": "true", "receiving_rec": 7, "receiving_twopta": 0, "receiving_yds": 114, "receiving_lngtd": 0, "receiving_twoptm": 0}, {"week": "3", "defense_sk": 0, "defense_tkl": 4, "defense_int": 0, "active": "true", "defense_ffum": 0, "defense_ast": 2}, {"week": "4", "defense_sk": 0, "defense_tkl": 5, "defense_int": 0, "active": "true", "defense_ffum": 0, "defense_ast": 6}, {"week": "5", "fumbles_tot": 1, "receiving_tds": 0, "fumbles_yds": 0, "fumbles_lost": 0, "fumbles_trcv": 1, "receiving_lng": 24, "fumbles_rcv": 1, "active": "true", "receiving_rec": 4, "receiving_twopta": 0, "receiving_yds": 58, "receiving_lngtd": 0, "receiving_twoptm": 0}, {"week": "6", "defense_sk": 0, "defense_tkl": 3, "defense_int": 0, "active": "true", "defense_ffum": 0, "defense_ast": 3}, {"week": "7", "defense_sk": 0, "defense_tkl": 5, "defense_int": 0, "active": "true", "defense_ffum": 0, "defense_ast": 1}, {"week": "8", "defense_sk": 0, "defense_tkl": 6, "defense_int": 0, "active": "true", "defense_ffum": 0, "defense_ast": 8}, {"week": "9", "defense_sk": 0, "defense_tkl": 3, "defense_int": 0, "active": "true", "defense_ffum": 0, "defense_ast": 6}, {"week": "10", "receiving_tds": 0, "receiving_lng": 31, "active": "true", "receiving_rec": 5, "receiving_twopta": 0, "receiving_yds": 62, "receiving_lngtd": 0, "receiving_twoptm": 0}, {"week": "11", "receiving_tds": 0, "receiving_lng": 8, "active": "true", "receiving_rec": 2, "receiving_twopta": 0, "receiving_yds": 5, "receiving_lngtd": 0, "receiving_twoptm": 0}, {"week": "12", "fumbles_tot": 0, "fumbles_yds": 0, "fumbles_lost": 0, "fumbles_trcv": 1, "fumbles_rcv": 0, "defense_sk": 0, "defense_tkl": 3, "defense_int": 0, "active": "true", "defense_ffum": 1, "defense_ast": 6}, {"week": "13", "defense_sk": 0, "defense_tkl": 4, "defense_int": 0, "active": "true", "defense_ffum": 0, "defense_ast": 1}, {"week": "14", "defense_sk": 0.5, "defense_tkl": 4, "defense_int": 0, "active": "true", "defense_ffum": 0, "defense_ast": 3}, {"week": "15", "defense_sk": 0, "defense_tkl": 6, "defense_int": 0, "active": "true", "defense_ffum": 0, "defense_ast": 3}, {"week": "16", "defense_sk": 0, "defense_tkl": 5, "defense_int": 0, "active": "true", "defense_ffum": 0, "defense_ast": 3}, {"week": "17", "defense_sk": 0, "defense_tkl": 3, "defense_int": 0, "active": "true", "defense_ffum": 0, "defense_ast": 2}], "2013": [{"week": "1", "defense_sk": 0, "defense_tkl": 6, "defense_int": 0, "active": "true", "defense_ffum": 0, "defense_ast": 3}, {"week": "2", "fumbles_tot": 0, "fumbles_yds": 0, "fumbles_lost": 0, "fumbles_trcv": 1, "fumbles_rcv": 0, "defense_sk": 0, "defense_tkl": 4, "defense_int": 0, "active": "true", "defense_ffum": 0, "defense_ast": 4}, {"week": "3", "receiving_tds": 0, "receiving_lng": 40, "active": "true", "receiving_rec": 3, "receiving_twopta": 0, "receiving_yds": 62, "receiving_lngtd": 0, "receiving_twoptm": 0}, {"week": "4", "defense_sk": 0, "defense_tkl": 7, "defense_int": 0, "active": "true", "defense_ffum": 0, "defense_ast": 3}, {"week": "5", "defense_sk": 0, "defense_tkl": 3, "defense_int": 0, "active": "true", "defense_ffum": 0, "defense_ast": 8}, {"week": "6", "defense_sk": 0, "defense_tkl": 3, "defense_int": 0, "active": "true", "defense_ffum": 0, "defense_ast": 5}, {"week": "7", "defense_sk": 0, "defense_tkl": 2, "defense_int": 0, "active": "true", "defense_ffum": 0, "defense_ast": 2}, {"week": "8", "defense_sk": 1, "defense_tkl": 7, "defense_int": 0, "active": "true", "defense_ffum": 0, "defense_ast": 1}, {"week": "9", "puntret_tds": 0, "puntret_ret": 3, "receiving_tds": 1, "puntret_avg": 13, "puntret_lngtd": 0, "receiving_lng": 59, "puntret_lng": 32, "active": "true", "receiving_rec": 5, "receiving_twopta": 0, "receiving_yds": 150, "receiving_lngtd": 46, "receiving_twoptm": 0}, {"week": "10", "receiving_tds": 1, "receiving_lng": 55, "active": "true", "receiving_rec": 4, "receiving_twopta": 0, "receiving_yds": 80, "receiving_lngtd": 55, "receiving_twoptm": 0}, {"week": "11", "defense_sk": 0, "defense_tkl": 1, "defense_int": 0, "active": "true", "defense_ffum": 0, "defense_ast": 8}, {"week": "12", "defense_sk": 0, "defense_tkl": 3, "defense_int": 0, "active": "true", "defense_ffum": 0, "defense_ast": 6}, {"week": "13", "defense_sk": 0, "defense_tkl": 6, "defense_int": 0, "active": "true", "defense_ffum": 0, "defense_ast": 0}, {"week": "14", "defense_sk": 0, "defense_tkl": 4, "defense_int": 1, "active": "true", "defense_ffum": 0, "defense_ast": 5}, {"week": "15", "defense_sk": 0, "defense_tkl": 6, "defense_int": 0, "active": "true", "defense_ffum": 0, "defense_ast": 3}, {"week": "16", "defense_sk": 0, "defense_tkl": 7, "defense_int": 0, "active": "true", "defense_ffum": 0, "defense_ast": 4}, {"week": "17", "puntret_tds": 0, "puntret_ret": 2, "receiving_tds": 0, "puntret_avg": 12, "puntret_lngtd": 0, "receiving_lng": 20, "puntret_lng": 23, "active": "true", "receiving_rec": 3, "receiving_twopta": 0, "receiving_yds": 28, "receiving_lngtd": 0, "receiving_twoptm": 0}], "2014": [{"week": "1", "rushing_lngtd": 0, "receiving_tds": 0, "receiving_twopta": 0, "receiving_lng": 17, "rushing_tds": 0, "rushing_twopta": 0, "active": "true", "receiving_rec": 8, "rushing_lng": -9, "rushing_yds": -9, "receiving_lngtd": 0, "receiving_yds": 62, "rushing_att": 1, "receiving_twoptm": 0, "rushing_twoptm": 0}, {"week": "2", "receiving_tds": 0, "receiving_lng": 19, "active": "true", "receiving_rec": 1, "receiving_twopta": 0, "receiving_yds": 19, "receiving_lngtd": 0, "receiving_twoptm": 0}, {"week": "3", "defense_sk": 1, "defense_tkl": 10, "defense_int": 0, "active": "true", "defense_ffum": 1, "defense_ast": 0}, {"week": "4", "receiving_tds": 0, "receiving_lng": 9, "active": "true", "receiving_rec": 1, "receiving_twopta": 0, "receiving_yds": 9, "receiving_lngtd": 0, "receiving_twoptm": 0}, {"week": "5", "defense_sk": 0, "defense_tkl": 2, "defense_int": 0, "active": "true", "defense_ffum": 0, "defense_ast": 4}, {"week": "6", "fumbles_tot": 0, "fumbles_yds": 0, "fumbles_lost": 0, "fumbles_trcv": 1, "fumbles_rcv": 0, "defense_sk": 1, "defense_tkl": 5, "defense_int": 0, "active": "true", "defense_ffum": 0, "defense_ast": 2}, {"week": "7", "defense_sk": 0, "defense_tkl": 3, "defense_int": 0, "active": "true", "defense_ffum": 0, "defense_ast": 4}, {"week": "8", "defense_sk": 0, "defense_tkl": 8, "defense_int": 0, "active": "true", "defense_ffum": 0, "defense_ast": 5}, {"week": "9", "receiving_tds": 1, "receiving_lng": 56, "active": "true", "receiving_rec": 4, "receiving_twopta": 0, "receiving_yds": 120, "receiving_lngtd": 13, "receiving_twoptm": 0}, {"week": "10", "active": "false"}, {"week": "11", "rushing_lngtd": 0, "receiving_tds": 0, "receiving_twopta": 0, "receiving_lng": 15, "rushing_tds": 0, "rushing_twopta": 0, "active": "true", "receiving_rec": 4, "rushing_lng": 2, "rushing_yds": 2, "receiving_lngtd": 0, "receiving_yds": 35, "rushing_att": 1, "receiving_twoptm": 0, "rushing_twoptm": 0}, {"week": "12", "fumbles_tot": 0, "fumbles_yds": 0, "fumbles_lost": 0, "fumbles_trcv": 1, "fumbles_rcv": 0, "defense_sk": 1, "defense_tkl": 5, "defense_int": 0, "active": "true", "defense_ffum": 0, "defense_ast": 8}, {"week": "13", "fumbles_tot": 0, "fumbles_yds": 35, "fumbles_lost": 0, "fumbles_trcv": 1, "fumbles_rcv": 0, "defense_sk": 0, "defense_tkl": 4, "defense_int": 0, "active": "true", "defense_ffum": 0, "defense_ast": 3}, {"week": "14", "active": "false"}]}}