{"D.Bryant": {"2009": [{"week": "1", "active": "false"}, {"week": "2", "defense_sk": 0, "defense_tkl": 1, "defense_int": 0, "active": "true", "defense_ffum": 0, "defense_ast": 0}, {"week": "3", "defense_sk": 0, "defense_tkl": 1, "defense_int": 0, "active": "true", "defense_ffum": 0, "defense_ast": 0}, {"week": "4", "defense_sk": 0, "defense_tkl": 2, "defense_int": 0, "active": "true", "defense_ffum": 0, "defense_ast": 3}, {"week": "5", "defense_sk": 0, "defense_tkl": 1, "defense_int": 0, "active": "true", "defense_ffum": 0, "defense_ast": 2}, {"week": "6", "active": "false"}, {"week": "7", "defense_sk": 0, "defense_tkl": 5, "defense_int": 0, "active": "true", "defense_ffum": 0, "defense_ast": 2}, {"week": "8", "defense_sk": 0, "defense_tkl": 3, "defense_int": 0, "active": "true", "defense_ffum": 0, "defense_ast": 0}, {"week": "9", "active": "false"}, {"week": "10", "active": "false"}, {"week": "11", "fumbles_tot": 0, "fumbles_yds": 0, "fumbles_lost": 0, "fumbles_trcv": 1, "fumbles_rcv": 0, "defense_sk": 0, "defense_tkl": 3, "defense_int": 0, "active": "true", "defense_ffum": 1, "defense_ast": 0}, {"week": "12", "active": "false"}, {"week": "13", "active": "false"}, {"week": "14", "defense_sk": 0, "defense_tkl": 2, "defense_int": 0, "active": "true", "defense_ffum": 0, "defense_ast": 0}, {"week": "15", "defense_sk": 0, "defense_tkl": 3, "defense_int": 0, "active": "true", "defense_ffum": 0, "defense_ast": 0}, {"week": "16", "defense_sk": 0, "defense_tkl": 3, "defense_int": 0, "active": "true", "defense_ffum": 0, "defense_ast": 0}, {"week": "17", "defense_sk": 0, "defense_tkl": 0, "defense_int": 0, "active": "true", "defense_ffum": 0, "defense_ast": 1}], "2010": [{"week": "1", "puntret_tds": 0, "puntret_ret": 1, "receiving_tds": 0, "puntret_avg": 11, "puntret_lngtd": 0, "receiving_lng": 15, "puntret_lng": 11, "active": "true", "receiving_rec": 8, "receiving_twopta": 0, "receiving_yds": 56, "receiving_lngtd": 0, "receiving_twoptm": 0}, {"week": "2", "puntret_tds": 1, "puntret_ret": 3, "receiving_tds": 0, "puntret_avg": 22, "puntret_lngtd": 62, "receiving_lng": 28, "puntret_lng": 62, "active": "true", "receiving_rec": 2, "receiving_twopta": 0, "receiving_yds": 52, "receiving_lngtd": 0, "receiving_twoptm": 0}, {"week": "3", "puntret_tds": 0, "puntret_ret": 1, "receiving_tds": 0, "puntret_avg": 12, "puntret_lngtd": 0, "receiving_lng": 30, "puntret_lng": 12, "active": "true", "receiving_rec": 4, "receiving_twopta": 0, "receiving_yds": 50, "receiving_lngtd": 0, "receiving_twoptm": 0}, {"week": "4", "defense_sk": 0, "defense_tkl": 0, "defense_int": 0, "active": "true", "defense_ffum": 0, "defense_ast": 1}, {"week": "5", "puntret_tds": 0, "puntret_ret": 3, "receiving_tds": 0, "puntret_avg": 0, "puntret_lngtd": 0, "receiving_lng": 9, "puntret_lng": 2, "active": "true", "receiving_rec": 3, "receiving_twopta": 0, "receiving_yds": 22, "receiving_lngtd": 0, "receiving_twoptm": 0}, {"week": "6", "puntret_tds": 0, "puntret_ret": 2, "receiving_tds": 1, "puntret_avg": 1, "puntret_lngtd": 0, "receiving_lng": 31, "puntret_lng": 3, "active": "true", "receiving_rec": 1, "receiving_twopta": 0, "receiving_yds": 31, "receiving_lngtd": 31, "receiving_twoptm": 0}, {"week": "7", "defense_sk": 0, "defense_tkl": 1, "defense_int": 0, "active": "true", "defense_ffum": 0, "defense_ast": 0}, {"week": "8", "puntret_tds": 0, "puntret_ret": 1, "receiving_tds": 0, "puntret_avg": 12, "puntret_lngtd": 0, "receiving_lng": 29, "puntret_lng": 12, "active": "true", "receiving_rec": 7, "receiving_twopta": 0, "receiving_yds": 84, "receiving_lngtd": 0, "receiving_twoptm": 0}, {"week": "9", "defense_sk": 1, "defense_tkl": 1, "defense_int": 0, "active": "true", "defense_ffum": 0, "defense_ast": 0}, {"week": "10", "kickret_lngtd": 0, "kickret_lng": 26, "receiving_tds": 1, "kickret_tds": 0, "receiving_lng": 46, "kickret_avg": 21, "active": "true", "receiving_rec": 3, "receiving_twopta": 0, "receiving_yds": 104, "receiving_lngtd": 13, "receiving_twoptm": 0, "kickret_ret": 4}, {"week": "11", "defense_sk": 0, "defense_tkl": 1, "defense_int": 0, "active": "true", "defense_ffum": 0, "defense_ast": 0}, {"fumbles_tot": 1, "rushing_yds": 0, "fumbles_rcv": 1, "kickret_tds": 0, "puntret_ret": 1, "puntret_avg": 13, "fumbles_lost": 0, "rushing_tds": 0, "rushing_twopta": 0, "rushing_att": 1, "rushing_twoptm": 0, "week": "12", "puntret_lngtd": 0, "kickret_lngtd": 0, "rushing_lngtd": 0, "fumbles_yds": 0, "puntret_lng": 13, "active": "true", "puntret_tds": 0, "kickret_lng": 31, "fumbles_trcv": 1, "kickret_avg": 30, "rushing_lng": 0, "kickret_ret": 2}, {"week": "13", "kickret_lngtd": 0, "kickret_lng": 43, "receiving_tds": 0, "kickret_tds": 0, "receiving_lng": 14, "kickret_avg": 35, "active": "true", "receiving_rec": 1, "receiving_twopta": 0, "receiving_yds": 14, "receiving_lngtd": 0, "receiving_twoptm": 0, "kickret_ret": 3}, {"week": "14", "defense_sk": 0, "defense_tkl": 1, "defense_int": 0, "active": "true", "defense_ffum": 0, "defense_ast": 0}, {"week": "15", "defense_sk": 0, "defense_tkl": 1, "defense_int": 0, "active": "true", "defense_ffum": 0, "defense_ast": 0}, {"week": "16", "defense_sk": 0, "defense_tkl": 0, "defense_int": 0, "active": "true", "defense_ffum": 0, "defense_ast": 1}, {"week": "17", "defense_sk": 1, "defense_tkl": 5, "defense_int": 0, "active": "true", "defense_ffum": 0, "defense_ast": 1}], "2011": [{"week": "1", "puntret_tds": 0, "puntret_ret": 1, "receiving_tds": 1, "puntret_avg": 12, "puntret_lngtd": 0, "receiving_lng": 42, "puntret_lng": 12, "active": "true", "receiving_rec": 3, "receiving_twopta": 0, "receiving_yds": 71, "receiving_lngtd": 3, "receiving_twoptm": 0}, {"week": "2", "active": "false"}, {"week": "3", "defense_sk": 0, "defense_tkl": 1, "defense_int": 0, "active": "true", "defense_ffum": 0, "defense_ast": 0}, {"week": "4", "rushing_lngtd": 0, "receiving_tds": 2, "receiving_twopta": 0, "receiving_lng": 25, "rushing_tds": 0, "rushing_twopta": 0, "active": "true", "receiving_rec": 3, "rushing_lng": 5, "rushing_yds": 5, "receiving_lngtd": 25, "receiving_yds": 37, "rushing_att": 1, "receiving_twoptm": 0, "rushing_twoptm": 0}, {"week": "5", "defense_sk": 0, "defense_tkl": 1, "defense_int": 0, "active": "true", "defense_ffum": 0, "defense_ast": 1}, {"week": "6", "defense_sk": 0, "defense_tkl": 3, "defense_int": 0, "active": "true", "defense_ffum": 0, "defense_ast": 1}, {"week": "7", "defense_sk": 0, "defense_tkl": 2, "defense_int": 0, "active": "true", "defense_ffum": 0, "defense_ast": 1}, {"week": "8", "receiving_tds": 0, "receiving_lng": 11, "active": "true", "receiving_rec": 3, "receiving_twopta": 0, "receiving_yds": 28, "receiving_lngtd": 0, "receiving_twoptm": 0}, {"week": "9", "fumbles_tot": 1, "puntret_ret": 2, "receiving_tds": 0, "fumbles_yds": 0, "fumbles_lost": 1, "fumbles_trcv": 0, "receiving_lng": 39, "fumbles_rcv": 0, "puntret_tds": 0, "active": "true", "puntret_avg": 4, "receiving_rec": 4, "receiving_twopta": 0, "receiving_yds": 76, "receiving_lngtd": 0, "receiving_twoptm": 0, "puntret_lng": 12, "puntret_lngtd": 0}, {"week": "10", "defense_sk": 1, "defense_tkl": 2, "defense_int": 0, "active": "true", "defense_ffum": 0, "defense_ast": 0}, {"week": "11", "defense_sk": 2, "defense_tkl": 3, "defense_int": 0, "active": "true", "defense_ffum": 1, "defense_ast": 0}, {"week": "12", "puntret_tds": 0, "puntret_ret": 1, "receiving_tds": 0, "puntret_avg": 20, "puntret_lngtd": 0, "receiving_lng": 18, "puntret_lng": 20, "active": "true", "receiving_rec": 3, "receiving_twopta": 0, "receiving_yds": 35, "receiving_lngtd": 0, "receiving_twoptm": 0}, {"week": "13", "defense_sk": 1, "defense_tkl": 4, "defense_int": 0, "active": "true", "defense_ffum": 0, "defense_ast": 0}, {"week": "14", "defense_sk": 1, "defense_tkl": 4, "defense_int": 0, "active": "true", "defense_ffum": 0, "defense_ast": 0}, {"week": "15", "puntret_tds": 0, "puntret_ret": 4, "receiving_tds": 1, "puntret_avg": 3, "puntret_lngtd": 0, "receiving_lng": 16, "puntret_lng": 8, "active": "true", "receiving_rec": 4, "receiving_twopta": 0, "receiving_yds": 40, "receiving_lngtd": 8, "receiving_twoptm": 0}, {"week": "16", "defense_sk": 0, "defense_tkl": 1, "defense_int": 0, "active": "true", "defense_ffum": 0, "defense_ast": 0}, {"fumbles_tot": 1, "receiving_tds": 0, "fumbles_rcv": 1, "kickret_tds": 0, "receiving_lngtd": 0, "puntret_ret": 2, "puntret_avg": 6, "fumbles_lost": 0, "receiving_rec": 6, "receiving_twopta": 0, "receiving_yds": 70, "receiving_twoptm": 0, "week": "17", "puntret_lngtd": 0, "kickret_lngtd": 0, "fumbles_yds": 0, "receiving_lng": 17, "puntret_lng": 13, "active": "true", "puntret_tds": 0, "kickret_lng": 26, "fumbles_trcv": 1, "kickret_avg": 18, "kickret_ret": 3}], "2012": [{"week": "1", "puntret_tds": 0, "puntret_ret": 2, "receiving_tds": 0, "puntret_avg": 0, "puntret_lngtd": 0, "receiving_lng": 38, "puntret_lng": 1, "active": "true", "receiving_rec": 4, "receiving_twopta": 0, "receiving_yds": 85, "receiving_lngtd": 0, "receiving_twoptm": 0}, {"week": "2", "fumbles_tot": 2, "puntret_ret": 2, "receiving_tds": 0, "fumbles_yds": 0, "fumbles_lost": 0, "fumbles_trcv": 1, "receiving_lng": 11, "fumbles_rcv": 1, "puntret_tds": 0, "active": "true", "puntret_avg": 1, "receiving_rec": 3, "receiving_twopta": 0, "receiving_yds": 17, "receiving_lngtd": 0, "receiving_twoptm": 0, "puntret_lng": 2, "puntret_lngtd": 0}, {"week": "3", "puntret_tds": 0, "puntret_ret": 3, "receiving_tds": 0, "puntret_avg": 14, "puntret_lngtd": 0, "receiving_lng": 18, "puntret_lng": 44, "active": "true", "receiving_rec": 6, "receiving_twopta": 0, "receiving_yds": 62, "receiving_lngtd": 0, "receiving_twoptm": 0}, {"week": "4", "defense_sk": 0, "defense_tkl": 2, "defense_int": 0, "active": "true", "defense_ffum": 0, "defense_ast": 0}, {"week": "5", "active": "false"}, {"week": "6", "puntret_tds": 0, "puntret_ret": 1, "receiving_tds": 2, "puntret_avg": 10, "puntret_lngtd": 0, "receiving_lng": 18, "puntret_lng": 10, "active": "true", "receiving_rec": 13, "receiving_twopta": 1, "receiving_yds": 95, "receiving_lngtd": 7, "receiving_twoptm": 0}, {"week": "7", "puntret_tds": 0, "puntret_ret": 3, "receiving_tds": 0, "puntret_avg": 5, "puntret_lngtd": 0, "receiving_lng": 9, "puntret_lng": 10, "active": "true", "receiving_rec": 2, "receiving_twopta": 0, "receiving_yds": 14, "receiving_lngtd": 0, "receiving_twoptm": 0}, {"week": "8", "defense_sk": 0, "defense_tkl": 1, "defense_int": 0, "active": "true", "defense_ffum": 0, "defense_ast": 0}, {"week": "9", "defense_sk": 0, "defense_tkl": 1, "defense_int": 0, "active": "true", "defense_ffum": 0, "defense_ast": 1}, {"week": "10", "defense_sk": 0, "defense_tkl": 5, "defense_int": 0, "active": "true", "defense_ffum": 0, "defense_ast": 0}, {"week": "11", "receiving_tds": 1, "receiving_lng": 30, "active": "true", "receiving_rec": 12, "receiving_twopta": 0, "receiving_yds": 145, "receiving_lngtd": 28, "receiving_twoptm": 0}, {"week": "12", "fumbles_tot": 1, "rushing_lngtd": 0, "receiving_tds": 2, "fumbles_yds": 0, "receiving_twopta": 0, "fumbles_trcv": 0, "receiving_lng": 85, "rushing_tds": 0, "fumbles_rcv": 0, "rushing_twopta": 0, "fumbles_lost": 1, "receiving_rec": 8, "rushing_lng": 6, "rushing_yds": 6, "receiving_lngtd": 85, "receiving_yds": 145, "rushing_att": 1, "receiving_twoptm": 0, "rushing_twoptm": 0, "active": "true"}, {"week": "13", "defense_sk": 0, "defense_tkl": 0, "defense_int": 0, "active": "true", "defense_ffum": 0, "defense_ast": 2}, {"week": "14", "defense_sk": 1, "defense_tkl": 4, "defense_int": 0, "active": "true", "defense_ffum": 0, "defense_ast": 0}, {"week": "15", "receiving_tds": 1, "receiving_lng": 24, "active": "true", "receiving_rec": 4, "receiving_twopta": 0, "receiving_yds": 59, "receiving_lngtd": 24, "receiving_twoptm": 0}, {"week": "16", "defense_sk": 0.5, "defense_tkl": 1, "defense_int": 0, "active": "true", "defense_ffum": 0, "defense_ast": 1}, {"week": "17", "receiving_tds": 0, "receiving_lng": 23, "active": "true", "receiving_rec": 4, "receiving_twopta": 0, "receiving_yds": 71, "receiving_lngtd": 0, "receiving_twoptm": 0}], "2013": [{"week": "1", "defense_sk": 2, "defense_tkl": 2, "defense_int": 0, "active": "true", "defense_ffum": 0, "defense_ast": 1}, {"week": "2", "defense_sk": 0.5, "defense_tkl": 1, "defense_int": 0, "active": "true", "defense_ffum": 0, "defense_ast": 4}, {"week": "3", "receiving_tds": 1, "receiving_lng": 16, "active": "true", "receiving_rec": 4, "receiving_twopta": 0, "receiving_yds": 38, "receiving_lngtd": 2, "receiving_twoptm": 0}, {"week": "4", "defense_sk": 0, "defense_tkl": 0, "defense_int": 0, "active": "true", "defense_ffum": 0, "defense_ast": 4}, {"week": "5", "defense_sk": 0, "defense_tkl": 0, "defense_int": 0, "active": "true", "defense_ffum": 0, "defense_ast": 2}, {"week": "6", "defense_sk": 0, "defense_tkl": 1, "defense_int": 0, "active": "true", "defense_ffum": 0, "defense_ast": 2}, {"week": "7", "defense_sk": 0, "defense_tkl": 1, "defense_int": 0, "active": "true", "defense_ffum": 0, "defense_ast": 0}, {"week": "8", "rushing_lngtd": 0, "receiving_tds": 2, "receiving_twopta": 0, "receiving_lng": 50, "rushing_tds": 0, "rushing_twopta": 0, "active": "true", "receiving_rec": 3, "rushing_lng": 1, "rushing_yds": 1, "receiving_lngtd": 50, "receiving_yds": 72, "rushing_att": 1, "receiving_twoptm": 0, "rushing_twoptm": 0}, {"week": "9", "receiving_tds": 0, "receiving_lng": 34, "active": "true", "receiving_rec": 6, "receiving_twopta": 0, "receiving_yds": 64, "receiving_lngtd": 0, "receiving_twoptm": 0}, {"week": "10", "receiving_tds": 0, "receiving_lng": 44, "active": "true", "receiving_rec": 1, "receiving_twopta": 0, "receiving_yds": 44, "receiving_lngtd": 0, "receiving_twoptm": 0}, {"week": "11", "defense_sk": 0, "defense_tkl": 0, "defense_int": 0, "active": "true", "defense_ffum": 0, "defense_ast": 1}, {"week": "12", "defense_sk": 0, "defense_tkl": 3, "defense_int": 0, "active": "true", "defense_ffum": 0, "defense_ast": 1}, {"week": "13", "fumbles_tot": 1, "receiving_tds": 1, "fumbles_yds": 0, "fumbles_lost": 0, "fumbles_trcv": 0, "receiving_lng": 25, "fumbles_rcv": 0, "active": "true", "receiving_rec": 7, "receiving_twopta": 0, "receiving_yds": 61, "receiving_lngtd": 4, "receiving_twoptm": 0}, {"week": "14", "receiving_tds": 1, "receiving_lng": 10, "active": "true", "receiving_rec": 2, "receiving_twopta": 0, "receiving_yds": 12, "receiving_lngtd": 2, "receiving_twoptm": 0}, {"week": "15", "receiving_tds": 1, "receiving_lng": 37, "active": "true", "receiving_rec": 11, "receiving_twopta": 0, "receiving_yds": 153, "receiving_lngtd": 5, "receiving_twoptm": 0}, {"week": "16", "receiving_tds": 1, "receiving_lng": 31, "active": "true", "receiving_rec": 4, "receiving_twopta": 0, "receiving_yds": 73, "receiving_lngtd": 14, "receiving_twoptm": 0}, {"week": "17", "receiving_tds": 1, "receiving_lng": 32, "active": "true", "receiving_rec": 8, "receiving_twopta": 1, "receiving_yds": 99, "receiving_lngtd": 32, "receiving_twoptm": 0}], "2014": [{"week": "1", "receiving_tds": 0, "receiving_lng": 20, "active": "true", "receiving_rec": 4, "receiving_twopta": 0, "receiving_yds": 55, "receiving_lngtd": 0, "receiving_twoptm": 0}, {"week": "2", "defense_sk": 0, "defense_tkl": 1, "defense_int": 0, "active": "true", "defense_ffum": 0, "defense_ast": 1}, {"week": "3", "defense_sk": 0, "defense_tkl": 1, "defense_int": 0, "active": "true", "defense_ffum": 0, "defense_ast": 2}, {"week": "4", "receiving_tds": 1, "receiving_lng": 18, "active": "true", "receiving_rec": 3, "receiving_twopta": 0, "receiving_yds": 44, "receiving_lngtd": 18, "receiving_twoptm": 0}, {"week": "5", "receiving_tds": 1, "receiving_lng": 37, "active": "true", "receiving_rec": 9, "receiving_twopta": 0, "receiving_yds": 85, "receiving_lngtd": 2, "receiving_twoptm": 0}, {"week": "6", "defense_sk": 1, "defense_tkl": 2, "defense_int": 0, "active": "true", "defense_ffum": 0, "defense_ast": 1}, {"week": "7", "defense_sk": 0, "defense_tkl": 0, "defense_int": 0, "active": "true", "defense_ffum": 0, "defense_ast": 2}, {"week": "8", "defense_sk": 0, "defense_tkl": 2, "defense_int": 0, "active": "true", "defense_ffum": 0, "defense_ast": 1}, {"week": "9", "defense_sk": 0, "defense_tkl": 1, "defense_int": 0, "active": "true", "defense_ffum": 0, "defense_ast": 2}, {"week": "10", "defense_sk": 2, "defense_tkl": 3, "defense_int": 0, "active": "true", "defense_ffum": 0, "defense_ast": 3}, {"week": "11", "defense_sk": 0, "defense_tkl": 2, "defense_int": 0, "active": "true", "defense_ffum": 0, "defense_ast": 6}, {"week": "12", "fumbles_tot": 0, "fumbles_yds": 0, "fumbles_lost": 0, "fumbles_trcv": 1, "fumbles_rcv": 0, "defense_sk": 0, "defense_tkl": 3, "defense_int": 0, "active": "true", "defense_ffum": 0, "defense_ast": 1}, {"week": "13", "receiving_tds": 0, "receiving_lng": 38, "active": "true", "receiving_rec": 4, "receiving_twopta": 0, "receiving_yds": 73, "receiving_lngtd": 0, "receiving_twoptm": 0}, {"week": "14", "receiving_tds": 0, "receiving_lng": 43, "active": "true", "receiving_rec": 6, "receiving_twopta": 0, "receiving_yds": 82, "receiving_lngtd": 0, "receiving_twoptm": 0}]}}