{"D.Henderson": {"2009": [{"week": "1", "receiving_tds": 1, "receiving_lng": 58, "active": "true", "receiving_rec": 5, "receiving_twopta": 0, "receiving_yds": 103, "receiving_twoptm": 0}, {"week": "2", "receiving_tds": 0, "receiving_lng": 38, "active": "true", "receiving_rec": 3, "receiving_twopta": 0, "receiving_yds": 71, "receiving_twoptm": 0}, {"week": "3", "receiving_tds": 0, "receiving_lng": 20, "active": "true", "receiving_rec": 3, "receiving_twopta": 0, "receiving_yds": 40, "receiving_twoptm": 0}, {"week": "4", "receiving_tds": 0, "receiving_lng": 9, "active": "true", "receiving_rec": 3, "receiving_twopta": 0, "receiving_yds": 21, "receiving_twoptm": 0}, {"week": "5", "active": "false"}, {"week": "6", "receiving_tds": 0, "receiving_lng": 6, "active": "true", "receiving_rec": 1, "receiving_twopta": 0, "receiving_yds": 6, "receiving_twoptm": 0}, {"week": "7", "receiving_lng": 37, "receiving_tds": 0, "receiving_twopta": 0, "rushing_tds": 0, "rushing_twopta": 0, "active": "true", "receiving_rec": 4, "rushing_lng": 13, "rushing_yds": 13, "receiving_yds": 71, "rushing_att": 1, "receiving_twoptm": 0, "rushing_twoptm": 0}, {"week": "8", "receiving_tds": 0, "receiving_lng": 24, "active": "true", "receiving_rec": 4, "receiving_twopta": 0, "receiving_yds": 46, "receiving_twoptm": 0}, {"week": "9", "receiving_lng": 63, "receiving_tds": 0, "receiving_twopta": 0, "rushing_tds": 0, "rushing_twopta": 0, "active": "true", "receiving_rec": 3, "rushing_lng": -3, "rushing_yds": -3, "receiving_yds": 93, "rushing_att": 1, "receiving_twoptm": 0, "rushing_twoptm": 0}, {"week": "10", "receiving_tds": 0, "receiving_lng": 26, "active": "true", "receiving_rec": 4, "receiving_twopta": 0, "receiving_yds": 72, "receiving_twoptm": 0}, {"week": "11", "puntret_tds": 0, "puntret_ret": 2, "receiving_tds": 0, "puntret_avg": 5, "receiving_lng": -2, "puntret_lng": 5, "active": "true", "receiving_rec": 1, "receiving_twopta": 0, "receiving_yds": -2, "receiving_twoptm": 0}, {"week": "12", "puntret_tds": 0, "receiving_lng": 75, "receiving_tds": 1, "puntret_avg": 3, "receiving_twopta": 0, "rushing_tds": 0, "puntret_lng": 11, "rushing_twopta": 0, "active": "true", "puntret_ret": 2, "receiving_rec": 3, "rushing_lng": 0, "rushing_yds": 0, "receiving_yds": 116, "rushing_att": 1, "receiving_twoptm": 0, "rushing_twoptm": 0}, {"week": "13", "receiving_lng": 15, "receiving_tds": 0, "receiving_twopta": 0, "rushing_tds": 0, "rushing_twopta": 0, "active": "true", "receiving_rec": 6, "rushing_lng": 3, "rushing_yds": 3, "receiving_yds": 61, "rushing_att": 1, "receiving_twoptm": 0, "rushing_twoptm": 0}, {"week": "14", "receiving_tds": 0, "receiving_lng": 13, "active": "true", "receiving_rec": 3, "receiving_twopta": 0, "receiving_yds": 31, "receiving_twoptm": 0}, {"week": "15", "receiving_tds": 0, "receiving_lng": 13, "active": "true", "receiving_rec": 2, "receiving_twopta": 0, "receiving_yds": 22, "receiving_twoptm": 0}, {"week": "16", "receiving_tds": 0, "receiving_lng": 10, "active": "true", "receiving_rec": 5, "receiving_twopta": 0, "receiving_yds": 35, "receiving_twoptm": 0}, {"week": "17", "receiving_tds": 0, "receiving_lng": 18, "active": "true", "receiving_rec": 1, "receiving_twopta": 0, "receiving_yds": 18, "receiving_twoptm": 0}], "2010": [{"week": "1", "receiving_tds": 1, "receiving_lng": 29, "active": "true", "receiving_rec": 2, "receiving_twopta": 0, "receiving_yds": 38, "receiving_lngtd": 29, "receiving_twoptm": 0}, {"week": "2", "receiving_tds": 0, "receiving_lng": 12, "active": "true", "receiving_rec": 3, "receiving_twopta": 0, "receiving_yds": 28, "receiving_lngtd": 0, "receiving_twoptm": 0}, {"week": "3", "receiving_tds": 0, "receiving_lng": 14, "active": "true", "receiving_rec": 2, "receiving_twopta": 0, "receiving_yds": 23, "receiving_lngtd": 0, "receiving_twoptm": 0}, {"week": "4", "rushing_lngtd": 0, "receiving_tds": 0, "receiving_twopta": 0, "receiving_lng": 12, "rushing_tds": 0, "rushing_twopta": 0, "active": "true", "receiving_rec": 6, "rushing_lng": -2, "rushing_yds": -2, "receiving_lngtd": 0, "receiving_yds": 59, "rushing_att": 1, "receiving_twoptm": 0, "rushing_twoptm": 0}, {"week": "5", "receiving_tds": 0, "receiving_lng": 39, "active": "true", "receiving_rec": 4, "receiving_twopta": 0, "receiving_yds": 61, "receiving_lngtd": 0, "receiving_twoptm": 0}, {"week": "6", "active": "false"}, {"week": "7", "receiving_tds": 0, "receiving_lng": 23, "active": "true", "receiving_rec": 2, "receiving_twopta": 0, "receiving_yds": 20, "receiving_lngtd": 0, "receiving_twoptm": 0}, {"week": "8", "receiving_tds": 0, "receiving_lng": 13, "active": "true", "receiving_rec": 3, "receiving_twopta": 0, "receiving_yds": 33, "receiving_lngtd": 0, "receiving_twoptm": 0}, {"week": "9", "active": "false"}, {"week": "10", "active": "false"}, {"week": "11", "rushing_lngtd": 0, "receiving_tds": 0, "receiving_twopta": 0, "receiving_lng": 17, "rushing_tds": 0, "rushing_twopta": 0, "active": "true", "receiving_rec": 1, "rushing_lng": 1, "rushing_yds": 1, "receiving_lngtd": 0, "receiving_yds": 17, "rushing_att": 1, "receiving_twoptm": 0, "rushing_twoptm": 0}, {"week": "12", "receiving_tds": 0, "receiving_lng": 57, "active": "true", "receiving_rec": 4, "receiving_twopta": 0, "receiving_yds": 97, "receiving_lngtd": 0, "receiving_twoptm": 0}, {"week": "13", "receiving_tds": 0, "receiving_lng": 0, "active": "true", "receiving_rec": 1, "receiving_twopta": 0, "receiving_yds": 0, "receiving_lngtd": 0, "receiving_twoptm": 0}, {"week": "14", "active": "false"}, {"week": "15", "receiving_tds": 0, "receiving_lng": 26, "active": "true", "receiving_rec": 3, "receiving_twopta": 0, "receiving_yds": 53, "receiving_lngtd": 0, "receiving_twoptm": 0}, {"week": "16", "rushing_lngtd": 0, "receiving_tds": 0, "receiving_twopta": 0, "receiving_lng": 14, "rushing_tds": 0, "rushing_twopta": 0, "active": "true", "receiving_rec": 3, "rushing_lng": 9, "rushing_yds": 9, "receiving_lngtd": 0, "receiving_yds": 35, "rushing_att": 1, "receiving_twoptm": 0, "rushing_twoptm": 0}, {"week": "17", "kickret_lngtd": 0, "kickret_lng": 27, "kickret_avg": 23, "kickret_tds": 0, "active": "true", "kickret_ret": 6}], "2011": [{"week": "1", "receiving_tds": 1, "receiving_lng": 29, "active": "true", "receiving_rec": 6, "receiving_twopta": 0, "receiving_yds": 100, "receiving_lngtd": 29, "receiving_twoptm": 0}, {"week": "2", "receiving_tds": 1, "receiving_lng": 79, "active": "true", "receiving_rec": 3, "receiving_twopta": 0, "receiving_yds": 103, "receiving_lngtd": 79, "receiving_twoptm": 0}, {"week": "3", "receiving_tds": 0, "receiving_lng": 44, "active": "true", "receiving_rec": 3, "receiving_twopta": 0, "receiving_yds": 62, "receiving_lngtd": 0, "receiving_twoptm": 0}, {"week": "4", "active": "false"}, {"week": "5", "receiving_tds": 0, "receiving_lng": 11, "active": "true", "receiving_rec": 1, "receiving_twopta": 0, "receiving_yds": 11, "receiving_lngtd": 0, "receiving_twoptm": 0}, {"week": "6", "receiving_tds": 0, "receiving_lng": 12, "active": "true", "receiving_rec": 1, "receiving_twopta": 0, "receiving_yds": 12, "receiving_lngtd": 0, "receiving_twoptm": 0}, {"week": "7", "receiving_tds": 0, "receiving_lng": 9, "active": "true", "receiving_rec": 1, "receiving_twopta": 0, "receiving_yds": 9, "receiving_lngtd": 0, "receiving_twoptm": 0}, {"week": "8", "active": "false"}, {"week": "9", "receiving_tds": 0, "receiving_lng": 7, "active": "true", "receiving_rec": 2, "receiving_twopta": 0, "receiving_yds": 13, "receiving_lngtd": 0, "receiving_twoptm": 0}, {"week": "10", "active": "false"}, {"week": "11", "active": "false"}, {"week": "12", "receiving_tds": 0, "receiving_lng": 24, "active": "true", "receiving_rec": 5, "receiving_twopta": 0, "receiving_yds": 67, "receiving_lngtd": 0, "receiving_twoptm": 0}, {"week": "13", "active": "false"}, {"week": "14", "receiving_tds": 0, "receiving_lng": 19, "active": "true", "receiving_rec": 3, "receiving_twopta": 0, "receiving_yds": 36, "receiving_lngtd": 0, "receiving_twoptm": 0}, {"week": "15", "receiving_tds": 0, "receiving_lng": 4, "active": "true", "receiving_rec": 1, "receiving_twopta": 0, "receiving_yds": 4, "receiving_lngtd": 0, "receiving_twoptm": 0}, {"week": "16", "receiving_tds": 0, "receiving_lng": 12, "active": "true", "receiving_rec": 3, "receiving_twopta": 0, "receiving_yds": 30, "receiving_lngtd": 0, "receiving_twoptm": 0}, {"week": "17", "rushing_lngtd": 0, "receiving_tds": 0, "receiving_twopta": 0, "receiving_lng": 31, "rushing_tds": 0, "rushing_twopta": 0, "active": "true", "receiving_rec": 2, "rushing_lng": 9, "rushing_yds": 9, "receiving_lngtd": 0, "receiving_yds": 48, "rushing_att": 1, "receiving_twoptm": 0, "rushing_twoptm": 0}], "2012": [{"week": "1", "receiving_tds": 0, "receiving_lng": 11, "active": "true", "receiving_rec": 1, "receiving_twopta": 0, "receiving_yds": 11, "receiving_lngtd": 0, "receiving_twoptm": 0}, {"week": "2", "active": "false"}, {"week": "3", "receiving_tds": 0, "receiving_lng": 36, "active": "true", "receiving_rec": 4, "receiving_twopta": 0, "receiving_yds": 53, "receiving_lngtd": 0, "receiving_twoptm": 0}, {"week": "4", "receiving_tds": 0, "receiving_lng": 10, "active": "true", "receiving_rec": 1, "receiving_twopta": 0, "receiving_yds": 10, "receiving_lngtd": 0, "receiving_twoptm": 0}, {"week": "5", "fumbles_tot": 1, "receiving_tds": 1, "fumbles_yds": 0, "fumbles_lost": 0, "fumbles_trcv": 0, "receiving_lng": 41, "fumbles_rcv": 0, "active": "true", "receiving_rec": 8, "receiving_twopta": 0, "receiving_yds": 123, "receiving_lngtd": 40, "receiving_twoptm": 0}, {"week": "6", "active": "false"}, {"week": "7", "receiving_tds": 0, "receiving_lng": 40, "active": "true", "receiving_rec": 3, "receiving_twopta": 0, "receiving_yds": 75, "receiving_lngtd": 0, "receiving_twoptm": 0}, {"week": "8", "active": "false"}, {"week": "9", "receiving_tds": 0, "receiving_lng": 8, "active": "true", "receiving_rec": 1, "receiving_twopta": 0, "receiving_yds": 8, "receiving_lngtd": 0, "receiving_twoptm": 0}, {"week": "10", "active": "false"}, {"week": "11", "receiving_tds": 0, "receiving_lng": 3, "active": "true", "receiving_rec": 1, "receiving_twopta": 0, "receiving_yds": 3, "receiving_lngtd": 0, "receiving_twoptm": 0}, {"week": "12", "receiving_tds": 0, "receiving_lng": 6, "active": "true", "receiving_rec": 1, "receiving_twopta": 0, "receiving_yds": 6, "receiving_lngtd": 0, "receiving_twoptm": 0}, {"week": "13", "active": "false"}, {"week": "14", "receiving_tds": 0, "receiving_lng": 11, "active": "true", "receiving_rec": 1, "receiving_twopta": 0, "receiving_yds": 11, "receiving_lngtd": 0, "receiving_twoptm": 0}, {"week": "15", "rushing_lngtd": 0, "rushing_tds": 0, "rushing_twopta": 0, "rushing_lng": 13, "rushing_yds": 13, "active": "true", "rushing_att": 1, "rushing_twoptm": 0}, {"week": "16", "active": "false"}, {"week": "17", "receiving_tds": 0, "receiving_lng": 16, "active": "true", "receiving_rec": 1, "receiving_twopta": 0, "receiving_yds": 16, "receiving_lngtd": 0, "receiving_twoptm": 0}], "2013": [{"week": "1", "active": "false"}, {"week": "2", "active": "false"}, {"week": "3", "active": "false"}, {"week": "4", "active": "false"}, {"week": "5", "active": "false"}, {"week": "6", "active": "false"}, {"week": "7", "active": "false"}, {"week": "8", "active": "false"}, {"week": "9", "active": "false"}, {"week": "10", "active": "false"}, {"week": "11", "active": "false"}, {"week": "12", "active": "false"}, {"week": "13", "active": "false"}, {"week": "14", "active": "false"}, {"week": "15", "active": "false"}, {"week": "16", "active": "false"}, {"week": "17", "active": "false"}], "2014": [{"week": "1", "active": "false"}, {"week": "2", "active": "false"}, {"week": "3", "active": "false"}, {"week": "4", "active": "false"}, {"week": "5", "active": "false"}, {"week": "6", "active": "false"}, {"week": "7", "active": "false"}, {"week": "8", "active": "false"}, {"week": "9", "active": "false"}, {"week": "10", "active": "false"}, {"week": "11", "active": "false"}, {"week": "12", "active": "false"}, {"week": "13", "active": "false"}, {"week": "14", "active": "false"}]}}