{"D.Hester": {"2009": [{"week": "1", "puntret_tds": 0, "puntret_ret": 2, "kickret_lng": 26, "receiving_tds": 1, "puntret_avg": 7, "kickret_tds": 0, "receiving_lng": 36, "kickret_avg": 26, "puntret_lng": 10, "active": "true", "receiving_rec": 4, "receiving_twopta": 0, "receiving_yds": 90, "receiving_twoptm": 0, "kickret_ret": 1}, {"week": "2", "puntret_tds": 0, "puntret_ret": 2, "receiving_tds": 0, "puntret_avg": 7, "receiving_lng": 13, "puntret_lng": 12, "active": "true", "receiving_rec": 4, "receiving_twopta": 0, "receiving_yds": 21, "receiving_twoptm": 0}, {"week": "3", "puntret_tds": 0, "puntret_ret": 1, "receiving_tds": 1, "puntret_avg": 9, "receiving_lng": 36, "puntret_lng": 9, "active": "true", "receiving_rec": 5, "receiving_twopta": 0, "receiving_yds": 76, "receiving_twoptm": 0}, {"week": "4", "puntret_tds": 0, "puntret_ret": 1, "receiving_tds": 0, "puntret_avg": 24, "receiving_lng": 2, "puntret_lng": 24, "active": "true", "receiving_rec": 1, "receiving_twopta": 0, "receiving_yds": 2, "receiving_twoptm": 0}, {"week": "5", "active": "false"}, {"week": "6", "puntret_tds": 0, "receiving_lng": 34, "receiving_tds": 0, "puntret_avg": 18, "receiving_twopta": 0, "rushing_tds": 0, "puntret_lng": 33, "rushing_twopta": 0, "active": "true", "puntret_ret": 3, "receiving_rec": 6, "rushing_lng": 6, "rushing_yds": 11, "receiving_yds": 83, "rushing_att": 2, "receiving_twoptm": 0, "rushing_twoptm": 0}, {"week": "7", "fumbles_tot": 1, "receiving_tds": 1, "fumbles_yds": 0, "fumbles_lost": 1, "fumbles_trcv": 0, "receiving_lng": 18, "fumbles_rcv": 0, "active": "true", "receiving_rec": 8, "receiving_twopta": 0, "receiving_yds": 101, "receiving_twoptm": 0}, {"week": "8", "puntret_tds": 0, "receiving_lng": 33, "receiving_tds": 0, "puntret_avg": 11, "receiving_twopta": 0, "rushing_tds": 0, "puntret_lng": 32, "rushing_twopta": 0, "active": "true", "puntret_ret": 4, "receiving_rec": 7, "rushing_lng": -5, "rushing_yds": -5, "receiving_yds": 81, "rushing_att": 1, "receiving_twoptm": 0, "rushing_twoptm": 0}, {"week": "9", "puntret_tds": 0, "receiving_lng": 42, "receiving_tds": 0, "puntret_avg": 1, "receiving_twopta": 0, "rushing_tds": 0, "puntret_lng": 2, "rushing_twopta": 0, "active": "true", "puntret_ret": 2, "receiving_rec": 6, "rushing_lng": 7, "rushing_yds": -3, "receiving_yds": 94, "rushing_att": 2, "receiving_twoptm": 0, "rushing_twoptm": 0}, {"week": "10", "puntret_tds": 0, "puntret_ret": 2, "receiving_tds": 0, "puntret_avg": 2, "receiving_lng": 10, "puntret_lng": 2, "active": "true", "receiving_rec": 7, "receiving_twopta": 0, "receiving_yds": 48, "receiving_twoptm": 0}, {"week": "11", "puntret_tds": 0, "puntret_ret": 3, "receiving_tds": 0, "puntret_avg": 5, "receiving_lng": 16, "puntret_lng": 9, "active": "true", "receiving_rec": 4, "receiving_twopta": 0, "receiving_yds": 18, "receiving_twoptm": 0}, {"week": "12", "fumbles_tot": 1, "puntret_ret": 2, "receiving_tds": 0, "fumbles_yds": 0, "fumbles_lost": 0, "fumbles_trcv": 1, "receiving_lng": 20, "fumbles_rcv": 1, "puntret_tds": 0, "active": "true", "puntret_avg": 2, "receiving_rec": 1, "receiving_twopta": 0, "receiving_yds": 20, "receiving_twoptm": 0, "puntret_lng": 4}, {"fumbles_tot": 1, "receiving_tds": 0, "fumbles_rcv": 1, "rushing_yds": -4, "puntret_ret": 1, "puntret_avg": -3, "fumbles_lost": 0, "rushing_tds": 0, "rushing_twopta": 0, "receiving_rec": 1, "receiving_twopta": 0, "receiving_yds": 48, "rushing_att": 1, "receiving_twoptm": 0, "rushing_twoptm": 0, "week": "13", "fumbles_yds": 0, "receiving_lng": 48, "puntret_lng": -3, "active": "true", "puntret_tds": 0, "fumbles_trcv": 1, "rushing_lng": -4}, {"week": "14", "active": "false"}, {"week": "15", "active": "false"}, {"week": "16", "active": "false"}, {"week": "17", "puntret_tds": 0, "puntret_ret": 1, "kickret_lng": 44, "receiving_tds": 0, "puntret_avg": 1, "kickret_tds": 0, "receiving_lng": 48, "kickret_avg": 21, "puntret_lng": 1, "active": "true", "receiving_rec": 3, "receiving_twopta": 0, "receiving_yds": 75, "receiving_twoptm": 0, "kickret_ret": 6}], "2010": [{"week": "1", "puntret_tds": 0, "puntret_ret": 5, "receiving_tds": 0, "puntret_avg": 3, "puntret_lngtd": 0, "receiving_lng": 17, "puntret_lng": 9, "active": "true", "receiving_rec": 1, "receiving_twopta": 0, "receiving_yds": 17, "receiving_lngtd": 0, "receiving_twoptm": 0}, {"week": "2", "puntret_tds": 0, "puntret_ret": 1, "receiving_tds": 1, "puntret_avg": -5, "puntret_lngtd": 0, "receiving_lng": 38, "puntret_lng": -5, "active": "true", "receiving_rec": 4, "receiving_twopta": 0, "receiving_yds": 77, "receiving_lngtd": 9, "receiving_twoptm": 0}, {"week": "3", "puntret_tds": 1, "puntret_ret": 3, "receiving_tds": 0, "puntret_avg": 31, "puntret_lngtd": 62, "receiving_lng": 16, "puntret_lng": 62, "active": "true", "receiving_rec": 1, "receiving_twopta": 0, "receiving_yds": 16, "receiving_lngtd": 0, "receiving_twoptm": 0}, {"week": "4", "puntret_tds": 0, "rushing_lngtd": 0, "receiving_tds": 0, "puntret_avg": 3, "receiving_twopta": 0, "receiving_lng": 8, "rushing_tds": 0, "puntret_lng": 6, "rushing_twopta": 0, "active": "true", "puntret_ret": 2, "receiving_rec": 3, "rushing_lng": 11, "rushing_yds": 11, "receiving_lngtd": 0, "receiving_yds": 16, "rushing_att": 1, "receiving_twoptm": 0, "rushing_twoptm": 0, "puntret_lngtd": 0}, {"week": "5", "puntret_tds": 0, "rushing_lngtd": 0, "receiving_tds": 0, "puntret_avg": 22, "receiving_twopta": 0, "receiving_lng": 5, "rushing_tds": 0, "puntret_lng": 50, "rushing_twopta": 0, "active": "true", "puntret_ret": 3, "receiving_rec": 2, "rushing_lng": 10, "rushing_yds": 10, "receiving_lngtd": 0, "receiving_yds": 0, "rushing_att": 1, "receiving_twoptm": 0, "rushing_twoptm": 0, "puntret_lngtd": 0}, {"week": "6", "puntret_tds": 1, "puntret_ret": 2, "receiving_tds": 0, "puntret_avg": 46, "puntret_lngtd": 89, "receiving_lng": 19, "puntret_lng": 89, "active": "true", "receiving_rec": 2, "receiving_twopta": 0, "receiving_yds": 26, "receiving_lngtd": 0, "receiving_twoptm": 0}, {"week": "7", "puntret_tds": 0, "rushing_lngtd": 0, "receiving_tds": 0, "puntret_avg": 12, "receiving_twopta": 0, "receiving_lng": 9, "rushing_tds": 0, "puntret_lng": 12, "rushing_twopta": 0, "active": "true", "puntret_ret": 1, "receiving_rec": 5, "rushing_lng": 6, "rushing_yds": 5, "receiving_lngtd": 0, "receiving_yds": 30, "rushing_att": 2, "receiving_twoptm": 0, "rushing_twoptm": 0, "puntret_lngtd": 0}, {"week": "8", "active": "false"}, {"week": "9", "puntret_tds": 0, "rushing_lngtd": 0, "receiving_tds": 0, "puntret_avg": 3, "receiving_twopta": 0, "receiving_lng": 16, "rushing_tds": 0, "puntret_lng": 3, "rushing_twopta": 0, "active": "true", "puntret_ret": 1, "receiving_rec": 2, "rushing_lng": -1, "rushing_yds": -1, "receiving_lngtd": 0, "receiving_yds": 23, "rushing_att": 1, "receiving_twoptm": 0, "rushing_twoptm": 0, "puntret_lngtd": 0}, {"week": "10", "puntret_tds": 0, "kickret_lngtd": 0, "puntret_ret": 2, "kickret_lng": 68, "receiving_tds": 1, "puntret_avg": 23, "puntret_lngtd": 0, "kickret_tds": 0, "receiving_lng": 19, "kickret_avg": 50, "puntret_lng": 42, "active": "true", "receiving_rec": 4, "receiving_twopta": 0, "receiving_yds": 38, "receiving_lngtd": 19, "receiving_twoptm": 0, "kickret_ret": 2}, {"week": "11", "puntret_tds": 0, "puntret_ret": 4, "receiving_tds": 0, "puntret_avg": 6, "puntret_lngtd": 0, "receiving_lng": 14, "puntret_lng": 24, "active": "true", "receiving_rec": 4, "receiving_twopta": 0, "receiving_yds": 41, "receiving_lngtd": 0, "receiving_twoptm": 0}, {"receiving_tds": 0, "rushing_yds": 0, "receiving_lngtd": 0, "puntret_ret": 1, "puntret_avg": 9, "rushing_tds": 0, "rushing_twopta": 0, "receiving_rec": 3, "receiving_twopta": 0, "receiving_yds": 86, "rushing_att": 1, "receiving_twoptm": 0, "rushing_twoptm": 0, "week": "12", "puntret_lngtd": 0, "kickret_lngtd": 0, "rushing_lngtd": 0, "receiving_lng": 39, "puntret_lng": 9, "active": "true", "puntret_tds": 0, "kickret_lng": 46, "kickret_avg": 26, "rushing_lng": 0, "kickret_tds": 0, "kickret_ret": 3}, {"receiving_tds": 0, "rushing_yds": 5, "receiving_lngtd": 0, "puntret_ret": 2, "puntret_avg": 18, "rushing_tds": 0, "rushing_twopta": 0, "receiving_rec": 1, "receiving_twopta": 0, "receiving_yds": 1, "rushing_att": 1, "receiving_twoptm": 0, "rushing_twoptm": 0, "week": "13", "puntret_lngtd": 0, "kickret_lngtd": 0, "rushing_lngtd": 0, "receiving_lng": 1, "puntret_lng": 30, "active": "true", "puntret_tds": 0, "kickret_lng": 21, "kickret_avg": 18, "rushing_lng": 5, "kickret_tds": 0, "kickret_ret": 3}, {"week": "14", "puntret_tds": 0, "kickret_lngtd": 0, "puntret_ret": 1, "kickret_lng": 61, "receiving_tds": 0, "puntret_avg": 17, "puntret_lngtd": 0, "kickret_tds": 0, "receiving_lng": 12, "kickret_avg": 37, "puntret_lng": 17, "active": "true", "receiving_rec": 2, "receiving_twopta": 0, "receiving_yds": 17, "receiving_lngtd": 0, "receiving_twoptm": 0, "kickret_ret": 2}, {"week": "15", "puntret_tds": 1, "kickret_lngtd": 0, "puntret_ret": 2, "kickret_lng": 79, "receiving_tds": 1, "puntret_avg": 33, "puntret_lngtd": 64, "kickret_tds": 0, "receiving_lng": 15, "kickret_avg": 79, "puntret_lng": 64, "active": "true", "receiving_rec": 2, "receiving_twopta": 0, "receiving_yds": 23, "receiving_lngtd": 15, "receiving_twoptm": 0, "kickret_ret": 1}, {"week": "16", "puntret_tds": 0, "kickret_lngtd": 0, "puntret_ret": 1, "kickret_lng": 40, "receiving_tds": 1, "puntret_avg": 38, "puntret_lngtd": 0, "kickret_tds": 0, "receiving_lng": 25, "kickret_avg": 40, "puntret_lng": 38, "active": "true", "receiving_rec": 3, "receiving_twopta": 0, "receiving_yds": 48, "receiving_lngtd": 25, "receiving_twoptm": 0, "kickret_ret": 1}, {"week": "17", "puntret_tds": 0, "puntret_ret": 2, "receiving_tds": 0, "puntret_avg": 17, "puntret_lngtd": 0, "receiving_lng": 16, "puntret_lng": 19, "active": "true", "receiving_rec": 1, "receiving_twopta": 0, "receiving_yds": 16, "receiving_lngtd": 0, "receiving_twoptm": 0}], "2011": [{"fumbles_tot": 2, "receiving_tds": 0, "fumbles_rcv": 2, "kickret_tds": 0, "receiving_lngtd": 0, "puntret_ret": 1, "puntret_avg": 14, "fumbles_lost": 0, "receiving_rec": 3, "receiving_twopta": 0, "receiving_yds": 60, "receiving_twoptm": 0, "week": "1", "puntret_lngtd": 0, "kickret_lngtd": 0, "fumbles_yds": 0, "receiving_lng": 53, "puntret_lng": 14, "active": "true", "puntret_tds": 0, "kickret_lng": 23, "fumbles_trcv": 2, "kickret_avg": 17, "kickret_ret": 3}, {"fumbles_tot": 1, "receiving_tds": 0, "fumbles_rcv": 0, "kickret_tds": 0, "receiving_lngtd": 0, "puntret_ret": 1, "puntret_avg": -4, "fumbles_lost": 0, "receiving_rec": 1, "receiving_twopta": 0, "receiving_yds": 17, "receiving_twoptm": 0, "week": "2", "puntret_lngtd": 0, "kickret_lngtd": 0, "fumbles_yds": 0, "receiving_lng": 17, "puntret_lng": -4, "active": "true", "puntret_tds": 0, "kickret_lng": 29, "fumbles_trcv": 0, "kickret_avg": 23, "kickret_ret": 2}, {"week": "3", "puntret_tds": 0, "kickret_lngtd": 0, "puntret_ret": 1, "kickret_lng": 24, "receiving_tds": 0, "puntret_avg": 21, "puntret_lngtd": 0, "kickret_tds": 0, "receiving_lng": 37, "kickret_avg": 24, "puntret_lng": 21, "active": "true", "receiving_rec": 3, "receiving_twopta": 0, "receiving_yds": 62, "receiving_lngtd": 0, "receiving_twoptm": 0, "kickret_ret": 1}, {"week": "4", "puntret_tds": 1, "kickret_lngtd": 0, "puntret_ret": 1, "kickret_lng": 73, "puntret_avg": 69, "puntret_lngtd": 69, "kickret_avg": 36, "puntret_lng": 69, "kickret_tds": 0, "active": "true", "kickret_ret": 2}, {"week": "5", "puntret_tds": 0, "kickret_lngtd": 0, "puntret_ret": 1, "kickret_lng": 33, "receiving_tds": 0, "puntret_avg": 1, "puntret_lngtd": 0, "kickret_tds": 0, "receiving_lng": 26, "kickret_avg": 21, "puntret_lng": 1, "active": "true", "receiving_rec": 5, "receiving_twopta": 0, "receiving_yds": 32, "receiving_lngtd": 0, "receiving_twoptm": 0, "kickret_ret": 4}, {"week": "6", "puntret_tds": 0, "kickret_lngtd": 0, "puntret_ret": 1, "kickret_lng": 98, "receiving_tds": 1, "puntret_avg": 27, "puntret_lngtd": 0, "kickret_tds": 1, "receiving_lng": 48, "kickret_avg": 53, "puntret_lng": 27, "active": "true", "receiving_rec": 5, "receiving_twopta": 0, "receiving_yds": 91, "receiving_lngtd": 48, "receiving_twoptm": 0, "kickret_ret": 2}, {"receiving_tds": 0, "rushing_yds": -6, "receiving_lngtd": 0, "puntret_ret": 5, "puntret_avg": 6, "rushing_tds": 0, "rushing_twopta": 0, "receiving_rec": 4, "receiving_twopta": 0, "receiving_yds": 46, "rushing_att": 1, "receiving_twoptm": 0, "rushing_twoptm": 0, "week": "7", "puntret_lngtd": 0, "kickret_lngtd": 0, "rushing_lngtd": 0, "receiving_lng": 15, "puntret_lng": 18, "active": "true", "puntret_tds": 0, "kickret_lng": 14, "kickret_avg": 14, "rushing_lng": -6, "kickret_tds": 0, "kickret_ret": 1}, {"week": "8", "active": "false"}, {"week": "9", "puntret_tds": 0, "kickret_lngtd": 0, "puntret_ret": 1, "kickret_lng": 18, "receiving_tds": 0, "puntret_avg": 19, "puntret_lngtd": 0, "kickret_tds": 0, "receiving_lng": 12, "kickret_avg": 10, "puntret_lng": 19, "active": "true", "receiving_rec": 1, "receiving_twopta": 0, "receiving_yds": 12, "receiving_lngtd": 0, "receiving_twoptm": 0, "kickret_ret": 3}, {"week": "10", "fumbles_tot": 1, "puntret_ret": 3, "puntret_avg": 40, "fumbles_yds": 0, "fumbles_lost": 0, "fumbles_trcv": 1, "fumbles_rcv": 1, "puntret_tds": 1, "active": "true", "puntret_lng": 82, "puntret_lngtd": 82}, {"week": "11", "puntret_tds": 0, "kickret_lngtd": 0, "puntret_ret": 2, "kickret_lng": 22, "puntret_avg": 29, "puntret_lngtd": 0, "kickret_avg": 16, "puntret_lng": 37, "kickret_tds": 0, "active": "true", "kickret_ret": 3}, {"week": "12", "puntret_tds": 0, "kickret_lngtd": 0, "puntret_ret": 2, "kickret_lng": 21, "puntret_avg": 3, "puntret_lngtd": 0, "kickret_avg": 19, "puntret_lng": 7, "kickret_tds": 0, "active": "true", "kickret_ret": 2}, {"fumbles_tot": 1, "receiving_tds": 0, "fumbles_rcv": 1, "kickret_tds": 0, "receiving_lngtd": 0, "puntret_ret": 3, "puntret_avg": 13, "fumbles_lost": 0, "receiving_rec": 3, "receiving_twopta": 0, "receiving_yds": 35, "receiving_twoptm": 0, "week": "13", "puntret_lngtd": 0, "kickret_lngtd": 0, "fumbles_yds": 0, "receiving_lng": 17, "puntret_lng": 44, "active": "true", "puntret_tds": 0, "kickret_lng": 23, "fumbles_trcv": 1, "kickret_avg": 23, "kickret_ret": 1}, {"week": "14", "puntret_tds": 0, "kickret_lngtd": 0, "puntret_ret": 2, "kickret_lng": 25, "puntret_avg": 18, "puntret_lngtd": 0, "kickret_avg": 25, "puntret_lng": 26, "kickret_tds": 0, "active": "true", "kickret_ret": 1}, {"week": "15", "kickret_lngtd": 0, "kickret_lng": 17, "kickret_avg": 17, "kickret_tds": 0, "active": "true", "kickret_ret": 1}, {"week": "16", "puntret_tds": 0, "kickret_lngtd": 0, "puntret_ret": 2, "kickret_lng": 35, "puntret_avg": 3, "puntret_lngtd": 0, "kickret_avg": 23, "puntret_lng": 7, "kickret_tds": 0, "active": "true", "kickret_ret": 5}, {"week": "17", "puntret_tds": 0, "kickret_lngtd": 0, "puntret_ret": 2, "kickret_lng": 14, "receiving_tds": 0, "puntret_avg": 2, "puntret_lngtd": 0, "kickret_tds": 0, "receiving_lng": 14, "kickret_avg": 11, "puntret_lng": 3, "active": "true", "receiving_rec": 1, "receiving_twopta": 0, "receiving_yds": 14, "receiving_lngtd": 0, "receiving_twoptm": 0, "kickret_ret": 2}], "2012": [{"receiving_tds": 0, "rushing_yds": -4, "receiving_lngtd": 0, "puntret_ret": 1, "puntret_avg": 23, "rushing_tds": 0, "rushing_twopta": 0, "receiving_rec": 2, "receiving_twopta": 0, "receiving_yds": 27, "rushing_att": 1, "receiving_twoptm": 0, "rushing_twoptm": 0, "week": "1", "puntret_lngtd": 0, "kickret_lngtd": 0, "rushing_lngtd": 0, "receiving_lng": 29, "puntret_lng": 23, "active": "true", "puntret_tds": 0, "kickret_lng": 31, "kickret_avg": 24, "rushing_lng": -4, "kickret_tds": 0, "kickret_ret": 2}, {"week": "2", "puntret_tds": 0, "kickret_lngtd": 0, "puntret_ret": 2, "kickret_lng": 38, "puntret_avg": 4, "puntret_lngtd": 0, "kickret_avg": 28, "puntret_lng": 7, "kickret_tds": 0, "active": "true", "kickret_ret": 2}, {"week": "3", "puntret_tds": 0, "kickret_lngtd": 0, "rushing_lngtd": 0, "kickret_lng": 37, "kickret_tds": 0, "puntret_avg": 13, "puntret_lngtd": 0, "kickret_ret": 3, "rushing_tds": 0, "kickret_avg": 28, "puntret_lng": 19, "rushing_twopta": 0, "puntret_ret": 3, "rushing_lng": 8, "rushing_yds": 8, "active": "true", "rushing_att": 1, "rushing_twoptm": 0}, {"week": "4", "puntret_tds": 0, "kickret_lngtd": 0, "puntret_ret": 1, "kickret_lng": 29, "receiving_tds": 1, "puntret_avg": 8, "puntret_lngtd": 0, "kickret_tds": 0, "receiving_lng": 34, "kickret_avg": 25, "puntret_lng": 8, "active": "true", "receiving_rec": 3, "receiving_twopta": 0, "receiving_yds": 38, "receiving_lngtd": 34, "receiving_twoptm": 0, "kickret_ret": 2}, {"week": "5", "puntret_tds": 0, "kickret_lngtd": 0, "puntret_ret": 4, "kickret_lng": 28, "receiving_tds": 0, "puntret_avg": 2, "puntret_lngtd": 0, "kickret_tds": 0, "receiving_lng": 39, "kickret_avg": 28, "puntret_lng": 4, "active": "true", "receiving_rec": 2, "receiving_twopta": 0, "receiving_yds": 49, "receiving_lngtd": 0, "receiving_twoptm": 0, "kickret_ret": 1}, {"week": "6", "active": "false"}, {"week": "7", "puntret_tds": 0, "puntret_ret": 1, "receiving_tds": 0, "puntret_avg": 5, "puntret_lngtd": 0, "receiving_lng": 23, "puntret_lng": 5, "active": "true", "receiving_rec": 3, "receiving_twopta": 0, "receiving_yds": 38, "receiving_lngtd": 0, "receiving_twoptm": 0}, {"week": "8", "puntret_tds": 0, "puntret_ret": 2, "receiving_tds": 0, "puntret_avg": 5, "puntret_lngtd": 0, "receiving_lng": 5, "puntret_lng": 11, "active": "true", "receiving_rec": 1, "receiving_twopta": 0, "receiving_yds": 5, "receiving_lngtd": 0, "receiving_twoptm": 0}, {"week": "9", "puntret_tds": 0, "kickret_lngtd": 0, "puntret_ret": 5, "kickret_lng": 26, "receiving_tds": 0, "puntret_avg": 13, "puntret_lngtd": 0, "kickret_tds": 0, "receiving_lng": 14, "kickret_avg": 26, "puntret_lng": 44, "active": "true", "receiving_rec": 2, "receiving_twopta": 0, "receiving_yds": 19, "receiving_lngtd": 0, "receiving_twoptm": 0, "kickret_ret": 1}, {"week": "10", "puntret_tds": 0, "kickret_lngtd": 0, "puntret_ret": 3, "kickret_lng": 20, "receiving_tds": 0, "puntret_avg": 10, "puntret_lngtd": 0, "kickret_tds": 0, "receiving_lng": 4, "kickret_avg": 19, "puntret_lng": 24, "active": "true", "receiving_rec": 2, "receiving_twopta": 0, "receiving_yds": 4, "receiving_lngtd": 0, "receiving_twoptm": 0, "kickret_ret": 2}, {"fumbles_tot": 1, "receiving_tds": 0, "fumbles_rcv": 0, "kickret_tds": 0, "receiving_lngtd": 0, "puntret_ret": 3, "puntret_avg": 0, "fumbles_lost": 0, "receiving_rec": 3, "receiving_twopta": 0, "receiving_yds": 23, "receiving_twoptm": 0, "week": "11", "puntret_lngtd": 0, "kickret_lngtd": 0, "fumbles_yds": 0, "receiving_lng": 9, "puntret_lng": 4, "active": "true", "puntret_tds": 0, "kickret_lng": 30, "fumbles_trcv": 0, "kickret_avg": 25, "kickret_ret": 5}, {"week": "12", "puntret_tds": 0, "puntret_ret": 1, "puntret_avg": 6, "puntret_lngtd": 0, "puntret_lng": 6, "active": "true"}, {"week": "13", "active": "false"}, {"week": "14", "puntret_tds": 0, "puntret_ret": 5, "receiving_tds": 0, "puntret_avg": 11, "puntret_lngtd": 0, "receiving_lng": 14, "puntret_lng": 21, "active": "true", "receiving_rec": 5, "receiving_twopta": 0, "receiving_yds": 39, "receiving_lngtd": 0, "receiving_twoptm": 0}, {"week": "15", "puntret_tds": 0, "kickret_lngtd": 0, "puntret_ret": 3, "kickret_lng": 40, "puntret_avg": 14, "puntret_lngtd": 0, "kickret_avg": 31, "puntret_lng": 24, "kickret_tds": 0, "active": "true", "kickret_ret": 2}, {"week": "16", "puntret_tds": 0, "kickret_lngtd": 0, "puntret_ret": 3, "kickret_lng": 40, "puntret_avg": 6, "puntret_lngtd": 0, "kickret_avg": 40, "puntret_lng": 9, "kickret_tds": 0, "active": "true", "kickret_ret": 1}, {"week": "17", "puntret_tds": 0, "kickret_lngtd": 0, "rushing_lngtd": 0, "kickret_lng": 27, "kickret_tds": 0, "puntret_avg": 2, "puntret_lngtd": 0, "kickret_ret": 3, "rushing_tds": 0, "kickret_avg": 19, "puntret_lng": 5, "rushing_twopta": 0, "puntret_ret": 3, "rushing_lng": 2, "rushing_yds": 2, "active": "true", "rushing_att": 1, "rushing_twoptm": 0}], "2013": [{"week": "1", "puntret_tds": 0, "kickret_lngtd": 0, "puntret_ret": 2, "kickret_lng": 31, "puntret_avg": 0, "puntret_lngtd": 0, "kickret_avg": 31, "puntret_lng": 3, "kickret_tds": 0, "active": "true", "kickret_ret": 1}, {"week": "2", "kickret_lngtd": 0, "kickret_lng": 80, "kickret_avg": 49, "kickret_tds": 0, "active": "true", "kickret_ret": 5}, {"week": "3", "kickret_lngtd": 0, "kickret_lng": 21, "kickret_avg": 13, "kickret_tds": 0, "active": "true", "kickret_ret": 2}, {"week": "4", "fumbles_tot": 1, "kickret_lngtd": 0, "puntret_ret": 2, "kickret_lng": 32, "puntret_avg": 8, "fumbles_yds": 0, "fumbles_lost": 0, "fumbles_trcv": 0, "fumbles_rcv": 0, "puntret_tds": 0, "kickret_avg": 24, "kickret_tds": 0, "active": "true", "puntret_lng": 11, "kickret_ret": 6, "puntret_lngtd": 0}, {"week": "5", "puntret_tds": 0, "kickret_lngtd": 0, "puntret_ret": 1, "kickret_lng": 26, "puntret_avg": 17, "puntret_lngtd": 0, "kickret_avg": 24, "puntret_lng": 17, "kickret_tds": 0, "active": "true", "kickret_ret": 2}, {"week": "6", "fumbles_tot": 1, "kickret_lngtd": 0, "puntret_ret": 1, "kickret_lng": 28, "puntret_avg": 0, "fumbles_yds": 0, "fumbles_lost": 0, "fumbles_trcv": 0, "fumbles_rcv": 0, "puntret_tds": 0, "kickret_avg": 24, "kickret_tds": 0, "active": "true", "puntret_lng": 0, "kickret_ret": 3, "puntret_lngtd": 0}, {"week": "7", "puntret_tds": 1, "kickret_lngtd": 0, "puntret_ret": 3, "kickret_lng": 28, "puntret_avg": 28, "puntret_lngtd": 81, "kickret_avg": 17, "puntret_lng": 81, "kickret_tds": 0, "active": "true", "kickret_ret": 3}, {"week": "8", "active": "false"}, {"week": "9", "puntret_tds": 0, "kickret_lngtd": 0, "puntret_ret": 1, "kickret_lng": 29, "puntret_avg": 23, "puntret_lngtd": 0, "kickret_avg": 22, "puntret_lng": 23, "kickret_tds": 0, "active": "true", "kickret_ret": 4}, {"week": "10", "puntret_tds": 0, "kickret_lngtd": 0, "puntret_ret": 1, "kickret_lng": 39, "puntret_avg": 16, "puntret_lngtd": 0, "kickret_avg": 28, "puntret_lng": 16, "kickret_tds": 0, "active": "true", "kickret_ret": 4}, {"week": "11", "puntret_tds": 0, "kickret_lngtd": 0, "puntret_ret": 1, "kickret_lng": 28, "puntret_avg": 0, "puntret_lngtd": 0, "kickret_avg": 28, "puntret_lng": 0, "kickret_tds": 0, "active": "true", "kickret_ret": 1}, {"week": "12", "fumbles_tot": 1, "kickret_lngtd": 0, "puntret_ret": 1, "kickret_lng": 26, "puntret_avg": 0, "fumbles_yds": 0, "fumbles_lost": 0, "fumbles_trcv": 1, "fumbles_rcv": 1, "puntret_tds": 0, "kickret_avg": 22, "kickret_tds": 0, "active": "true", "puntret_lng": 0, "kickret_ret": 4, "puntret_lngtd": 0}, {"week": "13", "puntret_tds": 0, "kickret_lngtd": 0, "puntret_ret": 2, "kickret_lng": 57, "puntret_avg": 4, "puntret_lngtd": 0, "kickret_avg": 39, "puntret_lng": 8, "kickret_tds": 0, "active": "true", "kickret_ret": 2}, {"week": "14", "puntret_tds": 0, "kickret_lngtd": 0, "puntret_ret": 1, "kickret_lng": 27, "puntret_avg": 19, "puntret_lngtd": 0, "kickret_avg": 26, "puntret_lng": 19, "kickret_tds": 0, "active": "true", "kickret_ret": 2}, {"week": "15", "puntret_tds": 0, "kickret_lngtd": 0, "puntret_ret": 1, "kickret_lng": 40, "puntret_avg": 21, "puntret_lngtd": 0, "kickret_avg": 35, "puntret_lng": 21, "kickret_tds": 0, "active": "true", "kickret_ret": 3}, {"week": "16", "fumbles_tot": 1, "kickret_lngtd": 0, "kickret_lng": 37, "fumbles_yds": 0, "fumbles_lost": 1, "fumbles_trcv": 0, "fumbles_rcv": 0, "kickret_avg": 23, "kickret_tds": 0, "active": "true", "kickret_ret": 6}, {"week": "17", "fumbles_tot": 1, "kickret_lngtd": 0, "puntret_ret": 1, "kickret_lng": 39, "puntret_avg": 49, "fumbles_yds": 0, "fumbles_lost": 0, "fumbles_trcv": 1, "fumbles_rcv": 1, "puntret_tds": 0, "kickret_avg": 25, "kickret_tds": 0, "active": "true", "puntret_lng": 49, "kickret_ret": 5, "puntret_lngtd": 0}], "2014": [{"week": "1", "puntret_tds": 0, "kickret_lngtd": 0, "puntret_ret": 1, "kickret_lng": 21, "receiving_tds": 0, "puntret_avg": 1, "puntret_lngtd": 0, "kickret_tds": 0, "receiving_lng": 35, "kickret_avg": 21, "puntret_lng": 1, "active": "true", "receiving_rec": 5, "receiving_twopta": 0, "receiving_yds": 99, "receiving_lngtd": 0, "receiving_twoptm": 0, "kickret_ret": 1}, {"week": "2", "puntret_tds": 0, "kickret_lngtd": 0, "puntret_ret": 1, "kickret_lng": 36, "receiving_tds": 0, "puntret_avg": 7, "puntret_lngtd": 0, "kickret_tds": 0, "receiving_lng": 2, "kickret_avg": 29, "puntret_lng": 7, "active": "true", "receiving_rec": 1, "receiving_twopta": 0, "receiving_yds": 2, "receiving_lngtd": 0, "receiving_twoptm": 0, "kickret_ret": 4}, {"fumbles_tot": 1, "receiving_tds": 0, "fumbles_rcv": 1, "rushing_yds": 20, "receiving_lngtd": 0, "puntret_ret": 3, "puntret_avg": 22, "fumbles_lost": 0, "rushing_tds": 1, "rushing_twopta": 0, "receiving_rec": 1, "receiving_twopta": 0, "receiving_yds": 25, "rushing_att": 1, "receiving_twoptm": 0, "rushing_twoptm": 0, "week": "3", "puntret_lngtd": 62, "kickret_lngtd": 0, "rushing_lngtd": 20, "fumbles_yds": 0, "receiving_lng": 25, "puntret_lng": 62, "active": "true", "puntret_tds": 1, "kickret_lng": 29, "fumbles_trcv": 2, "kickret_avg": 29, "rushing_lng": 20, "kickret_tds": 0, "kickret_ret": 1}, {"week": "4", "puntret_tds": 0, "kickret_lngtd": 0, "puntret_ret": 1, "kickret_lng": 31, "receiving_tds": 1, "puntret_avg": 16, "puntret_lngtd": 0, "kickret_tds": 0, "receiving_lng": 36, "kickret_avg": 20, "puntret_lng": 16, "active": "true", "receiving_rec": 5, "receiving_twopta": 0, "receiving_yds": 70, "receiving_lngtd": 36, "receiving_twoptm": 0, "kickret_ret": 3}, {"receiving_tds": 0, "rushing_yds": 3, "receiving_lngtd": 0, "puntret_ret": 2, "puntret_avg": 11, "rushing_tds": 0, "rushing_twopta": 0, "receiving_rec": 2, "receiving_twopta": 0, "receiving_yds": 16, "rushing_att": 1, "receiving_twoptm": 0, "rushing_twoptm": 0, "week": "5", "puntret_lngtd": 0, "kickret_lngtd": 0, "rushing_lngtd": 0, "receiving_lng": 10, "puntret_lng": 25, "active": "true", "puntret_tds": 0, "kickret_lng": 22, "kickret_avg": 20, "rushing_lng": 3, "kickret_tds": 0, "kickret_ret": 3}, {"week": "6", "puntret_tds": 0, "kickret_lngtd": 0, "puntret_ret": 2, "kickret_lng": 26, "receiving_tds": 0, "puntret_avg": 5, "puntret_lngtd": 0, "kickret_tds": 0, "receiving_lng": 23, "kickret_avg": 22, "puntret_lng": 12, "active": "true", "receiving_rec": 1, "receiving_twopta": 0, "receiving_yds": 23, "receiving_lngtd": 0, "receiving_twoptm": 0, "kickret_ret": 2}, {"week": "7", "puntret_tds": 0, "kickret_lngtd": 0, "puntret_ret": 1, "kickret_lng": 26, "receiving_tds": 0, "puntret_avg": 6, "puntret_lngtd": 0, "kickret_tds": 0, "receiving_lng": 20, "kickret_avg": 18, "puntret_lng": 6, "active": "true", "receiving_rec": 3, "receiving_twopta": 0, "receiving_yds": 28, "receiving_lngtd": 0, "receiving_twoptm": 0, "kickret_ret": 3}, {"week": "8", "puntret_tds": 0, "kickret_lngtd": 0, "puntret_ret": 1, "kickret_lng": 28, "puntret_avg": 20, "puntret_lngtd": 0, "kickret_avg": 22, "puntret_lng": 20, "kickret_tds": 0, "active": "true", "kickret_ret": 2}, {"week": "9", "active": "false"}, {"week": "10", "kickret_lngtd": 0, "rushing_lngtd": 0, "kickret_lng": 48, "receiving_tds": 0, "receiving_twopta": 0, "kickret_ret": 4, "receiving_lng": 5, "rushing_tds": 0, "kickret_avg": 26, "rushing_twopta": 0, "active": "true", "receiving_rec": 1, "rushing_lng": 0, "rushing_yds": 0, "receiving_lngtd": 0, "receiving_yds": 5, "rushing_att": 1, "receiving_twoptm": 0, "rushing_twoptm": 0, "kickret_tds": 0}, {"fumbles_tot": 1, "receiving_tds": 0, "fumbles_rcv": 0, "rushing_yds": 9, "receiving_lngtd": 0, "fumbles_lost": 1, "rushing_tds": 0, "rushing_twopta": 0, "receiving_rec": 3, "receiving_twopta": 0, "receiving_yds": 34, "rushing_att": 1, "receiving_twoptm": 0, "rushing_twoptm": 0, "week": "11", "kickret_lngtd": 0, "rushing_lngtd": 0, "fumbles_yds": 0, "receiving_lng": 18, "active": "true", "kickret_lng": 19, "fumbles_trcv": 0, "kickret_avg": 19, "rushing_lng": 9, "kickret_tds": 0, "kickret_ret": 1}, {"week": "12", "puntret_tds": 0, "kickret_lngtd": 0, "puntret_ret": 1, "kickret_lng": 27, "receiving_tds": 0, "puntret_avg": 12, "puntret_lngtd": 0, "kickret_tds": 0, "receiving_lng": 16, "kickret_avg": 21, "puntret_lng": 12, "active": "true", "receiving_rec": 4, "receiving_twopta": 0, "receiving_yds": 50, "receiving_lngtd": 0, "receiving_twoptm": 0, "kickret_ret": 4}, {"receiving_tds": 0, "rushing_yds": 4, "receiving_lngtd": 0, "puntret_ret": 2, "puntret_avg": 34, "rushing_tds": 0, "rushing_twopta": 0, "receiving_rec": 1, "receiving_twopta": 0, "receiving_yds": 10, "rushing_att": 1, "receiving_twoptm": 0, "rushing_twoptm": 0, "week": "13", "puntret_lngtd": 0, "kickret_lngtd": 0, "rushing_lngtd": 0, "receiving_lng": 10, "puntret_lng": 68, "active": "true", "puntret_tds": 0, "kickret_lng": 33, "kickret_avg": 30, "rushing_lng": 4, "kickret_tds": 0, "kickret_ret": 3}, {"week": "14", "active": "false"}]}}