{"D.Hixon": {"2009": [{"week": "1", "puntret_tds": 0, "puntret_ret": 1, "receiving_tds": 0, "puntret_avg": 0, "receiving_lng": 10, "puntret_lng": 0, "active": "true", "receiving_rec": 1, "receiving_twopta": 0, "receiving_yds": 10, "receiving_twoptm": 0}, {"week": "2", "puntret_tds": 0, "puntret_ret": 1, "receiving_tds": 0, "puntret_avg": 5, "receiving_lng": 13, "puntret_lng": 5, "active": "true", "receiving_rec": 1, "receiving_twopta": 0, "receiving_yds": 13, "receiving_twoptm": 0}, {"week": "3", "active": "false"}, {"week": "4", "active": "false"}, {"week": "5", "active": "false"}, {"week": "6", "puntret_tds": 0, "puntret_ret": 2, "kickret_lng": 68, "receiving_tds": 0, "puntret_avg": 25, "kickret_tds": 0, "receiving_lng": 10, "kickret_avg": 32, "puntret_lng": 27, "active": "true", "receiving_rec": 3, "receiving_twopta": 0, "receiving_yds": 22, "receiving_twoptm": 0, "kickret_ret": 7}, {"week": "7", "puntret_tds": 0, "puntret_ret": 2, "kickret_lng": 25, "receiving_tds": 0, "puntret_avg": 13, "kickret_tds": 0, "receiving_lng": 6, "kickret_avg": 19, "puntret_lng": 16, "active": "true", "receiving_rec": 1, "receiving_twopta": 0, "receiving_yds": 6, "receiving_twoptm": 0, "kickret_ret": 3}, {"week": "8", "fumbles_tot": 1, "puntret_ret": 1, "kickret_lng": 27, "receiving_tds": 0, "fumbles_yds": 0, "fumbles_lost": 1, "fumbles_trcv": 0, "kickret_tds": 0, "receiving_lng": 3, "fumbles_rcv": 0, "puntret_tds": 0, "kickret_avg": 23, "active": "true", "puntret_avg": 2, "receiving_rec": 1, "receiving_twopta": 0, "receiving_yds": 3, "receiving_twoptm": 0, "puntret_lng": 2, "kickret_ret": 7}, {"week": "9", "puntret_tds": 0, "puntret_ret": 1, "kickret_lng": 25, "receiving_tds": 0, "puntret_avg": 13, "kickret_tds": 0, "receiving_lng": 8, "kickret_avg": 18, "puntret_lng": 13, "active": "true", "receiving_rec": 1, "receiving_twopta": 0, "receiving_yds": 8, "receiving_twoptm": 0, "kickret_ret": 4}, {"week": "10", "active": "false"}, {"week": "11", "kickret_lng": 34, "receiving_tds": 0, "kickret_tds": 0, "receiving_lng": 16, "kickret_avg": 23, "active": "true", "receiving_rec": 1, "receiving_twopta": 0, "receiving_yds": 16, "receiving_twoptm": 0, "kickret_ret": 7}, {"week": "12", "puntret_tds": 0, "puntret_ret": 2, "kickret_lng": 20, "receiving_tds": 0, "puntret_avg": 10, "kickret_tds": 0, "receiving_lng": 5, "kickret_avg": 20, "puntret_lng": 14, "active": "true", "receiving_rec": 1, "receiving_twopta": 0, "receiving_yds": 5, "receiving_twoptm": 0, "kickret_ret": 2}, {"week": "13", "puntret_tds": 1, "puntret_ret": 3, "kickret_lng": 20, "puntret_avg": 31, "kickret_avg": 17, "puntret_lng": 79, "kickret_tds": 0, "active": "true", "kickret_ret": 4}, {"week": "14", "fumbles_tot": 2, "puntret_ret": 2, "kickret_lng": 31, "receiving_tds": 1, "fumbles_yds": 0, "fumbles_lost": 1, "fumbles_trcv": 0, "kickret_tds": 0, "receiving_lng": 61, "fumbles_rcv": 0, "puntret_tds": 0, "kickret_avg": 21, "active": "true", "puntret_avg": 9, "receiving_rec": 1, "receiving_twopta": 0, "receiving_yds": 61, "receiving_twoptm": 0, "puntret_lng": 12, "kickret_ret": 8}, {"week": "15", "puntret_tds": 0, "puntret_ret": 2, "kickret_lng": 30, "receiving_tds": 0, "puntret_avg": 12, "kickret_tds": 0, "receiving_lng": 11, "kickret_avg": 15, "puntret_lng": 15, "active": "true", "receiving_rec": 2, "receiving_twopta": 0, "receiving_yds": 21, "receiving_twoptm": 0, "kickret_ret": 2}, {"week": "16", "kickret_lng": 35, "receiving_tds": 0, "kickret_tds": 0, "receiving_lng": 13, "kickret_avg": 22, "active": "true", "receiving_rec": 2, "receiving_twopta": 0, "receiving_yds": 22, "receiving_twoptm": 0, "kickret_ret": 5}, {"week": "17", "kickret_lng": 27, "kickret_avg": 22, "kickret_tds": 0, "active": "true", "kickret_ret": 8}], "2010": [{"week": "1", "active": "false"}, {"week": "2", "active": "false"}, {"week": "3", "active": "false"}, {"week": "4", "active": "false"}, {"week": "5", "active": "false"}, {"week": "6", "active": "false"}, {"week": "7", "active": "false"}, {"week": "8", "active": "false"}, {"week": "9", "active": "false"}, {"week": "10", "active": "false"}, {"week": "11", "active": "false"}, {"week": "12", "active": "false"}, {"week": "13", "active": "false"}, {"week": "14", "active": "false"}, {"week": "15", "active": "false"}, {"week": "16", "active": "false"}, {"week": "17", "active": "false"}], "2011": [{"week": "1", "puntret_tds": 0, "puntret_ret": 2, "receiving_tds": 0, "puntret_avg": 13, "puntret_lngtd": 0, "receiving_lng": 14, "puntret_lng": 18, "active": "true", "receiving_rec": 2, "receiving_twopta": 0, "receiving_yds": 21, "receiving_lngtd": 0, "receiving_twoptm": 0}, {"week": "2", "puntret_tds": 0, "puntret_ret": 1, "receiving_tds": 1, "puntret_avg": 4, "puntret_lngtd": 0, "receiving_lng": 22, "puntret_lng": 4, "active": "true", "receiving_rec": 2, "receiving_twopta": 0, "receiving_yds": 29, "receiving_lngtd": 22, "receiving_twoptm": 0}, {"week": "3", "active": "false"}, {"week": "4", "active": "false"}, {"week": "5", "active": "false"}, {"week": "6", "active": "false"}, {"week": "7", "active": "false"}, {"week": "8", "active": "false"}, {"week": "9", "active": "false"}, {"week": "10", "active": "false"}, {"week": "11", "active": "false"}, {"week": "12", "active": "false"}, {"week": "13", "active": "false"}, {"week": "14", "active": "false"}, {"week": "15", "active": "false"}, {"week": "16", "active": "false"}, {"week": "17", "active": "false"}], "2012": [{"week": "1", "puntret_tds": 0, "puntret_ret": 1, "receiving_tds": 0, "puntret_avg": 5, "puntret_lngtd": 0, "receiving_lng": 39, "puntret_lng": 5, "active": "true", "receiving_rec": 3, "receiving_twopta": 0, "receiving_yds": 55, "receiving_lngtd": 0, "receiving_twoptm": 0}, {"week": "2", "receiving_tds": 0, "receiving_lng": 12, "active": "true", "receiving_rec": 1, "receiving_twopta": 0, "receiving_yds": 12, "receiving_lngtd": 0, "receiving_twoptm": 0}, {"week": "3", "active": "false"}, {"week": "4", "receiving_tds": 0, "receiving_lng": 41, "active": "true", "receiving_rec": 6, "receiving_twopta": 0, "receiving_yds": 114, "receiving_lngtd": 0, "receiving_twoptm": 0}, {"week": "5", "receiving_tds": 0, "receiving_lng": 17, "active": "true", "receiving_rec": 5, "receiving_twopta": 0, "receiving_yds": 55, "receiving_lngtd": 0, "receiving_twoptm": 0}, {"week": "6", "receiving_tds": 0, "receiving_lng": 39, "active": "true", "receiving_rec": 4, "receiving_twopta": 0, "receiving_yds": 78, "receiving_lngtd": 0, "receiving_twoptm": 0}, {"week": "7", "receiving_tds": 0, "receiving_lng": 19, "active": "true", "receiving_rec": 3, "receiving_twopta": 0, "receiving_yds": 32, "receiving_lngtd": 0, "receiving_twoptm": 0}, {"week": "8", "receiving_tds": 0, "receiving_lng": 18, "active": "true", "receiving_rec": 3, "receiving_twopta": 0, "receiving_yds": 26, "receiving_lngtd": 0, "receiving_twoptm": 0}, {"week": "9", "active": "false"}, {"week": "10", "receiving_tds": 0, "receiving_lng": 8, "active": "true", "receiving_rec": 1, "receiving_twopta": 0, "receiving_yds": 8, "receiving_lngtd": 0, "receiving_twoptm": 0}, {"week": "11", "active": "false"}, {"week": "12", "active": "false"}, {"week": "13", "active": "false"}, {"week": "14", "puntret_tds": 0, "puntret_ret": 2, "receiving_tds": 1, "puntret_avg": 9, "puntret_lngtd": 0, "receiving_lng": 16, "puntret_lng": 10, "active": "true", "receiving_rec": 3, "receiving_twopta": 0, "receiving_yds": 30, "receiving_lngtd": 5, "receiving_twoptm": 0}, {"week": "15", "receiving_tds": 0, "receiving_lng": 37, "active": "true", "receiving_rec": 5, "receiving_twopta": 0, "receiving_yds": 80, "receiving_lngtd": 0, "receiving_twoptm": 0}, {"week": "16", "puntret_tds": 0, "puntret_ret": 2, "receiving_tds": 1, "puntret_avg": 6, "puntret_lngtd": 0, "receiving_lng": 14, "puntret_lng": 10, "active": "true", "receiving_rec": 3, "receiving_twopta": 0, "receiving_yds": 36, "receiving_lngtd": 13, "receiving_twoptm": 0}, {"week": "17", "receiving_tds": 0, "receiving_lng": 30, "active": "true", "receiving_rec": 2, "receiving_twopta": 0, "receiving_yds": 41, "receiving_lngtd": 0, "receiving_twoptm": 0}], "2013": [{"week": "1", "active": "false"}, {"week": "2", "active": "false"}, {"week": "3", "receiving_tds": 0, "receiving_lng": 8, "active": "true", "receiving_rec": 1, "receiving_twopta": 0, "receiving_yds": 8, "receiving_lngtd": 0, "receiving_twoptm": 0}, {"week": "4", "active": "false"}, {"week": "5", "active": "false"}, {"week": "6", "active": "false"}, {"week": "7", "active": "false"}, {"week": "8", "receiving_tds": 0, "receiving_lng": 4, "active": "true", "receiving_rec": 1, "receiving_twopta": 0, "receiving_yds": 4, "receiving_lngtd": 0, "receiving_twoptm": 0}, {"week": "9", "active": "false"}, {"week": "10", "receiving_tds": 0, "receiving_lng": 9, "active": "true", "receiving_rec": 1, "receiving_twopta": 0, "receiving_yds": 9, "receiving_lngtd": 0, "receiving_twoptm": 0}, {"week": "11", "active": "false"}, {"week": "12", "active": "false"}, {"week": "13", "active": "false"}, {"week": "14", "active": "false"}, {"week": "15", "active": "false"}, {"week": "16", "receiving_tds": 1, "receiving_lng": 14, "active": "true", "receiving_rec": 2, "receiving_twopta": 0, "receiving_yds": 18, "receiving_lngtd": 14, "receiving_twoptm": 0}, {"week": "17", "receiving_tds": 0, "receiving_lng": 12, "active": "true", "receiving_rec": 2, "receiving_twopta": 0, "receiving_yds": 16, "receiving_lngtd": 0, "receiving_twoptm": 0}], "2014": [{"week": "1", "active": "false"}, {"week": "2", "active": "false"}, {"week": "3", "active": "false"}, {"week": "4", "active": "false"}, {"week": "5", "active": "false"}, {"week": "6", "active": "false"}, {"week": "7", "active": "false"}, {"week": "8", "active": "false"}, {"week": "9", "active": "false"}, {"week": "10", "active": "false"}, {"week": "11", "active": "false"}, {"week": "12", "active": "false"}, {"week": "13", "active": "false"}, {"week": "14", "active": "false"}]}}