{"D.Lee": {"2009": [{"week": "1", "receiving_tds": 0, "receiving_lng": 7, "active": "true", "receiving_rec": 3, "receiving_twopta": 0, "receiving_yds": 8, "receiving_twoptm": 0}, {"week": "2", "receiving_tds": 0, "receiving_lng": 11, "active": "true", "receiving_rec": 4, "receiving_twopta": 0, "receiving_yds": 28, "receiving_twoptm": 0}, {"week": "3", "receiving_tds": 0, "receiving_lng": 8, "active": "true", "receiving_rec": 2, "receiving_twopta": 0, "receiving_yds": 10, "receiving_twoptm": 0}, {"week": "4", "receiving_tds": 0, "receiving_lng": 16, "active": "true", "receiving_rec": 4, "receiving_twopta": 0, "receiving_yds": 28, "receiving_twoptm": 0}, {"week": "5", "active": "false"}, {"week": "6", "receiving_tds": 0, "receiving_lng": 18, "active": "true", "receiving_rec": 3, "receiving_twopta": 0, "receiving_yds": 39, "receiving_twoptm": 0}, {"week": "7", "receiving_tds": 0, "receiving_lng": 19, "active": "true", "receiving_rec": 3, "receiving_twopta": 0, "receiving_yds": 39, "receiving_twoptm": 0}, {"week": "8", "receiving_tds": 0, "receiving_lng": 9, "active": "true", "receiving_rec": 3, "receiving_twopta": 0, "receiving_yds": 17, "receiving_twoptm": 0}, {"week": "9", "receiving_tds": 0, "receiving_lng": 5, "active": "true", "receiving_rec": 1, "receiving_twopta": 0, "receiving_yds": 5, "receiving_twoptm": 0}, {"week": "10", "fumbles_tot": 0, "receiving_tds": 0, "fumbles_yds": 0, "fumbles_lost": 0, "fumbles_trcv": 1, "receiving_lng": 17, "fumbles_rcv": 1, "active": "true", "receiving_rec": 2, "receiving_twopta": 0, "receiving_yds": 21, "receiving_twoptm": 0}, {"week": "11", "active": "false"}, {"week": "12", "receiving_tds": 1, "receiving_lng": 10, "active": "true", "receiving_rec": 4, "receiving_twopta": 0, "receiving_yds": 22, "receiving_twoptm": 0}, {"week": "13", "receiving_tds": 0, "receiving_lng": 3, "active": "true", "receiving_rec": 1, "receiving_twopta": 0, "receiving_yds": 3, "receiving_twoptm": 0}, {"week": "14", "receiving_tds": 0, "receiving_lng": 13, "active": "true", "receiving_rec": 2, "receiving_twopta": 0, "receiving_yds": 16, "receiving_twoptm": 0}, {"week": "15", "receiving_tds": 0, "receiving_lng": 4, "active": "true", "receiving_rec": 2, "receiving_twopta": 0, "receiving_yds": 4, "receiving_twoptm": 0}, {"week": "16", "active": "false"}, {"week": "17", "receiving_tds": 0, "receiving_lng": 8, "active": "true", "receiving_rec": 2, "receiving_twopta": 0, "receiving_yds": 13, "receiving_twoptm": 0}], "2010": [{"week": "1", "active": "false"}, {"week": "2", "receiving_tds": 0, "receiving_lng": -1, "active": "true", "receiving_rec": 1, "receiving_twopta": 0, "receiving_yds": -1, "receiving_lngtd": 0, "receiving_twoptm": 0}, {"week": "3", "active": "false"}, {"week": "4", "receiving_tds": 0, "receiving_lng": 15, "active": "true", "receiving_rec": 1, "receiving_twopta": 0, "receiving_yds": 15, "receiving_lngtd": 0, "receiving_twoptm": 0}, {"week": "5", "fumbles_tot": 1, "receiving_tds": 1, "fumbles_yds": 0, "fumbles_lost": 1, "fumbles_trcv": 0, "receiving_lng": 17, "fumbles_rcv": 0, "active": "true", "receiving_rec": 2, "receiving_twopta": 0, "receiving_yds": 22, "receiving_lngtd": 5, "receiving_twoptm": 0}, {"week": "6", "active": "false"}, {"week": "7", "receiving_tds": 0, "receiving_lng": 16, "active": "true", "receiving_rec": 2, "receiving_twopta": 0, "receiving_yds": 27, "receiving_lngtd": 0, "receiving_twoptm": 0}, {"week": "8", "receiving_tds": 0, "receiving_lng": 5, "active": "true", "receiving_rec": 1, "receiving_twopta": 0, "receiving_yds": 5, "receiving_lngtd": 0, "receiving_twoptm": 0}, {"week": "9", "active": "false"}, {"week": "10", "active": "false"}, {"week": "11", "receiving_tds": 0, "receiving_lng": 0, "active": "true", "receiving_rec": 1, "receiving_twopta": 0, "receiving_yds": 0, "receiving_lngtd": 0, "receiving_twoptm": 0}, {"week": "12", "active": "false"}, {"week": "13", "active": "false"}, {"week": "14", "active": "false"}, {"week": "15", "active": "false"}, {"week": "16", "receiving_tds": 1, "receiving_lng": 3, "active": "true", "receiving_rec": 2, "receiving_twopta": 0, "receiving_yds": 4, "receiving_lngtd": 1, "receiving_twoptm": 0}, {"week": "17", "receiving_tds": 1, "receiving_lng": 1, "active": "true", "receiving_rec": 1, "receiving_twopta": 0, "receiving_yds": 1, "receiving_lngtd": 1, "receiving_twoptm": 0}], "2011": [{"week": "1", "active": "false"}, {"week": "2", "active": "false"}, {"week": "3", "receiving_tds": 0, "receiving_lng": 11, "active": "true", "receiving_rec": 1, "receiving_twopta": 0, "receiving_yds": 11, "receiving_lngtd": 0, "receiving_twoptm": 0}, {"week": "4", "active": "false"}, {"week": "5", "active": "false"}, {"week": "6", "receiving_tds": 0, "receiving_lng": 2, "active": "true", "receiving_rec": 1, "receiving_twopta": 0, "receiving_yds": 2, "receiving_lngtd": 0, "receiving_twoptm": 0}, {"week": "7", "active": "false"}, {"week": "8", "receiving_tds": 0, "receiving_lng": 26, "active": "true", "receiving_rec": 3, "receiving_twopta": 0, "receiving_yds": 44, "receiving_lngtd": 0, "receiving_twoptm": 0}, {"week": "9", "receiving_tds": 0, "receiving_lng": 25, "active": "true", "receiving_rec": 3, "receiving_twopta": 0, "receiving_yds": 49, "receiving_lngtd": 0, "receiving_twoptm": 0}, {"week": "10", "active": "false"}, {"week": "11", "active": "false"}, {"week": "12", "active": "false"}, {"week": "13", "active": "false"}, {"week": "14", "active": "false"}, {"week": "15", "active": "false"}, {"week": "16", "receiving_tds": 0, "receiving_lng": 0, "active": "true", "receiving_rec": 1, "receiving_twopta": 0, "receiving_yds": 0, "receiving_lngtd": 0, "receiving_twoptm": 0}, {"week": "17", "receiving_tds": 0, "receiving_lng": 6, "active": "true", "receiving_rec": 2, "receiving_twopta": 0, "receiving_yds": 9, "receiving_lngtd": 0, "receiving_twoptm": 0}], "2012": [{"week": "1", "active": "false"}, {"week": "2", "active": "false"}, {"week": "3", "active": "false"}, {"week": "4", "active": "false"}, {"week": "5", "active": "false"}, {"week": "6", "active": "false"}, {"week": "7", "active": "false"}, {"week": "8", "active": "false"}, {"week": "9", "active": "false"}, {"week": "10", "active": "false"}, {"week": "11", "active": "false"}, {"week": "12", "active": "false"}, {"week": "13", "active": "false"}, {"week": "14", "active": "false"}, {"week": "15", "active": "false"}, {"week": "16", "active": "false"}, {"week": "17", "active": "false"}], "2013": [{"week": "1", "active": "false"}, {"week": "2", "active": "false"}, {"week": "3", "active": "false"}, {"week": "4", "active": "false"}, {"week": "5", "active": "false"}, {"week": "6", "active": "false"}, {"week": "7", "active": "false"}, {"week": "8", "active": "false"}, {"week": "9", "active": "false"}, {"week": "10", "active": "false"}, {"week": "11", "active": "false"}, {"week": "12", "active": "false"}, {"week": "13", "active": "false"}, {"week": "14", "active": "false"}, {"week": "15", "active": "false"}, {"week": "16", "active": "false"}, {"week": "17", "active": "false"}], "2014": [{"week": "1", "active": "false"}, {"week": "2", "active": "false"}, {"week": "3", "active": "false"}, {"week": "4", "active": "false"}, {"week": "5", "active": "false"}, {"week": "6", "active": "false"}, {"week": "7", "active": "false"}, {"week": "8", "active": "false"}, {"week": "9", "active": "false"}, {"week": "10", "active": "false"}, {"week": "11", "active": "false"}, {"week": "12", "active": "false"}, {"week": "13", "active": "false"}, {"week": "14", "active": "false"}]}}