{"D.Brown": {"2009": [{"week": "1", "receiving_lng": 10, "receiving_tds": 0, "receiving_twopta": 0, "rushing_tds": 0, "rushing_twopta": 0, "active": "true", "receiving_rec": 2, "rushing_lng": 12, "rushing_yds": 33, "receiving_yds": 16, "rushing_att": 11, "receiving_twoptm": 0, "rushing_twoptm": 0}, {"week": "2", "fumbles_tot": 0, "fumbles_yds": 0, "fumbles_lost": 0, "fumbles_trcv": 1, "fumbles_rcv": 1, "active": "true"}, {"fumbles_tot": 0, "receiving_tds": 0, "fumbles_rcv": 1, "rushing_yds": 40, "fumbles_lost": 0, "rushing_tds": 0, "rushing_twopta": 0, "receiving_rec": 1, "receiving_twopta": 0, "receiving_yds": 72, "rushing_att": 14, "receiving_twoptm": 0, "rushing_twoptm": 0, "week": "3", "fumbles_yds": 0, "receiving_lng": 72, "active": "true", "kickret_lng": 21, "fumbles_trcv": 1, "kickret_avg": 21, "rushing_lng": 23, "kickret_tds": 0, "kickret_ret": 1}, {"week": "4", "fumbles_tot": 1, "receiving_lng": 13, "receiving_tds": 0, "fumbles_yds": 0, "receiving_twopta": 0, "fumbles_trcv": 0, "rushing_tds": 1, "fumbles_rcv": 0, "rushing_twopta": 0, "fumbles_lost": 0, "receiving_rec": 1, "rushing_lng": 12, "rushing_yds": 33, "receiving_yds": 13, "rushing_att": 9, "receiving_twoptm": 0, "rushing_twoptm": 0, "active": "true"}, {"week": "5", "receiving_lng": 9, "receiving_tds": 0, "receiving_twopta": 0, "rushing_tds": 0, "rushing_twopta": 0, "active": "true", "receiving_rec": 2, "rushing_lng": 6, "rushing_yds": 22, "receiving_yds": 13, "rushing_att": 6, "receiving_twoptm": 0, "rushing_twoptm": 0}, {"week": "6", "active": "false"}, {"week": "7", "rushing_tds": 0, "rushing_twopta": 0, "rushing_lng": 45, "rushing_yds": 58, "active": "true", "rushing_att": 2, "rushing_twoptm": 0}, {"week": "8", "active": "false"}, {"week": "9", "active": "false"}, {"week": "10", "receiving_lng": 8, "receiving_tds": 0, "receiving_twopta": 0, "rushing_tds": 0, "rushing_twopta": 0, "active": "true", "receiving_rec": 1, "rushing_lng": 7, "rushing_yds": 14, "receiving_yds": 8, "rushing_att": 4, "receiving_twoptm": 0, "rushing_twoptm": 0}, {"week": "11", "rushing_tds": 0, "rushing_twopta": 0, "rushing_lng": 6, "rushing_yds": 10, "active": "true", "rushing_att": 4, "rushing_twoptm": 0}, {"week": "12", "receiving_lng": 7, "receiving_tds": 0, "receiving_twopta": 0, "rushing_tds": 0, "rushing_twopta": 0, "active": "true", "receiving_rec": 2, "rushing_lng": 9, "rushing_yds": 27, "receiving_yds": 11, "rushing_att": 5, "receiving_twoptm": 0, "rushing_twoptm": 0}, {"week": "13", "active": "false"}, {"week": "14", "active": "false"}, {"week": "15", "active": "false"}, {"week": "16", "receiving_lng": 12, "receiving_tds": 0, "receiving_twopta": 0, "rushing_tds": 1, "rushing_twopta": 1, "active": "true", "receiving_rec": 1, "rushing_lng": 9, "rushing_yds": 22, "receiving_yds": 12, "rushing_att": 15, "receiving_twoptm": 0, "rushing_twoptm": 0}, {"week": "17", "rushing_tds": 0, "rushing_twopta": 0, "rushing_lng": 2, "rushing_yds": -4, "active": "true", "rushing_att": 4, "rushing_twoptm": 0}], "2010": [{"week": "1", "receiving_tds": 0, "receiving_lng": 7, "active": "true", "receiving_rec": 1, "receiving_twopta": 0, "receiving_yds": 7, "receiving_lngtd": 0, "receiving_twoptm": 0}, {"week": "2", "rushing_lngtd": 7, "receiving_tds": 0, "receiving_twopta": 0, "receiving_lng": 19, "rushing_tds": 1, "rushing_twopta": 0, "active": "true", "receiving_rec": 1, "rushing_lng": 11, "rushing_yds": 69, "receiving_lngtd": 0, "receiving_yds": 19, "rushing_att": 16, "receiving_twoptm": 0, "rushing_twoptm": 0}, {"week": "3", "rushing_lngtd": 0, "rushing_tds": 0, "rushing_twopta": 0, "rushing_lng": 6, "rushing_yds": 12, "active": "true", "rushing_att": 7, "rushing_twoptm": 0}, {"week": "4", "active": "false"}, {"week": "5", "active": "false"}, {"week": "6", "active": "false"}, {"week": "7", "active": "false"}, {"week": "8", "rushing_lngtd": 0, "receiving_tds": 0, "receiving_twopta": 0, "receiving_lng": 10, "rushing_tds": 0, "rushing_twopta": 0, "active": "true", "receiving_rec": 2, "rushing_lng": 5, "rushing_yds": 16, "receiving_lngtd": 0, "receiving_yds": 13, "rushing_att": 9, "receiving_twoptm": 0, "rushing_twoptm": 0}, {"week": "9", "rushing_lngtd": 0, "receiving_tds": 0, "receiving_twopta": 0, "receiving_lng": 20, "rushing_tds": 0, "rushing_twopta": 0, "active": "true", "receiving_rec": 3, "rushing_lng": 9, "rushing_yds": 50, "receiving_lngtd": 0, "receiving_yds": 47, "rushing_att": 15, "receiving_twoptm": 0, "rushing_twoptm": 0}, {"week": "10", "rushing_lngtd": 0, "rushing_tds": 0, "rushing_twopta": 0, "rushing_lng": 21, "rushing_yds": 50, "active": "true", "rushing_att": 12, "rushing_twoptm": 0}, {"week": "11", "rushing_lngtd": 0, "receiving_tds": 0, "receiving_twopta": 0, "receiving_lng": 25, "rushing_tds": 0, "rushing_twopta": 0, "active": "true", "receiving_rec": 3, "rushing_lng": 36, "rushing_yds": 68, "receiving_lngtd": 0, "receiving_yds": 40, "rushing_att": 17, "receiving_twoptm": 0, "rushing_twoptm": 0}, {"week": "12", "rushing_lngtd": 0, "receiving_tds": 0, "receiving_twopta": 0, "receiving_lng": 16, "rushing_tds": 0, "rushing_twopta": 0, "active": "true", "receiving_rec": 5, "rushing_lng": 8, "rushing_yds": 24, "receiving_lngtd": 0, "receiving_yds": 47, "rushing_att": 11, "receiving_twoptm": 0, "rushing_twoptm": 0}, {"week": "13", "rushing_lngtd": 0, "receiving_tds": 0, "receiving_twopta": 0, "receiving_lng": 4, "rushing_tds": 0, "rushing_twopta": 0, "active": "true", "receiving_rec": 1, "rushing_lng": 3, "rushing_yds": 4, "receiving_lngtd": 0, "receiving_yds": 4, "rushing_att": 4, "receiving_twoptm": 0, "rushing_twoptm": 0}, {"week": "14", "rushing_lngtd": 0, "receiving_tds": 0, "receiving_twopta": 0, "receiving_lng": 13, "rushing_tds": 0, "rushing_twopta": 0, "active": "true", "receiving_rec": 3, "rushing_lng": 11, "rushing_yds": 38, "receiving_lngtd": 0, "receiving_yds": 24, "rushing_att": 15, "receiving_twoptm": 0, "rushing_twoptm": 0}, {"week": "15", "rushing_lngtd": 43, "receiving_tds": 0, "receiving_twopta": 0, "receiving_lng": 4, "rushing_tds": 1, "rushing_twopta": 0, "active": "true", "receiving_rec": 1, "rushing_lng": 49, "rushing_yds": 129, "receiving_lngtd": 0, "receiving_yds": 4, "rushing_att": 14, "receiving_twoptm": 0, "rushing_twoptm": 0}, {"week": "16", "rushing_lngtd": 0, "rushing_tds": 0, "rushing_twopta": 0, "rushing_lng": 12, "rushing_yds": 28, "active": "true", "rushing_att": 6, "rushing_twoptm": 0}, {"week": "17", "rushing_lngtd": 0, "rushing_tds": 0, "rushing_twopta": 0, "rushing_lng": 5, "rushing_yds": 9, "active": "true", "rushing_att": 3, "rushing_twoptm": 0}], "2011": [{"week": "1", "active": "false"}, {"week": "2", "active": "false"}, {"week": "3", "active": "false"}, {"week": "4", "active": "false"}, {"week": "5", "rushing_lngtd": 0, "rushing_tds": 0, "rushing_twopta": 0, "rushing_lng": 16, "rushing_yds": 38, "active": "true", "rushing_att": 8, "rushing_twoptm": 0}, {"week": "6", "rushing_lngtd": 18, "receiving_tds": 0, "receiving_twopta": 0, "receiving_lng": 8, "rushing_tds": 1, "rushing_twopta": 0, "active": "true", "receiving_rec": 2, "rushing_lng": 18, "rushing_yds": 35, "receiving_lngtd": 0, "receiving_yds": 16, "rushing_att": 5, "receiving_twoptm": 0, "rushing_twoptm": 0}, {"week": "7", "rushing_lngtd": 0, "rushing_tds": 0, "rushing_twopta": 0, "rushing_lng": 24, "rushing_yds": 47, "active": "true", "rushing_att": 9, "rushing_twoptm": 0}, {"week": "8", "rushing_lngtd": 4, "receiving_tds": 0, "receiving_twopta": 0, "receiving_lng": 1, "rushing_tds": 1, "rushing_twopta": 0, "active": "true", "receiving_rec": 1, "rushing_lng": 9, "rushing_yds": 33, "receiving_lngtd": 0, "receiving_yds": 1, "rushing_att": 10, "receiving_twoptm": 0, "rushing_twoptm": 0}, {"week": "9", "rushing_lngtd": 0, "receiving_tds": 0, "receiving_twopta": 0, "receiving_lng": 1, "rushing_tds": 0, "rushing_twopta": 0, "active": "true", "receiving_rec": 1, "rushing_lng": 13, "rushing_yds": 70, "receiving_lngtd": 0, "receiving_yds": 1, "rushing_att": 16, "receiving_twoptm": 0, "rushing_twoptm": 0}, {"week": "10", "rushing_lngtd": 0, "receiving_tds": 0, "receiving_twopta": 0, "receiving_lng": 7, "rushing_tds": 0, "rushing_twopta": 0, "active": "true", "receiving_rec": 4, "rushing_lng": 24, "rushing_yds": 53, "receiving_lngtd": 0, "receiving_yds": 12, "rushing_att": 14, "receiving_twoptm": 0, "rushing_twoptm": 0}, {"week": "11", "active": "false"}, {"week": "12", "rushing_lngtd": 17, "receiving_tds": 0, "receiving_twopta": 0, "receiving_lng": 17, "rushing_tds": 1, "rushing_twopta": 0, "active": "true", "receiving_rec": 1, "rushing_lng": 17, "rushing_yds": 80, "receiving_lngtd": 0, "receiving_yds": 17, "rushing_att": 14, "receiving_twoptm": 0, "rushing_twoptm": 0}, {"week": "13", "rushing_lngtd": 5, "receiving_tds": 0, "receiving_twopta": 0, "receiving_lng": 15, "rushing_tds": 1, "rushing_twopta": 0, "active": "true", "receiving_rec": 1, "rushing_lng": 7, "rushing_yds": 41, "receiving_lngtd": 0, "receiving_yds": 15, "rushing_att": 14, "receiving_twoptm": 0, "rushing_twoptm": 0}, {"week": "14", "rushing_lngtd": 0, "receiving_tds": 0, "receiving_twopta": 0, "receiving_lng": -6, "rushing_tds": 0, "rushing_twopta": 0, "active": "true", "receiving_rec": 1, "rushing_lng": 8, "rushing_yds": 28, "receiving_lngtd": 0, "receiving_yds": -6, "rushing_att": 9, "receiving_twoptm": 0, "rushing_twoptm": 0}, {"week": "15", "rushing_lngtd": 80, "receiving_tds": 0, "receiving_twopta": 0, "receiving_lng": 2, "rushing_tds": 1, "rushing_twopta": 0, "active": "true", "receiving_rec": 1, "rushing_lng": 80, "rushing_yds": 161, "receiving_lngtd": 0, "receiving_yds": 2, "rushing_att": 16, "receiving_twoptm": 0, "rushing_twoptm": 0}, {"week": "16", "rushing_lngtd": 0, "receiving_tds": 0, "receiving_twopta": 0, "receiving_lng": 10, "rushing_tds": 0, "rushing_twopta": 0, "active": "true", "receiving_rec": 2, "rushing_lng": 11, "rushing_yds": 35, "receiving_lngtd": 0, "receiving_yds": 13, "rushing_att": 11, "receiving_twoptm": 0, "rushing_twoptm": 0}, {"week": "17", "rushing_lngtd": 0, "receiving_tds": 0, "receiving_twopta": 0, "receiving_lng": 8, "rushing_tds": 0, "rushing_twopta": 0, "active": "true", "receiving_rec": 2, "rushing_lng": 8, "rushing_yds": 24, "receiving_lngtd": 0, "receiving_yds": 15, "rushing_att": 8, "receiving_twoptm": 0, "rushing_twoptm": 0}], "2012": [{"week": "1", "rushing_lngtd": 18, "rushing_tds": 1, "rushing_twopta": 0, "rushing_lng": 18, "rushing_yds": 48, "active": "true", "rushing_att": 9, "rushing_twoptm": 0}, {"week": "2", "rushing_lngtd": 0, "rushing_tds": 0, "rushing_twopta": 0, "rushing_lng": 15, "rushing_yds": 45, "active": "true", "rushing_att": 16, "rushing_twoptm": 0}, {"week": "3", "rushing_lngtd": 0, "receiving_tds": 0, "receiving_twopta": 0, "receiving_lng": 39, "rushing_tds": 0, "rushing_twopta": 0, "active": "true", "receiving_rec": 1, "rushing_lng": 9, "rushing_yds": 62, "receiving_lngtd": 0, "receiving_yds": 39, "rushing_att": 18, "receiving_twoptm": 0, "rushing_twoptm": 0}, {"week": "4", "active": "false"}, {"week": "5", "rushing_lngtd": 0, "receiving_tds": 0, "receiving_twopta": 0, "receiving_lng": 5, "rushing_tds": 0, "rushing_twopta": 1, "active": "true", "receiving_rec": 2, "rushing_lng": 14, "rushing_yds": 84, "receiving_lngtd": 0, "receiving_yds": 8, "rushing_att": 17, "receiving_twoptm": 0, "rushing_twoptm": 1}, {"week": "6", "active": "false"}, {"week": "7", "active": "false"}, {"week": "8", "rushing_lngtd": 0, "rushing_tds": 0, "rushing_twopta": 0, "rushing_lng": 19, "rushing_yds": 80, "active": "true", "rushing_att": 14, "rushing_twoptm": 0}, {"week": "9", "receiving_tds": 0, "receiving_lng": 7, "active": "true", "receiving_rec": 1, "receiving_twopta": 0, "receiving_yds": 7, "receiving_lngtd": 0, "receiving_twoptm": 0}, {"week": "10", "rushing_lngtd": 0, "rushing_tds": 0, "rushing_twopta": 0, "rushing_lng": 6, "rushing_yds": 42, "active": "true", "rushing_att": 14, "rushing_twoptm": 0}, {"week": "11", "rushing_lngtd": 0, "receiving_tds": 0, "receiving_twopta": 0, "receiving_lng": 7, "rushing_tds": 0, "rushing_twopta": 0, "active": "true", "receiving_rec": 2, "rushing_lng": 9, "rushing_yds": 17, "receiving_lngtd": 0, "receiving_yds": 6, "rushing_att": 4, "receiving_twoptm": 0, "rushing_twoptm": 0}, {"week": "12", "rushing_lngtd": 0, "receiving_tds": 0, "receiving_twopta": 0, "receiving_lng": 23, "rushing_tds": 0, "rushing_twopta": 0, "active": "true", "receiving_rec": 1, "rushing_lng": 11, "rushing_yds": 26, "receiving_lngtd": 0, "receiving_yds": 23, "rushing_att": 10, "receiving_twoptm": 0, "rushing_twoptm": 0}, {"week": "13", "rushing_lngtd": 0, "receiving_tds": 0, "receiving_twopta": 0, "receiving_lng": 5, "rushing_tds": 0, "rushing_twopta": 0, "active": "true", "receiving_rec": 2, "rushing_lng": 7, "rushing_yds": 13, "receiving_lngtd": 0, "receiving_yds": 10, "rushing_att": 6, "receiving_twoptm": 0, "rushing_twoptm": 0}, {"week": "14", "active": "false"}, {"week": "15", "active": "false"}, {"week": "16", "active": "false"}, {"week": "17", "active": "false"}], "2013": [{"week": "1", "active": "false"}, {"week": "2", "fumbles_tot": 0, "rushing_lngtd": 0, "fumbles_yds": 0, "fumbles_lost": 0, "fumbles_trcv": 1, "rushing_tds": 0, "fumbles_rcv": 1, "rushing_twopta": 0, "rushing_lng": 11, "rushing_yds": 30, "active": "true", "rushing_att": 7, "rushing_twoptm": 0}, {"week": "3", "rushing_lngtd": 0, "rushing_tds": 0, "rushing_twopta": 0, "rushing_lng": 16, "rushing_yds": 25, "active": "true", "rushing_att": 3, "rushing_twoptm": 0}, {"week": "4", "rushing_lngtd": 0, "receiving_tds": 0, "receiving_twopta": 0, "receiving_lng": 9, "rushing_tds": 0, "rushing_twopta": 0, "active": "true", "receiving_rec": 2, "rushing_lng": 50, "rushing_yds": 65, "receiving_lngtd": 0, "receiving_yds": 11, "rushing_att": 3, "receiving_twoptm": 0, "rushing_twoptm": 0}, {"week": "5", "rushing_lngtd": 3, "receiving_tds": 0, "receiving_twopta": 0, "receiving_lng": 3, "rushing_tds": 1, "rushing_twopta": 0, "active": "true", "receiving_rec": 2, "rushing_lng": 16, "rushing_yds": 37, "receiving_lngtd": 0, "receiving_yds": 3, "rushing_att": 6, "receiving_twoptm": 0, "rushing_twoptm": 0}, {"week": "6", "rushing_lngtd": 0, "receiving_tds": 0, "receiving_twopta": 0, "receiving_lng": 14, "rushing_tds": 0, "rushing_twopta": 0, "active": "true", "receiving_rec": 2, "rushing_lng": 8, "rushing_yds": 15, "receiving_lngtd": 0, "receiving_yds": 19, "rushing_att": 3, "receiving_twoptm": 0, "rushing_twoptm": 0}, {"week": "7", "rushing_lngtd": 0, "receiving_tds": 0, "receiving_twopta": 0, "receiving_lng": 28, "rushing_tds": 0, "rushing_twopta": 0, "active": "true", "receiving_rec": 3, "rushing_lng": 7, "rushing_yds": 23, "receiving_lngtd": 0, "receiving_yds": 42, "rushing_att": 11, "receiving_twoptm": 0, "rushing_twoptm": 0}, {"week": "8", "active": "false"}, {"week": "9", "rushing_lngtd": 0, "rushing_tds": 0, "rushing_twopta": 0, "rushing_lng": 24, "rushing_yds": 49, "active": "true", "rushing_att": 6, "rushing_twoptm": 0}, {"week": "10", "rushing_lngtd": 0, "receiving_tds": 1, "receiving_twopta": 0, "receiving_lng": 26, "rushing_tds": 0, "rushing_twopta": 0, "active": "true", "receiving_rec": 5, "rushing_lng": 1, "rushing_yds": -1, "receiving_lngtd": 13, "receiving_yds": 64, "rushing_att": 2, "receiving_twoptm": 0, "rushing_twoptm": 0}, {"week": "11", "rushing_lngtd": 11, "receiving_tds": 0, "receiving_twopta": 0, "receiving_lng": 14, "rushing_tds": 2, "rushing_twopta": 0, "active": "true", "receiving_rec": 1, "rushing_lng": 17, "rushing_yds": 80, "receiving_lngtd": 0, "receiving_yds": 14, "rushing_att": 14, "receiving_twoptm": 0, "rushing_twoptm": 0}, {"week": "12", "rushing_lngtd": 0, "receiving_tds": 0, "receiving_twopta": 0, "receiving_lng": -2, "rushing_tds": 0, "defense_sk": 0, "rushing_twopta": 0, "active": "true", "defense_tkl": 1, "receiving_rec": 1, "rushing_lng": 1, "rushing_yds": 1, "receiving_lngtd": 0, "receiving_yds": -2, "rushing_att": 2, "receiving_twoptm": 0, "rushing_twoptm": 0, "defense_ffum": 0, "defense_ast": 0, "defense_int": 0}, {"week": "13", "fumbles_tot": 0, "rushing_lngtd": 4, "receiving_tds": 0, "fumbles_yds": 0, "receiving_twopta": 0, "fumbles_trcv": 1, "receiving_lng": 7, "rushing_tds": 1, "fumbles_rcv": 1, "rushing_twopta": 0, "fumbles_lost": 0, "receiving_rec": 2, "rushing_lng": 14, "rushing_yds": 54, "receiving_lngtd": 0, "receiving_yds": 10, "rushing_att": 14, "receiving_twoptm": 0, "rushing_twoptm": 0, "active": "true"}, {"week": "14", "rushing_lngtd": 0, "receiving_tds": 0, "receiving_twopta": 0, "receiving_lng": 9, "rushing_tds": 0, "rushing_twopta": 0, "active": "true", "receiving_rec": 4, "rushing_lng": 5, "rushing_yds": 11, "receiving_lngtd": 0, "receiving_yds": 18, "rushing_att": 4, "receiving_twoptm": 0, "rushing_twoptm": 0}, {"week": "15", "rushing_lngtd": 0, "rushing_tds": 0, "rushing_twopta": 0, "rushing_lng": 26, "rushing_yds": 38, "active": "true", "rushing_att": 5, "rushing_twoptm": 0}, {"week": "16", "rushing_lngtd": 51, "receiving_tds": 1, "receiving_twopta": 0, "receiving_lng": 33, "rushing_tds": 1, "rushing_twopta": 0, "active": "true", "receiving_rec": 2, "rushing_lng": 51, "rushing_yds": 79, "receiving_lngtd": 33, "receiving_yds": 31, "rushing_att": 10, "receiving_twoptm": 0, "rushing_twoptm": 0}, {"week": "17", "rushing_lngtd": 1, "receiving_tds": 0, "receiving_twopta": 0, "receiving_lng": 9, "rushing_tds": 1, "rushing_twopta": 0, "active": "true", "receiving_rec": 3, "rushing_lng": 7, "rushing_yds": 31, "receiving_lngtd": 0, "receiving_yds": 4, "rushing_att": 12, "receiving_twoptm": 0, "rushing_twoptm": 0}], "2014": [{"week": "1", "rushing_lngtd": 0, "rushing_tds": 0, "rushing_twopta": 0, "rushing_lng": 2, "rushing_yds": -2, "active": "true", "rushing_att": 2, "rushing_twoptm": 0}, {"week": "2", "rushing_lngtd": 0, "receiving_tds": 0, "receiving_twopta": 0, "receiving_lng": 8, "rushing_tds": 0, "rushing_twopta": 0, "active": "true", "receiving_rec": 3, "rushing_lng": 16, "rushing_yds": 21, "receiving_lngtd": 0, "receiving_yds": 10, "rushing_att": 7, "receiving_twoptm": 0, "rushing_twoptm": 0}, {"week": "3", "rushing_lngtd": 0, "receiving_tds": 0, "receiving_twopta": 0, "receiving_lng": 13, "rushing_tds": 0, "rushing_twopta": 0, "active": "true", "receiving_rec": 5, "rushing_lng": 14, "rushing_yds": 62, "receiving_lngtd": 0, "receiving_yds": 27, "rushing_att": 31, "receiving_twoptm": 0, "rushing_twoptm": 0}, {"week": "4", "rushing_lngtd": 0, "receiving_tds": 0, "receiving_twopta": 0, "receiving_lng": 21, "rushing_tds": 0, "rushing_twopta": 0, "active": "true", "receiving_rec": 4, "rushing_lng": 5, "rushing_yds": 19, "receiving_lngtd": 0, "receiving_yds": 35, "rushing_att": 10, "receiving_twoptm": 0, "rushing_twoptm": 0}, {"week": "5", "rushing_lngtd": 0, "receiving_tds": 0, "receiving_twopta": 0, "receiving_lng": 4, "rushing_tds": 0, "rushing_twopta": 0, "active": "true", "receiving_rec": 1, "rushing_lng": 13, "rushing_yds": 26, "receiving_lngtd": 0, "receiving_yds": 4, "rushing_att": 9, "receiving_twoptm": 0, "rushing_twoptm": 0}, {"week": "6", "active": "false"}, {"week": "7", "active": "false"}, {"week": "8", "active": "false"}, {"week": "9", "rushing_lngtd": 0, "receiving_tds": 0, "receiving_twopta": 0, "receiving_lng": 6, "rushing_tds": 0, "rushing_twopta": 0, "active": "true", "receiving_rec": 1, "rushing_lng": 16, "rushing_yds": 23, "receiving_lngtd": 0, "receiving_yds": 6, "rushing_att": 4, "receiving_twoptm": 0, "rushing_twoptm": 0}, {"week": "10", "active": "false"}, {"week": "11", "rushing_lngtd": 0, "receiving_tds": 0, "receiving_twopta": 0, "receiving_lng": 4, "rushing_tds": 0, "rushing_twopta": 0, "active": "true", "receiving_rec": 1, "rushing_lng": 0, "rushing_yds": 0, "receiving_lngtd": 0, "receiving_yds": 4, "rushing_att": 1, "receiving_twoptm": 0, "rushing_twoptm": 0}, {"week": "12", "rushing_lngtd": 0, "receiving_tds": 0, "receiving_twopta": 0, "receiving_lng": 12, "rushing_tds": 0, "rushing_twopta": 0, "active": "true", "receiving_rec": 2, "rushing_lng": 7, "rushing_yds": 7, "receiving_lngtd": 0, "receiving_yds": 20, "rushing_att": 1, "receiving_twoptm": 0, "rushing_twoptm": 0}, {"week": "13", "receiving_tds": 0, "receiving_lng": 6, "active": "true", "receiving_rec": 1, "receiving_twopta": 0, "receiving_yds": 6, "receiving_lngtd": 0, "receiving_twoptm": 0}, {"week": "14", "active": "false"}]}}