{"D.Avery": {"2009": [{"fumbles_tot": 1, "receiving_tds": 0, "fumbles_rcv": 0, "rushing_yds": 8, "fumbles_lost": 1, "rushing_tds": 0, "rushing_twopta": 0, "receiving_rec": 6, "receiving_twopta": 0, "receiving_yds": 46, "rushing_att": 1, "receiving_twoptm": 0, "rushing_twoptm": 0, "week": "1", "fumbles_yds": 0, "receiving_lng": 16, "active": "true", "kickret_lng": 19, "fumbles_trcv": 0, "kickret_avg": 19, "rushing_lng": 8, "kickret_tds": 0, "kickret_ret": 1}, {"week": "2", "fumbles_tot": 1, "receiving_tds": 0, "fumbles_yds": 0, "fumbles_lost": 1, "fumbles_trcv": 0, "receiving_lng": 4, "fumbles_rcv": 0, "active": "true", "receiving_rec": 1, "receiving_twopta": 0, "receiving_yds": 4, "receiving_twoptm": 0}, {"week": "3", "receiving_tds": 0, "receiving_lng": 5, "active": "true", "receiving_rec": 3, "receiving_twopta": 0, "receiving_yds": 12, "receiving_twoptm": 0}, {"week": "4", "receiving_tds": 0, "receiving_lng": 22, "active": "true", "receiving_rec": 3, "receiving_twopta": 0, "receiving_yds": 47, "receiving_twoptm": 0}, {"week": "5", "receiving_tds": 1, "receiving_lng": 27, "active": "true", "receiving_rec": 5, "receiving_twopta": 0, "receiving_yds": 87, "receiving_twoptm": 0}, {"week": "6", "receiving_tds": 1, "receiving_lng": 17, "active": "true", "receiving_rec": 1, "receiving_twopta": 0, "receiving_yds": 17, "receiving_twoptm": 0}, {"week": "7", "receiving_tds": 0, "receiving_lng": 50, "active": "true", "receiving_rec": 2, "receiving_twopta": 0, "receiving_yds": 58, "receiving_twoptm": 0}, {"week": "8", "receiving_tds": 0, "receiving_lng": 15, "active": "true", "receiving_rec": 1, "receiving_twopta": 0, "receiving_yds": 15, "receiving_twoptm": 0}, {"week": "9", "active": "false"}, {"week": "10", "receiving_tds": 2, "receiving_lng": 29, "active": "true", "receiving_rec": 4, "receiving_twopta": 0, "receiving_yds": 67, "receiving_twoptm": 0}, {"week": "11", "receiving_lng": 29, "receiving_tds": 0, "receiving_twopta": 0, "rushing_tds": 0, "rushing_twopta": 0, "active": "true", "receiving_rec": 4, "rushing_lng": 4, "rushing_yds": 4, "receiving_yds": 65, "rushing_att": 1, "receiving_twoptm": 0, "rushing_twoptm": 0}, {"week": "12", "receiving_tds": 1, "receiving_lng": 28, "active": "true", "receiving_rec": 4, "receiving_twopta": 0, "receiving_yds": 48, "receiving_twoptm": 0}, {"week": "13", "receiving_lng": 18, "receiving_tds": 0, "receiving_twopta": 0, "rushing_tds": 0, "rushing_twopta": 0, "active": "true", "receiving_rec": 3, "rushing_lng": 15, "rushing_yds": 15, "receiving_yds": 30, "rushing_att": 1, "receiving_twoptm": 0, "rushing_twoptm": 0}, {"week": "14", "receiving_tds": 0, "receiving_lng": 10, "active": "true", "receiving_rec": 2, "receiving_twopta": 0, "receiving_yds": 14, "receiving_twoptm": 0}, {"week": "15", "receiving_tds": 0, "receiving_lng": 10, "active": "true", "receiving_rec": 4, "receiving_twopta": 0, "receiving_yds": 32, "receiving_twoptm": 0}, {"week": "16", "receiving_lng": 13, "receiving_tds": 0, "receiving_twopta": 0, "rushing_tds": 0, "rushing_twopta": 0, "active": "true", "receiving_rec": 2, "rushing_lng": 3, "rushing_yds": 3, "receiving_yds": 24, "rushing_att": 1, "receiving_twoptm": 0, "rushing_twoptm": 0}, {"week": "17", "receiving_tds": 0, "receiving_lng": 20, "active": "true", "receiving_rec": 2, "receiving_twopta": 0, "receiving_yds": 23, "receiving_twoptm": 0}], "2010": [{"week": "1", "active": "false"}, {"week": "2", "active": "false"}, {"week": "3", "active": "false"}, {"week": "4", "active": "false"}, {"week": "5", "active": "false"}, {"week": "6", "active": "false"}, {"week": "7", "active": "false"}, {"week": "8", "active": "false"}, {"week": "9", "active": "false"}, {"week": "10", "active": "false"}, {"week": "11", "active": "false"}, {"week": "12", "active": "false"}, {"week": "13", "active": "false"}, {"week": "14", "active": "false"}, {"week": "15", "active": "false"}, {"week": "16", "active": "false"}, {"week": "17", "active": "false"}], "2011": [{"week": "1", "active": "false"}, {"week": "2", "active": "false"}, {"week": "3", "active": "false"}, {"week": "4", "active": "false"}, {"week": "5", "active": "false"}, {"week": "6", "active": "false"}, {"week": "7", "active": "false"}, {"week": "8", "active": "false"}, {"week": "9", "active": "false"}, {"week": "10", "active": "false"}, {"week": "11", "active": "false"}, {"week": "12", "active": "false"}, {"week": "13", "active": "false"}, {"week": "14", "active": "false"}, {"week": "15", "active": "false"}, {"week": "16", "active": "false"}, {"week": "17", "receiving_tds": 1, "receiving_lng": 23, "active": "true", "receiving_rec": 3, "receiving_twopta": 0, "receiving_yds": 45, "receiving_lngtd": 1, "receiving_twoptm": 0}], "2012": [{"week": "1", "receiving_tds": 1, "receiving_lng": 26, "active": "true", "receiving_rec": 3, "receiving_twopta": 0, "receiving_yds": 37, "receiving_lngtd": 4, "receiving_twoptm": 0}, {"week": "2", "rushing_lngtd": 0, "receiving_tds": 0, "receiving_twopta": 0, "receiving_lng": 41, "rushing_tds": 0, "rushing_twopta": 0, "active": "true", "receiving_rec": 9, "rushing_lng": 7, "rushing_yds": 7, "receiving_lngtd": 0, "receiving_yds": 111, "rushing_att": 2, "receiving_twoptm": 0, "rushing_twoptm": 0}, {"week": "3", "receiving_tds": 0, "receiving_lng": 15, "active": "true", "receiving_rec": 2, "receiving_twopta": 0, "receiving_yds": 28, "receiving_lngtd": 0, "receiving_twoptm": 0}, {"week": "4", "active": "false"}, {"week": "5", "receiving_tds": 0, "receiving_lng": 10, "active": "true", "receiving_rec": 3, "receiving_twopta": 0, "receiving_yds": 22, "receiving_lngtd": 0, "receiving_twoptm": 0}, {"week": "6", "rushing_lngtd": 0, "receiving_tds": 0, "receiving_twopta": 0, "receiving_lng": 24, "rushing_tds": 0, "rushing_twopta": 0, "active": "true", "receiving_rec": 4, "rushing_lng": -1, "rushing_yds": -1, "receiving_lngtd": 0, "receiving_yds": 60, "rushing_att": 1, "receiving_twoptm": 0, "rushing_twoptm": 0}, {"week": "7", "receiving_tds": 0, "receiving_lng": 16, "active": "true", "receiving_rec": 4, "receiving_twopta": 0, "receiving_yds": 46, "receiving_lngtd": 0, "receiving_twoptm": 0}, {"week": "8", "receiving_tds": 0, "receiving_lng": 17, "active": "true", "receiving_rec": 4, "receiving_twopta": 0, "receiving_yds": 42, "receiving_lngtd": 0, "receiving_twoptm": 0}, {"week": "9", "receiving_tds": 0, "receiving_lng": 48, "active": "true", "receiving_rec": 5, "receiving_twopta": 0, "receiving_yds": 108, "receiving_lngtd": 0, "receiving_twoptm": 0}, {"week": "10", "receiving_tds": 0, "receiving_lng": 44, "active": "true", "receiving_rec": 4, "receiving_twopta": 0, "receiving_yds": 65, "receiving_lngtd": 0, "receiving_twoptm": 0}, {"week": "11", "receiving_tds": 0, "receiving_lng": 19, "active": "true", "receiving_rec": 3, "receiving_twopta": 0, "receiving_yds": 34, "receiving_lngtd": 0, "receiving_twoptm": 0}, {"week": "12", "fumbles_tot": 1, "receiving_tds": 0, "fumbles_yds": 0, "fumbles_lost": 0, "fumbles_trcv": 0, "receiving_lng": 17, "fumbles_rcv": 0, "active": "true", "receiving_rec": 3, "receiving_twopta": 0, "receiving_yds": 31, "receiving_lngtd": 0, "receiving_twoptm": 0}, {"week": "13", "receiving_tds": 2, "receiving_lng": 42, "active": "true", "receiving_rec": 5, "receiving_twopta": 0, "receiving_yds": 91, "receiving_lngtd": 17, "receiving_twoptm": 0}, {"week": "14", "rushing_lngtd": 0, "receiving_tds": 0, "receiving_twopta": 0, "receiving_lng": 18, "rushing_tds": 0, "rushing_twopta": 0, "active": "true", "receiving_rec": 3, "rushing_lng": 3, "rushing_yds": 3, "receiving_lngtd": 0, "receiving_yds": 31, "rushing_att": 1, "receiving_twoptm": 0, "rushing_twoptm": 0}, {"week": "15", "receiving_tds": 0, "receiving_lng": 15, "active": "true", "receiving_rec": 3, "receiving_twopta": 0, "receiving_yds": 37, "receiving_lngtd": 0, "receiving_twoptm": 0}, {"week": "16", "receiving_tds": 0, "receiving_lng": 28, "active": "true", "receiving_rec": 5, "receiving_twopta": 0, "receiving_yds": 38, "receiving_lngtd": 0, "receiving_twoptm": 0}, {"week": "17", "active": "false"}], "2013": [{"week": "1", "receiving_tds": 1, "receiving_lng": 6, "active": "true", "receiving_rec": 2, "receiving_twopta": 0, "receiving_yds": 11, "receiving_lngtd": 5, "receiving_twoptm": 0}, {"week": "2", "rushing_lngtd": 0, "receiving_tds": 0, "receiving_twopta": 0, "receiving_lng": 31, "rushing_tds": 0, "rushing_twopta": 0, "active": "true", "receiving_rec": 2, "rushing_lng": 2, "rushing_yds": 2, "receiving_lngtd": 0, "receiving_yds": 38, "rushing_att": 1, "receiving_twoptm": 0, "rushing_twoptm": 0}, {"week": "3", "receiving_tds": 0, "receiving_lng": 51, "active": "true", "receiving_rec": 7, "receiving_twopta": 0, "receiving_yds": 141, "receiving_lngtd": 0, "receiving_twoptm": 0}, {"week": "4", "receiving_tds": 0, "receiving_lng": 14, "active": "true", "receiving_rec": 2, "receiving_twopta": 0, "receiving_yds": 23, "receiving_lngtd": 0, "receiving_twoptm": 0}, {"week": "5", "receiving_tds": 0, "receiving_lng": 44, "active": "true", "receiving_rec": 3, "receiving_twopta": 0, "receiving_yds": 91, "receiving_lngtd": 0, "receiving_twoptm": 0}, {"week": "6", "fumbles_tot": 1, "receiving_tds": 0, "fumbles_yds": 0, "fumbles_lost": 1, "fumbles_trcv": 0, "receiving_lng": 4, "fumbles_rcv": 0, "active": "true", "receiving_rec": 2, "receiving_twopta": 0, "receiving_yds": 6, "receiving_lngtd": 0, "receiving_twoptm": 0}, {"week": "7", "receiving_tds": 0, "receiving_lng": 17, "active": "true", "receiving_rec": 3, "receiving_twopta": 0, "receiving_yds": 33, "receiving_lngtd": 0, "receiving_twoptm": 0}, {"week": "8", "rushing_lngtd": 0, "receiving_tds": 0, "receiving_twopta": 0, "receiving_lng": 18, "rushing_tds": 0, "rushing_twopta": 0, "active": "true", "receiving_rec": 3, "rushing_lng": 4, "rushing_yds": 4, "receiving_lngtd": 0, "receiving_yds": 31, "rushing_att": 1, "receiving_twoptm": 0, "rushing_twoptm": 0}, {"week": "9", "receiving_tds": 0, "receiving_lng": 9, "active": "true", "receiving_rec": 3, "receiving_twopta": 0, "receiving_yds": 22, "receiving_lngtd": 0, "receiving_twoptm": 0}, {"week": "10", "active": "false"}, {"week": "11", "receiving_tds": 0, "receiving_lng": 20, "active": "true", "receiving_rec": 1, "receiving_twopta": 0, "receiving_yds": 20, "receiving_lngtd": 0, "receiving_twoptm": 0}, {"week": "12", "receiving_tds": 1, "receiving_lng": 36, "active": "true", "receiving_rec": 4, "receiving_twopta": 0, "receiving_yds": 91, "receiving_lngtd": 32, "receiving_twoptm": 0}, {"week": "13", "receiving_tds": 0, "receiving_lng": 16, "active": "true", "receiving_rec": 2, "receiving_twopta": 0, "receiving_yds": 17, "receiving_lngtd": 0, "receiving_twoptm": 0}, {"week": "14", "receiving_tds": 0, "receiving_lng": 7, "active": "true", "receiving_rec": 1, "receiving_twopta": 0, "receiving_yds": 7, "receiving_lngtd": 0, "receiving_twoptm": 0}, {"week": "15", "receiving_tds": 0, "receiving_lng": 23, "active": "true", "receiving_rec": 2, "receiving_twopta": 0, "receiving_yds": 33, "receiving_lngtd": 0, "receiving_twoptm": 0}, {"week": "16", "receiving_tds": 0, "receiving_lng": 15, "active": "true", "receiving_rec": 3, "receiving_twopta": 0, "receiving_yds": 32, "receiving_lngtd": 0, "receiving_twoptm": 0}, {"week": "17", "active": "false"}], "2014": [{"week": "1", "receiving_tds": 0, "receiving_lng": 25, "active": "true", "receiving_rec": 7, "receiving_twopta": 0, "receiving_yds": 84, "receiving_lngtd": 0, "receiving_twoptm": 0}, {"week": "2", "receiving_tds": 0, "receiving_lng": 6, "active": "true", "receiving_rec": 3, "receiving_twopta": 0, "receiving_yds": 14, "receiving_lngtd": 0, "receiving_twoptm": 0}, {"week": "3", "receiving_tds": 0, "receiving_lng": 9, "active": "true", "receiving_rec": 2, "receiving_twopta": 0, "receiving_yds": 12, "receiving_lngtd": 0, "receiving_twoptm": 0}, {"week": "4", "receiving_tds": 0, "receiving_lng": 27, "active": "true", "receiving_rec": 2, "receiving_twopta": 0, "receiving_yds": 46, "receiving_lngtd": 0, "receiving_twoptm": 0}, {"week": "5", "active": "false"}, {"week": "6", "active": "false"}, {"week": "7", "active": "false"}, {"week": "8", "active": "false"}, {"week": "9", "active": "false"}, {"week": "10", "active": "false"}, {"week": "11", "active": "false"}, {"week": "12", "active": "false"}, {"week": "13", "fumbles_tot": 1, "receiving_tds": 0, "fumbles_yds": 0, "fumbles_lost": 1, "fumbles_trcv": 0, "receiving_lng": 20, "fumbles_rcv": 0, "active": "true", "receiving_rec": 1, "receiving_twopta": 0, "receiving_yds": 20, "receiving_lngtd": 0, "receiving_twoptm": 0}, {"week": "14", "active": "false"}]}}