{"D.McNabb": {"2009": [{"week": "1", "passing_att": 18, "passing_twoptm": 0, "passing_twopta": 0, "rushing_tds": 1, "passing_yds": 79, "rushing_yds": 27, "passing_cmp": 10, "rushing_twopta": 0, "active": "true", "rushing_lng": 15, "passing_ints": 1, "passing_tds": 2, "rushing_att": 4, "rushing_twoptm": 0}, {"week": "2", "active": "false"}, {"week": "3", "active": "false"}, {"week": "4", "active": "false"}, {"week": "5", "fumbles_tot": 1, "passing_att": 21, "fumbles_rcv": 0, "passing_twoptm": 0, "fumbles_yds": 0, "fumbles_lost": 0, "fumbles_trcv": 0, "passing_twopta": 0, "rushing_tds": 0, "passing_yds": 264, "rushing_yds": 30, "passing_cmp": 16, "rushing_twopta": 0, "active": "true", "rushing_lng": 17, "passing_ints": 0, "passing_tds": 3, "rushing_att": 2, "rushing_twoptm": 0}, {"week": "6", "passing_att": 46, "passing_twoptm": 0, "passing_twopta": 0, "rushing_tds": 0, "passing_yds": 269, "rushing_yds": 8, "passing_cmp": 22, "rushing_twopta": 0, "active": "true", "rushing_lng": 6, "passing_ints": 0, "passing_tds": 0, "rushing_att": 2, "rushing_twoptm": 0}, {"week": "7", "fumbles_tot": 1, "passing_att": 25, "fumbles_rcv": 0, "passing_twoptm": 0, "fumbles_yds": 0, "fumbles_lost": 0, "fumbles_trcv": 0, "passing_twopta": 0, "rushing_tds": 0, "passing_yds": 156, "rushing_yds": -5, "passing_cmp": 15, "rushing_twopta": 0, "active": "true", "rushing_lng": 1, "passing_ints": 0, "passing_tds": 1, "rushing_att": 5, "rushing_twoptm": 0}, {"fumbles_tot": 2, "passing_att": 23, "receiving_tds": 0, "passing_yds": 240, "rushing_yds": 14, "fumbles_rcv": 0, "fumbles_lost": 1, "rushing_tds": 0, "rushing_twopta": 0, "receiving_rec": 1, "receiving_twopta": 0, "receiving_yds": 1, "rushing_att": 1, "receiving_twoptm": 0, "rushing_twoptm": 0, "week": "8", "passing_twoptm": 0, "fumbles_yds": 0, "passing_twopta": 0, "receiving_lng": 1, "passing_cmp": 17, "passing_ints": 0, "active": "true", "fumbles_trcv": 0, "rushing_lng": 14, "passing_tds": 3}, {"week": "9", "passing_att": 30, "passing_twoptm": 0, "passing_twopta": 0, "rushing_tds": 0, "passing_yds": 227, "rushing_yds": 0, "passing_cmp": 16, "rushing_twopta": 0, "active": "true", "rushing_lng": 0, "passing_ints": 2, "passing_tds": 1, "rushing_att": 1, "rushing_twoptm": 0}, {"week": "10", "passing_att": 55, "passing_twoptm": 0, "passing_twopta": 0, "passing_yds": 450, "passing_cmp": 35, "active": "true", "passing_ints": 1, "passing_tds": 2}, {"week": "11", "passing_att": 32, "passing_twoptm": 0, "passing_twopta": 0, "rushing_tds": 0, "passing_yds": 244, "rushing_yds": 5, "passing_cmp": 23, "rushing_twopta": 0, "active": "true", "rushing_lng": 6, "passing_ints": 1, "passing_tds": 2, "rushing_att": 4, "rushing_twoptm": 0}, {"week": "12", "passing_att": 35, "passing_twoptm": 1, "passing_twopta": 1, "rushing_tds": 0, "passing_yds": 260, "rushing_yds": -2, "passing_cmp": 21, "rushing_twopta": 0, "active": "true", "rushing_lng": -1, "passing_ints": 1, "passing_tds": 1, "rushing_att": 2, "rushing_twoptm": 0}, {"week": "13", "passing_att": 25, "passing_twoptm": 0, "passing_twopta": 0, "rushing_tds": 0, "passing_yds": 238, "rushing_yds": 17, "passing_cmp": 14, "rushing_twopta": 0, "active": "true", "rushing_lng": 16, "passing_ints": 0, "passing_tds": 1, "rushing_att": 2, "rushing_twoptm": 0}, {"week": "14", "fumbles_tot": 1, "passing_att": 26, "fumbles_rcv": 0, "passing_twoptm": 1, "fumbles_yds": 0, "fumbles_lost": 0, "fumbles_trcv": 0, "passing_twopta": 1, "rushing_tds": 0, "passing_yds": 275, "rushing_yds": 5, "passing_cmp": 17, "rushing_twopta": 0, "active": "true", "rushing_lng": 6, "passing_ints": 1, "passing_tds": 2, "rushing_att": 2, "rushing_twoptm": 0}, {"week": "15", "passing_att": 36, "passing_twoptm": 0, "passing_twopta": 0, "rushing_tds": 1, "passing_yds": 306, "rushing_yds": 5, "passing_cmp": 21, "rushing_twopta": 0, "active": "true", "rushing_lng": 8, "passing_ints": 2, "passing_tds": 1, "rushing_att": 4, "rushing_twoptm": 0}, {"week": "16", "fumbles_tot": 3, "passing_att": 35, "fumbles_rcv": 2, "passing_twoptm": 0, "fumbles_yds": -6, "fumbles_lost": 1, "fumbles_trcv": 2, "passing_twopta": 0, "rushing_tds": 0, "passing_yds": 322, "rushing_yds": 29, "passing_cmp": 20, "rushing_twopta": 0, "active": "true", "rushing_lng": 27, "passing_ints": 1, "passing_tds": 3, "rushing_att": 5, "rushing_twoptm": 0}, {"week": "17", "fumbles_tot": 2, "passing_att": 36, "fumbles_rcv": 1, "passing_twoptm": 0, "fumbles_yds": -6, "fumbles_lost": 1, "fumbles_trcv": 1, "passing_twopta": 0, "rushing_tds": 0, "passing_yds": 223, "rushing_yds": 8, "passing_cmp": 20, "rushing_twopta": 0, "active": "true", "rushing_lng": 8, "passing_ints": 0, "passing_tds": 0, "rushing_att": 2, "rushing_twoptm": 0}], "2010": [{"week": "1", "passing_att": 32, "rushing_lngtd": 0, "passing_twoptm": 0, "passing_twopta": 0, "rushing_tds": 0, "passing_yds": 171, "rushing_yds": 17, "passing_cmp": 15, "rushing_twopta": 0, "active": "true", "rushing_lng": 17, "passing_ints": 0, "passing_tds": 0, "rushing_att": 1, "rushing_twoptm": 0}, {"week": "2", "passing_att": 38, "passing_twoptm": 0, "passing_twopta": 0, "passing_yds": 426, "passing_cmp": 28, "active": "true", "passing_ints": 0, "passing_tds": 1}, {"week": "3", "passing_att": 32, "rushing_lngtd": 0, "passing_twoptm": 0, "passing_twopta": 0, "rushing_tds": 0, "passing_yds": 236, "rushing_yds": 25, "passing_cmp": 19, "rushing_twopta": 0, "active": "true", "rushing_lng": 26, "passing_ints": 1, "passing_tds": 1, "rushing_att": 2, "rushing_twoptm": 0}, {"week": "4", "passing_att": 19, "rushing_lngtd": 0, "passing_twoptm": 0, "passing_twopta": 0, "rushing_tds": 0, "passing_yds": 125, "rushing_yds": 39, "passing_cmp": 8, "rushing_twopta": 0, "active": "true", "rushing_lng": 18, "passing_ints": 1, "passing_tds": 1, "rushing_att": 5, "rushing_twoptm": 0}, {"week": "5", "fumbles_tot": 1, "passing_att": 49, "rushing_lngtd": 0, "passing_twoptm": 0, "fumbles_yds": -22, "fumbles_rcv": 1, "fumbles_trcv": 1, "passing_twopta": 0, "rushing_tds": 0, "passing_yds": 357, "rushing_yds": 10, "passing_cmp": 26, "rushing_twopta": 0, "fumbles_lost": 0, "rushing_lng": 5, "passing_ints": 1, "passing_tds": 1, "rushing_att": 4, "rushing_twoptm": 0, "active": "true"}, {"week": "6", "passing_att": 45, "rushing_lngtd": 0, "passing_twoptm": 0, "passing_twopta": 0, "rushing_tds": 0, "passing_yds": 246, "rushing_yds": 1, "passing_cmp": 29, "rushing_twopta": 0, "active": "true", "rushing_lng": 2, "passing_ints": 2, "passing_tds": 1, "rushing_att": 2, "rushing_twoptm": 0}, {"week": "7", "fumbles_tot": 2, "passing_att": 32, "rushing_lngtd": 0, "passing_twoptm": 0, "fumbles_yds": 0, "fumbles_rcv": 2, "fumbles_trcv": 2, "passing_twopta": 0, "rushing_tds": 0, "passing_yds": 200, "rushing_yds": -2, "passing_cmp": 17, "rushing_twopta": 0, "fumbles_lost": 0, "rushing_lng": 2, "passing_ints": 2, "passing_tds": 1, "rushing_att": 5, "rushing_twoptm": 0, "active": "true"}, {"week": "8", "fumbles_tot": 1, "passing_att": 30, "rushing_lngtd": 0, "passing_twoptm": 0, "fumbles_yds": 0, "fumbles_rcv": 1, "fumbles_trcv": 1, "passing_twopta": 2, "rushing_tds": 0, "passing_yds": 210, "rushing_yds": 45, "passing_cmp": 17, "rushing_twopta": 0, "fumbles_lost": 0, "rushing_lng": 36, "passing_ints": 1, "passing_tds": 1, "rushing_att": 4, "rushing_twoptm": 0, "active": "true"}, {"week": "9", "active": "false"}, {"week": "10", "fumbles_tot": 1, "passing_att": 31, "rushing_lngtd": 0, "passing_twoptm": 0, "fumbles_yds": -5, "fumbles_rcv": 1, "fumbles_trcv": 1, "passing_twopta": 0, "rushing_tds": 0, "passing_yds": 295, "rushing_yds": 0, "passing_cmp": 17, "rushing_twopta": 0, "fumbles_lost": 0, "rushing_lng": 0, "passing_ints": 3, "passing_tds": 2, "rushing_att": 1, "rushing_twoptm": 0, "active": "true"}, {"week": "11", "fumbles_tot": 1, "passing_att": 50, "rushing_lngtd": 0, "passing_twoptm": 0, "fumbles_yds": 0, "fumbles_rcv": 1, "fumbles_trcv": 1, "passing_twopta": 0, "rushing_tds": 0, "passing_yds": 376, "rushing_yds": 4, "passing_cmp": 30, "rushing_twopta": 0, "fumbles_lost": 0, "rushing_lng": 4, "passing_ints": 1, "passing_tds": 1, "rushing_att": 1, "rushing_twoptm": 0, "active": "true"}, {"week": "12", "fumbles_tot": 1, "passing_att": 35, "rushing_lngtd": 0, "passing_twoptm": 0, "fumbles_yds": 0, "fumbles_rcv": 1, "fumbles_trcv": 1, "passing_twopta": 0, "rushing_tds": 0, "passing_yds": 211, "rushing_yds": 7, "passing_cmp": 21, "rushing_twopta": 0, "fumbles_lost": 0, "rushing_lng": 4, "passing_ints": 1, "passing_tds": 1, "rushing_att": 2, "rushing_twoptm": 0, "active": "true"}, {"week": "13", "fumbles_tot": 3, "passing_att": 44, "rushing_lngtd": 0, "passing_twoptm": 0, "fumbles_yds": 0, "fumbles_rcv": 1, "fumbles_trcv": 1, "passing_twopta": 0, "rushing_tds": 0, "passing_yds": 296, "rushing_yds": 5, "passing_cmp": 26, "rushing_twopta": 0, "fumbles_lost": 1, "rushing_lng": 3, "passing_ints": 2, "passing_tds": 1, "rushing_att": 2, "rushing_twoptm": 0, "active": "true"}, {"week": "14", "passing_att": 35, "passing_twoptm": 0, "passing_twopta": 0, "passing_yds": 228, "passing_cmp": 22, "active": "true", "passing_ints": 0, "passing_tds": 2}, {"week": "15", "active": "false"}, {"week": "16", "active": "false"}, {"week": "17", "active": "false"}], "2011": [{"week": "1", "passing_att": 15, "rushing_lngtd": 0, "passing_twoptm": 0, "passing_twopta": 0, "rushing_tds": 0, "passing_yds": 39, "rushing_yds": 32, "passing_cmp": 7, "rushing_twopta": 0, "active": "true", "rushing_lng": 23, "passing_ints": 1, "passing_tds": 1, "rushing_att": 3, "rushing_twoptm": 0}, {"week": "2", "passing_att": 30, "rushing_lngtd": 0, "passing_twoptm": 0, "passing_twopta": 0, "rushing_tds": 0, "passing_yds": 228, "rushing_yds": 12, "passing_cmp": 18, "rushing_twopta": 0, "active": "true", "rushing_lng": 13, "passing_ints": 0, "passing_tds": 0, "rushing_att": 4, "rushing_twoptm": 0}, {"week": "3", "fumbles_tot": 1, "passing_att": 36, "rushing_lngtd": 0, "passing_twoptm": 0, "fumbles_yds": 0, "fumbles_rcv": 0, "fumbles_trcv": 0, "passing_twopta": 0, "rushing_tds": 0, "passing_yds": 211, "rushing_yds": 11, "passing_cmp": 22, "rushing_twopta": 0, "fumbles_lost": 0, "rushing_lng": 8, "passing_ints": 0, "passing_tds": 1, "rushing_att": 2, "rushing_twoptm": 0, "active": "true"}, {"week": "4", "fumbles_tot": 1, "passing_att": 30, "rushing_lngtd": 0, "passing_twoptm": 0, "fumbles_yds": 0, "fumbles_rcv": 0, "fumbles_trcv": 0, "passing_twopta": 0, "rushing_tds": 0, "passing_yds": 202, "rushing_yds": 0, "passing_cmp": 18, "rushing_twopta": 0, "fumbles_lost": 0, "rushing_lng": 0, "passing_ints": 1, "passing_tds": 2, "rushing_att": 1, "rushing_twoptm": 0, "active": "true"}, {"week": "5", "passing_att": 21, "rushing_lngtd": 4, "passing_twoptm": 0, "passing_twopta": 0, "rushing_tds": 1, "passing_yds": 169, "rushing_yds": 4, "passing_cmp": 10, "rushing_twopta": 0, "active": "true", "rushing_lng": 4, "passing_ints": 0, "passing_tds": 0, "rushing_att": 4, "rushing_twoptm": 0}, {"week": "6", "passing_att": 24, "passing_twoptm": 0, "passing_twopta": 0, "passing_yds": 177, "passing_cmp": 19, "active": "true", "passing_ints": 0, "passing_tds": 0}, {"week": "7", "active": "false"}, {"week": "8", "active": "false"}, {"week": "9", "active": "false"}, {"week": "10", "active": "false"}, {"week": "11", "active": "false"}, {"week": "12", "active": "false"}, {"week": "13", "active": "false"}, {"week": "14", "active": "false"}, {"week": "15", "active": "false"}, {"week": "16", "active": "false"}, {"week": "17", "active": "false"}], "2012": [{"week": "1", "active": "false"}, {"week": "2", "active": "false"}, {"week": "3", "active": "false"}, {"week": "4", "active": "false"}, {"week": "5", "active": "false"}, {"week": "6", "active": "false"}, {"week": "7", "active": "false"}, {"week": "8", "active": "false"}, {"week": "9", "active": "false"}, {"week": "10", "active": "false"}, {"week": "11", "active": "false"}, {"week": "12", "active": "false"}, {"week": "13", "active": "false"}, {"week": "14", "active": "false"}, {"week": "15", "active": "false"}, {"week": "16", "active": "false"}, {"week": "17", "active": "false"}], "2013": [{"week": "1", "active": "false"}, {"week": "2", "active": "false"}, {"week": "3", "active": "false"}, {"week": "4", "active": "false"}, {"week": "5", "active": "false"}, {"week": "6", "active": "false"}, {"week": "7", "active": "false"}, {"week": "8", "active": "false"}, {"week": "9", "active": "false"}, {"week": "10", "active": "false"}, {"week": "11", "active": "false"}, {"week": "12", "active": "false"}, {"week": "13", "active": "false"}, {"week": "14", "active": "false"}, {"week": "15", "active": "false"}, {"week": "16", "active": "false"}, {"week": "17", "active": "false"}], "2014": [{"week": "1", "active": "false"}, {"week": "2", "active": "false"}, {"week": "3", "active": "false"}, {"week": "4", "active": "false"}, {"week": "5", "active": "false"}, {"week": "6", "active": "false"}, {"week": "7", "active": "false"}, {"week": "8", "active": "false"}, {"week": "9", "active": "false"}, {"week": "10", "active": "false"}, {"week": "11", "active": "false"}, {"week": "12", "active": "false"}, {"week": "13", "active": "false"}, {"week": "14", "active": "false"}]}}