{"D.Moore": {"2009": [{"week": "1", "active": "false"}, {"week": "2", "active": "false"}, {"week": "3", "active": "false"}, {"week": "4", "active": "false"}, {"week": "5", "active": "false"}, {"week": "6", "active": "false"}, {"week": "7", "active": "false"}, {"week": "8", "active": "false"}, {"week": "9", "active": "false"}, {"week": "10", "active": "false"}, {"week": "11", "active": "false"}, {"week": "12", "active": "false"}, {"week": "13", "active": "false"}, {"week": "14", "defense_sk": 0, "defense_tkl": 2, "defense_int": 0, "active": "true", "defense_ffum": 0, "defense_ast": 0}, {"week": "15", "defense_sk": 0, "defense_tkl": 1, "defense_int": 0, "active": "true", "defense_ffum": 0, "defense_ast": 0}, {"week": "16", "defense_sk": 0, "defense_tkl": 1, "defense_int": 0, "active": "true", "defense_ffum": 0, "defense_ast": 0}, {"week": "17", "active": "false"}], "2010": [{"week": "1", "kickret_lngtd": 0, "kickret_lng": 26, "kickret_avg": 22, "kickret_tds": 0, "active": "true", "kickret_ret": 7}, {"week": "2", "defense_sk": 0, "defense_tkl": 0, "defense_int": 2, "active": "true", "defense_ffum": 0, "defense_ast": 0}, {"week": "3", "kickret_lngtd": 0, "kickret_lng": 16, "kickret_avg": 16, "kickret_tds": 0, "active": "true", "kickret_ret": 1}, {"week": "4", "fumbles_tot": 1, "kickret_lngtd": 0, "kickret_lng": 33, "fumbles_yds": 0, "fumbles_lost": 0, "fumbles_trcv": 0, "fumbles_rcv": 0, "kickret_avg": 23, "kickret_tds": 0, "active": "true", "kickret_ret": 2}, {"week": "5", "defense_sk": 0, "defense_tkl": 1, "defense_int": 0, "active": "true", "defense_ffum": 0, "defense_ast": 0}, {"week": "6", "defense_sk": 0, "defense_tkl": 3, "defense_int": 0, "active": "true", "defense_ffum": 0, "defense_ast": 0}, {"week": "7", "defense_sk": 0, "defense_tkl": 1, "defense_int": 1, "active": "true", "defense_ffum": 0, "defense_ast": 0}, {"week": "8", "active": "false"}, {"week": "9", "defense_sk": 0, "defense_tkl": 4, "defense_int": 0, "active": "true", "defense_ffum": 0, "defense_ast": 0}, {"week": "10", "defense_sk": 0, "defense_tkl": 1, "defense_int": 1, "active": "true", "defense_ffum": 0, "defense_ast": 0}, {"week": "11", "defense_sk": 0, "defense_tkl": 1, "defense_int": 0, "active": "true", "defense_ffum": 0, "defense_ast": 0}, {"week": "12", "defense_sk": 0, "defense_tkl": 6, "defense_int": 0, "active": "true", "defense_ffum": 0, "defense_ast": 0}, {"week": "13", "defense_sk": 0.5, "defense_tkl": 3, "defense_int": 0, "active": "true", "defense_ffum": 0, "defense_ast": 3}, {"week": "14", "defense_sk": 0, "defense_tkl": 1, "defense_int": 0, "active": "true", "defense_ffum": 0, "defense_ast": 0}, {"week": "15", "defense_sk": 0, "defense_tkl": 1, "defense_int": 0, "active": "true", "defense_ffum": 0, "defense_ast": 0}, {"week": "16", "defense_sk": 0, "defense_tkl": 1, "defense_int": 0, "active": "true", "defense_ffum": 0, "defense_ast": 1}, {"week": "17", "defense_sk": 0, "defense_tkl": 4, "defense_int": 0, "active": "true", "defense_ffum": 1, "defense_ast": 0}], "2011": [{"week": "1", "defense_sk": 0, "defense_tkl": 3, "defense_int": 0, "active": "true", "defense_ffum": 0, "defense_ast": 2}, {"week": "2", "rushing_lngtd": 0, "receiving_tds": 1, "receiving_twopta": 0, "receiving_lng": 50, "rushing_tds": 0, "rushing_twopta": 0, "active": "true", "receiving_rec": 5, "rushing_lng": 25, "rushing_yds": 25, "receiving_lngtd": 50, "receiving_yds": 146, "rushing_att": 1, "receiving_twoptm": 0, "rushing_twoptm": 0}, {"week": "3", "puntret_tds": 0, "rushing_lngtd": 23, "receiving_tds": 0, "puntret_avg": 5, "receiving_twopta": 0, "receiving_lng": 13, "rushing_tds": 1, "puntret_lng": 14, "rushing_twopta": 0, "active": "true", "puntret_ret": 3, "receiving_rec": 4, "rushing_lng": 23, "rushing_yds": 23, "receiving_lngtd": 0, "receiving_yds": 34, "rushing_att": 1, "receiving_twoptm": 0, "rushing_twoptm": 0, "puntret_lngtd": 0}, {"week": "4", "defense_sk": 0, "defense_tkl": 2, "defense_int": 1, "active": "true", "defense_ffum": 0, "defense_ast": 0}, {"week": "5", "fumbles_tot": 1, "puntret_ret": 4, "puntret_avg": 8, "fumbles_yds": 0, "fumbles_lost": 0, "fumbles_trcv": 0, "fumbles_rcv": 0, "puntret_tds": 0, "active": "true", "puntret_lng": 21, "puntret_lngtd": 0}, {"week": "6", "puntret_tds": 0, "rushing_lngtd": 0, "receiving_tds": 0, "puntret_avg": -3, "receiving_twopta": 0, "receiving_lng": 9, "rushing_tds": 0, "puntret_lng": -2, "rushing_twopta": 0, "active": "true", "puntret_ret": 2, "receiving_rec": 1, "rushing_lng": -3, "rushing_yds": -3, "receiving_lngtd": 0, "receiving_yds": 9, "rushing_att": 1, "receiving_twoptm": 0, "rushing_twoptm": 0, "puntret_lngtd": 0}, {"week": "7", "defense_sk": 0, "defense_tkl": 1, "defense_int": 1, "active": "true", "defense_ffum": 0, "defense_ast": 2}, {"week": "8", "active": "false"}, {"week": "9", "puntret_tds": 0, "puntret_ret": 4, "receiving_tds": 0, "puntret_avg": 10, "puntret_lngtd": 0, "receiving_lng": 24, "puntret_lng": 16, "active": "true", "receiving_rec": 4, "receiving_twopta": 0, "receiving_yds": 61, "receiving_lngtd": 0, "receiving_twoptm": 0}, {"week": "10", "puntret_tds": 0, "puntret_ret": 3, "receiving_tds": 2, "puntret_avg": 12, "puntret_lngtd": 0, "receiving_lng": 46, "puntret_lng": 21, "active": "true", "receiving_rec": 5, "receiving_twopta": 0, "receiving_yds": 123, "receiving_lngtd": 33, "receiving_twoptm": 0}, {"week": "11", "puntret_tds": 0, "kickret_lngtd": 0, "puntret_ret": 2, "kickret_lng": 20, "receiving_tds": 0, "puntret_avg": 17, "puntret_lngtd": 0, "kickret_tds": 0, "receiving_lng": 14, "kickret_avg": 20, "puntret_lng": 34, "active": "true", "receiving_rec": 1, "receiving_twopta": 0, "receiving_yds": 14, "receiving_lngtd": 0, "receiving_twoptm": 0, "kickret_ret": 1}, {"week": "12", "active": "false"}, {"week": "13", "active": "false"}, {"week": "14", "defense_sk": 0, "defense_tkl": 2, "defense_int": 0, "active": "true", "defense_ffum": 0, "defense_ast": 0}, {"week": "15", "defense_sk": 0, "defense_tkl": 3, "defense_int": 0, "active": "true", "defense_ffum": 0, "defense_ast": 0}, {"week": "16", "puntret_tds": 0, "puntret_ret": 1, "receiving_tds": 1, "puntret_avg": -3, "puntret_lngtd": 0, "receiving_lng": 61, "puntret_lng": -3, "active": "true", "receiving_rec": 4, "receiving_twopta": 0, "receiving_yds": 94, "receiving_lngtd": 61, "receiving_twoptm": 0}, {"week": "17", "defense_sk": 0, "defense_tkl": 1, "defense_int": 1, "active": "true", "defense_ffum": 0, "defense_ast": 0}], "2012": [{"week": "1", "defense_sk": 0, "defense_tkl": 2, "defense_int": 0, "active": "true", "defense_ffum": 0, "defense_ast": 0}, {"week": "2", "defense_sk": 0, "defense_tkl": 2, "defense_int": 0, "active": "true", "defense_ffum": 0, "defense_ast": 0}, {"week": "3", "defense_sk": 0, "defense_tkl": 4, "defense_int": 0, "active": "true", "defense_ffum": 0, "defense_ast": 0}, {"week": "4", "receiving_tds": 0, "receiving_lng": 37, "active": "true", "receiving_rec": 4, "receiving_twopta": 0, "receiving_yds": 71, "receiving_lngtd": 0, "receiving_twoptm": 0}, {"week": "5", "defense_sk": 0, "defense_tkl": 3, "defense_int": 0, "active": "true", "defense_ffum": 0, "defense_ast": 0}, {"week": "6", "puntret_tds": 0, "puntret_ret": 1, "receiving_tds": 1, "puntret_avg": 0, "puntret_lngtd": 0, "receiving_lng": 49, "puntret_lng": 0, "active": "true", "receiving_rec": 5, "receiving_twopta": 0, "receiving_yds": 104, "receiving_lngtd": 25, "receiving_twoptm": 0}, {"week": "7", "fumbles_tot": 1, "puntret_ret": 1, "receiving_tds": 1, "fumbles_yds": 0, "fumbles_lost": 0, "fumbles_trcv": 1, "receiving_lng": 17, "fumbles_rcv": 1, "puntret_tds": 0, "active": "true", "puntret_avg": 0, "receiving_rec": 4, "receiving_twopta": 0, "receiving_yds": 36, "receiving_lngtd": 8, "receiving_twoptm": 0, "puntret_lng": 0, "puntret_lngtd": 0}, {"week": "8", "defense_sk": 0, "defense_tkl": 0, "defense_int": 0, "active": "true", "defense_ffum": 0, "defense_ast": 2}, {"week": "9", "defense_sk": 0, "defense_tkl": 2, "defense_int": 0, "active": "true", "defense_ffum": 0, "defense_ast": 0}, {"week": "10", "receiving_tds": 1, "receiving_lng": 38, "active": "true", "receiving_rec": 4, "receiving_twopta": 0, "receiving_yds": 90, "receiving_lngtd": 30, "receiving_twoptm": 0}, {"week": "11", "rushing_lngtd": 0, "receiving_tds": 0, "receiving_twopta": 0, "receiving_lng": 9, "rushing_tds": 0, "rushing_twopta": 0, "active": "true", "receiving_rec": 1, "rushing_lng": -5, "rushing_yds": -5, "receiving_lngtd": 0, "receiving_yds": 9, "rushing_att": 1, "receiving_twoptm": 0, "rushing_twoptm": 0}, {"week": "12", "receiving_tds": 1, "receiving_lng": 20, "active": "true", "receiving_rec": 1, "receiving_twopta": 0, "receiving_yds": 20, "receiving_lngtd": 20, "receiving_twoptm": 0}, {"week": "13", "receiving_tds": 0, "receiving_lng": 20, "active": "true", "receiving_rec": 2, "receiving_twopta": 0, "receiving_yds": 31, "receiving_lngtd": 0, "receiving_twoptm": 0}, {"week": "14", "puntret_tds": 0, "puntret_ret": 1, "receiving_tds": 0, "puntret_avg": 8, "puntret_lngtd": 0, "receiving_lng": 15, "puntret_lng": 8, "active": "true", "receiving_rec": 4, "receiving_twopta": 1, "receiving_yds": 43, "receiving_lngtd": 0, "receiving_twoptm": 0}, {"week": "15", "defense_sk": 0, "defense_tkl": 2, "defense_int": 0, "active": "true", "defense_ffum": 0, "defense_ast": 2}, {"week": "16", "puntret_tds": 0, "puntret_ret": 2, "receiving_tds": 0, "puntret_avg": 0, "puntret_lngtd": 0, "receiving_lng": 7, "puntret_lng": 0, "active": "true", "receiving_rec": 3, "receiving_twopta": 0, "receiving_yds": 12, "receiving_lngtd": 0, "receiving_twoptm": 0}, {"week": "17", "defense_sk": 0, "defense_tkl": 1, "defense_int": 0, "active": "true", "defense_ffum": 0, "defense_ast": 0}], "2013": [{"week": "1", "defense_sk": 0, "defense_tkl": 1, "defense_int": 0, "active": "true", "defense_ffum": 0, "defense_ast": 1}, {"week": "2", "defense_sk": 0, "defense_tkl": 3, "defense_int": 0, "active": "true", "defense_ffum": 0, "defense_ast": 0}, {"week": "3", "defense_sk": 0, "defense_tkl": 0, "defense_int": 0, "active": "true", "defense_ffum": 0, "defense_ast": 2}, {"week": "4", "receiving_tds": 0, "receiving_lng": 34, "active": "true", "receiving_rec": 4, "receiving_twopta": 0, "receiving_yds": 66, "receiving_lngtd": 0, "receiving_twoptm": 0}, {"week": "5", "receiving_tds": 1, "receiving_lng": 35, "active": "true", "receiving_rec": 5, "receiving_twopta": 0, "receiving_yds": 84, "receiving_lngtd": 2, "receiving_twoptm": 0}, {"week": "6", "receiving_tds": 1, "receiving_lng": 39, "active": "true", "receiving_rec": 5, "receiving_twopta": 0, "receiving_yds": 82, "receiving_lngtd": 39, "receiving_twoptm": 0}, {"week": "7", "active": "false"}, {"week": "8", "receiving_tds": 0, "receiving_lng": 18, "active": "true", "receiving_rec": 2, "receiving_twopta": 0, "receiving_yds": 32, "receiving_lngtd": 0, "receiving_twoptm": 0}, {"week": "9", "receiving_tds": 0, "receiving_lng": 27, "active": "true", "receiving_rec": 5, "receiving_twopta": 0, "receiving_yds": 82, "receiving_lngtd": 0, "receiving_twoptm": 0}, {"week": "10", "receiving_tds": 0, "receiving_lng": 23, "active": "true", "receiving_rec": 3, "receiving_twopta": 0, "receiving_yds": 45, "receiving_lngtd": 0, "receiving_twoptm": 0}, {"week": "11", "receiving_tds": 1, "receiving_lng": 6, "active": "true", "receiving_rec": 2, "receiving_twopta": 0, "receiving_yds": 11, "receiving_lngtd": 5, "receiving_twoptm": 0}, {"week": "12", "active": "false"}, {"week": "13", "active": "false"}, {"week": "14", "active": "false"}, {"week": "15", "defense_sk": 0, "defense_tkl": 2, "defense_int": 0, "active": "true", "defense_ffum": 0, "defense_ast": 0}, {"week": "16", "defense_sk": 0, "defense_tkl": 1, "defense_int": 0, "active": "true", "defense_ffum": 0, "defense_ast": 0}, {"week": "17", "kickret_lngtd": 0, "kickret_lng": 12, "kickret_avg": 12, "kickret_tds": 0, "active": "true", "kickret_ret": 1}], "2014": [{"week": "1", "receiving_tds": 0, "receiving_lng": 8, "active": "true", "receiving_rec": 2, "receiving_twopta": 0, "receiving_yds": 8, "receiving_lngtd": 0, "receiving_twoptm": 0}, {"week": "2", "defense_sk": 0, "defense_tkl": 3, "defense_int": 0, "active": "true", "defense_ffum": 0, "defense_ast": 0}, {"week": "3", "receiving_tds": 0, "receiving_lng": 11, "active": "true", "receiving_rec": 3, "receiving_twopta": 0, "receiving_yds": 23, "receiving_lngtd": 0, "receiving_twoptm": 0}, {"week": "4", "defense_sk": 1, "defense_tkl": 2, "defense_int": 0, "active": "true", "defense_ffum": 0, "defense_ast": 0}, {"week": "5", "active": "false"}, {"week": "6", "receiving_tds": 0, "receiving_lng": 9, "active": "true", "receiving_rec": 1, "receiving_twopta": 0, "receiving_yds": 9, "receiving_lngtd": 0, "receiving_twoptm": 0}, {"week": "7", "puntret_tds": 0, "puntret_ret": 1, "receiving_tds": 0, "puntret_avg": 3, "puntret_lngtd": 0, "receiving_lng": 13, "puntret_lng": 3, "active": "true", "receiving_rec": 1, "receiving_twopta": 0, "receiving_yds": 13, "receiving_lngtd": 0, "receiving_twoptm": 0}, {"week": "8", "puntret_tds": 0, "puntret_ret": 1, "receiving_tds": 0, "puntret_avg": 1, "puntret_lngtd": 0, "receiving_lng": 5, "puntret_lng": 1, "active": "true", "receiving_rec": 1, "receiving_twopta": 0, "receiving_yds": 5, "receiving_lngtd": 0, "receiving_twoptm": 0}, {"week": "9", "puntret_tds": 0, "puntret_ret": 1, "puntret_avg": 23, "puntret_lngtd": 0, "puntret_lng": 23, "active": "true"}, {"week": "10", "puntret_tds": 0, "rushing_lngtd": 0, "receiving_tds": 0, "puntret_avg": 4, "receiving_twopta": 0, "receiving_lng": 28, "rushing_tds": 0, "puntret_lng": 4, "rushing_twopta": 0, "active": "true", "puntret_ret": 1, "receiving_rec": 1, "rushing_lng": 1, "rushing_yds": 1, "receiving_lngtd": 0, "receiving_yds": 28, "rushing_att": 1, "receiving_twoptm": 0, "rushing_twoptm": 0, "puntret_lngtd": 0}, {"week": "11", "puntret_tds": 0, "puntret_ret": 3, "puntret_avg": 2, "puntret_lngtd": 0, "puntret_lng": 8, "active": "true"}, {"week": "12", "fumbles_tot": 1, "puntret_ret": 1, "puntret_avg": 0, "fumbles_yds": 0, "fumbles_lost": 1, "fumbles_trcv": 0, "fumbles_rcv": 0, "puntret_tds": 0, "active": "true", "puntret_lng": 0, "puntret_lngtd": 0}, {"week": "13", "defense_sk": 0, "defense_tkl": 0, "defense_int": 0, "active": "true", "defense_ffum": 0, "defense_ast": 1}, {"week": "14", "active": "false"}]}}