{"D.Stanton": {"2009": [{"week": "1", "active": "false"}, {"week": "2", "active": "false"}, {"week": "3", "active": "false"}, {"week": "4", "active": "false"}, {"week": "5", "active": "false"}, {"week": "6", "passing_att": 11, "passing_twoptm": 0, "passing_twopta": 0, "passing_yds": 57, "passing_cmp": 5, "active": "true", "passing_ints": 2, "passing_tds": 0}, {"week": "7", "active": "false"}, {"week": "8", "active": "false"}, {"week": "9", "active": "false"}, {"week": "10", "active": "false"}, {"week": "11", "active": "false"}, {"week": "12", "active": "false"}, {"week": "13", "active": "false"}, {"week": "14", "active": "false"}, {"week": "15", "passing_att": 19, "passing_twoptm": 0, "passing_twopta": 0, "rushing_tds": 1, "passing_yds": 72, "rushing_yds": 10, "passing_cmp": 10, "rushing_twopta": 0, "active": "true", "rushing_lng": 5, "passing_ints": 1, "passing_tds": 0, "rushing_att": 3, "rushing_twoptm": 0}, {"week": "16", "fumbles_tot": 1, "passing_att": 21, "fumbles_rcv": 0, "passing_twoptm": 0, "fumbles_yds": 0, "fumbles_lost": 1, "fumbles_trcv": 0, "passing_twopta": 0, "rushing_tds": 0, "passing_yds": 130, "rushing_yds": 23, "passing_cmp": 11, "rushing_twopta": 0, "active": "true", "rushing_lng": 11, "passing_ints": 3, "passing_tds": 0, "rushing_att": 6, "rushing_twoptm": 0}, {"week": "17", "active": "false"}], "2010": [{"week": "1", "active": "false"}, {"week": "2", "active": "false"}, {"week": "3", "active": "false"}, {"week": "4", "active": "false"}, {"week": "5", "passing_att": 1, "rushing_lngtd": 0, "passing_twoptm": 0, "passing_twopta": 0, "rushing_tds": 0, "passing_yds": 11, "rushing_yds": -3, "passing_cmp": 1, "rushing_twopta": 0, "active": "true", "rushing_lng": -1, "passing_ints": 0, "passing_tds": 0, "rushing_att": 3, "rushing_twoptm": 0}, {"week": "6", "fumbles_tot": 3, "passing_att": 34, "rushing_lngtd": 0, "passing_twoptm": 0, "fumbles_yds": 0, "fumbles_rcv": 1, "fumbles_trcv": 1, "passing_twopta": 0, "rushing_tds": 0, "passing_yds": 222, "rushing_yds": 30, "passing_cmp": 19, "rushing_twopta": 0, "fumbles_lost": 1, "rushing_lng": 20, "passing_ints": 1, "passing_tds": 1, "rushing_att": 3, "rushing_twoptm": 0, "active": "true"}, {"week": "7", "active": "false"}, {"week": "8", "active": "false"}, {"week": "9", "passing_att": 1, "rushing_lngtd": 0, "passing_twoptm": 0, "passing_twopta": 0, "rushing_tds": 0, "passing_yds": 0, "rushing_yds": 6, "passing_cmp": 0, "rushing_twopta": 0, "active": "true", "rushing_lng": 6, "passing_ints": 0, "passing_tds": 0, "rushing_att": 1, "rushing_twoptm": 0}, {"week": "10", "active": "false"}, {"week": "11", "active": "false"}, {"week": "12", "active": "false"}, {"week": "13", "passing_att": 24, "rushing_lngtd": 3, "passing_twoptm": 0, "passing_twopta": 0, "rushing_tds": 1, "passing_yds": 178, "rushing_yds": 12, "passing_cmp": 16, "rushing_twopta": 0, "active": "true", "rushing_lng": 6, "passing_ints": 0, "passing_tds": 1, "rushing_att": 5, "rushing_twoptm": 0}, {"week": "14", "passing_att": 22, "rushing_lngtd": 0, "passing_twoptm": 0, "passing_twopta": 0, "rushing_tds": 0, "passing_yds": 117, "rushing_yds": 44, "passing_cmp": 10, "rushing_twopta": 0, "active": "true", "rushing_lng": 17, "passing_ints": 2, "passing_tds": 1, "rushing_att": 4, "rushing_twoptm": 0}, {"week": "15", "passing_att": 37, "rushing_lngtd": 0, "passing_twoptm": 0, "passing_twopta": 0, "rushing_tds": 0, "passing_yds": 252, "rushing_yds": 24, "passing_cmp": 23, "rushing_twopta": 0, "active": "true", "rushing_lng": 15, "passing_ints": 0, "passing_tds": 1, "rushing_att": 2, "rushing_twoptm": 0}, {"week": "16", "active": "false"}, {"week": "17", "active": "false"}], "2011": [{"week": "1", "active": "false"}, {"week": "2", "active": "false"}, {"week": "3", "active": "false"}, {"week": "4", "active": "false"}, {"week": "5", "active": "false"}, {"week": "6", "active": "false"}, {"week": "7", "active": "false"}, {"week": "8", "active": "false"}, {"week": "9", "active": "false"}, {"week": "10", "active": "false"}, {"week": "11", "active": "false"}, {"week": "12", "active": "false"}, {"week": "13", "active": "false"}, {"week": "14", "active": "false"}, {"week": "15", "active": "false"}, {"week": "16", "active": "false"}, {"week": "17", "active": "false"}], "2012": [{"week": "1", "active": "false"}, {"week": "2", "active": "false"}, {"week": "3", "active": "false"}, {"week": "4", "active": "false"}, {"week": "5", "active": "false"}, {"week": "6", "active": "false"}, {"week": "7", "active": "false"}, {"week": "8", "active": "false"}, {"week": "9", "active": "false"}, {"week": "10", "active": "false"}, {"week": "11", "active": "false"}, {"week": "12", "active": "false"}, {"week": "13", "active": "false"}, {"week": "14", "active": "false"}, {"week": "15", "active": "false"}, {"week": "16", "active": "false"}, {"week": "17", "active": "false"}], "2013": [{"week": "1", "active": "false"}, {"week": "2", "active": "false"}, {"week": "3", "active": "false"}, {"week": "4", "active": "false"}, {"week": "5", "active": "false"}, {"week": "6", "active": "false"}, {"week": "7", "active": "false"}, {"week": "8", "active": "false"}, {"week": "9", "active": "false"}, {"week": "10", "active": "false"}, {"week": "11", "active": "false"}, {"week": "12", "active": "false"}, {"week": "13", "active": "false"}, {"week": "14", "active": "false"}, {"week": "15", "active": "false"}, {"week": "16", "active": "false"}, {"week": "17", "active": "false"}], "2014": [{"week": "1", "active": "false"}, {"week": "2", "passing_att": 29, "rushing_lngtd": 0, "passing_twoptm": 0, "passing_twopta": 0, "rushing_tds": 0, "passing_yds": 167, "rushing_yds": -2, "passing_cmp": 14, "rushing_twopta": 0, "active": "true", "rushing_lng": -1, "passing_ints": 0, "passing_tds": 0, "rushing_att": 2, "rushing_twoptm": 0}, {"week": "3", "passing_att": 33, "rushing_lngtd": 0, "passing_twoptm": 0, "passing_twopta": 0, "rushing_tds": 0, "passing_yds": 244, "rushing_yds": 16, "passing_cmp": 18, "rushing_twopta": 0, "active": "true", "rushing_lng": 13, "passing_ints": 0, "passing_tds": 2, "rushing_att": 6, "rushing_twoptm": 0}, {"week": "4", "active": "false"}, {"week": "5", "passing_att": 26, "passing_twoptm": 0, "passing_twopta": 0, "passing_yds": 118, "passing_cmp": 11, "active": "true", "passing_ints": 0, "passing_tds": 0}, {"week": "6", "active": "false"}, {"week": "7", "active": "false"}, {"week": "8", "active": "false"}, {"week": "9", "active": "false"}, {"week": "10", "passing_att": 5, "rushing_lngtd": 0, "passing_twoptm": 0, "passing_twopta": 0, "rushing_tds": 0, "passing_yds": 85, "rushing_yds": 3, "passing_cmp": 3, "rushing_twopta": 0, "active": "true", "rushing_lng": 4, "passing_ints": 0, "passing_tds": 1, "rushing_att": 2, "rushing_twoptm": 0}, {"week": "11", "passing_att": 32, "rushing_lngtd": 0, "passing_twoptm": 0, "passing_twopta": 0, "rushing_tds": 0, "passing_yds": 306, "rushing_yds": -4, "passing_cmp": 21, "rushing_twopta": 0, "active": "true", "rushing_lng": -1, "passing_ints": 2, "passing_tds": 2, "rushing_att": 4, "rushing_twoptm": 0}, {"week": "12", "passing_att": 26, "rushing_lngtd": 0, "passing_twoptm": 0, "passing_twopta": 0, "rushing_tds": 0, "passing_yds": 149, "rushing_yds": 23, "passing_cmp": 14, "rushing_twopta": 0, "active": "true", "rushing_lng": 13, "passing_ints": 1, "passing_tds": 0, "rushing_att": 4, "rushing_twoptm": 0}, {"week": "13", "passing_att": 39, "rushing_lngtd": 0, "passing_twoptm": 0, "passing_twopta": 0, "rushing_tds": 0, "passing_yds": 294, "rushing_yds": 7, "passing_cmp": 24, "rushing_twopta": 0, "active": "true", "rushing_lng": 7, "passing_ints": 2, "passing_tds": 1, "rushing_att": 1, "rushing_twoptm": 0}, {"week": "14", "fumbles_tot": 1, "passing_att": 24, "rushing_lngtd": 0, "passing_twoptm": 1, "fumbles_yds": 0, "fumbles_rcv": 0, "fumbles_trcv": 0, "passing_twopta": 1, "rushing_tds": 0, "passing_yds": 202, "rushing_yds": 18, "passing_cmp": 13, "rushing_twopta": 0, "fumbles_lost": 0, "rushing_lng": 10, "passing_ints": 0, "passing_tds": 1, "rushing_att": 3, "rushing_twoptm": 0, "active": "true"}]}}