{"D.Brees": {"2009": [{"week": "1", "passing_att": 34, "passing_twoptm": 0, "passing_twopta": 0, "passing_yds": 358, "passing_cmp": 26, "active": "true", "passing_ints": 1, "passing_tds": 6}, {"week": "2", "fumbles_tot": 2, "passing_att": 34, "fumbles_rcv": 0, "passing_twoptm": 0, "fumbles_yds": 0, "fumbles_lost": 0, "fumbles_trcv": 0, "passing_twopta": 0, "rushing_tds": 0, "passing_yds": 311, "rushing_yds": -1, "passing_cmp": 25, "rushing_twopta": 0, "active": "true", "rushing_lng": -1, "passing_ints": 1, "passing_tds": 3, "rushing_att": 1, "rushing_twoptm": 0}, {"week": "3", "fumbles_tot": 1, "passing_att": 29, "fumbles_rcv": 0, "passing_twoptm": 0, "fumbles_yds": 0, "fumbles_lost": 1, "fumbles_trcv": 0, "passing_twopta": 0, "rushing_tds": 0, "passing_yds": 172, "rushing_yds": 8, "passing_cmp": 16, "rushing_twopta": 0, "active": "true", "rushing_lng": 10, "passing_ints": 0, "passing_tds": 0, "rushing_att": 6, "rushing_twoptm": 0}, {"week": "4", "fumbles_tot": 0, "passing_att": 32, "fumbles_rcv": 1, "passing_twoptm": 0, "fumbles_yds": 0, "fumbles_lost": 0, "fumbles_trcv": 1, "passing_twopta": 0, "rushing_tds": 0, "passing_yds": 190, "rushing_yds": 5, "passing_cmp": 20, "rushing_twopta": 0, "active": "true", "rushing_lng": 7, "passing_ints": 0, "passing_tds": 0, "rushing_att": 3, "rushing_twoptm": 0}, {"week": "5", "active": "false"}, {"week": "6", "passing_att": 30, "passing_twoptm": 0, "passing_twopta": 0, "rushing_tds": 0, "passing_yds": 369, "rushing_yds": 6, "passing_cmp": 23, "rushing_twopta": 0, "active": "true", "rushing_lng": 6, "passing_ints": 0, "passing_tds": 4, "rushing_att": 1, "rushing_twoptm": 0}, {"week": "7", "fumbles_tot": 2, "passing_att": 38, "fumbles_rcv": 0, "passing_twoptm": 0, "fumbles_yds": 0, "fumbles_lost": 1, "fumbles_trcv": 0, "passing_twopta": 1, "rushing_tds": 2, "passing_yds": 298, "rushing_yds": 3, "passing_cmp": 22, "rushing_twopta": 0, "active": "true", "rushing_lng": 2, "passing_ints": 3, "passing_tds": 1, "rushing_att": 2, "rushing_twoptm": 0}, {"week": "8", "fumbles_tot": 1, "passing_att": 33, "fumbles_rcv": 0, "passing_twoptm": 0, "fumbles_yds": 0, "fumbles_lost": 1, "fumbles_trcv": 0, "passing_twopta": 0, "rushing_tds": 0, "passing_yds": 308, "rushing_yds": 3, "passing_cmp": 25, "rushing_twopta": 0, "active": "true", "rushing_lng": 4, "passing_ints": 1, "passing_tds": 2, "rushing_att": 2, "rushing_twoptm": 0}, {"week": "9", "fumbles_tot": 2, "passing_att": 35, "fumbles_rcv": 1, "passing_twoptm": 0, "fumbles_yds": 0, "fumbles_lost": 1, "fumbles_trcv": 1, "passing_twopta": 0, "rushing_tds": 0, "passing_yds": 330, "rushing_yds": 4, "passing_cmp": 24, "rushing_twopta": 0, "active": "true", "rushing_lng": 5, "passing_ints": 1, "passing_tds": 1, "rushing_att": 2, "rushing_twoptm": 0}, {"week": "10", "passing_att": 26, "passing_twoptm": 0, "passing_twopta": 0, "passing_yds": 223, "passing_cmp": 18, "active": "true", "passing_ints": 2, "passing_tds": 2}, {"week": "11", "passing_att": 29, "passing_twoptm": 0, "passing_twopta": 0, "passing_yds": 187, "passing_cmp": 19, "active": "true", "passing_ints": 0, "passing_tds": 3}, {"week": "12", "passing_att": 23, "passing_twoptm": 0, "passing_twopta": 0, "rushing_tds": 0, "passing_yds": 371, "rushing_yds": -1, "passing_cmp": 18, "rushing_twopta": 0, "active": "true", "rushing_lng": -1, "passing_ints": 0, "passing_tds": 5, "rushing_att": 1, "rushing_twoptm": 0}, {"week": "13", "passing_att": 49, "passing_twoptm": 0, "passing_twopta": 0, "passing_yds": 419, "passing_cmp": 35, "active": "true", "passing_ints": 1, "passing_tds": 2}, {"week": "14", "passing_att": 40, "passing_twoptm": 0, "passing_twopta": 0, "rushing_tds": 0, "passing_yds": 296, "rushing_yds": -2, "passing_cmp": 31, "rushing_twopta": 0, "active": "true", "rushing_lng": -1, "passing_ints": 0, "passing_tds": 3, "rushing_att": 2, "rushing_twoptm": 0}, {"fumbles_tot": 2, "passing_att": 45, "receiving_tds": 0, "passing_yds": 298, "rushing_yds": 8, "fumbles_rcv": 0, "fumbles_lost": 2, "rushing_tds": 0, "rushing_twopta": 0, "receiving_rec": 1, "receiving_twopta": 0, "receiving_yds": -4, "rushing_att": 2, "receiving_twoptm": 0, "rushing_twoptm": 0, "week": "15", "passing_twoptm": 0, "fumbles_yds": 0, "passing_twopta": 0, "receiving_lng": -4, "passing_cmp": 29, "passing_ints": 1, "active": "true", "fumbles_trcv": 0, "rushing_lng": 9, "passing_tds": 1}, {"week": "16", "passing_att": 37, "passing_twoptm": 0, "passing_twopta": 0, "passing_yds": 258, "passing_cmp": 32, "active": "true", "passing_ints": 0, "passing_tds": 1}, {"week": "17", "active": "false"}], "2010": [{"week": "1", "fumbles_tot": 1, "passing_att": 36, "rushing_lngtd": 0, "passing_twoptm": 0, "fumbles_yds": 0, "fumbles_rcv": 1, "fumbles_trcv": 1, "passing_twopta": 0, "rushing_tds": 0, "passing_yds": 237, "rushing_yds": -6, "passing_cmp": 27, "rushing_twopta": 0, "fumbles_lost": 0, "rushing_lng": -1, "passing_ints": 0, "passing_tds": 1, "rushing_att": 4, "rushing_twoptm": 0, "active": "true"}, {"week": "2", "passing_att": 38, "passing_twoptm": 0, "receiving_twopta": 0, "passing_twopta": 0, "receiving_lng": 7, "passing_yds": 254, "passing_cmp": 28, "receiving_yds": 7, "receiving_rec": 1, "passing_ints": 0, "passing_tds": 2, "receiving_lngtd": 0, "receiving_twoptm": 0, "active": "true", "receiving_tds": 0}, {"week": "3", "passing_att": 38, "passing_twoptm": 0, "passing_twopta": 0, "passing_yds": 365, "passing_cmp": 30, "active": "true", "passing_ints": 2, "passing_tds": 3}, {"week": "4", "fumbles_tot": 1, "passing_att": 48, "rushing_lngtd": 0, "passing_twoptm": 0, "fumbles_yds": 0, "fumbles_rcv": 1, "fumbles_trcv": 1, "passing_twopta": 0, "rushing_tds": 0, "passing_yds": 275, "rushing_yds": -1, "passing_cmp": 33, "rushing_twopta": 0, "fumbles_lost": 0, "rushing_lng": -1, "passing_ints": 0, "passing_tds": 1, "rushing_att": 1, "rushing_twoptm": 0, "active": "true"}, {"week": "5", "fumbles_tot": 1, "passing_att": 39, "rushing_lngtd": 0, "passing_twoptm": 0, "fumbles_yds": 0, "fumbles_rcv": 0, "fumbles_trcv": 0, "passing_twopta": 0, "rushing_tds": 0, "passing_yds": 279, "rushing_yds": 2, "passing_cmp": 24, "rushing_twopta": 0, "fumbles_lost": 0, "rushing_lng": 2, "passing_ints": 3, "passing_tds": 2, "rushing_att": 2, "rushing_twoptm": 0, "active": "true"}, {"week": "6", "passing_att": 32, "rushing_lngtd": 0, "passing_twoptm": 0, "passing_twopta": 0, "rushing_tds": 0, "passing_yds": 263, "rushing_yds": 2, "passing_cmp": 21, "rushing_twopta": 0, "active": "true", "rushing_lng": 3, "passing_ints": 1, "passing_tds": 3, "rushing_att": 2, "rushing_twoptm": 0}, {"week": "7", "fumbles_tot": 1, "passing_att": 56, "fumbles_rcv": 1, "passing_twoptm": 0, "fumbles_yds": 0, "fumbles_lost": 0, "fumbles_trcv": 1, "passing_twopta": 0, "passing_yds": 356, "passing_cmp": 37, "active": "true", "passing_ints": 4, "passing_tds": 2}, {"week": "8", "fumbles_tot": 1, "passing_att": 44, "rushing_lngtd": 0, "passing_twoptm": 0, "fumbles_yds": 0, "fumbles_rcv": 0, "fumbles_trcv": 0, "passing_twopta": 0, "rushing_tds": 0, "passing_yds": 305, "rushing_yds": -2, "passing_cmp": 34, "rushing_twopta": 0, "fumbles_lost": 1, "rushing_lng": 0, "passing_ints": 1, "passing_tds": 2, "rushing_att": 3, "rushing_twoptm": 0, "active": "true"}, {"week": "9", "fumbles_tot": 1, "passing_att": 43, "fumbles_rcv": 1, "passing_twoptm": 0, "fumbles_yds": 0, "fumbles_lost": 0, "fumbles_trcv": 1, "passing_twopta": 0, "passing_yds": 253, "passing_cmp": 27, "active": "true", "passing_ints": 1, "passing_tds": 2}, {"week": "10", "active": "false"}, {"week": "11", "passing_att": 43, "passing_twoptm": 0, "passing_twopta": 0, "passing_yds": 382, "passing_cmp": 29, "active": "true", "passing_ints": 2, "passing_tds": 4}, {"week": "12", "passing_att": 39, "rushing_lngtd": 0, "passing_twoptm": 0, "passing_twopta": 0, "rushing_tds": 0, "passing_yds": 352, "rushing_yds": -3, "passing_cmp": 23, "rushing_twopta": 0, "active": "true", "rushing_lng": -1, "passing_ints": 1, "passing_tds": 1, "rushing_att": 3, "rushing_twoptm": 0}, {"week": "13", "passing_att": 29, "passing_twoptm": 0, "passing_twopta": 0, "passing_yds": 313, "passing_cmp": 24, "active": "true", "passing_ints": 1, "passing_tds": 2}, {"week": "14", "passing_att": 40, "rushing_lngtd": 0, "passing_twoptm": 0, "passing_twopta": 0, "rushing_tds": 0, "passing_yds": 221, "rushing_yds": 7, "passing_cmp": 25, "rushing_twopta": 0, "active": "true", "rushing_lng": 7, "passing_ints": 2, "passing_tds": 3, "rushing_att": 1, "rushing_twoptm": 0}, {"week": "15", "fumbles_tot": 2, "passing_att": 46, "fumbles_rcv": 1, "passing_twoptm": 0, "fumbles_yds": 0, "fumbles_lost": 0, "fumbles_trcv": 1, "passing_twopta": 0, "passing_yds": 267, "passing_cmp": 29, "active": "true", "passing_ints": 1, "passing_tds": 3}, {"week": "16", "passing_att": 49, "rushing_lngtd": 0, "passing_twoptm": 0, "passing_twopta": 0, "rushing_tds": 0, "passing_yds": 302, "rushing_yds": -2, "passing_cmp": 35, "rushing_twopta": 0, "active": "true", "rushing_lng": -1, "passing_ints": 2, "passing_tds": 1, "rushing_att": 2, "rushing_twoptm": 0}, {"week": "17", "fumbles_tot": 1, "passing_att": 38, "fumbles_rcv": 0, "passing_twoptm": 0, "fumbles_yds": 0, "fumbles_lost": 1, "fumbles_trcv": 0, "passing_twopta": 0, "passing_yds": 196, "passing_cmp": 22, "active": "true", "passing_ints": 1, "passing_tds": 1}], "2011": [{"week": "1", "passing_att": 49, "rushing_lngtd": 0, "passing_twoptm": 0, "passing_twopta": 0, "rushing_tds": 0, "passing_yds": 419, "rushing_yds": 3, "passing_cmp": 32, "rushing_twopta": 0, "active": "true", "rushing_lng": 3, "passing_ints": 0, "passing_tds": 3, "rushing_att": 1, "rushing_twoptm": 0}, {"week": "2", "passing_att": 37, "rushing_lngtd": 0, "passing_twoptm": 0, "passing_twopta": 0, "rushing_tds": 0, "passing_yds": 270, "rushing_yds": 2, "passing_cmp": 26, "rushing_twopta": 0, "active": "true", "rushing_lng": 2, "passing_ints": 0, "passing_tds": 3, "rushing_att": 1, "rushing_twoptm": 0}, {"week": "3", "passing_att": 44, "rushing_lngtd": 0, "passing_twoptm": 2, "passing_twopta": 2, "rushing_tds": 0, "passing_yds": 370, "rushing_yds": -1, "passing_cmp": 31, "rushing_twopta": 0, "active": "true", "rushing_lng": 4, "passing_ints": 2, "passing_tds": 3, "rushing_att": 4, "rushing_twoptm": 0}, {"week": "4", "passing_att": 44, "rushing_lngtd": 0, "passing_twoptm": 0, "passing_twopta": 0, "rushing_tds": 0, "passing_yds": 351, "rushing_yds": 10, "passing_cmp": 31, "rushing_twopta": 0, "active": "true", "rushing_lng": 6, "passing_ints": 2, "passing_tds": 1, "rushing_att": 3, "rushing_twoptm": 0}, {"week": "5", "passing_att": 45, "passing_twoptm": 0, "passing_twopta": 0, "passing_yds": 359, "passing_cmp": 32, "active": "true", "passing_ints": 1, "passing_tds": 2}, {"week": "6", "passing_att": 45, "rushing_lngtd": 0, "passing_twoptm": 0, "passing_twopta": 0, "rushing_tds": 0, "passing_yds": 383, "rushing_yds": 21, "passing_cmp": 29, "rushing_twopta": 0, "active": "true", "rushing_lng": 11, "passing_ints": 3, "passing_tds": 1, "rushing_att": 3, "rushing_twoptm": 0}, {"week": "7", "passing_att": 35, "passing_twoptm": 0, "passing_twopta": 0, "passing_yds": 325, "passing_cmp": 31, "active": "true", "passing_ints": 0, "passing_tds": 5}, {"week": "8", "passing_att": 44, "rushing_lngtd": 0, "passing_twoptm": 0, "passing_twopta": 0, "rushing_tds": 0, "passing_yds": 269, "rushing_yds": -1, "passing_cmp": 30, "rushing_twopta": 0, "active": "true", "rushing_lng": -1, "passing_ints": 2, "passing_tds": 1, "rushing_att": 1, "rushing_twoptm": 0}, {"week": "9", "passing_att": 36, "rushing_lngtd": 0, "passing_twoptm": 0, "passing_twopta": 0, "rushing_tds": 0, "passing_yds": 258, "rushing_yds": 20, "passing_cmp": 27, "rushing_twopta": 0, "active": "true", "rushing_lng": 20, "passing_ints": 1, "passing_tds": 2, "rushing_att": 1, "rushing_twoptm": 0}, {"week": "10", "passing_att": 43, "passing_twoptm": 0, "passing_twopta": 0, "passing_yds": 322, "passing_cmp": 30, "active": "true", "passing_ints": 0, "passing_tds": 2}, {"week": "11", "active": "false"}, {"week": "12", "passing_att": 38, "rushing_lngtd": 8, "passing_twoptm": 0, "passing_twopta": 0, "rushing_tds": 1, "passing_yds": 363, "rushing_yds": 8, "passing_cmp": 24, "rushing_twopta": 0, "active": "true", "rushing_lng": 8, "passing_ints": 0, "passing_tds": 4, "rushing_att": 1, "rushing_twoptm": 0}, {"week": "13", "passing_att": 36, "passing_twoptm": 0, "passing_twopta": 0, "passing_yds": 342, "passing_cmp": 26, "active": "true", "passing_ints": 0, "passing_tds": 3}, {"week": "14", "passing_att": 47, "rushing_lngtd": 0, "passing_twoptm": 0, "passing_twopta": 0, "rushing_tds": 0, "passing_yds": 337, "rushing_yds": 6, "passing_cmp": 36, "rushing_twopta": 0, "active": "true", "rushing_lng": 4, "passing_ints": 0, "passing_tds": 2, "rushing_att": 2, "rushing_twoptm": 0}, {"week": "15", "fumbles_tot": 1, "passing_att": 40, "rushing_lngtd": 0, "passing_twoptm": 0, "fumbles_yds": -15, "fumbles_rcv": 0, "fumbles_trcv": 0, "passing_twopta": 0, "rushing_tds": 0, "passing_yds": 412, "rushing_yds": 4, "passing_cmp": 32, "rushing_twopta": 0, "fumbles_lost": 1, "rushing_lng": 4, "passing_ints": 0, "passing_tds": 5, "rushing_att": 2, "rushing_twoptm": 0, "active": "true"}, {"week": "16", "passing_att": 39, "rushing_lngtd": 0, "passing_twoptm": 0, "passing_twopta": 0, "rushing_tds": 0, "passing_yds": 307, "rushing_yds": 9, "passing_cmp": 23, "rushing_twopta": 0, "active": "true", "rushing_lng": 9, "passing_ints": 2, "passing_tds": 4, "rushing_att": 1, "rushing_twoptm": 0}, {"week": "17", "passing_att": 35, "rushing_lngtd": 0, "passing_twoptm": 0, "passing_twopta": 0, "rushing_tds": 0, "passing_yds": 389, "rushing_yds": 5, "passing_cmp": 28, "rushing_twopta": 0, "active": "true", "rushing_lng": 5, "passing_ints": 1, "passing_tds": 5, "rushing_att": 1, "rushing_twoptm": 0}], "2012": [{"week": "1", "passing_att": 52, "passing_twoptm": 0, "passing_twopta": 0, "passing_yds": 339, "passing_cmp": 24, "active": "true", "passing_ints": 2, "passing_tds": 3}, {"week": "2", "fumbles_tot": 1, "passing_att": 49, "rushing_lngtd": 1, "passing_twoptm": 0, "fumbles_yds": 0, "fumbles_rcv": 1, "fumbles_trcv": 1, "passing_twopta": 0, "rushing_tds": 1, "passing_yds": 325, "rushing_yds": 0, "passing_cmp": 31, "rushing_twopta": 0, "fumbles_lost": 0, "rushing_lng": 1, "passing_ints": 2, "passing_tds": 1, "rushing_att": 2, "rushing_twoptm": 0, "active": "true"}, {"week": "3", "passing_att": 36, "rushing_lngtd": 0, "passing_twoptm": 0, "passing_twopta": 0, "rushing_tds": 0, "passing_yds": 240, "rushing_yds": -1, "passing_cmp": 20, "rushing_twopta": 0, "active": "true", "rushing_lng": -1, "passing_ints": 1, "passing_tds": 3, "rushing_att": 1, "rushing_twoptm": 0}, {"week": "4", "passing_att": 54, "passing_twoptm": 0, "passing_twopta": 0, "passing_yds": 446, "passing_cmp": 35, "active": "true", "passing_ints": 0, "passing_tds": 3}, {"week": "5", "fumbles_tot": 1, "passing_att": 45, "rushing_lngtd": 0, "passing_twoptm": 0, "fumbles_yds": 0, "fumbles_rcv": 0, "fumbles_trcv": 0, "passing_twopta": 0, "rushing_tds": 0, "passing_yds": 370, "rushing_yds": -2, "passing_cmp": 29, "rushing_twopta": 0, "fumbles_lost": 0, "rushing_lng": -1, "passing_ints": 1, "passing_tds": 4, "rushing_att": 2, "rushing_twoptm": 0, "active": "true"}, {"week": "6", "active": "false"}, {"week": "7", "passing_att": 37, "rushing_lngtd": 0, "passing_twoptm": 0, "passing_twopta": 0, "rushing_tds": 0, "passing_yds": 377, "rushing_yds": 1, "passing_cmp": 27, "rushing_twopta": 0, "active": "true", "rushing_lng": 1, "passing_ints": 1, "passing_tds": 4, "rushing_att": 1, "rushing_twoptm": 0}, {"week": "8", "fumbles_tot": 1, "passing_att": 42, "rushing_lngtd": 0, "passing_twoptm": 0, "fumbles_yds": 0, "fumbles_rcv": 1, "fumbles_trcv": 1, "passing_twopta": 0, "rushing_tds": 0, "passing_yds": 213, "rushing_yds": 2, "passing_cmp": 22, "rushing_twopta": 0, "fumbles_lost": 0, "rushing_lng": 3, "passing_ints": 1, "passing_tds": 2, "rushing_att": 2, "rushing_twoptm": 0, "active": "true"}, {"week": "9", "fumbles_tot": 2, "passing_att": 27, "rushing_lngtd": 0, "passing_twoptm": 0, "fumbles_yds": 0, "fumbles_rcv": 0, "fumbles_trcv": 0, "passing_twopta": 0, "rushing_tds": 0, "passing_yds": 239, "rushing_yds": -1, "passing_cmp": 21, "rushing_twopta": 0, "fumbles_lost": 1, "rushing_lng": -1, "passing_ints": 0, "passing_tds": 2, "rushing_att": 1, "rushing_twoptm": 0, "active": "true"}, {"week": "10", "passing_att": 32, "rushing_lngtd": 0, "passing_twoptm": 0, "passing_twopta": 0, "rushing_tds": 0, "passing_yds": 298, "rushing_yds": -1, "passing_cmp": 21, "rushing_twopta": 0, "active": "true", "rushing_lng": -1, "passing_ints": 1, "passing_tds": 3, "rushing_att": 1, "rushing_twoptm": 0}, {"week": "11", "passing_att": 27, "passing_twoptm": 0, "passing_twopta": 0, "passing_yds": 219, "passing_cmp": 20, "active": "true", "passing_ints": 0, "passing_tds": 3}, {"week": "12", "passing_att": 41, "rushing_lngtd": 0, "passing_twoptm": 0, "passing_twopta": 0, "rushing_tds": 0, "passing_yds": 267, "rushing_yds": -2, "passing_cmp": 26, "rushing_twopta": 0, "active": "true", "rushing_lng": -1, "passing_ints": 2, "passing_tds": 3, "rushing_att": 2, "rushing_twoptm": 0}, {"week": "13", "passing_att": 50, "passing_twoptm": 0, "passing_twopta": 0, "passing_yds": 341, "passing_cmp": 28, "active": "true", "passing_ints": 5, "passing_tds": 0}, {"week": "14", "passing_att": 43, "rushing_lngtd": 0, "passing_twoptm": 0, "passing_twopta": 0, "rushing_tds": 0, "passing_yds": 354, "rushing_yds": -1, "passing_cmp": 26, "rushing_twopta": 0, "active": "true", "rushing_lng": -1, "passing_ints": 2, "passing_tds": 1, "rushing_att": 1, "rushing_twoptm": 0}, {"week": "15", "passing_att": 39, "rushing_lngtd": 0, "passing_twoptm": 0, "passing_twopta": 0, "rushing_tds": 0, "passing_yds": 307, "rushing_yds": 11, "passing_cmp": 26, "rushing_twopta": 0, "active": "true", "rushing_lng": 11, "passing_ints": 0, "passing_tds": 4, "rushing_att": 1, "rushing_twoptm": 0}, {"week": "16", "passing_att": 53, "rushing_lngtd": 0, "passing_twoptm": 0, "passing_twopta": 0, "rushing_tds": 0, "passing_yds": 446, "rushing_yds": -1, "passing_cmp": 37, "rushing_twopta": 0, "active": "true", "rushing_lng": -1, "passing_ints": 0, "passing_tds": 3, "rushing_att": 1, "rushing_twoptm": 0}, {"week": "17", "passing_att": 43, "passing_twoptm": 0, "passing_twopta": 0, "passing_yds": 396, "passing_cmp": 29, "active": "true", "passing_ints": 1, "passing_tds": 4}], "2013": [{"week": "1", "passing_att": 35, "rushing_lngtd": 0, "passing_twoptm": 0, "passing_twopta": 0, "rushing_tds": 0, "passing_yds": 357, "rushing_yds": 2, "passing_cmp": 26, "rushing_twopta": 0, "active": "true", "rushing_lng": 4, "passing_ints": 1, "passing_tds": 2, "rushing_att": 3, "rushing_twoptm": 0}, {"week": "2", "fumbles_tot": 1, "passing_att": 46, "fumbles_rcv": 0, "passing_twoptm": 0, "fumbles_yds": 0, "fumbles_lost": 0, "fumbles_trcv": 0, "passing_twopta": 0, "passing_yds": 322, "passing_cmp": 26, "active": "true", "passing_ints": 2, "passing_tds": 1}, {"week": "3", "passing_att": 46, "rushing_lngtd": 7, "passing_twoptm": 0, "passing_twopta": 0, "rushing_tds": 1, "passing_yds": 342, "rushing_yds": 21, "passing_cmp": 29, "rushing_twopta": 0, "active": "true", "rushing_lng": 13, "passing_ints": 1, "passing_tds": 3, "rushing_att": 6, "rushing_twoptm": 0}, {"week": "4", "passing_att": 39, "rushing_lngtd": 0, "passing_twoptm": 0, "passing_twopta": 0, "rushing_tds": 0, "passing_yds": 413, "rushing_yds": 2, "passing_cmp": 30, "rushing_twopta": 0, "active": "true", "rushing_lng": 5, "passing_ints": 0, "passing_tds": 4, "rushing_att": 4, "rushing_twoptm": 0}, {"week": "5", "passing_att": 35, "passing_twoptm": 0, "passing_twopta": 0, "passing_yds": 288, "passing_cmp": 29, "active": "true", "passing_ints": 0, "passing_tds": 2}, {"week": "6", "passing_att": 36, "rushing_lngtd": 0, "passing_twoptm": 0, "passing_twopta": 0, "rushing_tds": 0, "passing_yds": 236, "rushing_yds": 11, "passing_cmp": 17, "rushing_twopta": 0, "active": "true", "rushing_lng": 16, "passing_ints": 1, "passing_tds": 2, "rushing_att": 2, "rushing_twoptm": 0}, {"week": "7", "active": "false"}, {"week": "8", "passing_att": 34, "rushing_lngtd": 0, "passing_twoptm": 0, "passing_twopta": 0, "rushing_tds": 0, "passing_yds": 332, "rushing_yds": -1, "passing_cmp": 26, "rushing_twopta": 0, "active": "true", "rushing_lng": 2, "passing_ints": 0, "passing_tds": 5, "rushing_att": 4, "rushing_twoptm": 0}, {"week": "9", "fumbles_tot": 1, "passing_att": 51, "rushing_lngtd": 0, "passing_twoptm": 0, "fumbles_yds": 0, "fumbles_rcv": 0, "fumbles_trcv": 0, "passing_twopta": 0, "rushing_tds": 0, "passing_yds": 382, "rushing_yds": -1, "passing_cmp": 30, "rushing_twopta": 0, "fumbles_lost": 0, "rushing_lng": -1, "passing_ints": 2, "passing_tds": 2, "rushing_att": 1, "rushing_twoptm": 0, "active": "true"}, {"week": "10", "passing_att": 41, "passing_twoptm": 0, "passing_twopta": 0, "passing_yds": 392, "passing_cmp": 34, "active": "true", "passing_ints": 0, "passing_tds": 4}, {"week": "11", "fumbles_tot": 1, "passing_att": 43, "rushing_lngtd": 0, "passing_twoptm": 0, "fumbles_yds": 0, "fumbles_rcv": 0, "fumbles_trcv": 0, "passing_twopta": 0, "rushing_tds": 0, "passing_yds": 305, "rushing_yds": -1, "passing_cmp": 30, "rushing_twopta": 0, "fumbles_lost": 0, "rushing_lng": -1, "passing_ints": 1, "passing_tds": 1, "rushing_att": 1, "rushing_twoptm": 0, "active": "true"}, {"week": "12", "passing_att": 33, "rushing_lngtd": 0, "passing_twoptm": 0, "passing_twopta": 0, "rushing_tds": 0, "passing_yds": 278, "rushing_yds": -6, "passing_cmp": 23, "rushing_twopta": 0, "active": "true", "rushing_lng": 8, "passing_ints": 0, "passing_tds": 2, "rushing_att": 4, "rushing_twoptm": 0}, {"week": "13", "fumbles_tot": 1, "passing_att": 38, "rushing_lngtd": 0, "passing_twoptm": 0, "fumbles_yds": 0, "fumbles_rcv": 0, "fumbles_trcv": 0, "passing_twopta": 0, "rushing_tds": 0, "passing_yds": 147, "rushing_yds": -1, "passing_cmp": 23, "rushing_twopta": 0, "fumbles_lost": 1, "rushing_lng": -1, "passing_ints": 0, "passing_tds": 1, "rushing_att": 1, "rushing_twoptm": 0, "active": "true"}, {"week": "14", "fumbles_tot": 1, "passing_att": 42, "rushing_lngtd": 0, "passing_twoptm": 0, "fumbles_yds": 0, "fumbles_rcv": 0, "fumbles_trcv": 0, "passing_twopta": 0, "rushing_tds": 0, "passing_yds": 313, "rushing_yds": 3, "passing_cmp": 30, "rushing_twopta": 0, "fumbles_lost": 0, "rushing_lng": 4, "passing_ints": 0, "passing_tds": 4, "rushing_att": 3, "rushing_twoptm": 0, "active": "true"}, {"week": "15", "fumbles_tot": 1, "passing_att": 56, "rushing_lngtd": 1, "passing_twoptm": 0, "fumbles_yds": 0, "fumbles_rcv": 0, "fumbles_trcv": 0, "passing_twopta": 0, "rushing_tds": 1, "passing_yds": 393, "rushing_yds": 8, "passing_cmp": 39, "rushing_twopta": 0, "fumbles_lost": 1, "rushing_lng": 7, "passing_ints": 2, "passing_tds": 1, "rushing_att": 2, "rushing_twoptm": 0, "active": "true"}, {"week": "16", "passing_att": 44, "rushing_lngtd": 0, "passing_twoptm": 0, "passing_twopta": 0, "rushing_tds": 0, "passing_yds": 281, "rushing_yds": 9, "passing_cmp": 30, "rushing_twopta": 0, "active": "true", "rushing_lng": 9, "passing_ints": 2, "passing_tds": 1, "rushing_att": 1, "rushing_twoptm": 0}, {"week": "17", "passing_att": 31, "rushing_lngtd": 9, "passing_twoptm": 0, "passing_twopta": 0, "rushing_tds": 1, "passing_yds": 381, "rushing_yds": 8, "passing_cmp": 24, "rushing_twopta": 0, "active": "true", "rushing_lng": 9, "passing_ints": 0, "passing_tds": 4, "rushing_att": 2, "rushing_twoptm": 0}], "2014": [{"week": "1", "passing_att": 42, "rushing_lngtd": 0, "passing_twoptm": 0, "passing_twopta": 0, "rushing_tds": 0, "passing_yds": 333, "rushing_yds": 2, "passing_cmp": 29, "rushing_twopta": 0, "active": "true", "rushing_lng": 2, "passing_ints": 1, "passing_tds": 1, "rushing_att": 1, "rushing_twoptm": 0}, {"week": "2", "passing_att": 40, "rushing_lngtd": 0, "passing_twoptm": 0, "passing_twopta": 0, "rushing_tds": 0, "passing_yds": 237, "rushing_yds": 3, "passing_cmp": 27, "rushing_twopta": 0, "active": "true", "rushing_lng": 3, "passing_ints": 1, "passing_tds": 2, "rushing_att": 1, "rushing_twoptm": 0}, {"week": "3", "fumbles_tot": 1, "passing_att": 35, "rushing_lngtd": 0, "passing_twoptm": 0, "fumbles_yds": -18, "fumbles_rcv": 1, "fumbles_trcv": 1, "passing_twopta": 0, "rushing_tds": 0, "passing_yds": 293, "rushing_yds": -2, "passing_cmp": 27, "rushing_twopta": 0, "fumbles_lost": 0, "rushing_lng": 0, "passing_ints": 0, "passing_tds": 2, "rushing_att": 3, "rushing_twoptm": 0, "active": "true"}, {"week": "4", "passing_att": 44, "rushing_lngtd": 0, "passing_twoptm": 0, "passing_twopta": 0, "rushing_tds": 0, "passing_yds": 340, "rushing_yds": 6, "passing_cmp": 32, "rushing_twopta": 0, "active": "true", "rushing_lng": 6, "passing_ints": 1, "passing_tds": 2, "rushing_att": 1, "rushing_twoptm": 0}, {"week": "5", "passing_att": 57, "rushing_lngtd": 0, "passing_twoptm": 0, "passing_twopta": 1, "rushing_tds": 0, "passing_yds": 371, "rushing_yds": -1, "passing_cmp": 35, "rushing_twopta": 0, "active": "true", "rushing_lng": -1, "passing_ints": 3, "passing_tds": 2, "rushing_att": 1, "rushing_twoptm": 0}, {"week": "6", "active": "false"}, {"week": "7", "passing_att": 45, "rushing_lngtd": 0, "passing_twoptm": 0, "passing_twopta": 0, "rushing_tds": 0, "passing_yds": 342, "rushing_yds": 13, "passing_cmp": 28, "rushing_twopta": 0, "active": "true", "rushing_lng": 13, "passing_ints": 1, "passing_tds": 2, "rushing_att": 1, "rushing_twoptm": 0}, {"week": "8", "passing_att": 32, "rushing_lngtd": 0, "passing_twoptm": 0, "passing_twopta": 0, "rushing_tds": 0, "passing_yds": 311, "rushing_yds": 6, "passing_cmp": 27, "rushing_twopta": 0, "active": "true", "rushing_lng": 6, "passing_ints": 0, "passing_tds": 3, "rushing_att": 1, "rushing_twoptm": 0}, {"week": "9", "fumbles_tot": 2, "passing_att": 34, "rushing_lngtd": 1, "passing_twoptm": 0, "fumbles_yds": 0, "fumbles_rcv": 1, "fumbles_trcv": 1, "passing_twopta": 0, "rushing_tds": 1, "passing_yds": 297, "rushing_yds": 2, "passing_cmp": 24, "rushing_twopta": 0, "fumbles_lost": 1, "rushing_lng": 3, "passing_ints": 1, "passing_tds": 1, "rushing_att": 4, "rushing_twoptm": 0, "active": "true"}, {"week": "10", "fumbles_tot": 1, "passing_att": 47, "rushing_lngtd": 0, "passing_twoptm": 0, "fumbles_yds": 0, "fumbles_rcv": 1, "fumbles_trcv": 1, "passing_twopta": 0, "rushing_tds": 0, "passing_yds": 292, "rushing_yds": 7, "passing_cmp": 28, "rushing_twopta": 0, "fumbles_lost": 1, "rushing_lng": 5, "passing_ints": 2, "passing_tds": 3, "rushing_att": 2, "rushing_twoptm": 0, "active": "true"}, {"week": "11", "passing_att": 41, "rushing_lngtd": 0, "passing_twoptm": 0, "passing_twopta": 0, "rushing_tds": 0, "passing_yds": 255, "rushing_yds": 3, "passing_cmp": 33, "rushing_twopta": 0, "active": "true", "rushing_lng": 3, "passing_ints": 0, "passing_tds": 1, "rushing_att": 1, "rushing_twoptm": 0}, {"week": "12", "passing_att": 45, "rushing_lngtd": 0, "passing_twoptm": 0, "passing_twopta": 0, "rushing_tds": 0, "passing_yds": 420, "rushing_yds": 15, "passing_cmp": 35, "rushing_twopta": 0, "active": "true", "rushing_lng": 9, "passing_ints": 1, "passing_tds": 3, "rushing_att": 3, "rushing_twoptm": 0}, {"week": "13", "passing_att": 27, "passing_twoptm": 0, "passing_twopta": 0, "passing_yds": 257, "passing_cmp": 19, "active": "true", "passing_ints": 0, "passing_tds": 5}, {"week": "14", "passing_att": 49, "rushing_lngtd": 0, "passing_twoptm": 0, "passing_twopta": 0, "rushing_tds": 0, "passing_yds": 235, "rushing_yds": 6, "passing_cmp": 29, "rushing_twopta": 0, "active": "true", "rushing_lng": 6, "passing_ints": 1, "passing_tds": 1, "rushing_att": 1, "rushing_twoptm": 0}]}}