{"D.Colquitt": {"2009": [{"week": "1", "punting_pts": 5, "punting_avg": 45, "punting_lng": 61, "active": "true", "punting_yds": 246, "punting_i20": 2}, {"week": "2", "punting_pts": 5, "punting_avg": 40, "punting_lng": 55, "active": "true", "punting_yds": 218, "punting_i20": 2}, {"week": "3", "punting_pts": 9, "punting_avg": 45, "punting_lng": 64, "active": "true", "punting_yds": 399, "punting_i20": 3}, {"week": "4", "punting_pts": 7, "punting_avg": 46, "punting_lng": 59, "active": "true", "punting_yds": 339, "punting_i20": 2}, {"week": "5", "punting_pts": 8, "punting_avg": 41, "punting_lng": 57, "active": "true", "punting_yds": 330, "punting_i20": 4}, {"week": "6", "punting_pts": 7, "punting_avg": 33, "punting_lng": 50, "active": "true", "punting_yds": 273, "punting_i20": 3}, {"week": "7", "punting_pts": 5, "punting_avg": 34, "punting_lng": 53, "active": "true", "punting_yds": 241, "punting_i20": 3}, {"week": "8", "active": "false"}, {"week": "9", "punting_pts": 7, "punting_avg": 40, "punting_lng": 70, "active": "true", "punting_yds": 326, "punting_i20": 4}, {"week": "10", "punting_pts": 6, "punting_avg": 48, "punting_lng": 61, "active": "true", "punting_yds": 283, "punting_i20": 4}, {"week": "11", "punting_pts": 6, "punting_avg": 39, "punting_lng": 51, "active": "true", "punting_yds": 287, "punting_i20": 2}, {"week": "12", "punting_pts": 4, "punting_avg": 40, "punting_lng": 46, "active": "true", "punting_yds": 161, "punting_i20": 2}, {"week": "13", "punting_pts": 7, "punting_avg": 42, "punting_lng": 63, "active": "true", "punting_yds": 376, "punting_i20": 1}, {"week": "14", "punting_pts": 5, "punting_avg": 29, "punting_lng": 38, "active": "true", "punting_yds": 167, "punting_i20": 1}, {"week": "15", "punting_pts": 6, "punting_avg": 39, "punting_lng": 59, "active": "true", "punting_yds": 274, "punting_i20": 3}, {"week": "16", "punting_lng": 60, "punting_pts": 6, "punting_i20": 3, "rushing_tds": 0, "punting_avg": 40, "rushing_twopta": 0, "rushing_lng": 0, "rushing_yds": 0, "punting_yds": 282, "active": "true", "rushing_att": 1, "rushing_twoptm": 0}, {"week": "17", "punting_pts": 3, "punting_avg": 50, "punting_lng": 65, "active": "true", "punting_yds": 159, "punting_i20": 2}], "2010": [{"week": "1", "punting_pts": 9, "punting_avg": 35, "punting_lng": 51, "active": "true", "punting_yds": 344, "punting_i20": 3}, {"week": "2", "punting_pts": 6, "punting_avg": 37, "punting_lng": 59, "active": "true", "punting_yds": 249, "punting_i20": 2}, {"week": "3", "punting_pts": 4, "punting_avg": 44, "punting_lng": 59, "active": "true", "punting_yds": 177, "punting_i20": 3}, {"week": "4", "active": "false"}, {"week": "5", "punting_pts": 4, "punting_avg": 52, "punting_lng": 60, "active": "true", "punting_yds": 212, "punting_i20": 0}, {"week": "6", "punting_pts": 4, "punting_avg": 41, "punting_lng": 59, "active": "true", "punting_yds": 202, "punting_i20": 1}, {"week": "7", "punting_pts": 3, "punting_avg": 29, "punting_lng": 50, "active": "true", "punting_yds": 136, "punting_i20": 1}, {"week": "8", "punting_pts": 6, "punting_avg": 30, "punting_lng": 56, "active": "true", "punting_yds": 260, "punting_i20": 3}, {"week": "9", "punting_pts": 8, "punting_avg": 38, "punting_lng": 60, "active": "true", "punting_yds": 351, "punting_i20": 1}, {"week": "10", "punting_pts": 3, "punting_avg": 34, "punting_lng": 44, "active": "true", "punting_yds": 130, "punting_i20": 1}, {"week": "11", "punting_pts": 5, "punting_avg": 43, "punting_lng": 64, "active": "true", "punting_yds": 264, "punting_i20": 1}, {"week": "12", "punting_pts": 4, "punting_avg": 37, "punting_lng": 55, "active": "true", "punting_yds": 182, "punting_i20": 3}, {"week": "13", "punting_pts": 7, "punting_avg": 37, "punting_lng": 59, "active": "true", "punting_yds": 293, "punting_i20": 4}, {"week": "14", "punting_pts": 8, "punting_avg": 36, "punting_lng": 61, "active": "true", "punting_yds": 365, "punting_i20": 3}, {"week": "15", "punting_pts": 6, "punting_avg": 36, "punting_lng": 72, "active": "true", "punting_yds": 285, "punting_i20": 3}, {"week": "16", "punting_pts": 5, "punting_avg": 42, "punting_lng": 56, "active": "true", "punting_yds": 232, "punting_i20": 1}, {"week": "17", "punting_pts": 6, "punting_avg": 38, "punting_lng": 50, "active": "true", "punting_yds": 226, "punting_i20": 3}], "2011": [{"week": "1", "punting_pts": 8, "punting_avg": 37, "punting_lng": 58, "active": "true", "punting_yds": 328, "punting_i20": 0}, {"week": "2", "punting_pts": 5, "punting_avg": 38, "punting_lng": 44, "active": "true", "punting_yds": 198, "punting_i20": 2}, {"week": "3", "punting_pts": 4, "punting_avg": 43, "punting_lng": 53, "active": "true", "punting_yds": 182, "punting_i20": 1}, {"week": "4", "punting_pts": 3, "punting_avg": 45, "punting_lng": 61, "active": "true", "punting_yds": 146, "punting_i20": 2}, {"week": "5", "punting_pts": 6, "punting_avg": 41, "punting_lng": 60, "active": "true", "punting_yds": 269, "punting_i20": 2}, {"week": "6", "active": "false"}, {"week": "7", "punting_pts": 7, "punting_avg": 47, "punting_lng": 65, "active": "true", "punting_yds": 368, "punting_i20": 3}, {"week": "8", "punting_pts": 5, "punting_avg": 47, "punting_lng": 68, "active": "true", "punting_yds": 286, "punting_i20": 1}, {"week": "9", "fumbles_tot": 1, "rushing_lngtd": 0, "punting_lng": 57, "fumbles_yds": 0, "fumbles_lost": 0, "fumbles_trcv": 0, "punting_i20": 0, "rushing_tds": 0, "fumbles_rcv": 0, "punting_avg": 36, "rushing_twopta": 0, "punting_pts": 5, "rushing_lng": -3, "rushing_yds": -3, "punting_yds": 229, "active": "true", "rushing_att": 1, "rushing_twoptm": 0}, {"week": "10", "punting_pts": 7, "punting_avg": 40, "punting_lng": 67, "active": "true", "punting_yds": 339, "punting_i20": 3}, {"week": "11", "punting_pts": 5, "punting_avg": 24, "punting_lng": 56, "active": "true", "punting_yds": 199, "punting_i20": 3}, {"week": "12", "punting_pts": 3, "punting_avg": 37, "punting_lng": 46, "active": "true", "punting_yds": 112, "punting_i20": 0}, {"week": "13", "punting_pts": 11, "punting_avg": 35, "punting_lng": 53, "active": "true", "punting_yds": 447, "punting_i20": 2}, {"week": "14", "punting_pts": 7, "punting_avg": 45, "punting_lng": 61, "active": "true", "punting_yds": 359, "punting_i20": 3}, {"week": "15", "punting_pts": 2, "punting_avg": 50, "punting_lng": 54, "active": "true", "punting_yds": 99, "punting_i20": 0}, {"week": "16", "punting_pts": 3, "punting_avg": 48, "punting_lng": 54, "active": "true", "punting_yds": 146, "punting_i20": 1}, {"week": "17", "punting_pts": 8, "punting_avg": 42, "punting_lng": 58, "active": "true", "punting_yds": 377, "punting_i20": 4}], "2012": [{"week": "1", "punting_pts": 1, "punting_avg": 47, "punting_lng": 47, "active": "true", "punting_yds": 47, "punting_i20": 1}, {"week": "2", "punting_pts": 7, "punting_avg": 28, "punting_lng": 66, "active": "true", "punting_yds": 313, "punting_i20": 2}, {"week": "3", "punting_pts": 5, "punting_avg": 41, "punting_lng": 55, "active": "true", "punting_yds": 208, "punting_i20": 4}, {"week": "4", "punting_pts": 4, "punting_avg": 51, "punting_lng": 60, "active": "true", "punting_yds": 205, "punting_i20": 3}, {"week": "5", "punting_pts": 5, "punting_avg": 45, "punting_lng": 58, "active": "true", "punting_yds": 236, "punting_i20": 3}, {"week": "6", "punting_pts": 6, "punting_avg": 43, "punting_lng": 62, "active": "true", "punting_yds": 276, "punting_i20": 3}, {"week": "7", "active": "false"}, {"week": "8", "punting_pts": 5, "punting_avg": 40, "punting_lng": 57, "active": "true", "punting_yds": 236, "punting_i20": 2}, {"week": "9", "punting_pts": 1, "punting_avg": 41, "punting_lng": 43, "active": "true", "punting_yds": 43, "punting_i20": 0}, {"week": "10", "punting_pts": 8, "punting_avg": 39, "punting_lng": 57, "active": "true", "punting_yds": 337, "punting_i20": 5}, {"week": "11", "punting_pts": 7, "punting_avg": 47, "punting_lng": 64, "active": "true", "punting_yds": 352, "punting_i20": 5}, {"week": "12", "punting_pts": 6, "punting_avg": 39, "punting_lng": 58, "active": "true", "punting_yds": 272, "punting_i20": 4}, {"week": "13", "punting_pts": 3, "punting_avg": 39, "punting_lng": 55, "active": "true", "punting_yds": 128, "punting_i20": 2}, {"week": "14", "punting_pts": 7, "punting_avg": 27, "punting_lng": 57, "active": "true", "punting_yds": 336, "punting_i20": 4}, {"week": "15", "punting_pts": 7, "punting_avg": 52, "punting_lng": 71, "active": "true", "punting_yds": 383, "punting_i20": 4}, {"week": "16", "punting_pts": 3, "punting_avg": 39, "punting_lng": 53, "active": "true", "punting_yds": 138, "punting_i20": 1}, {"week": "17", "punting_pts": 8, "punting_avg": 46, "punting_lng": 59, "active": "true", "punting_yds": 373, "punting_i20": 3}], "2013": [{"week": "1", "punting_pts": 9, "punting_avg": 32, "punting_lng": 58, "active": "true", "punting_yds": 363, "punting_i20": 5}, {"week": "2", "punting_pts": 7, "punting_avg": 38, "punting_lng": 65, "active": "true", "punting_yds": 307, "punting_i20": 5}, {"week": "3", "punting_pts": 5, "punting_avg": 41, "punting_lng": 53, "active": "true", "punting_yds": 218, "punting_i20": 3}, {"week": "4", "punting_pts": 5, "punting_avg": 38, "punting_lng": 56, "active": "true", "punting_yds": 223, "punting_i20": 2}, {"week": "5", "punting_pts": 6, "punting_avg": 35, "punting_lng": 54, "active": "true", "punting_yds": 225, "punting_i20": 0}, {"week": "6", "punting_pts": 8, "punting_avg": 42, "punting_lng": 60, "active": "true", "punting_yds": 392, "punting_i20": 4}, {"week": "7", "punting_pts": 4, "punting_avg": 42, "punting_lng": 63, "active": "true", "punting_yds": 174, "punting_i20": 2}, {"week": "8", "punting_pts": 5, "punting_avg": 44, "punting_lng": 56, "active": "true", "punting_yds": 240, "punting_i20": 1}, {"week": "9", "punting_pts": 6, "punting_avg": 45, "punting_lng": 59, "active": "true", "punting_yds": 317, "punting_i20": 4}, {"week": "10", "active": "false"}, {"week": "11", "punting_pts": 7, "punting_avg": 40, "punting_lng": 60, "active": "true", "punting_yds": 358, "punting_i20": 1}, {"week": "12", "punting_pts": 4, "punting_avg": 43, "punting_lng": 48, "active": "true", "punting_yds": 178, "punting_i20": 1}, {"week": "13", "punting_pts": 5, "punting_avg": 45, "punting_lng": 58, "active": "true", "punting_yds": 229, "punting_i20": 3}, {"week": "14", "punting_pts": 2, "punting_avg": 32, "punting_lng": 47, "active": "true", "punting_yds": 84, "punting_i20": 0}, {"week": "15", "punting_pts": 4, "punting_avg": 43, "punting_lng": 61, "active": "true", "punting_yds": 198, "punting_i20": 2}, {"week": "16", "punting_pts": 5, "punting_avg": 48, "punting_lng": 61, "active": "true", "punting_yds": 270, "punting_i20": 2}, {"week": "17", "punting_pts": 5, "punting_avg": 41, "punting_lng": 54, "active": "true", "punting_yds": 229, "punting_i20": 0}], "2014": [{"week": "1", "punting_pts": 5, "punting_avg": 43, "punting_lng": 52, "active": "true", "punting_yds": 213, "punting_i20": 2}, {"week": "2", "punting_pts": 2, "punting_avg": 40, "punting_lng": 40, "active": "true", "punting_yds": 80, "punting_i20": 2}, {"week": "3", "punting_pts": 5, "punting_avg": 49, "punting_lng": 64, "active": "true", "punting_yds": 255, "punting_i20": 2}, {"week": "4", "punting_pts": 4, "punting_avg": 43, "punting_lng": 54, "active": "true", "punting_yds": 180, "punting_i20": 4}, {"week": "5", "punting_pts": 4, "punting_avg": 35, "punting_lng": 51, "active": "true", "punting_yds": 161, "punting_i20": 1}, {"week": "6", "active": "false"}, {"week": "7", "punting_pts": 4, "punting_avg": 38, "punting_lng": 51, "active": "true", "punting_yds": 173, "punting_i20": 2}, {"week": "8", "punting_pts": 4, "punting_avg": 35, "punting_lng": 55, "active": "true", "punting_yds": 182, "punting_i20": 3}, {"week": "9", "punting_pts": 4, "punting_avg": 38, "punting_lng": 45, "active": "true", "punting_yds": 153, "punting_i20": 2}, {"week": "10", "punting_pts": 8, "punting_avg": 37, "punting_lng": 55, "active": "true", "punting_yds": 368, "punting_i20": 1}, {"week": "11", "punting_pts": 2, "punting_avg": 47, "punting_lng": 53, "active": "true", "punting_yds": 104, "punting_i20": 1}, {"week": "12", "punting_pts": 7, "punting_avg": 42, "punting_lng": 69, "active": "true", "punting_yds": 297, "punting_i20": 4}, {"week": "13", "punting_pts": 5, "punting_avg": 35, "punting_lng": 47, "active": "true", "punting_yds": 218, "punting_i20": 0}, {"week": "14", "punting_pts": 4, "punting_avg": 43, "punting_lng": 53, "active": "true", "punting_yds": 197, "punting_i20": 0}]}}