{"D.Bowe": {"2009": [{"week": "1", "receiving_tds": 1, "receiving_lng": 24, "active": "true", "receiving_rec": 4, "receiving_twopta": 0, "receiving_yds": 40, "receiving_twoptm": 0}, {"week": "2", "receiving_tds": 1, "receiving_lng": 29, "active": "true", "receiving_rec": 5, "receiving_twopta": 0, "receiving_yds": 56, "receiving_twoptm": 0}, {"week": "3", "active": "false"}, {"week": "4", "receiving_tds": 0, "receiving_lng": 11, "active": "true", "receiving_rec": 1, "receiving_twopta": 0, "receiving_yds": 11, "receiving_twoptm": 0}, {"week": "5", "receiving_tds": 1, "receiving_lng": 20, "active": "true", "receiving_rec": 5, "receiving_twopta": 0, "receiving_yds": 74, "receiving_twoptm": 0}, {"week": "6", "receiving_tds": 0, "receiving_lng": 32, "active": "true", "receiving_rec": 6, "receiving_twopta": 0, "receiving_yds": 109, "receiving_twoptm": 0}, {"week": "7", "receiving_tds": 1, "receiving_lng": 7, "active": "true", "receiving_rec": 2, "receiving_twopta": 0, "receiving_yds": 11, "receiving_twoptm": 0}, {"week": "8", "active": "false"}, {"week": "9", "receiving_tds": 0, "receiving_lng": 36, "active": "true", "receiving_rec": 4, "receiving_twopta": 0, "receiving_yds": 74, "receiving_twoptm": 0}, {"week": "10", "fumbles_tot": 1, "receiving_tds": 0, "fumbles_yds": 0, "fumbles_lost": 0, "fumbles_trcv": 0, "receiving_lng": 41, "fumbles_rcv": 0, "active": "true", "receiving_rec": 6, "receiving_twopta": 0, "receiving_yds": 91, "receiving_twoptm": 0}, {"week": "11", "active": "false"}, {"week": "12", "active": "false"}, {"week": "13", "active": "false"}, {"week": "14", "active": "false"}, {"week": "15", "receiving_tds": 0, "receiving_lng": 23, "active": "true", "receiving_rec": 4, "receiving_twopta": 0, "receiving_yds": 56, "receiving_twoptm": 0}, {"week": "16", "receiving_tds": 0, "receiving_lng": 10, "active": "true", "receiving_rec": 9, "receiving_twopta": 0, "receiving_yds": 61, "receiving_twoptm": 0}, {"week": "17", "receiving_tds": 0, "receiving_lng": 6, "active": "true", "receiving_rec": 1, "receiving_twopta": 0, "receiving_yds": 6, "receiving_twoptm": 0}], "2010": [{"week": "1", "receiving_tds": 0, "receiving_lng": 13, "active": "true", "receiving_rec": 1, "receiving_twopta": 0, "receiving_yds": 13, "receiving_lngtd": 0, "receiving_twoptm": 0}, {"week": "2", "receiving_tds": 0, "receiving_lng": 19, "active": "true", "receiving_rec": 4, "receiving_twopta": 0, "receiving_yds": 45, "receiving_lngtd": 0, "receiving_twoptm": 0}, {"week": "3", "receiving_tds": 1, "receiving_lng": 45, "active": "true", "receiving_rec": 2, "receiving_twopta": 0, "receiving_yds": 61, "receiving_lngtd": 45, "receiving_twoptm": 0}, {"week": "4", "active": "false"}, {"week": "5", "receiving_tds": 0, "receiving_lng": 21, "active": "true", "receiving_rec": 2, "receiving_twopta": 0, "receiving_yds": 33, "receiving_lngtd": 0, "receiving_twoptm": 0}, {"week": "6", "receiving_tds": 2, "receiving_lng": 42, "active": "true", "receiving_rec": 6, "receiving_twopta": 0, "receiving_yds": 108, "receiving_lngtd": 42, "receiving_twoptm": 0}, {"week": "7", "receiving_tds": 2, "receiving_lng": 53, "active": "true", "receiving_rec": 3, "receiving_twopta": 0, "receiving_yds": 81, "receiving_lngtd": 53, "receiving_twoptm": 0}, {"week": "8", "rushing_lngtd": 0, "receiving_tds": 1, "receiving_twopta": 0, "receiving_lng": 8, "rushing_tds": 0, "rushing_twopta": 0, "active": "true", "receiving_rec": 3, "rushing_lng": 4, "rushing_yds": 4, "receiving_lngtd": 1, "receiving_yds": 16, "rushing_att": 1, "receiving_twoptm": 0, "rushing_twoptm": 0}, {"week": "9", "receiving_tds": 1, "receiving_lng": 20, "active": "true", "receiving_rec": 5, "receiving_twopta": 0, "receiving_yds": 63, "receiving_lngtd": 20, "receiving_twoptm": 0}, {"week": "10", "fumbles_tot": 1, "receiving_tds": 2, "fumbles_yds": 0, "fumbles_lost": 0, "fumbles_trcv": 1, "receiving_lng": 24, "fumbles_rcv": 1, "active": "true", "receiving_rec": 13, "receiving_twopta": 2, "receiving_yds": 186, "receiving_lngtd": 22, "receiving_twoptm": 0}, {"week": "11", "receiving_tds": 2, "receiving_lng": 38, "active": "true", "receiving_rec": 6, "receiving_twopta": 0, "receiving_yds": 109, "receiving_lngtd": 38, "receiving_twoptm": 0}, {"week": "12", "receiving_tds": 3, "receiving_lng": 36, "active": "true", "receiving_rec": 13, "receiving_twopta": 0, "receiving_yds": 170, "receiving_lngtd": 36, "receiving_twoptm": 0}, {"week": "13", "active": "false"}, {"week": "14", "receiving_tds": 0, "receiving_lng": 3, "active": "true", "receiving_rec": 1, "receiving_twopta": 0, "receiving_yds": 3, "receiving_lngtd": 0, "receiving_twoptm": 0}, {"week": "15", "receiving_tds": 0, "receiving_lng": 28, "active": "true", "receiving_rec": 2, "receiving_twopta": 0, "receiving_yds": 53, "receiving_lngtd": 0, "receiving_twoptm": 0}, {"week": "16", "receiving_tds": 1, "receiving_lng": 75, "active": "true", "receiving_rec": 6, "receiving_twopta": 0, "receiving_yds": 153, "receiving_lngtd": 75, "receiving_twoptm": 0}, {"week": "17", "receiving_tds": 0, "receiving_lng": 19, "active": "true", "receiving_rec": 5, "receiving_twopta": 0, "receiving_yds": 68, "receiving_lngtd": 0, "receiving_twoptm": 0}], "2011": [{"week": "1", "receiving_tds": 0, "receiving_lng": 15, "active": "true", "receiving_rec": 2, "receiving_twopta": 0, "receiving_yds": 17, "receiving_lngtd": 0, "receiving_twoptm": 0}, {"week": "2", "rushing_lngtd": 0, "receiving_tds": 0, "receiving_twopta": 0, "receiving_lng": 45, "rushing_tds": 0, "rushing_twopta": 0, "active": "true", "receiving_rec": 5, "rushing_lng": 12, "rushing_yds": 12, "receiving_lngtd": 0, "receiving_yds": 101, "rushing_att": 1, "receiving_twoptm": 0, "rushing_twoptm": 0}, {"week": "3", "receiving_tds": 1, "receiving_lng": 23, "active": "true", "receiving_rec": 4, "receiving_twopta": 0, "receiving_yds": 67, "receiving_lngtd": 4, "receiving_twoptm": 0}, {"week": "4", "receiving_tds": 1, "receiving_lng": 52, "active": "true", "receiving_rec": 5, "receiving_twopta": 0, "receiving_yds": 107, "receiving_lngtd": 52, "receiving_twoptm": 0}, {"week": "5", "fumbles_tot": 0, "receiving_tds": 2, "fumbles_yds": 0, "fumbles_lost": 0, "fumbles_trcv": 1, "receiving_lng": 41, "fumbles_rcv": 1, "active": "true", "receiving_rec": 7, "receiving_twopta": 0, "receiving_yds": 128, "receiving_lngtd": 41, "receiving_twoptm": 0}, {"week": "6", "active": "false"}, {"week": "7", "receiving_tds": 0, "receiving_lng": 21, "active": "true", "receiving_rec": 6, "receiving_twopta": 0, "receiving_yds": 76, "receiving_lngtd": 0, "receiving_twoptm": 0}, {"week": "8", "receiving_tds": 0, "receiving_lng": 26, "active": "true", "receiving_rec": 4, "receiving_twopta": 0, "receiving_yds": 62, "receiving_lngtd": 0, "receiving_twoptm": 0}, {"week": "9", "receiving_tds": 0, "receiving_lng": 31, "active": "true", "receiving_rec": 6, "receiving_twopta": 0, "receiving_yds": 88, "receiving_lngtd": 0, "receiving_twoptm": 0}, {"week": "10", "receiving_tds": 0, "receiving_lng": 10, "active": "true", "receiving_rec": 2, "receiving_twopta": 0, "receiving_yds": 17, "receiving_lngtd": 0, "receiving_twoptm": 0}, {"week": "11", "receiving_tds": 0, "receiving_lng": 28, "active": "true", "receiving_rec": 7, "receiving_twopta": 0, "receiving_yds": 87, "receiving_lngtd": 0, "receiving_twoptm": 0}, {"week": "12", "receiving_tds": 0, "receiving_lng": 25, "active": "true", "receiving_rec": 7, "receiving_twopta": 0, "receiving_yds": 69, "receiving_lngtd": 0, "receiving_twoptm": 0}, {"week": "13", "fumbles_tot": 1, "receiving_tds": 0, "fumbles_yds": 0, "fumbles_lost": 0, "fumbles_trcv": 1, "receiving_lng": 14, "fumbles_rcv": 1, "active": "true", "receiving_rec": 4, "receiving_twopta": 0, "receiving_yds": 49, "receiving_lngtd": 0, "receiving_twoptm": 0}, {"week": "14", "receiving_tds": 0, "receiving_lng": 21, "active": "true", "receiving_rec": 6, "receiving_twopta": 0, "receiving_yds": 69, "receiving_lngtd": 0, "receiving_twoptm": 0}, {"week": "15", "receiving_tds": 0, "receiving_lng": 15, "active": "true", "receiving_rec": 4, "receiving_twopta": 0, "receiving_yds": 49, "receiving_lngtd": 0, "receiving_twoptm": 0}, {"week": "16", "receiving_tds": 1, "receiving_lng": 25, "active": "true", "receiving_rec": 6, "receiving_twopta": 0, "receiving_yds": 80, "receiving_lngtd": 3, "receiving_twoptm": 0}, {"week": "17", "receiving_tds": 0, "receiving_lng": 22, "active": "true", "receiving_rec": 6, "receiving_twopta": 0, "receiving_yds": 93, "receiving_lngtd": 0, "receiving_twoptm": 0}], "2012": [{"week": "1", "receiving_tds": 0, "receiving_lng": 23, "active": "true", "receiving_rec": 3, "receiving_twopta": 0, "receiving_yds": 53, "receiving_lngtd": 0, "receiving_twoptm": 0}, {"week": "2", "receiving_tds": 2, "receiving_lng": 33, "active": "true", "receiving_rec": 8, "receiving_twopta": 0, "receiving_yds": 102, "receiving_lngtd": 33, "receiving_twoptm": 0}, {"week": "3", "receiving_tds": 0, "receiving_lng": 17, "active": "true", "receiving_rec": 7, "receiving_twopta": 0, "receiving_yds": 79, "receiving_lngtd": 0, "receiving_twoptm": 0}, {"week": "4", "receiving_tds": 1, "receiving_lng": 29, "active": "true", "receiving_rec": 7, "receiving_twopta": 0, "receiving_yds": 108, "receiving_lngtd": 29, "receiving_twoptm": 0}, {"week": "5", "receiving_tds": 0, "receiving_lng": 20, "active": "true", "receiving_rec": 6, "receiving_twopta": 0, "receiving_yds": 60, "receiving_lngtd": 0, "receiving_twoptm": 0}, {"week": "6", "receiving_tds": 0, "receiving_lng": 8, "active": "true", "receiving_rec": 3, "receiving_twopta": 0, "receiving_yds": 21, "receiving_lngtd": 0, "receiving_twoptm": 0}, {"week": "7", "active": "false"}, {"week": "8", "receiving_tds": 0, "receiving_lng": 46, "active": "true", "receiving_rec": 3, "receiving_twopta": 0, "receiving_yds": 65, "receiving_lngtd": 0, "receiving_twoptm": 0}, {"week": "9", "fumbles_tot": 1, "receiving_tds": 0, "fumbles_yds": 0, "fumbles_lost": 1, "fumbles_trcv": 0, "receiving_lng": 14, "fumbles_rcv": 0, "active": "true", "receiving_rec": 8, "receiving_twopta": 0, "receiving_yds": 79, "receiving_lngtd": 0, "receiving_twoptm": 0}, {"week": "10", "receiving_tds": 0, "receiving_lng": 27, "active": "true", "receiving_rec": 4, "receiving_twopta": 0, "receiving_yds": 55, "receiving_lngtd": 0, "receiving_twoptm": 0}, {"week": "11", "active": "false"}, {"week": "12", "receiving_tds": 0, "receiving_lng": 13, "active": "true", "receiving_rec": 4, "receiving_twopta": 0, "receiving_yds": 41, "receiving_lngtd": 0, "receiving_twoptm": 0}, {"week": "13", "receiving_tds": 0, "receiving_lng": 21, "active": "true", "receiving_rec": 4, "receiving_twopta": 0, "receiving_yds": 64, "receiving_lngtd": 0, "receiving_twoptm": 0}, {"week": "14", "receiving_tds": 0, "receiving_lng": 47, "active": "true", "receiving_rec": 2, "receiving_twopta": 0, "receiving_yds": 70, "receiving_lngtd": 0, "receiving_twoptm": 0}, {"week": "15", "active": "false"}, {"week": "16", "active": "false"}, {"week": "17", "active": "false"}], "2013": [{"week": "1", "receiving_tds": 0, "receiving_lng": 15, "active": "true", "receiving_rec": 4, "receiving_twopta": 0, "receiving_yds": 30, "receiving_lngtd": 0, "receiving_twoptm": 0}, {"week": "2", "receiving_tds": 1, "receiving_lng": 27, "active": "true", "receiving_rec": 4, "receiving_twopta": 0, "receiving_yds": 56, "receiving_lngtd": 12, "receiving_twoptm": 0}, {"week": "3", "receiving_tds": 0, "receiving_lng": 4, "active": "true", "receiving_rec": 1, "receiving_twopta": 0, "receiving_yds": 4, "receiving_lngtd": 0, "receiving_twoptm": 0}, {"week": "4", "receiving_tds": 1, "receiving_lng": 34, "active": "true", "receiving_rec": 4, "receiving_twopta": 0, "receiving_yds": 58, "receiving_lngtd": 34, "receiving_twoptm": 0}, {"week": "5", "receiving_tds": 0, "receiving_lng": 17, "active": "true", "receiving_rec": 4, "receiving_twopta": 0, "receiving_yds": 35, "receiving_lngtd": 0, "receiving_twoptm": 0}, {"week": "6", "receiving_tds": 0, "receiving_lng": 18, "active": "true", "receiving_rec": 3, "receiving_twopta": 0, "receiving_yds": 46, "receiving_lngtd": 0, "receiving_twoptm": 0}, {"week": "7", "receiving_tds": 0, "receiving_lng": 21, "active": "true", "receiving_rec": 5, "receiving_twopta": 0, "receiving_yds": 66, "receiving_lngtd": 0, "receiving_twoptm": 0}, {"week": "8", "receiving_tds": 0, "receiving_lng": 7, "active": "true", "receiving_rec": 1, "receiving_twopta": 0, "receiving_yds": 7, "receiving_lngtd": 0, "receiving_twoptm": 0}, {"week": "9", "receiving_tds": 0, "receiving_lng": 12, "active": "true", "receiving_rec": 7, "receiving_twopta": 0, "receiving_yds": 67, "receiving_lngtd": 0, "receiving_twoptm": 0}, {"week": "10", "active": "false"}, {"week": "11", "receiving_tds": 1, "receiving_lng": 26, "active": "true", "receiving_rec": 4, "receiving_twopta": 0, "receiving_yds": 57, "receiving_lngtd": 6, "receiving_twoptm": 0}, {"week": "12", "receiving_tds": 1, "receiving_lng": 22, "active": "true", "receiving_rec": 5, "receiving_twopta": 0, "receiving_yds": 51, "receiving_lngtd": 5, "receiving_twoptm": 0}, {"week": "13", "receiving_tds": 0, "receiving_lng": 24, "active": "true", "receiving_rec": 3, "receiving_twopta": 0, "receiving_yds": 56, "receiving_lngtd": 0, "receiving_twoptm": 0}, {"week": "14", "receiving_tds": 1, "receiving_lng": 22, "active": "true", "receiving_rec": 4, "receiving_twopta": 0, "receiving_yds": 69, "receiving_lngtd": 21, "receiving_twoptm": 0}, {"week": "15", "receiving_tds": 0, "receiving_lng": 11, "active": "true", "receiving_rec": 3, "receiving_twopta": 0, "receiving_yds": 24, "receiving_lngtd": 0, "receiving_twoptm": 0}, {"week": "16", "receiving_tds": 0, "receiving_lng": 16, "active": "true", "receiving_rec": 5, "receiving_twopta": 0, "receiving_yds": 46, "receiving_lngtd": 0, "receiving_twoptm": 0}, {"week": "17", "active": "false"}], "2014": [{"week": "1", "active": "false"}, {"week": "2", "receiving_tds": 0, "receiving_lng": 21, "active": "true", "receiving_rec": 3, "receiving_twopta": 0, "receiving_yds": 40, "receiving_lngtd": 0, "receiving_twoptm": 0}, {"week": "3", "receiving_tds": 0, "receiving_lng": 16, "active": "true", "receiving_rec": 3, "receiving_twopta": 1, "receiving_yds": 32, "receiving_lngtd": 0, "receiving_twoptm": 0}, {"week": "4", "receiving_tds": 0, "receiving_lng": 33, "active": "true", "receiving_rec": 5, "receiving_twopta": 0, "receiving_yds": 81, "receiving_lngtd": 0, "receiving_twoptm": 0}, {"week": "5", "receiving_tds": 0, "receiving_lng": 18, "active": "true", "receiving_rec": 3, "receiving_twopta": 0, "receiving_yds": 42, "receiving_lngtd": 0, "receiving_twoptm": 0}, {"week": "6", "active": "false"}, {"week": "7", "receiving_tds": 0, "receiving_lng": 26, "active": "true", "receiving_rec": 5, "receiving_twopta": 0, "receiving_yds": 84, "receiving_lngtd": 0, "receiving_twoptm": 0}, {"week": "8", "receiving_tds": 0, "receiving_lng": 16, "active": "true", "receiving_rec": 6, "receiving_twopta": 0, "receiving_yds": 64, "receiving_lngtd": 0, "receiving_twoptm": 0}, {"week": "9", "receiving_tds": 0, "receiving_lng": 13, "active": "true", "receiving_rec": 6, "receiving_twopta": 0, "receiving_yds": 55, "receiving_lngtd": 0, "receiving_twoptm": 0}, {"week": "10", "fumbles_tot": 1, "receiving_tds": 0, "fumbles_yds": 0, "fumbles_lost": 0, "fumbles_trcv": 1, "receiving_lng": 23, "fumbles_rcv": 1, "active": "true", "receiving_rec": 8, "receiving_twopta": 0, "receiving_yds": 93, "receiving_lngtd": 0, "receiving_twoptm": 0}, {"week": "11", "receiving_tds": 0, "receiving_lng": 9, "active": "true", "receiving_rec": 2, "receiving_twopta": 0, "receiving_yds": 18, "receiving_lngtd": 0, "receiving_twoptm": 0}, {"week": "12", "receiving_tds": 0, "receiving_lng": 24, "active": "true", "receiving_rec": 3, "receiving_twopta": 0, "receiving_yds": 42, "receiving_lngtd": 0, "receiving_twoptm": 0}, {"week": "13", "receiving_tds": 0, "receiving_lng": 10, "active": "true", "receiving_rec": 2, "receiving_twopta": 0, "receiving_yds": 18, "receiving_lngtd": 0, "receiving_twoptm": 0}, {"week": "14", "active": "false"}]}}