{"D.Jarrett": {"2009": [{"week": "1", "active": "false"}, {"week": "2", "receiving_tds": 0, "receiving_lng": 9, "active": "true", "receiving_rec": 1, "receiving_twopta": 0, "receiving_yds": 9, "receiving_twoptm": 0}, {"week": "3", "receiving_tds": 0, "receiving_lng": 10, "active": "true", "receiving_rec": 1, "receiving_twopta": 0, "receiving_yds": 10, "receiving_twoptm": 0}, {"week": "4", "active": "false"}, {"week": "5", "active": "false"}, {"week": "6", "active": "false"}, {"week": "7", "receiving_tds": 0, "receiving_lng": 7, "active": "true", "receiving_rec": 1, "receiving_twopta": 0, "receiving_yds": 7, "receiving_twoptm": 0}, {"week": "8", "receiving_tds": 0, "receiving_lng": 17, "active": "true", "receiving_rec": 2, "receiving_twopta": 0, "receiving_yds": 22, "receiving_twoptm": 0}, {"week": "9", "receiving_tds": 0, "receiving_lng": 11, "active": "true", "receiving_rec": 4, "receiving_twopta": 0, "receiving_yds": 30, "receiving_twoptm": 0}, {"week": "10", "receiving_tds": 0, "receiving_lng": 7, "active": "true", "receiving_rec": 1, "receiving_twopta": 0, "receiving_yds": 7, "receiving_twoptm": 0}, {"week": "11", "active": "false"}, {"week": "12", "receiving_tds": 0, "receiving_lng": 24, "active": "true", "receiving_rec": 2, "receiving_twopta": 0, "receiving_yds": 43, "receiving_twoptm": 0}, {"week": "13", "active": "false"}, {"week": "14", "active": "false"}, {"week": "15", "active": "false"}, {"week": "16", "active": "false"}, {"week": "17", "receiving_tds": 1, "receiving_lng": 30, "active": "true", "receiving_rec": 5, "receiving_twopta": 0, "receiving_yds": 68, "receiving_twoptm": 0}], "2010": [{"week": "1", "receiving_tds": 0, "receiving_lng": 21, "active": "true", "receiving_rec": 2, "receiving_twopta": 0, "receiving_yds": 40, "receiving_lngtd": 0, "receiving_twoptm": 0}, {"week": "2", "active": "false"}, {"week": "3", "active": "false"}, {"week": "4", "active": "false"}, {"week": "5", "active": "false"}, {"week": "6", "active": "false"}, {"week": "7", "active": "false"}, {"week": "8", "active": "false"}, {"week": "9", "active": "false"}, {"week": "10", "active": "false"}, {"week": "11", "active": "false"}, {"week": "12", "active": "false"}, {"week": "13", "active": "false"}, {"week": "14", "active": "false"}, {"week": "15", "active": "false"}, {"week": "16", "active": "false"}, {"week": "17", "active": "false"}], "2011": [{"week": "1", "active": "false"}, {"week": "2", "active": "false"}, {"week": "3", "active": "false"}, {"week": "4", "active": "false"}, {"week": "5", "active": "false"}, {"week": "6", "active": "false"}, {"week": "7", "active": "false"}, {"week": "8", "active": "false"}, {"week": "9", "active": "false"}, {"week": "10", "active": "false"}, {"week": "11", "active": "false"}, {"week": "12", "active": "false"}, {"week": "13", "active": "false"}, {"week": "14", "active": "false"}, {"week": "15", "active": "false"}, {"week": "16", "active": "false"}, {"week": "17", "active": "false"}], "2012": [{"week": "1", "active": "false"}, {"week": "2", "active": "false"}, {"week": "3", "active": "false"}, {"week": "4", "active": "false"}, {"week": "5", "active": "false"}, {"week": "6", "active": "false"}, {"week": "7", "active": "false"}, {"week": "8", "active": "false"}, {"week": "9", "active": "false"}, {"week": "10", "active": "false"}, {"week": "11", "active": "false"}, {"week": "12", "active": "false"}, {"week": "13", "active": "false"}, {"week": "14", "active": "false"}, {"week": "15", "active": "false"}, {"week": "16", "active": "false"}, {"week": "17", "active": "false"}], "2013": [{"week": "1", "active": "false"}, {"week": "2", "active": "false"}, {"week": "3", "active": "false"}, {"week": "4", "active": "false"}, {"week": "5", "active": "false"}, {"week": "6", "active": "false"}, {"week": "7", "active": "false"}, {"week": "8", "active": "false"}, {"week": "9", "active": "false"}, {"week": "10", "active": "false"}, {"week": "11", "active": "false"}, {"week": "12", "active": "false"}, {"week": "13", "active": "false"}, {"week": "14", "active": "false"}, {"week": "15", "active": "false"}, {"week": "16", "active": "false"}, {"week": "17", "active": "false"}], "2014": [{"week": "1", "active": "false"}, {"week": "2", "active": "false"}, {"week": "3", "active": "false"}, {"week": "4", "active": "false"}, {"week": "5", "active": "false"}, {"week": "6", "active": "false"}, {"week": "7", "active": "false"}, {"week": "8", "active": "false"}, {"week": "9", "active": "false"}, {"week": "10", "active": "false"}, {"week": "11", "active": "false"}, {"week": "12", "active": "false"}, {"week": "13", "active": "false"}, {"week": "14", "active": "false"}]}}